# generated by gpx2obj.py
# source: 2026-09-05T15-29-13-170Z-fused.gpx
# mode: road
# origin: lat=44.695970867268 lon=20.501830006043 ele_offset=0.000
# flat earth: 111125.8382 m/deg lat, 79262.6668 m/deg lon
# axes: X=east Y=up Z=south
# trkpt in source: 3406, used: 3027 (min-step 0.200 m)
# road: continuous strip, width 3.50 m (R>=120 m) .. 5.00 m (R<=20 m), step 1.00 m, smooth 6.0/20.0 m, curv-span 12.0 m, width-smooth 25.0 m, jump 3.0/2.5 m blend 40/100 m glitch 60 m
o road
v 117.8243 323.4757 46.8408
v 114.2930 323.4757 46.9534
v 117.8379 323.4579 47.3062
v 114.3110 323.4579 47.4786
v 117.8663 323.4372 47.7523
v 114.3479 323.4372 48.0232
v 117.9108 323.4140 48.2675
v 114.3907 323.4140 48.4986
v 117.9521 323.3892 49.2385
v 114.4347 323.3892 49.4989
v 118.0478 323.3624 50.1554
v 114.5473 323.3624 50.5674
v 118.1721 323.3360 51.1123
v 114.6817 323.3360 51.5927
v 118.3123 323.3098 52.0848
v 114.8280 323.3098 52.5993
v 118.4598 323.2847 53.0682
v 114.9782 323.2847 53.5936
v 118.6092 323.2603 54.0591
v 115.1279 323.2603 54.5801
v 118.7565 323.2371 55.0569
v 115.2735 323.2371 55.5606
v 118.8980 323.1948 56.0621
v 115.4115 323.1948 56.5353
v 119.0295 323.1530 57.0739
v 115.5384 323.1530 57.5058
v 119.1487 323.1112 58.0920
v 115.6516 323.1112 58.4730
v 119.2465 323.0697 59.1140
v 115.7543 323.0697 59.4396
v 119.3316 323.0285 60.1355
v 115.8398 323.0285 60.4096
v 119.4041 322.9878 61.1547
v 115.9096 322.9878 61.3845
v 119.4644 322.9475 62.1703
v 115.9693 322.9475 62.3649
v 119.5163 322.9077 63.1825
v 116.0198 322.9077 63.3499
v 119.5613 322.8684 64.1931
v 116.0637 322.8684 64.3372
v 119.5996 322.8299 65.2027
v 116.1012 322.8299 65.3261
v 119.6325 322.7925 66.2127
v 116.1335 322.7925 66.3148
v 119.6586 322.7558 67.2239
v 116.1589 322.7558 67.3027
v 119.6781 322.7216 68.2362
v 116.1780 322.7216 68.2897
v 119.6895 322.6900 69.2501
v 116.1891 322.6900 69.2754
v 119.6928 322.6607 70.2623
v 116.1922 322.6607 70.2629
v 119.6899 322.6344 71.2714
v 116.1895 322.6344 71.2536
v 119.6825 322.6095 72.2779
v 116.1821 322.6095 72.2470
v 119.6722 322.5860 73.2816
v 116.1719 322.5860 73.2432
v 119.6605 322.5632 74.2837
v 116.1603 322.5632 74.2409
v 119.6475 322.5411 75.2850
v 116.1476 322.5411 75.2394
v 119.6342 322.5194 76.2855
v 116.1345 322.5194 76.2387
v 119.6217 322.4981 77.2860
v 116.1200 322.4981 77.2380
v 119.6100 322.4773 78.2870
v 116.1038 322.4773 78.2369
v 119.5991 322.4569 79.2879
v 116.0854 322.4569 79.2357
v 119.5893 322.4369 80.2868
v 116.0651 322.4369 80.2366
v 119.5827 322.4176 81.2821
v 116.0448 322.4176 81.2411
v 119.5815 322.3993 82.2736
v 116.0266 322.3993 82.2494
v 119.5876 322.3824 83.2629
v 116.0127 322.3824 83.2597
v 119.6010 322.3671 84.2518
v 116.0035 322.3671 84.2706
v 119.6218 322.3534 85.2409
v 115.9994 322.3534 85.2811
v 119.6489 322.3418 86.2308
v 116.0000 322.3418 86.2909
v 119.6819 322.3319 87.2213
v 116.0052 322.3319 87.2999
v 119.7195 322.3235 88.2131
v 116.0148 322.3235 88.3075
v 119.7607 322.3167 89.2060
v 116.0283 322.3167 89.3138
v 119.8045 322.3112 90.1998
v 116.0454 322.3112 90.3190
v 119.8500 322.3071 91.1949
v 116.0658 322.3071 91.3228
v 119.8961 322.3043 92.1885
v 116.0890 322.3043 92.3278
v 119.9444 322.3028 93.1744
v 116.1176 322.3028 93.3404
v 120.0000 322.3025 94.1458
v 116.1584 322.3025 94.3662
v 120.0703 322.3028 95.0991
v 116.2206 322.3028 95.4066
v 120.1625 322.3033 96.0341
v 116.3137 322.3033 96.4583
v 120.2817 322.3044 96.9498
v 116.4459 322.3044 97.5183
v 120.4340 322.3055 97.8472
v 116.6257 322.3055 98.5814
v 120.6248 322.3068 98.7291
v 116.8553 322.3068 99.6425
v 120.8596 322.3085 99.6034
v 117.1365 322.3085 100.6895
v 121.1370 322.3105 100.4837
v 117.4582 322.3105 101.7101
v 121.4486 322.3122 101.3724
v 117.8090 322.3122 102.7045
v 121.7864 322.3134 102.2648
v 118.1816 322.3134 103.6797
v 122.1467 322.3141 103.1559
v 118.5714 322.3141 104.6417
v 122.5246 322.3141 104.0405
v 118.9776 322.3141 105.5957
v 122.9208 322.3131 104.9165
v 119.4024 322.3131 106.5418
v 123.3330 322.3109 105.7827
v 119.8449 322.3109 107.4810
v 123.7624 322.3076 106.6354
v 120.3091 322.3076 108.4139
v 124.2119 322.3037 107.4782
v 120.7945 322.3037 109.3358
v 124.6828 322.2994 108.3172
v 121.2964 322.2994 110.2418
v 125.1729 322.2948 109.1573
v 121.8082 322.2948 111.1314
v 125.6783 322.2897 110.0017
v 122.3243 322.2897 112.0061
v 126.1943 322.2842 110.8535
v 122.8385 322.2842 112.8684
v 126.7157 322.2780 111.7149
v 123.3459 322.2780 113.7220
v 127.2380 322.2717 112.5891
v 123.8416 322.2717 114.5690
v 127.7547 322.2658 113.4780
v 124.3207 322.2658 115.4135
v 128.2610 322.2605 114.3814
v 124.7814 322.2605 116.2592
v 128.7532 322.2558 115.3013
v 125.2200 322.2558 117.1068
v 129.2271 322.2518 116.2399
v 125.6327 322.2518 117.9571
v 129.6778 322.2486 117.1978
v 126.0163 322.2486 118.8121
v 130.1016 322.2456 118.1760
v 126.3680 322.2456 119.6722
v 130.4921 322.2433 119.1709
v 126.6860 322.2433 120.5421
v 130.8496 322.2418 120.1788
v 126.9719 322.2418 121.4220
v 131.1703 322.2412 121.2015
v 127.2254 322.2412 122.3093
v 131.4525 322.2408 122.2358
v 127.4472 322.2408 123.2046
v 131.6963 322.2409 123.2809
v 127.6370 322.2409 124.1063
v 131.9003 322.2414 124.3350
v 127.7941 322.2414 125.0138
v 132.0638 322.2424 125.3944
v 127.9200 322.2424 125.9279
v 132.1864 322.2440 126.4583
v 128.0174 322.2440 126.8465
v 132.2679 322.2461 127.5252
v 128.0858 322.2461 127.7689
v 132.3095 322.2486 128.5921
v 128.1263 322.2486 128.6956
v 132.3130 322.2515 129.6573
v 128.1395 322.2515 129.6260
v 132.2798 322.2549 130.7187
v 128.1260 322.2549 130.5602
v 132.2129 322.2589 131.7752
v 128.0873 322.2589 131.4974
v 132.1138 322.2635 132.8264
v 128.0238 322.2635 132.4364
v 131.9846 322.2686 133.8716
v 127.9366 322.2686 133.3766
v 131.8270 322.2741 134.9095
v 127.8258 322.2741 134.3180
v 131.6441 322.2800 135.9399
v 127.6929 322.2800 135.2600
v 131.4373 322.2863 136.9636
v 127.5380 322.2863 136.2012
v 131.2085 322.2931 137.9799
v 127.3617 322.2931 137.1415
v 130.9593 322.3005 138.9883
v 127.1651 322.3005 138.0810
v 130.6915 322.3085 139.9889
v 126.9491 322.3085 139.0195
v 130.4069 322.3170 140.9819
v 126.7151 322.3170 139.9568
v 130.1070 322.3258 141.9678
v 126.4641 322.3258 140.8924
v 129.7932 322.3351 142.9460
v 126.1969 322.3351 141.8270
v 129.4680 322.3447 143.9168
v 125.9152 322.3447 142.7611
v 129.1327 322.3548 144.8811
v 125.6205 322.3548 143.6945
v 128.7888 322.3653 145.8402
v 125.3145 322.3653 144.6264
v 128.4368 322.3763 146.7938
v 124.9974 322.3763 145.5571
v 128.0792 322.3878 147.7418
v 124.6708 322.3878 146.4882
v 127.7170 322.3994 148.6858
v 124.3365 322.3994 147.4189
v 127.3509 322.4113 149.6264
v 123.9954 322.4113 148.3489
v 126.9823 322.4233 150.5635
v 123.6482 322.4233 149.2792
v 126.6120 322.4356 151.4983
v 123.2965 322.4356 150.2095
v 126.2406 322.4479 152.4308
v 122.9407 322.4479 151.1401
v 125.8692 322.4603 153.3622
v 122.5822 322.4603 152.0708
v 125.4973 322.4728 154.2931
v 122.2213 322.4728 153.0008
v 125.1254 322.4853 155.2234
v 121.8582 322.4853 153.9306
v 124.7534 322.4979 156.1541
v 121.4936 322.4979 154.8592
v 124.3804 322.5105 157.0848
v 121.1265 322.5105 155.7866
v 124.0076 322.5231 158.0143
v 120.7571 322.5231 156.7142
v 123.6352 322.5358 158.9432
v 120.3861 322.5358 157.6420
v 123.2634 322.5487 159.8715
v 120.0142 322.5487 158.5703
v 122.8920 322.5616 160.7991
v 119.6423 322.5616 159.4994
v 122.5215 322.5746 161.7264
v 119.2707 322.5746 160.4293
v 122.1523 322.5876 162.6529
v 118.8996 322.5876 161.3608
v 121.7855 322.6007 163.5793
v 118.5301 322.6007 162.2939
v 121.4209 322.6138 164.5053
v 118.1620 322.6138 163.2288
v 121.0605 322.6269 165.4303
v 117.7963 322.6269 164.1673
v 120.7051 322.6401 166.3553
v 117.4344 322.6401 165.1091
v 120.3554 322.6535 167.2808
v 117.0773 322.6535 166.0543
v 120.0122 322.6671 168.2072
v 116.7258 322.6671 167.0031
v 119.6764 322.6808 169.1348
v 116.3805 322.6808 167.9556
v 119.3483 322.6947 170.0643
v 116.0424 322.6947 168.9117
v 119.0281 322.7088 170.9967
v 115.7121 322.7088 169.8702
v 118.7149 322.7230 171.9327
v 115.3893 322.7230 170.8302
v 118.4083 322.7374 172.8714
v 115.0732 322.7374 171.7919
v 118.1089 322.7521 173.8117
v 114.7637 322.7521 172.7564
v 117.8170 322.7669 174.7539
v 114.4613 322.7669 173.7237
v 117.5327 322.7820 175.6982
v 114.1661 322.7820 174.6933
v 117.2559 322.7974 176.6448
v 113.8785 322.7974 175.6651
v 116.9865 322.8131 177.5936
v 113.5981 322.8131 176.6389
v 116.7248 322.8291 178.5440
v 113.3250 322.8291 177.6155
v 116.4711 322.8452 179.4964
v 113.0598 322.8452 178.5943
v 116.2248 322.8615 180.4515
v 112.8025 322.8615 179.5745
v 115.9857 322.8780 181.4087
v 112.5524 322.8780 180.5563
v 115.7540 322.8948 182.3671
v 112.3095 322.8948 181.5406
v 115.5305 322.9118 183.3258
v 112.0744 322.9118 182.5283
v 115.3161 322.9291 184.2854
v 111.8482 322.9291 183.5192
v 115.1110 322.9466 185.2464
v 111.6313 322.9466 184.5127
v 114.9153 322.9644 186.2082
v 111.4239 322.9644 185.5094
v 114.7303 322.9823 187.1706
v 111.2271 322.9823 186.5097
v 114.5563 323.0005 188.1339
v 111.0417 323.0005 187.5132
v 114.3937 323.0190 189.0988
v 110.8684 323.0190 188.5193
v 114.2422 323.0376 190.0659
v 110.7072 323.0376 189.5270
v 114.1015 323.0566 191.0348
v 110.5579 323.0566 190.5364
v 113.9719 323.0758 192.0053
v 110.4205 323.0758 191.5475
v 113.8529 323.0953 192.9770
v 110.2952 323.0953 192.5602
v 113.7449 323.1150 193.9499
v 110.1822 323.1150 193.5745
v 113.6476 323.1350 194.9243
v 110.0814 323.1350 194.5898
v 113.5610 323.1553 195.8995
v 109.9926 323.1553 195.6062
v 113.4856 323.1757 196.8754
v 109.9159 323.1757 196.6240
v 113.4215 323.1963 197.8517
v 109.8512 323.1963 197.6429
v 113.3690 323.2171 198.8280
v 109.7990 323.2171 198.6632
v 113.3286 323.2380 199.8047
v 109.7598 323.2380 199.6843
v 113.2998 323.2592 200.7825
v 109.7333 323.2592 200.7052
v 113.2826 323.2806 201.7610
v 109.7191 323.2806 201.7257
v 113.2766 323.3021 202.7406
v 109.7169 323.3021 202.7456
v 113.2813 323.3239 203.7207
v 109.7261 323.3239 203.7649
v 113.2967 323.3458 204.7018
v 109.7465 323.3458 204.7831
v 113.3218 323.3679 205.6845
v 109.7772 323.3679 205.7992
v 113.3557 323.3902 206.6687
v 109.8169 323.3902 206.8133
v 113.3977 323.4126 207.6537
v 109.8647 323.4126 207.8261
v 113.4472 323.4351 208.6390
v 109.9203 323.4351 208.8378
v 113.5041 323.4577 209.6247
v 109.9834 323.4577 209.8482
v 113.5678 323.4805 210.6114
v 110.0530 323.4805 210.8569
v 113.6376 323.5033 211.5984
v 110.1286 323.5033 211.8645
v 113.7134 323.5262 212.5849
v 110.2100 323.5262 212.8717
v 113.7953 323.5493 213.5708
v 110.2973 323.5493 213.8784
v 113.8833 323.5725 214.5566
v 110.3904 323.5725 214.8843
v 113.9772 323.5958 215.5421
v 110.4890 323.5958 215.8893
v 114.0770 323.6192 216.5273
v 110.5929 323.6192 216.8936
v 114.1824 323.6427 217.5123
v 110.7020 323.6427 217.8969
v 114.2933 323.6664 218.4974
v 110.8159 323.6664 218.8991
v 114.4092 323.6901 219.4823
v 110.9343 323.6901 219.9003
v 114.5300 323.7139 220.4670
v 111.0569 323.7139 220.9007
v 114.6551 323.7378 221.4510
v 111.1841 323.7378 221.9006
v 114.7848 323.7619 222.4340
v 111.3160 323.7619 222.9004
v 114.9192 323.7861 223.4156
v 111.4529 323.7861 223.9002
v 115.0589 323.8105 224.3952
v 111.5956 323.8105 224.9003
v 115.2047 323.8350 225.3729
v 111.7447 323.8350 225.9005
v 115.3569 323.8597 226.3494
v 111.9005 323.8597 226.9000
v 115.5156 323.8845 227.3247
v 112.0629 323.8845 227.8985
v 115.6809 323.9095 228.2988
v 112.2322 323.9095 228.8960
v 115.8528 323.9345 229.2720
v 112.4082 323.9345 229.8921
v 116.0313 323.9597 230.2453
v 112.5904 323.9597 230.8859
v 116.2153 323.9849 231.2190
v 112.7778 323.9849 231.8773
v 116.4042 324.0103 232.1930
v 112.9697 324.0103 232.8666
v 116.5974 324.0358 233.1673
v 113.1654 324.0358 233.8541
v 116.7942 324.0614 234.1418
v 113.3646 324.0614 234.8399
v 116.9942 324.0873 235.1169
v 113.5664 324.0873 235.8240
v 117.1967 324.1134 236.0924
v 113.7704 324.1134 236.8068
v 117.4011 324.1396 237.0678
v 113.9761 324.1396 237.7888
v 117.6073 324.1661 238.0430
v 114.1837 324.1661 238.7703
v 117.8153 324.1926 239.0179
v 114.3931 324.1926 239.7514
v 118.0250 324.2194 239.9921
v 114.6042 324.2194 240.7324
v 118.2368 324.2463 240.9653
v 114.8177 324.2463 241.7135
v 118.4508 324.2734 241.9380
v 115.0334 324.2734 242.6940
v 118.6671 324.3006 242.9105
v 115.2513 324.3006 243.6738
v 118.8853 324.3278 243.8826
v 115.4712 324.3278 244.6531
v 119.1057 324.3553 244.8541
v 115.6933 324.3553 245.6320
v 119.3282 324.3828 245.8255
v 115.9173 324.3828 246.6101
v 119.5526 324.4105 246.7968
v 116.1431 324.4105 247.5875
v 119.7787 324.4385 247.7680
v 116.3704 324.4385 248.5642
v 120.0062 324.4666 248.7387
v 116.5994 324.4666 249.5407
v 120.2355 324.4948 249.7086
v 116.8302 324.4948 250.5171
v 120.4666 324.5232 250.6780
v 117.0629 324.5232 251.4932
v 120.6996 324.5517 251.6464
v 117.2977 324.5517 252.4692
v 120.9348 324.5804 252.6137
v 117.5351 324.5804 253.4453
v 121.1726 324.6093 253.5800
v 117.7751 324.6093 254.4211
v 121.4131 324.6382 254.5453
v 118.0181 324.6382 255.3964
v 121.6563 324.6672 255.5096
v 118.2640 324.6672 256.3713
v 121.9026 324.6963 256.4728
v 118.5132 324.6963 257.3458
v 122.1522 324.7254 257.4349
v 118.7658 324.7254 258.3195
v 122.4050 324.7547 258.3958
v 119.0218 324.7547 259.2927
v 122.6613 324.7841 259.3554
v 119.2817 324.7841 260.2654
v 122.9214 324.8137 260.3139
v 119.5453 324.8137 261.2370
v 123.1852 324.8434 261.2712
v 119.8128 324.8434 262.2077
v 123.4528 324.8732 262.2275
v 120.0842 324.8732 263.1774
v 123.7242 324.9032 263.1829
v 120.3593 324.9032 264.1458
v 123.9993 324.9333 264.1372
v 120.6381 324.9333 265.1132
v 124.2782 324.9634 265.0908
v 120.9206 324.9634 266.0791
v 124.5606 324.9937 266.0440
v 121.2063 324.9937 267.0435
v 124.8462 325.0241 266.9972
v 121.4948 325.0241 268.0061
v 125.1346 325.0546 267.9507
v 121.7854 325.0546 268.9670
v 125.4250 325.0851 268.9045
v 122.0775 325.0851 269.9264
v 125.7170 325.1158 269.8584
v 122.3709 325.1158 270.8849
v 126.0103 325.1465 270.8126
v 122.6653 325.1465 271.8424
v 126.3047 325.1775 271.7674
v 122.9601 325.1775 272.7988
v 126.5994 325.2086 272.7228
v 123.2549 325.2086 273.7546
v 126.8941 325.2398 273.6779
v 123.5499 325.2398 274.7105
v 127.1891 325.2711 274.6328
v 123.8453 325.2711 275.6665
v 127.4845 325.3026 275.5876
v 124.1410 325.3026 276.6224
v 127.7801 325.3343 276.5423
v 124.4370 325.3343 277.5782
v 128.0760 325.3660 277.4965
v 124.7334 325.3660 278.5342
v 128.3725 325.3979 278.4502
v 125.0306 325.3979 279.4904
v 128.6696 325.4298 279.4036
v 125.3286 325.4298 280.4464
v 128.9675 325.4619 280.3566
v 125.6274 325.4619 281.4024
v 129.2662 325.4941 281.3089
v 125.9272 325.4941 282.3584
v 129.5658 325.5264 282.2600
v 126.2286 325.5264 283.3148
v 129.8671 325.5589 283.2099
v 126.5319 325.5589 284.2713
v 130.1702 325.5915 284.1593
v 126.8371 325.5915 285.2271
v 130.4750 325.6244 285.1077
v 127.1443 325.6244 286.1828
v 130.7820 325.6575 286.0545
v 127.4541 325.6575 287.1385
v 131.0915 325.6907 287.0003
v 127.7666 325.6907 288.0934
v 131.4035 325.7242 287.9450
v 128.0818 325.7242 289.0478
v 131.7184 325.7578 288.8885
v 128.4001 325.7578 290.0014
v 132.0362 325.7917 289.8311
v 128.7211 325.7917 290.9540
v 132.3566 325.8257 290.7727
v 129.0451 325.8257 291.9057
v 132.6800 325.8599 291.7131
v 129.3721 325.8599 292.8566
v 133.0063 325.8943 292.6521
v 129.7022 325.8943 293.8067
v 133.3357 325.9289 293.5896
v 130.0358 325.9289 294.7561
v 133.6686 325.9636 294.5255
v 130.3731 325.9636 295.7045
v 134.0049 325.9985 295.4600
v 130.7140 325.9985 296.6518
v 134.3448 326.0338 296.3927
v 131.0589 326.0338 297.5981
v 134.6885 326.0693 297.3236
v 131.4079 326.0693 298.5433
v 135.0363 326.1050 298.2528
v 131.7612 326.1050 299.4872
v 135.3883 326.1409 299.1802
v 132.1188 326.1409 300.4295
v 135.7444 326.1770 300.1061
v 132.4807 326.1770 301.3702
v 136.1046 326.2134 301.0296
v 132.8472 326.2134 302.3099
v 136.4694 326.2499 301.9507
v 133.2188 326.2499 303.2481
v 136.8393 326.2866 302.8704
v 133.5951 326.2866 304.1839
v 137.2138 326.3235 303.7890
v 133.9756 326.3235 305.1172
v 137.5925 326.3604 304.7068
v 134.3597 326.3604 306.0481
v 137.9748 326.3976 305.6232
v 134.7474 326.3976 306.9775
v 138.3609 326.4349 306.5379
v 135.1390 326.4349 307.9053
v 138.7510 326.4724 307.4521
v 135.5339 326.4724 308.8306
v 139.1441 326.5100 308.3656
v 135.9313 326.5100 309.7541
v 139.5398 326.5478 309.2774
v 136.3318 326.5478 310.6770
v 139.9387 326.5858 310.1870
v 136.7361 326.5858 311.5989
v 140.3412 326.6239 311.0951
v 137.1440 326.6239 312.5193
v 140.7471 326.6621 312.0018
v 137.5553 326.6621 313.4379
v 141.1563 326.7004 312.9068
v 137.9701 326.7004 314.3552
v 141.5692 326.7389 313.8102
v 138.3885 326.7389 315.2708
v 141.9856 326.7774 314.7129
v 138.8099 326.7774 316.1841
v 142.4052 326.8159 315.6146
v 139.2340 326.8159 317.0957
v 142.8274 326.8546 316.5153
v 139.6607 326.8546 318.0058
v 143.2523 326.8934 317.4146
v 140.0901 326.8934 318.9148
v 143.6802 326.9323 318.3128
v 140.5224 326.9323 319.8222
v 144.1108 326.9713 319.2105
v 140.9568 326.9713 320.7278
v 144.5434 327.0106 320.1071
v 141.3932 327.0106 321.6324
v 144.9782 327.0499 321.0019
v 141.8325 327.0499 322.5364
v 145.4157 327.0895 321.8953
v 142.2746 327.0895 323.4392
v 145.8557 327.1291 322.7871
v 142.7195 327.1291 324.3409
v 146.2984 327.1690 323.6770
v 143.1676 327.1690 325.2416
v 146.7441 327.2090 324.5648
v 143.6192 327.2090 326.1412
v 147.1927 327.2491 325.4498
v 144.0748 327.2491 327.0400
v 147.6452 327.2893 326.3316
v 144.5354 327.2893 327.9375
v 148.1021 327.3296 327.2109
v 145.0006 327.3296 328.8328
v 148.5636 327.3702 328.0878
v 145.4705 327.3702 329.7257
v 149.0293 327.4109 328.9618
v 145.9452 327.4109 330.6166
v 149.4999 327.4518 329.8327
v 146.4253 327.4518 331.5051
v 149.9754 327.4930 330.7011
v 146.9103 327.4930 332.3909
v 150.4562 327.5343 331.5673
v 147.4001 327.5343 333.2733
v 150.9413 327.5758 332.4313
v 147.8941 327.5758 334.1531
v 151.4308 327.6174 333.2923
v 148.3930 327.6174 335.0306
v 151.9249 327.6593 334.1503
v 148.8969 327.6593 335.9056
v 152.4238 327.7013 335.0052
v 149.4059 327.7013 336.7781
v 152.9279 327.7435 335.8577
v 149.9198 327.7435 337.6469
v 153.4369 327.7859 336.7084
v 150.4375 327.7859 338.5124
v 153.9501 327.8284 337.5572
v 150.9592 327.8284 339.3750
v 154.4675 327.8711 338.4042
v 151.4843 327.8711 340.2346
v 154.9885 327.9139 339.2496
v 152.0125 327.9139 341.0918
v 155.5129 327.9569 340.0931
v 152.5441 327.9569 341.9467
v 156.0411 328.0000 340.9356
v 153.0783 328.0000 342.7988
v 156.5717 328.0434 341.7768
v 153.6146 328.0434 343.6491
v 157.1049 328.0870 342.6158
v 154.1542 328.0870 344.4980
v 157.6411 328.1307 343.4531
v 154.6964 328.1307 345.3450
v 158.1801 328.1747 344.2892
v 155.2411 328.1747 346.1898
v 158.7217 328.2188 345.1240
v 155.7880 328.2188 347.0328
v 159.2655 328.2631 345.9575
v 156.3370 328.2631 347.8742
v 159.8120 328.3076 346.7900
v 156.8881 328.3076 348.7137
v 160.3608 328.3522 347.6221
v 157.4403 328.3522 349.5512
v 160.9112 328.3969 348.4541
v 157.9935 328.3969 350.3872
v 161.4628 328.4419 349.2855
v 158.5475 328.4419 351.2223
v 162.0155 328.4871 350.1162
v 159.1027 328.4871 352.0568
v 162.5693 328.5325 350.9465
v 159.6587 328.5325 352.8903
v 163.1243 328.5782 351.7764
v 160.2154 328.5782 353.7229
v 163.6795 328.6240 352.6054
v 160.7732 328.6240 354.5557
v 164.2353 328.6701 353.4320
v 161.3333 328.6701 355.3888
v 164.7925 328.7163 354.2560
v 161.8964 328.7163 356.2215
v 165.3518 328.7627 355.0772
v 162.4629 328.7627 357.0532
v 165.9133 328.8092 355.8947
v 163.0337 328.8092 357.8842
v 166.4789 328.8559 356.7085
v 163.6094 328.8559 358.7127
v 167.0487 328.9029 357.5203
v 164.1886 328.9029 359.5378
v 167.6225 328.9499 358.3298
v 164.7713 328.9499 360.3598
v 168.2003 328.9971 359.1377
v 165.3569 328.9971 361.1786
v 168.7815 329.0444 359.9444
v 165.9447 329.0444 361.9946
v 169.3658 329.0919 360.7504
v 166.5343 329.0919 362.8078
v 169.9530 329.1397 361.5567
v 167.1245 329.1397 363.6182
v 170.5413 329.1877 362.3634
v 167.7147 329.1877 364.4274
v 171.1304 329.2358 363.1691
v 168.3061 329.2358 365.2362
v 171.7202 329.2841 363.9740
v 168.8983 329.2841 366.0445
v 172.3108 329.3326 364.7778
v 169.4919 329.3326 366.8525
v 172.9021 329.3812 365.5799
v 170.0874 329.3812 367.6601
v 173.4943 329.4300 366.3793
v 170.6857 329.4300 368.4678
v 174.0888 329.4789 367.1757
v 171.2876 329.4789 369.2741
v 174.6858 329.5279 367.9698
v 171.8923 329.5279 370.0785
v 175.2855 329.5771 368.7610
v 172.5007 329.5771 370.8812
v 175.8882 329.6264 369.5492
v 173.1128 329.6264 371.6816
v 176.4941 329.6760 370.3341
v 173.7289 329.6760 372.4798
v 177.1038 329.7258 371.1157
v 174.3493 329.7258 373.2751
v 177.7179 329.7757 371.8951
v 174.9729 329.7757 374.0666
v 178.3352 329.8259 372.6723
v 175.5995 329.8259 374.8554
v 178.9557 329.8764 373.4462
v 176.2300 329.8764 375.6418
v 179.5795 329.9271 374.2170
v 176.8643 329.9271 376.4256
v 180.2067 329.9780 374.9843
v 177.5028 329.9780 377.2067
v 180.8382 330.0291 375.7484
v 178.1454 330.0291 377.9842
v 181.4737 330.0804 376.5102
v 178.7910 330.0804 378.7581
v 182.1125 330.1319 377.2692
v 179.4400 330.1319 379.5292
v 182.7543 330.1836 378.0246
v 180.0931 330.1836 380.2978
v 183.3994 330.2354 378.7757
v 180.7509 330.2354 381.0639
v 184.0490 330.2875 379.5230
v 181.4133 330.2875 381.8260
v 184.7030 330.3397 380.2677
v 182.0790 330.3397 382.5839
v 185.3606 330.3922 381.0089
v 182.7486 330.3922 383.3387
v 186.0209 330.4449 381.7453
v 183.4235 330.4449 384.0912
v 186.6858 330.4978 382.4762
v 184.1042 330.4978 384.8396
v 187.3561 330.5508 383.2037
v 184.7891 330.5508 385.5828
v 188.0310 330.6040 383.9277
v 185.4778 330.6040 386.3216
v 188.7103 330.6573 384.6480
v 186.1705 330.6573 387.0562
v 189.3937 330.7109 385.3648
v 186.8671 330.7109 387.7869
v 190.0812 330.7645 386.0780
v 187.5676 330.7645 388.5135
v 190.7734 330.8182 386.7887
v 188.2708 330.8182 389.2355
v 191.4688 330.8721 387.4972
v 188.9762 330.8721 389.9543
v 192.1669 330.9262 388.2024
v 189.6852 330.9262 390.6704
v 192.8685 330.9803 388.9047
v 190.3970 330.9803 391.3829
v 193.5729 331.0347 389.6045
v 191.1114 331.0347 392.0927
v 194.2800 331.0892 390.3011
v 191.8290 331.0892 392.7996
v 194.9902 331.1439 390.9949
v 192.5493 331.1439 393.5033
v 195.7032 331.1987 391.6860
v 193.2724 331.1987 394.2042
v 196.4189 331.2536 392.3740
v 193.9985 331.2536 394.9022
v 197.1377 331.3086 393.0593
v 194.7272 331.3086 395.5969
v 197.8594 331.3638 393.7424
v 195.4580 331.3638 396.2886
v 198.5836 331.4191 394.4230
v 196.1912 331.4191 396.9776
v 199.3106 331.4746 395.1015
v 196.9262 331.4746 397.6637
v 200.0400 331.5301 395.7782
v 197.6629 331.5301 398.3472
v 200.7716 331.5858 396.4533
v 198.4012 331.5858 399.0284
v 201.5056 331.6417 397.1274
v 199.1402 331.6417 399.7071
v 202.2410 331.6978 397.8007
v 199.8800 331.6978 400.3844
v 202.9778 331.7540 398.4727
v 200.6208 331.7540 401.0601
v 203.7156 331.8105 399.1439
v 201.3624 331.8105 401.7348
v 204.4543 331.8672 399.8138
v 202.1053 331.8672 402.4084
v 205.1938 331.9240 400.4822
v 202.8495 331.9240 403.0811
v 205.9342 331.9810 401.1487
v 203.5955 331.9810 403.7526
v 206.6762 332.0382 401.8136
v 204.3430 332.0382 404.4224
v 207.4197 332.0955 402.4773
v 205.0915 332.0955 405.0906
v 208.1644 332.1530 403.1394
v 205.8414 332.1530 405.7574
v 208.9104 332.2106 403.8001
v 206.5927 332.2106 406.4227
v 209.6578 332.2683 404.4593
v 207.3452 332.2683 407.0864
v 210.4068 332.3262 405.1174
v 208.0986 332.3262 407.7484
v 211.1572 332.3843 405.7747
v 208.8527 332.3843 408.4089
v 211.9083 332.4425 406.4310
v 209.6076 332.4425 409.0685
v 212.6602 332.5009 407.0857
v 210.3640 332.5009 409.7272
v 213.4133 332.5595 407.7392
v 211.1215 332.5595 410.3845
v 214.1675 332.6182 408.3915
v 211.8800 332.6182 411.0406
v 214.9225 332.6771 409.0424
v 212.6398 332.6771 411.6956
v 215.6785 332.7362 409.6915
v 213.4012 332.7362 412.3493
v 216.4361 332.7955 410.3393
v 214.1636 332.7955 413.0012
v 217.1954 332.8548 410.9865
v 214.9264 332.8548 413.6514
v 217.9559 332.9143 411.6334
v 215.6893 332.9143 414.3003
v 218.7174 332.9740 412.2801
v 216.4523 332.9740 414.9483
v 219.4794 333.0338 412.9267
v 217.2152 333.0338 415.5956
v 220.2421 333.0938 413.5736
v 217.9778 333.0938 416.2424
v 221.0051 333.1539 414.2212
v 218.7396 333.1539 416.8891
v 221.7675 333.2141 414.8689
v 219.5014 333.2141 417.5362
v 222.5295 333.2745 415.5163
v 220.2636 333.2745 418.1838
v 223.2912 333.3350 416.1632
v 221.0263 333.3350 418.8315
v 224.0531 333.3957 416.8096
v 221.7895 333.3957 419.4790
v 224.8151 333.4566 417.4555
v 222.5531 333.4566 420.1263
v 225.5774 333.5176 418.1006
v 223.3175 333.5176 420.7732
v 226.3403 333.5787 418.7451
v 224.0824 333.5787 421.4194
v 227.1037 333.6400 419.3892
v 224.8476 333.6400 422.0651
v 227.8675 333.7014 420.0326
v 225.6134 333.7014 422.7102
v 228.6317 333.7630 420.6756
v 226.3796 333.7630 423.3547
v 229.3963 333.8247 421.3179
v 227.1463 333.8247 423.9988
v 230.1617 333.8866 421.9596
v 227.9135 333.8866 424.6421
v 230.9277 333.9486 422.6013
v 228.6807 333.9486 425.2847
v 231.6939 334.0107 423.2426
v 229.4482 334.0107 425.9272
v 232.4604 334.0729 423.8834
v 230.2161 334.0729 426.5691
v 233.2274 334.1352 424.5242
v 230.9840 334.1352 427.2106
v 233.9948 334.1977 425.1648
v 231.7519 334.1977 427.8517
v 234.7621 334.2603 425.8052
v 232.5200 334.2603 428.4928
v 235.5297 334.3230 426.4448
v 233.2884 334.3230 429.1341
v 236.2983 334.3858 427.0835
v 234.0566 334.3858 429.7755
v 237.0680 334.4487 427.7218
v 234.8239 334.4487 430.4168
v 237.8387 334.5117 428.3602
v 235.5900 334.5117 431.0584
v 238.6099 334.5749 428.9987
v 236.3548 334.5749 431.7007
v 239.3818 334.6382 429.6379
v 237.1179 334.6382 432.3437
v 240.1542 334.7015 430.2787
v 237.8782 334.7015 432.9876
v 240.9271 334.7650 430.9219
v 238.6350 334.7650 433.6328
v 241.6994 334.8285 431.5686
v 239.3875 334.8285 434.2802
v 242.4704 334.8922 432.2191
v 240.1353 334.8922 434.9308
v 243.2400 334.9559 432.8740
v 240.8778 334.9559 435.5847
v 244.0072 335.0198 433.5346
v 241.6139 335.0198 436.2429
v 244.7716 335.0837 434.2013
v 242.3431 335.0837 436.9059
v 245.5328 335.1478 434.8755
v 243.0641 335.1478 437.5740
v 246.2895 335.2119 435.5581
v 243.7759 335.2119 438.2484
v 247.0408 335.2762 436.2497
v 244.4781 335.2762 438.9298
v 247.7860 335.3405 436.9513
v 245.1695 335.3405 439.6187
v 248.5237 335.4050 437.6634
v 245.8496 335.4050 440.3160
v 249.2539 335.4695 438.3871
v 246.5172 335.4695 441.0214
v 249.9748 335.5341 439.1237
v 247.1710 335.5341 441.7360
v 250.6850 335.5988 439.8727
v 247.8111 335.5988 442.4607
v 251.3839 335.6636 440.6348
v 248.4367 335.6636 443.1954
v 252.0706 335.7286 441.4106
v 249.0470 335.7286 443.9401
v 252.7447 335.7937 442.2013
v 249.6404 335.7937 444.6942
v 253.4042 335.8588 443.0081
v 250.2156 335.8588 445.4585
v 254.0474 335.9241 443.8310
v 250.7724 335.9241 446.2328
v 254.6729 335.9895 444.6714
v 251.3097 335.9895 447.0169
v 255.2790 336.0549 445.5300
v 251.8259 336.0549 447.8104
v 255.8638 336.1204 446.4073
v 252.3198 336.1204 448.6137
v 256.4256 336.1859 447.3042
v 252.7899 336.1859 449.4262
v 256.9617 336.2516 448.2207
v 253.2344 336.2516 450.2485
v 257.4703 336.3172 449.1565
v 253.6526 336.3172 451.0802
v 257.9495 336.3829 450.1127
v 254.0425 336.3829 451.9203
v 258.3964 336.4487 451.0893
v 254.4019 336.4487 452.7683
v 258.8078 336.5145 452.0852
v 254.7296 336.5145 453.6246
v 259.1811 336.5804 453.0976
v 255.0253 336.5804 454.4903
v 259.5153 336.6463 454.1250
v 255.2888 336.6463 455.3649
v 259.8093 336.7123 455.1665
v 255.5193 336.7123 456.2468
v 260.0617 336.7783 456.2205
v 255.7159 336.7783 457.1352
v 260.2709 336.8444 457.2836
v 255.8788 336.8444 458.0309
v 260.4377 336.9105 458.3524
v 256.0087 336.9105 458.9338
v 260.5626 336.9767 459.4266
v 256.1061 336.9767 459.8411
v 260.6453 337.0430 460.5060
v 256.1704 337.0430 460.7501
v 260.6847 337.1092 461.5880
v 256.2012 337.1092 461.6609
v 260.6814 337.1755 462.6681
v 256.1990 337.1755 462.5748
v 260.6374 337.2418 463.7463
v 256.1655 337.2418 463.4895
v 260.5519 337.3080 464.8215
v 256.0998 337.3080 464.4031
v 260.4264 337.3744 465.8913
v 256.0033 337.3744 465.3156
v 260.2608 337.4408 466.9569
v 255.8760 337.4408 466.2233
v 260.0543 337.5073 468.0146
v 255.7172 337.5073 467.1264
v 259.8087 337.5738 469.0624
v 255.5279 337.5738 468.0251
v 259.5234 337.6404 470.1022
v 255.3089 337.6404 468.9147
v 259.1968 337.7070 471.1301
v 255.0583 337.7070 469.7956
v 258.8318 337.7737 472.1428
v 254.7768 337.7737 470.6692
v 258.4284 337.8404 473.1395
v 254.4647 337.8404 471.5341
v 257.9895 337.9072 474.1166
v 254.1217 337.9072 472.3924
v 257.5193 337.9740 475.0763
v 253.7494 337.9740 473.2412
v 257.0174 338.0408 476.0180
v 253.3474 338.0408 474.0785
v 256.4881 338.1077 476.9387
v 252.9158 338.1077 474.9075
v 255.9339 338.1747 477.8401
v 252.4576 338.1747 475.7267
v 255.3553 338.2417 478.7233
v 251.9746 338.2417 476.5345
v 254.7545 338.3087 479.5872
v 251.4669 338.3087 477.3316
v 254.1346 338.3758 480.4315
v 250.9357 338.3758 478.1196
v 253.4996 338.4430 481.2577
v 250.3817 338.4430 478.8990
v 252.8517 338.5102 482.0680
v 249.8077 338.5102 479.6700
v 252.1926 338.5775 482.8635
v 249.2153 338.5775 480.4330
v 251.5256 338.6449 483.6445
v 248.6057 338.6449 481.1904
v 250.8541 338.7124 484.4132
v 247.9812 338.7124 481.9443
v 250.1802 338.7800 485.1720
v 247.3446 338.7800 482.6959
v 249.5063 338.8476 485.9233
v 246.6983 338.8476 483.4467
v 248.8353 338.9153 486.6685
v 246.0438 338.9153 484.1991
v 248.1709 338.9831 487.4096
v 245.3835 338.9831 484.9563
v 247.5159 339.0509 488.1497
v 244.7207 339.0509 485.7204
v 246.8726 339.1189 488.8912
v 244.0584 339.1189 486.4933
v 246.2426 339.1870 489.6376
v 243.4005 339.1870 487.2760
v 245.6262 339.2551 490.3914
v 242.7497 339.2551 488.0682
v 245.0238 339.3233 491.1538
v 242.1074 339.3233 488.8700
v 244.4359 339.3915 491.9256
v 241.4752 339.3915 489.6815
v 243.8624 339.4598 492.7075
v 240.8540 339.4598 490.5023
v 243.3030 339.5281 493.4999
v 240.2445 339.5281 491.3316
v 242.7572 339.5964 494.3025
v 239.6470 339.5964 492.1688
v 242.2228 339.6647 495.1142
v 239.0631 339.6647 493.0140
v 241.6999 339.7329 495.9327
v 238.4913 339.7329 493.8682
v 241.1905 339.8010 496.7569
v 237.9321 339.8010 494.7335
v 240.6952 339.8691 497.5871
v 237.3869 339.8691 495.6101
v 240.2153 339.9371 498.4232
v 236.8567 339.9371 496.4987
v 239.7518 340.0050 499.2655
v 236.3431 340.0050 497.3997
v 239.3063 340.0727 500.1130
v 235.8470 340.0727 498.3143
v 238.8811 340.1403 500.9639
v 235.3707 340.1403 499.2459
v 238.4790 340.2078 501.8196
v 234.9185 340.2078 500.1953
v 238.1008 340.2751 502.6826
v 234.4936 340.2751 501.1603
v 237.7478 340.3422 503.5526
v 234.0975 340.3422 502.1405
v 237.4214 340.4092 504.4309
v 233.7330 340.4092 503.1344
v 237.1212 340.4761 505.3190
v 233.4007 340.4761 504.1391
v 236.8468 340.5427 506.2177
v 233.1011 340.5427 505.1520
v 236.5965 340.6092 507.1285
v 232.8330 340.6092 506.1694
v 236.3679 340.6755 508.0513
v 232.5939 340.6755 507.1884
v 236.1586 340.7417 508.9856
v 232.3804 340.7417 508.2070
v 235.9660 340.8078 509.9303
v 232.1891 340.8078 509.2238
v 235.7876 340.8737 510.8834
v 232.0163 340.8737 510.2387
v 235.6220 340.9396 511.8431
v 231.8594 340.9396 511.2521
v 235.4675 341.0053 512.8082
v 231.7160 341.0053 512.2641
v 235.3231 341.0710 513.7770
v 231.5843 341.0710 513.2758
v 235.1887 341.1367 514.7484
v 231.4634 341.1367 514.2876
v 235.0639 341.2023 515.7219
v 231.3525 341.2023 515.2997
v 234.9489 341.2678 516.6973
v 231.2512 341.2678 516.3122
v 234.8434 341.3334 517.6741
v 231.1587 341.3334 517.3253
v 234.7479 341.3989 518.6514
v 231.0752 341.3989 518.3396
v 234.6630 341.4645 519.6293
v 231.0008 341.4645 519.3549
v 234.5889 341.5300 520.6080
v 230.9355 341.5300 520.3709
v 234.5256 341.5956 521.5874
v 230.8791 341.5956 521.3875
v 234.4735 341.6612 522.5669
v 230.8320 341.6612 522.4050
v 234.4327 341.7267 523.5467
v 230.7944 341.7267 523.4233
v 234.4035 341.7923 524.5266
v 230.7665 341.7923 524.4422
v 234.3858 341.8579 525.5068
v 230.7485 341.8579 525.4611
v 234.3792 341.9235 526.4871
v 230.7405 341.9235 526.4803
v 234.3840 341.9891 527.4670
v 230.7429 341.9891 527.4999
v 234.4001 342.0548 528.4462
v 230.7558 342.0548 528.5200
v 234.4278 342.1204 529.4242
v 230.7801 342.1204 529.5407
v 234.4673 342.1860 530.4014
v 230.8163 342.1860 530.5615
v 234.5185 342.2517 531.3776
v 230.8646 342.2517 531.5823
v 234.5816 342.3173 532.3519
v 230.9255 342.3173 532.6035
v 234.6574 342.3829 533.3237
v 231.0002 342.3829 533.6253
v 234.7463 342.4485 534.2930
v 231.0895 342.4485 534.6472
v 234.8490 342.5142 535.2601
v 231.1941 342.5142 535.6685
v 234.9655 342.5798 536.2246
v 231.3143 342.5798 536.6889
v 235.0964 342.6454 537.1861
v 231.4509 342.6454 537.7084
v 235.2423 342.7110 538.1447
v 231.6045 342.7110 538.7262
v 235.4031 342.7766 539.1008
v 231.7752 342.7766 539.7413
v 235.5790 342.8421 540.0547
v 231.9628 342.8421 540.7530
v 235.7694 342.9076 541.0065
v 232.1669 342.9076 541.7608
v 235.9739 342.9732 541.9557
v 232.3872 342.9732 542.7649
v 236.1926 343.0387 542.9027
v 232.6236 343.0387 543.7645
v 236.4247 343.1043 543.8476
v 232.8750 343.1043 544.7594
v 236.6703 343.1698 544.7902
v 233.1405 343.1698 545.7495
v 236.9288 343.2354 545.7306
v 233.4195 343.2354 546.7348
v 237.1996 343.3009 546.6683
v 233.7113 343.3009 547.7155
v 237.4823 343.3665 547.6032
v 234.0157 343.3665 548.6919
v 237.7769 343.4320 548.5352
v 234.3322 343.4320 549.6636
v 238.0825 343.4976 549.4642
v 234.6602 343.4976 550.6310
v 238.3994 343.5632 550.3895
v 235.0000 343.5632 551.5941
v 238.7272 343.6287 551.3110
v 235.3512 343.6287 552.5532
v 239.0663 343.6943 552.2286
v 235.7139 343.6943 553.5078
v 239.4164 343.7598 553.1428
v 236.0875 343.7598 554.4574
v 239.7775 343.8254 554.0539
v 236.4715 343.8254 555.4017
v 240.1489 343.8910 554.9628
v 236.8646 343.8910 556.3404
v 240.5300 343.9565 555.8696
v 237.2659 343.9565 557.2738
v 240.9198 344.0221 556.7751
v 237.6741 344.0221 558.2019
v 241.3175 344.0877 557.6801
v 238.0879 344.0877 559.1248
v 241.7216 344.1533 558.5849
v 238.5056 344.1533 560.0432
v 242.1310 344.2190 559.4900
v 238.9263 344.2190 560.9576
v 242.5442 344.2846 560.3957
v 239.3485 344.2846 561.8691
v 242.9602 344.3502 561.3017
v 239.7717 344.3502 562.7784
v 243.3784 344.4159 562.2085
v 240.1952 344.4159 563.6859
v 243.7978 344.4816 563.1159
v 240.6182 344.4816 564.5924
v 244.2178 344.5472 564.0238
v 241.0405 344.5472 565.4985
v 244.6381 344.6129 564.9321
v 241.4618 344.6129 566.4045
v 245.0584 344.6786 565.8408
v 241.8820 344.6786 567.3106
v 245.4785 344.7443 566.7494
v 242.3012 344.7443 568.2174
v 245.8981 344.8100 567.6581
v 242.7200 344.8100 569.1244
v 246.3171 344.8757 568.5670
v 243.1384 344.8757 570.0318
v 246.7358 344.9414 569.4761
v 243.5564 344.9414 570.9393
v 247.1540 345.0071 570.3854
v 243.9738 345.0071 571.8470
v 247.5718 345.0729 571.2950
v 244.3908 345.0729 572.7549
v 247.9890 345.1386 572.2047
v 244.8073 345.1386 573.6631
v 248.4059 345.2044 573.1149
v 245.2233 345.2044 574.5713
v 248.8222 345.2701 574.0255
v 245.6386 345.2701 575.4796
v 249.2379 345.3359 574.9364
v 246.0532 345.3359 576.3882
v 249.6529 345.4017 575.8476
v 246.4671 345.4017 577.2971
v 250.0672 345.4674 576.7591
v 246.8804 345.4674 578.2063
v 250.4810 345.5332 577.6710
v 247.2930 345.5332 579.1157
v 250.8939 345.5990 578.5834
v 247.7048 345.5990 580.0254
v 251.3061 345.6649 579.4958
v 248.1160 345.6649 580.9357
v 251.7176 345.7307 580.4083
v 248.5266 345.7307 581.8463
v 252.1286 345.7964 581.3211
v 248.9368 345.7964 582.7572
v 252.5391 345.8622 582.2341
v 249.3464 345.8622 583.6683
v 252.9491 345.9280 583.1477
v 249.7553 345.9280 584.5793
v 253.3584 345.9938 584.0619
v 250.1632 345.9938 585.4906
v 253.7668 346.0597 584.9765
v 250.5704 346.0597 586.4022
v 254.1745 346.1255 585.8917
v 250.9765 346.1255 587.3139
v 254.5812 346.1914 586.8077
v 251.3814 346.1914 588.2258
v 254.9867 346.2572 587.7243
v 251.7850 346.2572 589.1382
v 255.3910 346.3231 588.6414
v 252.1875 346.3231 590.0512
v 255.7940 346.3890 589.5588
v 252.5888 346.3890 590.9649
v 256.1958 346.4549 590.4761
v 252.9895 346.4549 591.8795
v 256.5968 346.5208 591.3932
v 253.3898 346.5208 592.7949
v 256.9973 346.5867 592.3098
v 253.7900 346.5867 593.7110
v 257.3975 346.6527 593.2259
v 254.1905 346.6527 594.6277
v 257.7979 346.7186 594.1415
v 254.5914 346.7186 595.5445
v 258.1985 346.7846 595.0565
v 254.9929 346.7846 596.4616
v 258.5997 346.8505 595.9708
v 255.3954 346.8505 597.3787
v 259.0018 346.9165 596.8847
v 255.7987 346.9165 598.2954
v 259.4047 346.9825 597.7986
v 256.2026 346.9825 599.2116
v 259.8082 347.0486 598.7122
v 256.6071 347.0486 600.1275
v 260.2124 347.1146 599.6256
v 257.0123 347.1146 601.0430
v 260.6171 347.1807 600.5385
v 257.4181 347.1807 601.9585
v 261.0226 347.2468 601.4509
v 257.8249 347.2468 602.8738
v 261.4288 347.3129 602.3626
v 258.2326 347.3129 603.7889
v 261.8359 347.3791 603.2735
v 258.6416 347.3791 604.7039
v 262.2442 347.4452 604.1835
v 259.0520 347.4452 605.6187
v 262.6538 347.5114 605.0925
v 259.4640 347.5114 606.5332
v 263.0649 347.5776 606.0005
v 259.8778 347.5776 607.4471
v 263.4777 347.6439 606.9077
v 260.2933 347.6439 608.3603
v 263.8921 347.7101 607.8139
v 260.7107 347.7101 609.2729
v 264.3084 347.7764 608.7191
v 261.1300 347.7764 610.1847
v 264.7265 347.8427 609.6235
v 261.5512 347.8427 611.0956
v 265.1465 347.9090 610.5271
v 261.9742 347.9090 612.0057
v 265.5684 347.9753 611.4296
v 262.3992 347.9753 612.9150
v 265.9922 348.0417 612.3315
v 262.8261 348.0417 613.8232
v 266.4180 348.1081 613.2329
v 263.2544 348.1081 614.7302
v 266.8454 348.1746 614.1340
v 263.6841 348.1746 615.6361
v 267.2742 348.2410 615.0350
v 264.1148 348.2410 616.5410
v 267.7042 348.3075 615.9356
v 264.5465 348.3075 617.4453
v 268.1354 348.3740 616.8362
v 264.9790 348.3740 618.3485
v 268.5675 348.4405 617.7374
v 265.4116 348.4405 619.2507
v 268.9999 348.5071 618.6392
v 265.8439 348.5071 620.1523
v 269.4324 348.5737 619.5413
v 266.2760 348.5737 621.0537
v 269.8646 348.6403 620.4439
v 266.7076 348.6403 621.9550
v 270.2966 348.7070 621.3468
v 267.1388 348.7070 622.8562
v 270.7281 348.7736 622.2503
v 267.5692 348.7736 623.7574
v 271.1589 348.8404 623.1542
v 267.9989 348.8404 624.6590
v 271.5890 348.9071 624.0581
v 268.4281 348.9071 625.5610
v 272.0185 348.9739 624.9621
v 268.8568 348.9739 626.4635
v 272.4475 349.0407 625.8660
v 269.2854 349.0407 627.3664
v 272.8763 349.1074 626.7702
v 269.7137 349.1074 628.2693
v 273.3048 349.1743 627.6745
v 270.1415 349.1743 629.1723
v 273.7328 349.2412 628.5790
v 270.5690 349.2412 630.0757
v 274.1606 349.3082 629.4835
v 270.9962 349.3082 630.9792
v 274.5880 349.3751 630.3883
v 271.4231 349.3751 631.8828
v 275.0151 349.4422 631.2932
v 271.8497 349.4422 632.7866
v 275.4419 349.5092 632.1981
v 272.2760 349.5092 633.6906
v 275.8683 349.5763 633.1029
v 272.7022 349.5763 634.5949
v 276.2946 349.6434 634.0076
v 273.1284 349.6434 635.4994
v 276.7207 349.7105 634.9120
v 273.5547 349.7105 636.4042
v 277.1469 349.7777 635.8161
v 273.9814 349.7777 637.3092
v 277.5735 349.8449 636.7202
v 274.4083 349.8449 638.2139
v 278.0002 349.9122 637.6243
v 274.8352 349.9122 639.1184
v 278.4270 349.9795 638.5281
v 275.2624 349.9795 640.0231
v 278.8541 350.0469 639.4318
v 275.6899 350.0469 640.9277
v 279.2814 350.1142 640.3353
v 276.1176 350.1142 641.8322
v 279.7089 350.1817 641.2384
v 276.5458 350.1817 642.7367
v 280.1367 350.2491 642.1410
v 276.9746 350.2491 643.6414
v 280.5648 350.3166 643.0423
v 277.4047 350.3166 644.5467
v 280.9941 350.3842 643.9421
v 277.8365 350.3842 645.4519
v 281.4248 350.4518 644.8407
v 278.2702 350.4518 646.3569
v 281.8570 350.5194 645.7374
v 278.7064 350.5194 647.2618
v 282.2913 350.5871 646.6316
v 279.1458 350.5871 648.1666
v 282.7285 350.6549 647.5233
v 279.5891 350.6549 649.0706
v 283.1690 350.7226 648.4126
v 280.0363 350.7226 649.9734
v 283.6131 350.7904 649.2989
v 280.4881 350.7904 650.8751
v 284.0613 350.8583 650.1815
v 280.9453 350.8583 651.7756
v 284.5143 350.9262 651.0605
v 281.4085 350.9262 652.6743
v 284.9728 350.9942 651.9357
v 281.8780 350.9942 653.5705
v 285.4371 351.0622 652.8075
v 282.3538 351.0622 654.4638
v 285.9074 351.1303 653.6755
v 282.8361 351.1303 655.3541
v 286.3840 351.1984 654.5399
v 283.3251 351.1984 656.2409
v 286.8669 351.2665 655.4010
v 283.8203 351.2665 657.1240
v 287.3559 351.3348 656.2586
v 284.3220 351.3348 658.0036
v 287.8513 351.4030 657.1124
v 284.8301 351.4030 658.8796
v 288.3527 351.4713 657.9627
v 285.3445 351.4713 659.7519
v 288.8602 351.5397 658.8088
v 285.8657 351.5397 660.6207
v 289.3740 351.6081 659.6507
v 286.3936 351.6081 661.4857
v 289.8942 351.6766 660.4881
v 286.9286 351.6766 662.3470
v 290.4211 351.7452 661.3211
v 287.4707 351.7452 663.2040
v 290.9550 351.8138 662.1503
v 288.0194 351.8138 664.0562
v 291.4952 351.8825 662.9755
v 288.5745 351.8825 664.9041
v 292.0420 351.9513 663.7966
v 289.1361 351.9513 665.7475
v 292.5953 352.0201 664.6141
v 289.7037 352.0201 666.5861
v 293.1548 352.0889 665.4283
v 290.2767 352.0889 667.4200
v 293.7201 352.1578 666.2395
v 290.8548 352.1578 668.2495
v 294.2908 352.2268 667.0477
v 291.4377 352.2268 669.0749
v 294.8665 352.2958 667.8529
v 292.0251 352.2958 669.8966
v 295.4471 352.3649 668.6553
v 292.6169 352.3649 670.7144
v 296.0323 352.4341 669.4552
v 293.2125 352.4341 671.5286
v 296.6216 352.5033 670.2526
v 293.8118 352.5033 672.3395
v 297.2148 352.5726 671.0473
v 294.4150 352.5726 673.1475
v 297.8116 352.6419 671.8389
v 295.0220 352.6419 673.9528
v 298.4121 352.7113 672.6273
v 295.6334 352.7113 674.7554
v 299.0165 352.7808 673.4123
v 296.2490 352.7808 675.5549
v 299.6249 352.8504 674.1938
v 296.8691 352.8504 676.3516
v 300.2374 352.9200 674.9715
v 297.4940 352.9200 677.1449
v 300.8543 352.9897 675.7456
v 298.1234 352.9897 677.9348
v 301.4754 353.0594 676.5158
v 298.7577 353.0594 678.7213
v 302.1010 353.1291 677.2818
v 299.3971 353.1291 679.5042
v 302.7312 353.1990 678.0437
v 300.0415 353.1990 680.2833
v 303.3661 353.2689 678.8013
v 300.6912 353.2689 681.0585
v 304.0059 353.3388 679.5543
v 301.3462 353.3388 681.8294
v 304.6507 353.4088 680.3030
v 302.0065 353.4088 682.5961
v 305.3003 353.4789 681.0469
v 302.6722 353.4789 683.3584
v 305.9550 353.5491 681.7860
v 303.3435 353.5491 684.1164
v 306.6151 353.6193 682.5202
v 304.0204 353.6193 684.8693
v 307.2804 353.6896 683.2500
v 304.7024 353.6896 685.6173
v 307.9510 353.7599 683.9751
v 305.3896 353.7599 686.3604
v 308.6267 353.8303 684.6957
v 306.0818 353.8303 687.0985
v 309.3077 353.9007 685.4121
v 306.7786 353.9007 687.8316
v 309.9936 353.9712 686.1245
v 307.4798 353.9712 688.5598
v 310.6846 354.0417 686.8334
v 308.1846 354.0417 689.2829
v 311.3798 354.1124 687.5392
v 308.8929 354.1124 690.0020
v 312.0789 354.1831 688.2414
v 309.6048 354.1831 690.7171
v 312.7819 354.2538 688.9404
v 310.3199 354.2538 691.4281
v 313.4885 354.3246 689.6364
v 311.0381 354.3246 692.1356
v 314.1983 354.3955 690.3292
v 311.7596 354.3955 692.8396
v 314.9113 354.4665 691.0186
v 312.4842 354.4665 693.5404
v 315.6277 354.5375 691.7049
v 313.2120 354.5375 694.2376
v 316.3471 354.6085 692.3881
v 313.9428 354.6085 694.9316
v 317.0693 354.6796 693.0675
v 314.6773 354.6796 695.6225
v 317.7945 354.7508 693.7431
v 315.4153 354.7508 696.3102
v 318.5227 354.8220 694.4146
v 316.1574 354.8220 696.9943
v 319.2542 354.8933 695.0815
v 316.9038 354.8933 697.6748
v 319.9890 354.9647 695.7435
v 317.6547 354.9647 698.3514
v 320.7270 355.0361 696.3998
v 318.4110 355.0361 699.0240
v 321.4694 355.1076 697.0500
v 319.1730 355.1076 699.6914
v 322.2166 355.1791 697.6948
v 319.9399 355.1791 700.3531
v 322.9685 355.2507 698.3339
v 320.7116 355.2507 701.0091
v 323.7252 355.3223 698.9675
v 321.4882 355.3223 701.6593
v 324.4866 355.3941 699.5955
v 322.2695 355.3941 702.3038
v 325.2526 355.4659 700.2179
v 323.0555 355.4659 702.9424
v 326.0234 355.5377 700.8347
v 323.8460 355.5377 703.5752
v 326.7988 355.6096 701.4462
v 324.6408 355.6096 704.2022
v 327.5785 355.6816 702.0520
v 325.4400 355.6816 704.8237
v 328.3625 355.7536 702.6522
v 326.2437 355.7536 705.4394
v 329.1508 355.8257 703.2467
v 327.0517 355.8257 706.0494
v 329.9431 355.8978 703.8354
v 327.8643 355.8978 706.6538
v 330.7395 355.9700 704.4180
v 328.6817 355.9700 707.2522
v 331.5403 356.0423 704.9946
v 329.5035 356.0423 707.8444
v 332.3452 356.1147 705.5652
v 330.3298 356.1147 708.4306
v 333.1539 356.1871 706.1293
v 331.1612 356.1871 709.0106
v 333.9667 356.2596 706.6866
v 331.9977 356.2596 709.5842
v 334.7836 356.3321 707.2367
v 332.8394 356.3321 710.1510
v 335.6051 356.4047 707.7796
v 333.6862 356.4047 710.7106
v 336.4310 356.4774 708.3153
v 334.5380 356.4774 711.2631
v 337.2613 356.5501 708.8433
v 335.3951 356.5501 711.8081
v 338.0963 356.6229 709.3636
v 336.2572 356.6229 712.3453
v 338.9360 356.6958 709.8762
v 337.1242 356.6958 712.8746
v 339.7802 356.7687 710.3811
v 337.9962 356.7687 713.3961
v 340.6293 356.8417 710.8782
v 338.8727 356.8417 713.9093
v 341.4833 356.9148 711.3681
v 339.7533 356.9148 714.4144
v 342.3418 356.9880 711.8507
v 340.6379 356.9880 714.9117
v 343.2046 357.0612 712.3262
v 341.5265 357.0612 715.4014
v 344.0715 357.1344 712.7945
v 342.4190 357.1344 715.8836
v 344.9425 357.2077 713.2559
v 343.3150 357.2077 716.3582
v 345.8175 357.2811 713.7105
v 344.2147 357.2811 716.8256
v 346.6957 357.3544 714.1580
v 345.1182 357.3544 717.2859
v 347.5772 357.4279 714.5981
v 346.0259 357.4279 717.7388
v 348.4625 357.5013 715.0310
v 346.9373 357.5013 718.1841
v 349.3516 357.5748 715.4569
v 347.8518 357.5748 718.6216
v 350.2442 357.6483 715.8758
v 348.7696 357.6483 719.0519
v 351.1405 357.7219 716.2871
v 349.6905 357.7219 719.4756
v 352.0409 357.7954 716.6904
v 350.6137 357.7954 719.8930
v 352.9455 357.8690 717.0864
v 351.5387 357.8690 720.3043
v 353.8541 357.9426 717.4755
v 352.4652 357.9426 720.7100
v 354.7668 358.0162 717.8584
v 353.3925 358.0162 721.1104
v 355.6835 358.0899 718.2361
v 354.3199 358.0899 721.5064
v 356.6044 358.1635 718.6097
v 355.2466 358.1635 721.8985
v 357.5300 358.2371 718.9812
v 356.1706 358.2371 722.2877
v 358.4597 358.3108 719.3531
v 357.0908 358.3108 722.6760
v 359.3929 358.3844 719.7273
v 358.0061 358.3844 723.0652
v 360.3288 358.4579 720.1063
v 358.9154 358.4579 723.4574
v 361.2666 358.5315 720.4923
v 359.8176 358.5315 723.8546
v 362.2049 358.6049 720.8875
v 360.7121 358.6049 724.2589
v 363.1424 358.6784 721.2939
v 361.5982 358.6784 724.6721
v 364.0774 358.7519 721.7127
v 362.4761 358.7519 725.0959
v 365.0088 358.8253 722.1449
v 363.3457 358.8253 725.5314
v 365.9358 358.8986 722.5916
v 364.2063 358.8986 725.9794
v 366.8578 358.9719 723.0536
v 365.0573 358.9719 726.4405
v 367.7739 359.0452 723.5321
v 365.8980 359.0452 726.9152
v 368.6834 359.1184 724.0282
v 366.7274 359.1184 727.4043
v 369.5858 359.1915 724.5430
v 367.5444 359.1915 727.9079
v 370.4805 359.2645 725.0785
v 368.3468 359.2645 728.4266
v 371.3660 359.3375 725.6366
v 369.1335 359.3375 728.9615
v 372.2402 359.4103 726.2182
v 369.9035 359.4103 729.5137
v 373.1015 359.4831 726.8243
v 370.6559 359.4831 730.0838
v 373.9477 359.5559 727.4564
v 371.3900 359.5559 730.6719
v 374.7766 359.6285 728.1152
v 372.1054 359.6285 731.2783
v 375.5863 359.7010 728.8007
v 372.8014 359.7010 731.9034
v 376.3750 359.7735 729.5124
v 373.4777 359.7735 732.5475
v 377.1417 359.8458 730.2500
v 374.1333 359.8458 733.2102
v 377.8852 359.9180 731.0139
v 374.7667 359.9180 733.8909
v 378.6034 359.9902 731.8031
v 375.3777 359.9902 734.5902
v 379.2952 360.0622 732.6166
v 375.9658 360.0622 735.3077
v 379.9593 360.1341 733.4539
v 376.5300 360.1341 736.0428
v 380.5947 360.2060 734.3137
v 377.0704 360.2060 736.7952
v 381.2006 360.2777 735.1950
v 377.5861 360.2777 737.5643
v 381.7756 360.3493 736.0963
v 378.0771 360.3493 738.3499
v 382.3196 360.4208 737.0159
v 378.5435 360.4208 739.1513
v 382.8327 360.4922 737.9533
v 378.9845 360.4922 739.9667
v 383.3139 360.5635 738.9081
v 379.3993 360.5635 740.7951
v 383.7622 360.6347 739.8780
v 379.7879 360.6347 741.6367
v 384.1779 360.7057 740.8623
v 380.1501 360.7057 742.4901
v 384.5603 360.7766 741.8606
v 380.4851 360.7766 743.3541
v 384.9087 360.8475 742.8712
v 380.7926 360.8475 744.2281
v 385.2226 360.9182 743.8932
v 381.0721 360.9182 745.1113
v 385.5015 360.9888 744.9249
v 381.3235 360.9888 746.0034
v 385.7452 361.0592 745.9642
v 381.5470 361.0592 746.9042
v 385.9544 361.1296 747.0111
v 381.7424 361.1296 747.8113
v 386.1280 361.1998 748.0644
v 381.9089 361.1998 748.7245
v 386.2666 361.2700 749.1214
v 382.0472 361.2700 749.6440
v 386.3703 361.3400 750.1819
v 382.1572 361.3400 750.5678
v 386.4392 361.4099 751.2450
v 382.2386 361.4099 751.4949
v 386.4732 361.4797 752.3090
v 382.2914 361.4797 752.4248
v 386.4725 361.5494 753.3715
v 382.3157 361.5494 753.3581
v 386.4388 361.6190 754.4308
v 382.3128 361.6190 754.2946
v 386.3732 361.6885 755.4866
v 382.2833 361.6885 755.2330
v 386.2767 361.7579 756.5382
v 382.2279 361.7579 756.1724
v 386.1501 361.8272 757.5834
v 382.1470 361.8272 757.1135
v 385.9976 361.8964 758.6198
v 382.0413 361.8964 758.0579
v 385.8223 361.9656 759.6476
v 381.9132 361.9656 759.0047
v 385.6260 362.0346 760.6689
v 381.7644 362.0346 759.9516
v 385.4098 362.1036 761.6834
v 381.5957 362.1036 760.8981
v 385.1758 362.1725 762.6909
v 381.4085 362.1725 761.8445
v 384.9254 362.2414 763.6913
v 381.2038 362.2414 762.7907
v 384.6606 362.3102 764.6853
v 380.9834 362.3102 763.7358
v 384.3813 362.3789 765.6756
v 380.7484 362.3789 764.6773
v 384.0868 362.4475 766.6611
v 380.4978 362.4475 765.6150
v 383.7805 362.5162 767.6392
v 380.2305 362.5162 766.5520
v 383.4647 362.5847 768.6119
v 379.9492 362.5847 767.4873
v 383.1390 362.6532 769.5788
v 379.6536 362.6532 768.4208
v 382.8070 362.7216 770.5390
v 379.3460 362.7216 769.3551
v 382.4700 362.7900 771.4939
v 379.0283 362.7900 770.2898
v 382.1300 362.8582 772.4433
v 378.7022 362.8582 771.2261
v 381.7891 362.9264 773.3894
v 378.3708 362.9264 772.1636
v 381.4470 362.9945 774.3337
v 378.0351 362.9945 773.1009
v 381.1057 363.0625 775.2732
v 377.6949 363.0625 774.0417
v 380.7692 363.1305 776.2092
v 377.3545 363.1305 774.9876
v 380.4378 363.1984 777.1437
v 377.0155 363.1984 775.9373
v 380.1141 363.2661 778.0761
v 376.6799 363.2661 776.8927
v 379.8005 363.3338 779.0065
v 376.3499 363.3338 777.8555
v 379.5004 363.4013 779.9345
v 376.0283 363.4013 778.8274
v 379.2166 363.4688 780.8623
v 375.7192 363.4688 779.8086
v 378.9503 363.5361 781.7921
v 375.4253 363.5361 780.7972
v 378.7014 363.6034 782.7240
v 375.1488 363.6034 781.7935
v 378.4714 363.6706 783.6582
v 374.8916 363.6706 782.7972
v 378.2605 363.7376 784.5961
v 374.6551 363.7376 783.8067
v 378.0688 363.8046 785.5381
v 374.4395 363.8046 784.8208
v 377.8961 363.8714 786.4843
v 374.2448 363.8714 785.8387
v 377.7420 363.9381 787.4347
v 374.0705 363.9381 786.8596
v 377.6060 364.0047 788.3890
v 373.9163 364.0047 787.8826
v 377.4876 364.0712 789.3477
v 373.7815 364.0712 788.9064
v 377.3852 364.1376 790.3109
v 373.6645 364.1376 789.9300
v 377.2968 364.2038 791.2771
v 373.5652 364.2038 790.9538
v 377.2218 364.2700 792.2460
v 373.4828 364.2700 791.9778
v 377.1596 364.3360 793.2173
v 373.4162 364.3360 793.0016
v 377.1099 364.4020 794.1900
v 373.3648 364.4020 794.0256
v 377.0726 364.4678 795.1636
v 373.3279 364.4678 795.0499
v 377.0478 364.5336 796.1375
v 373.3054 364.5336 796.0747
v 377.0361 364.5993 797.1108
v 373.2974 364.5993 797.1005
v 377.0380 364.6649 798.0837
v 373.3043 364.6649 798.1266
v 377.0536 364.7303 799.0564
v 373.3258 364.7303 799.1527
v 377.0833 364.7957 800.0290
v 373.3621 364.7957 800.1782
v 377.1269 364.8611 801.0012
v 373.4127 364.8611 801.2029
v 377.1847 364.9263 801.9730
v 373.4776 364.9263 802.2266
v 377.2562 364.9914 802.9441
v 373.5564 364.9914 803.2490
v 377.3416 365.0564 803.9146
v 373.6491 365.0564 804.2698
v 377.4403 365.1213 804.8842
v 373.7551 365.1213 805.2890
v 377.5525 365.1861 805.8523
v 373.8747 365.1861 806.3066
v 377.6779 365.2508 806.8189
v 374.0077 365.2508 807.3225
v 377.8165 365.3154 807.7837
v 374.1544 365.3154 808.3364
v 377.9680 365.3800 808.7468
v 374.3144 365.3800 809.3482
v 378.1324 365.4444 809.7081
v 374.4879 365.4444 810.3574
v 378.3091 365.5088 810.6674
v 374.6745 365.5088 811.3641
v 378.4984 365.5730 811.6243
v 374.8745 365.5730 812.3682
v 378.6998 365.6371 812.5787
v 375.0878 365.6371 813.3696
v 378.9134 365.7012 813.5298
v 375.3147 365.7012 814.3686
v 379.1395 365.7652 814.4770
v 375.5558 365.7652 815.3654
v 379.3785 365.8290 815.4202
v 375.8116 365.8290 816.3591
v 379.6304 365.8928 816.3585
v 376.0826 365.8928 817.3502
v 379.8964 365.9564 817.2917
v 376.3700 365.9564 818.3378
v 380.1767 366.0200 818.2208
v 376.6732 366.0200 819.3205
v 380.4711 366.0835 819.1456
v 376.9924 366.0835 820.2981
v 380.7801 366.1469 820.0660
v 377.3271 366.1469 821.2702
v 381.1037 366.2102 820.9827
v 377.6763 366.2102 822.2359
v 381.4409 366.2734 821.8958
v 378.0392 366.2734 823.1954
v 381.7917 366.3364 822.8055
v 378.4153 366.3364 824.1481
v 382.1546 366.3994 823.7121
v 378.8030 366.3994 825.0946
v 382.5291 366.4623 824.6146
v 379.2025 366.4623 826.0356
v 382.9149 366.5250 825.5129
v 379.6135 366.5250 826.9710
v 383.3117 366.5877 826.4072
v 380.0355 366.5877 827.9008
v 383.7193 366.6503 827.2978
v 380.4679 366.6503 828.8246
v 384.1369 366.7127 828.1847
v 380.9100 366.7127 829.7429
v 384.5644 366.7751 829.0678
v 381.3617 366.7751 830.6558
v 385.0014 366.8374 829.9477
v 381.8219 366.8374 831.5628
v 385.4474 366.8996 830.8249
v 382.2898 366.8996 832.4642
v 385.9018 366.9618 831.6999
v 382.7644 366.9618 833.3601
v 386.3638 367.0238 832.5736
v 383.2441 367.0238 834.2506
v 386.8319 367.0857 833.4461
v 383.7281 367.0857 835.1368
v 387.3056 367.1475 834.3176
v 384.2155 367.1475 836.0191
v 387.7839 367.2091 835.1886
v 384.7054 367.2091 836.8981
v 388.2658 367.2707 836.0588
v 385.1972 367.2707 837.7748
v 388.7506 367.3321 836.9280
v 385.6909 367.3321 838.6498
v 389.2382 367.3933 837.7958
v 386.1865 367.3933 839.5237
v 389.7283 367.4545 838.6619
v 386.6841 367.4545 840.3966
v 390.2211 367.5155 839.5260
v 387.1840 367.5155 841.2687
v 390.7167 367.5765 840.3879
v 387.6865 367.5765 842.1400
v 391.2154 367.6374 841.2473
v 388.1918 367.6374 843.0101
v 391.7172 367.6982 842.1044
v 388.7005 367.6982 843.8790
v 392.2223 367.7590 842.9590
v 389.2130 367.7590 844.7461
v 392.7308 367.8197 843.8112
v 389.7292 367.8197 845.6113
v 393.2430 367.8802 844.6608
v 390.2495 367.8802 846.4745
v 393.7591 367.9407 845.5083
v 390.7736 367.9407 847.3351
v 394.2790 368.0010 846.3541
v 391.3010 368.0010 848.1930
v 394.8025 368.0613 847.1980
v 391.8317 368.0613 849.0486
v 395.3295 368.1214 848.0404
v 392.3655 368.1214 849.9017
v 395.8598 368.1814 848.8818
v 392.9015 368.1814 850.7522
v 396.3930 368.2414 849.7224
v 393.4396 368.2414 851.6006
v 396.9285 368.3013 850.5623
v 393.9793 368.3013 852.4470
v 397.4661 368.3611 851.4018
v 394.5203 368.3611 853.2917
v 398.0056 368.4208 852.2412
v 395.0621 368.4208 854.1347
v 398.5467 368.4804 853.0815
v 395.6037 368.4804 854.9760
v 399.0883 368.5401 853.9230
v 396.1446 368.5401 855.8163
v 399.6296 368.5996 854.7652
v 396.6846 368.5996 856.6566
v 400.1705 368.6591 855.6081
v 397.2239 368.6591 857.4969
v 400.7109 368.7185 856.4521
v 397.7619 368.7185 858.3372
v 401.2502 368.7779 857.2971
v 398.2986 368.7779 859.1781
v 401.7882 368.8372 858.1426
v 398.8343 368.8372 860.0200
v 402.3249 368.8964 858.9881
v 399.3694 368.8964 860.8630
v 402.8607 368.9555 859.8334
v 399.9044 368.9555 861.7069
v 403.3962 369.0146 860.6785
v 400.4393 369.0146 862.5512
v 403.9314 369.0735 861.5240
v 400.9739 369.0735 863.3956
v 404.4663 369.1324 862.3697
v 401.5081 369.1324 864.2402
v 405.0009 369.1913 863.2153
v 402.0422 369.1913 865.0851
v 405.5352 369.2501 864.0609
v 402.5762 369.2501 865.9303
v 406.0693 369.3088 864.9065
v 403.1102 369.3088 866.7756
v 406.6033 369.3675 865.7519
v 403.6442 369.3675 867.6211
v 407.1374 369.4261 866.5975
v 404.1782 369.4261 868.4664
v 407.6713 369.4846 867.4430
v 404.7121 369.4846 869.3120
v 408.2052 369.5431 868.2882
v 405.2463 369.5431 870.1577
v 408.7390 369.6015 869.1328
v 405.7811 369.6015 871.0037
v 409.2731 369.6599 869.9767
v 406.3166 369.6599 871.8498
v 409.8077 369.7182 870.8197
v 406.8531 369.7182 872.6958
v 410.3429 369.7764 871.6615
v 407.3909 369.7764 873.5418
v 410.8791 369.8345 872.5016
v 407.9306 369.8345 874.3876
v 411.4165 369.8926 873.3399
v 408.4727 369.8926 875.2330
v 411.9558 369.9506 874.1760
v 409.0174 369.9506 876.0775
v 412.4973 370.0085 875.0099
v 409.5650 370.0085 876.9210
v 413.0412 370.0664 875.8414
v 410.1160 370.0664 877.7631
v 413.5882 370.1242 876.6706
v 410.6702 370.1242 878.6034
v 414.1382 370.1820 877.4976
v 411.2278 370.1820 879.4417
v 414.6913 370.2397 878.3221
v 411.7888 370.2397 880.2780
v 415.2478 370.2972 879.1442
v 412.3534 370.2972 881.1121
v 415.8076 370.3548 879.9639
v 412.9215 370.3548 881.9439
v 416.3708 370.4122 880.7811
v 413.4932 370.4122 882.7734
v 416.9375 370.4695 881.5959
v 414.0684 370.4695 883.6005
v 417.5074 370.5268 882.4078
v 414.6475 370.5268 884.4254
v 418.0808 370.5840 883.2166
v 415.2308 370.5840 885.2482
v 418.6581 370.6412 884.0221
v 415.8185 370.6412 886.0682
v 419.2394 370.6983 884.8243
v 416.4106 370.6983 886.8854
v 419.8246 370.7554 885.6230
v 417.0074 370.7554 887.6999
v 420.4141 370.8123 886.4177
v 417.6093 370.8123 888.5114
v 421.0081 370.8692 887.2084
v 418.2165 370.8692 889.3196
v 421.6068 370.9260 887.9948
v 418.8292 370.9260 890.1244
v 422.2105 370.9828 888.7769
v 419.4475 370.9828 890.9253
v 422.8194 371.0395 889.5543
v 420.0717 371.0395 891.7223
v 423.4336 371.0962 890.3270
v 420.7018 371.0962 892.5150
v 424.0533 371.1528 891.0948
v 421.3381 371.1528 893.3034
v 424.6786 371.2094 891.8576
v 421.9805 371.2094 894.0871
v 425.3098 371.2659 892.6156
v 422.6290 371.2659 894.8658
v 425.9468 371.3224 893.3684
v 423.2837 371.3224 895.6396
v 426.5898 371.3788 894.1163
v 423.9444 371.3788 896.4081
v 427.2386 371.4352 894.8595
v 424.6108 371.4352 897.1714
v 427.8930 371.4915 895.5977
v 425.2829 371.4915 897.9295
v 428.5533 371.5478 896.3311
v 425.9607 371.5478 898.6824
v 429.2190 371.6040 897.0597
v 426.6438 371.6040 899.4301
v 429.8901 371.6603 897.7835
v 427.3324 371.6603 900.1727
v 430.5668 371.7164 898.5026
v 428.0261 371.7164 900.9099
v 431.2487 371.7726 899.2173
v 428.7247 371.7726 901.6421
v 431.9354 371.8287 899.9272
v 429.4284 371.8287 902.3696
v 432.6271 371.8847 900.6322
v 430.1373 371.8847 903.0921
v 433.3237 371.9407 901.3324
v 430.8511 371.9407 903.8096
v 434.0255 371.9967 902.0281
v 431.5696 371.9967 904.5218
v 434.7322 372.0527 902.7196
v 432.2922 372.0527 905.2289
v 435.4436 372.1086 903.4071
v 433.0189 372.1086 905.9311
v 436.1593 372.1644 904.0905
v 433.7495 372.1644 906.6288
v 436.8792 372.2203 904.7700
v 434.4839 372.2203 907.3220
v 437.6033 372.2761 905.4458
v 435.2219 372.2761 908.0108
v 438.3312 372.3319 906.1181
v 435.9632 372.3319 908.6954
v 439.0628 372.3877 906.7868
v 436.7077 372.3877 909.3759
v 439.7979 372.4434 907.4521
v 437.4554 372.4434 910.0527
v 440.5363 372.4992 908.1141
v 438.2061 372.4992 910.7256
v 441.2784 372.5548 908.7732
v 438.9593 372.5548 911.3946
v 442.0239 372.6105 909.4301
v 439.7143 372.6105 912.0599
v 442.7724 372.6661 910.0852
v 440.4707 372.6661 912.7220
v 443.5235 372.7217 910.7391
v 441.2281 372.7217 913.3813
v 444.2766 372.7773 911.3919
v 441.9862 372.7773 914.0385
v 445.0315 372.8328 912.0442
v 442.7447 372.8328 914.6938
v 445.7876 372.8884 912.6961
v 443.5033 372.8884 915.3478
v 446.5445 372.9439 913.3475
v 444.2623 372.9439 916.0011
v 447.3018 372.9994 913.9983
v 445.0218 372.9994 916.6538
v 448.0597 373.0549 914.6485
v 445.7819 373.0549 917.3059
v 448.8178 373.1103 915.2978
v 446.5428 373.1103 917.9575
v 449.5760 373.1658 915.9455
v 447.3053 373.1658 918.6089
v 450.3342 373.2212 916.5906
v 448.0703 373.2212 919.2598
v 451.0933 373.2767 917.2324
v 448.8384 373.2767 919.9093
v 451.8537 373.3321 917.8705
v 449.6100 373.3321 920.5568
v 452.6160 373.3875 918.5044
v 450.3854 373.3875 921.2015
v 453.3805 373.4428 919.1333
v 451.1654 373.4428 921.8431
v 454.1480 373.4982 919.7566
v 451.9502 373.4982 922.4806
v 454.9189 373.5535 920.3745
v 452.7397 373.5535 923.1133
v 455.6943 373.6089 920.9871
v 453.5335 373.6089 923.7404
v 456.4737 373.6641 921.5947
v 454.3312 373.6641 924.3624
v 457.2570 373.7194 922.1968
v 455.1335 373.7194 924.9791
v 458.0444 373.7747 922.7934
v 455.9400 373.7747 925.5902
v 458.8362 373.8300 923.3851
v 456.7502 373.8300 926.1955
v 459.6320 373.8853 923.9718
v 457.5640 373.8853 926.7955
v 460.4323 373.9406 924.5540
v 458.3809 373.9406 927.3899
v 461.2365 373.9958 925.1325
v 459.2002 373.9958 927.9791
v 462.0448 374.0511 925.7075
v 460.0216 374.0511 928.5635
v 462.8566 374.1063 926.2801
v 460.8440 374.1063 929.1436
v 463.6714 374.1616 926.8507
v 461.6674 374.1616 929.7202
v 464.4886 374.2168 927.4198
v 462.4914 374.2168 930.2941
v 465.3081 374.2721 927.9880
v 463.3155 374.2721 930.8655
v 466.1287 374.3273 928.5555
v 464.1398 374.3273 931.4355
v 466.9500 374.3825 929.1219
v 464.9650 374.3825 932.0046
v 467.7721 374.4378 929.6871
v 465.7909 374.4378 932.5724
v 468.5951 374.4931 930.2515
v 466.6173 374.4931 933.1391
v 469.4186 374.5483 930.8148
v 467.4446 374.5483 933.7051
v 470.2427 374.6036 931.3767
v 468.2729 374.6036 934.2698
v 471.0676 374.6589 931.9375
v 469.1020 374.6589 934.8335
v 471.8935 374.7142 932.4972
v 469.9317 374.7142 935.3957
v 472.7205 374.7696 933.0562
v 470.7617 374.7696 935.9568
v 473.5482 374.8249 933.6147
v 471.5919 374.8249 936.5169
v 474.3766 374.8803 934.1726
v 472.4223 374.8803 937.0762
v 475.2059 374.9356 934.7304
v 473.2526 374.9356 937.6346
v 476.0361 374.9910 935.2888
v 474.0820 374.9910 938.1925
v 476.8663 375.0464 935.8478
v 474.9107 375.0464 938.7505
v 477.6965 375.1018 936.4075
v 475.7389 375.1018 939.3088
v 478.5265 375.1572 936.9680
v 476.5663 375.1572 939.8676
v 479.3561 375.2126 937.5294
v 477.3931 375.2126 940.4271
v 480.1854 375.2681 938.0917
v 478.2191 375.2681 940.9872
v 481.0140 375.3235 938.6552
v 479.0443 375.3235 941.5484
v 481.8417 375.3790 939.2194
v 479.8692 375.3790 942.1106
v 482.6688 375.4345 939.7842
v 480.6938 375.4345 942.6737
v 483.4953 375.4901 940.3496
v 481.5179 375.4901 943.2375
v 484.3211 375.5456 940.9155
v 482.3419 375.5456 943.8022
v 485.1464 375.6012 941.4816
v 483.1659 375.6012 944.3674
v 485.9711 375.6567 942.0479
v 483.9899 375.6567 944.9332
v 486.7955 375.7123 942.6140
v 484.8143 375.7123 945.4993
v 487.6198 375.7679 943.1800
v 485.6388 375.7679 946.0654
v 488.4440 375.8235 943.7458
v 486.4634 375.8235 946.6315
v 489.2682 375.8790 944.3114
v 487.2882 375.8790 947.1975
v 490.0927 375.9347 944.8769
v 488.1130 375.9347 947.7632
v 490.9173 375.9903 945.4425
v 488.9378 375.9903 948.3289
v 491.7418 376.0460 946.0079
v 489.7627 376.0460 948.8946
v 492.5663 376.1017 946.5731
v 490.5878 376.1017 949.4602
v 493.3909 376.1574 947.1379
v 491.4132 376.1574 950.0257
v 494.2156 376.2132 947.7026
v 492.2388 376.2132 950.5909
v 495.0404 376.2690 948.2669
v 493.0646 376.2690 951.1559
v 495.8653 376.3248 948.8309
v 493.8907 376.3248 951.7207
v 496.6904 376.3807 949.3943
v 494.7173 376.3807 952.2851
v 497.5161 376.4366 949.9576
v 495.5437 376.4366 952.8489
v 498.3424 376.4925 950.5213
v 496.3696 376.4925 953.4124
v 499.1687 376.5484 951.0853
v 497.1952 376.5484 953.9759
v 499.9948 376.6044 951.6494
v 498.0208 376.6044 954.5396
v 500.8209 376.6603 952.2137
v 498.8461 376.6603 955.1034
v 501.6470 376.7163 952.7785
v 499.6711 376.7163 955.6674
v 502.4729 376.7724 953.3436
v 500.4957 376.7724 956.2317
v 503.2985 376.8285 953.9092
v 501.3201 376.8285 956.7964
v 504.1240 376.8846 954.4750
v 502.1443 376.8846 957.3613
v 504.9492 376.9408 955.0414
v 502.9681 376.9408 957.9267
v 505.7743 376.9969 955.6082
v 503.7914 376.9969 958.4923
v 506.5992 377.0532 956.1758
v 504.6142 377.0532 959.0585
v 507.4237 377.1094 956.7440
v 505.4365 377.1094 959.6252
v 508.2479 377.1657 957.3129
v 506.2583 377.1657 960.1924
v 509.0717 377.2221 957.8827
v 507.0793 377.2221 960.7603
v 509.8951 377.2784 958.4534
v 507.8997 377.2784 961.3289
v 510.7178 377.3348 959.0250
v 508.7195 377.3348 961.8984
v 511.5400 377.3912 959.5974
v 509.5387 377.3912 962.4688
v 512.3616 377.4476 960.1707
v 510.3573 377.4476 963.0399
v 513.1826 377.5040 960.7448
v 511.1752 377.5040 963.6120
v 514.0026 377.5604 961.3196
v 511.9930 377.5604 964.1851
v 514.8219 377.6169 961.8945
v 512.8108 377.6169 964.7590
v 515.6407 377.6734 962.4697
v 513.6286 377.6734 965.3335
v 516.4592 377.7299 963.0449
v 514.4464 377.7299 965.9082
v 517.2773 377.7865 963.6202
v 515.2643 377.7865 966.4834
v 518.0951 377.8431 964.1950
v 516.0828 377.8431 967.0587
v 518.9129 377.8997 964.7695
v 516.9016 377.8997 967.6338
v 519.7309 377.9563 965.3436
v 517.7205 377.9563 968.2087
v 520.5489 378.0130 965.9174
v 518.5399 378.0130 968.7834
v 521.3671 378.0697 966.4907
v 519.3596 378.0697 969.3577
v 522.1855 378.1263 967.0633
v 520.1800 378.1263 969.9317
v 523.0041 378.1831 967.6352
v 521.0009 378.1831 970.5052
v 523.8231 378.2398 968.2064
v 521.8224 378.2398 971.0781
v 524.6424 378.2966 968.7766
v 522.6445 378.2966 971.6504
v 525.4623 378.3533 969.3459
v 523.4674 378.3533 972.2218
v 526.2828 378.4101 969.9144
v 524.2909 378.4101 972.7924
v 527.1039 378.4669 970.4822
v 525.1148 378.4669 973.3620
v 527.9258 378.5238 971.0493
v 525.9391 378.5238 973.9308
v 528.7484 378.5806 971.6160
v 526.7635 378.5806 974.4988
v 529.5715 378.6375 972.1825
v 527.5879 378.6375 975.0661
v 530.3951 378.6944 972.7488
v 528.4123 378.6944 975.6330
v 531.2189 378.7513 973.3150
v 529.2368 378.7513 976.1996
v 532.0427 378.8083 973.8809
v 530.0614 378.8083 976.7661
v 532.8668 378.8652 974.4466
v 530.8862 378.8652 977.3323
v 533.6912 378.9222 975.0123
v 531.7109 378.9222 977.8982
v 534.5157 378.9792 975.5781
v 532.5354 378.9792 978.4640
v 535.3404 379.0362 976.1439
v 533.3599 379.0362 979.0298
v 536.1652 379.0932 976.7101
v 534.1840 379.0932 979.5954
v 536.9901 379.1503 977.2767
v 535.0077 379.1503 980.1612
v 537.8147 379.2073 977.8438
v 535.8310 379.2073 980.7273
v 538.6389 379.2643 978.4110
v 536.6544 379.2643 981.2940
v 539.4626 379.3214 978.9781
v 537.4780 379.3214 981.8610
v 540.2863 379.3785 979.5451
v 538.3018 379.3785 982.4281
v 541.1095 379.4357 980.1117
v 539.1260 379.4357 982.9954
v 541.9319 379.4928 980.6770
v 539.9518 379.4928 983.5630
v 542.7540 379.5500 981.2399
v 540.7797 379.5500 984.1302
v 543.5764 379.6072 981.7997
v 541.6103 379.6072 984.6964
v 544.3994 379.6644 982.3556
v 542.4439 379.6644 985.2609
v 545.2236 379.7215 982.9068
v 543.2812 379.7215 985.8228
v 546.0492 379.7788 983.4524
v 544.1228 379.7788 986.3815
v 546.8771 379.8360 983.9914
v 544.9694 379.8360 986.9359
v 547.7081 379.8932 984.5237
v 545.8206 379.8932 987.4849
v 548.5428 379.9505 985.0491
v 546.6763 379.9505 988.0279
v 549.3815 380.0078 985.5676
v 547.5363 380.0078 988.5646
v 550.2244 380.0651 986.0791
v 548.4004 380.0651 989.0947
v 551.0713 380.1224 986.5838
v 549.2686 380.1224 989.6182
v 551.9224 380.1797 987.0816
v 550.1408 380.1797 990.1350
v 552.7773 380.2370 987.5723
v 551.0172 380.2370 990.6452
v 553.6359 380.2944 988.0559
v 551.8977 380.2944 991.1486
v 554.4982 380.3518 988.5320
v 552.7827 380.3518 991.6451
v 555.3639 380.4092 989.0002
v 553.6725 380.4092 992.1344
v 556.2330 380.4666 989.4601
v 554.5674 380.4666 992.6162
v 557.1058 380.5240 989.9114
v 555.4674 380.5240 993.0898
v 557.9822 380.5814 990.3536
v 556.3729 380.5814 993.5550
v 558.8624 380.6389 990.7863
v 557.2838 380.6389 994.0110
v 559.7465 380.6964 991.2092
v 558.2003 380.6964 994.4577
v 560.6342 380.7538 991.6217
v 559.1228 380.7538 994.8943
v 561.5262 380.8113 992.0233
v 560.0509 380.8113 995.3202
v 562.4218 380.8689 992.4138
v 560.9852 380.8689 995.7354
v 563.3213 380.9264 992.7921
v 561.9258 380.9264 996.1388
v 564.2253 380.9839 993.1583
v 562.8722 380.9839 996.5296
v 565.1333 381.0415 993.5124
v 563.8244 381.0415 996.9078
v 566.0457 381.0991 993.8536
v 564.7824 381.0991 997.2725
v 566.9627 381.1568 994.1823
v 565.7454 381.1568 997.6236
v 567.8839 381.2144 994.4982
v 566.7136 381.2144 997.9612
v 568.8095 381.2721 994.8012
v 567.6864 381.2721 998.2848
v 569.7394 381.3298 995.0916
v 568.6635 381.3298 998.5947
v 570.6733 381.3875 995.3692
v 569.6447 381.3875 998.8908
v 571.6112 381.4452 995.6342
v 570.6296 381.4452 999.1731
v 572.5530 381.5030 995.8867
v 571.6179 381.5030 999.4419
v 573.4984 381.5607 996.1271
v 572.6093 381.5607 999.6972
v 574.4474 381.6185 996.3554
v 573.6034 381.6185 999.9395
v 575.3999 381.6763 996.5721
v 574.6000 381.6763 1000.1688
v 576.3551 381.7342 996.7772
v 575.5991 381.7342 1000.3858
v 577.3124 381.7920 996.9705
v 576.6012 381.7920 1000.5903
v 578.2718 381.8499 997.1518
v 577.6060 381.8499 1000.7821
v 579.2331 381.9079 997.3210
v 578.6135 381.9079 1000.9611
v 580.1960 381.9658 997.4778
v 579.6237 381.9658 1001.1270
v 581.1604 382.0238 997.6221
v 580.6363 382.0238 1001.2795
v 582.1261 382.0818 997.7534
v 581.6516 382.0818 1001.4185
v 583.0928 382.1398 997.8715
v 582.6692 382.1398 1001.5434
v 584.0607 382.1979 997.9762
v 583.6889 382.1979 1001.6540
v 585.0296 382.2559 998.0671
v 584.7103 382.2559 1001.7500
v 585.9995 382.3140 998.1443
v 585.7332 382.3140 1001.8313
v 586.9697 382.3721 998.2076
v 586.7580 382.3721 1001.8976
v 587.9397 382.4303 998.2563
v 587.7845 382.4303 1001.9483
v 588.9104 382.4885 998.2901
v 588.8116 382.4885 1001.9829
v 589.8819 382.5467 998.3096
v 589.8387 382.5467 1002.0018
v 590.8537 382.6049 998.3147
v 590.8659 382.6049 1002.0051
v 591.8258 382.6632 998.3054
v 591.8928 382.6632 1001.9928
v 592.7978 382.7215 998.2821
v 592.9193 382.7215 1001.9651
v 593.7701 382.7798 998.2445
v 593.9445 382.7798 1001.9219
v 594.7429 382.8382 998.1935
v 594.9680 382.8382 1001.8642
v 595.7151 382.8965 998.1294
v 595.9903 382.8965 1001.7923
v 596.6863 382.9549 998.0521
v 597.0116 382.9549 1001.7059
v 597.6571 383.0134 997.9617
v 598.0309 383.0134 1001.6054
v 598.6275 383.0718 997.8587
v 599.0480 383.0718 1001.4914
v 599.5969 383.1303 997.7433
v 600.0630 383.1303 1001.3640
v 600.5656 383.1888 997.6158
v 601.0756 383.1888 1001.2238
v 601.5335 383.2474 997.4766
v 602.0858 383.2474 1001.0711
v 602.5003 383.3059 997.3259
v 603.0933 383.3059 1000.9063
v 603.4661 383.3645 997.1643
v 604.0983 383.3645 1000.7300
v 604.4303 383.4232 996.9918
v 605.1009 383.4232 1000.5423
v 605.3926 383.4818 996.8088
v 606.1012 383.4818 1000.3433
v 606.3535 383.5405 996.6147
v 607.0985 383.5405 1000.1334
v 607.3123 383.5991 996.4105
v 608.0937 383.5991 999.9133
v 608.2686 383.6579 996.1954
v 609.0864 383.6579 999.6821
v 609.2231 383.7166 995.9699
v 610.0762 383.7166 999.4407
v 610.1755 383.7754 995.7339
v 611.0630 383.7754 999.1890
v 611.1258 383.8343 995.4880
v 612.0469 383.8343 998.9276
v 612.0737 383.8932 995.2321
v 613.0277 383.8932 998.6563
v 613.0192 383.9521 994.9667
v 614.0058 383.9521 998.3756
v 613.9625 384.0110 994.6913
v 614.9805 384.0110 998.0853
v 614.9039 384.0700 994.4069
v 615.9517 384.0700 997.7865
v 615.8426 384.1291 994.1135
v 616.9201 384.1291 997.4788
v 616.7791 384.1882 993.8113
v 617.8853 384.1882 997.1626
v 617.7137 384.2472 993.5004
v 618.8468 384.2472 996.8383
v 618.6466 384.3064 993.1816
v 619.8049 384.3064 996.5067
v 619.5779 384.3656 992.8550
v 620.7595 384.3656 996.1682
v 620.5074 384.4248 992.5215
v 621.7113 384.4248 995.8232
v 621.4349 384.4841 992.1812
v 622.6601 384.4841 995.4718
v 622.3612 384.5434 991.8343
v 623.6057 384.5434 995.1148
v 623.2862 384.6028 991.4816
v 624.5484 384.6028 994.7528
v 624.2098 384.6622 991.1234
v 625.4887 384.6622 994.3859
v 625.1318 384.7217 990.7601
v 626.4268 384.7217 994.0145
v 626.0521 384.7812 990.3919
v 627.3627 384.7812 993.6386
v 626.9713 384.8408 990.0187
v 628.2962 384.8408 993.2587
v 627.8897 384.9004 989.6411
v 629.2274 384.9004 992.8754
v 628.8076 384.9600 989.2595
v 630.1562 384.9600 992.4892
v 629.7252 385.0197 988.8746
v 631.0828 385.0197 992.1006
v 630.6429 385.0795 988.4871
v 632.0076 385.0795 991.7101
v 631.5611 385.1393 988.0973
v 632.9304 385.1393 991.3184
v 632.4804 385.1992 987.7060
v 633.8514 385.1992 990.9263
v 633.4006 385.2591 987.3141
v 634.7712 385.2591 990.5346
v 634.3219 385.3191 986.9223
v 635.6904 385.3191 990.1437
v 635.2439 385.3791 986.5311
v 636.6095 385.3791 989.7537
v 636.1663 385.4391 986.1408
v 637.5289 385.4391 989.3647
v 637.0887 385.4993 985.7514
v 638.4491 385.4993 988.9762
v 638.0109 385.5595 985.3627
v 639.3698 385.5595 988.5881
v 638.9330 385.6197 984.9744
v 640.2910 385.6197 988.2001
v 639.8547 385.6801 984.5864
v 641.2126 385.6801 987.8122
v 640.7762 385.7404 984.1985
v 642.1345 385.7404 987.4242
v 641.6974 385.8008 983.8104
v 643.0565 385.8008 987.0358
v 642.6185 385.8613 983.4222
v 643.9783 385.8613 986.6472
v 643.5398 385.9218 983.0336
v 644.8998 385.9218 986.2586
v 644.4615 385.9825 982.6450
v 645.8210 385.9825 985.8702
v 645.3832 386.0431 982.2565
v 646.7423 386.0431 985.4819
v 646.3049 386.1039 981.8682
v 647.6637 386.1039 985.0937
v 647.2266 386.1647 981.4800
v 648.5852 386.1647 984.7055
v 648.1480 386.2257 981.0919
v 649.5070 386.2257 984.3173
v 649.0694 386.2867 980.7036
v 650.4286 386.2867 983.9289
v 649.9908 386.3477 980.3153
v 651.3502 386.3477 983.5405
v 650.9119 386.4088 979.9270
v 652.2720 386.4088 983.1519
v 651.8329 386.4700 979.5385
v 653.1938 386.4700 982.7630
v 652.7538 386.5313 979.1496
v 654.1154 386.5313 982.3739
v 653.6748 386.5926 978.7606
v 655.0368 386.5926 981.9848
v 654.5956 386.6540 978.3716
v 655.9583 386.6540 981.5954
v 655.5161 386.7154 977.9824
v 656.8799 386.7154 981.2057
v 656.4365 386.7769 977.5927
v 657.8012 386.7769 980.8157
v 657.3570 386.8385 977.2029
v 658.7223 386.8385 980.4256
v 658.2772 386.9002 976.8129
v 659.6436 386.9002 980.0351
v 659.1968 386.9619 976.4226
v 660.5651 386.9619 979.6441
v 660.1158 387.0237 976.0320
v 661.4867 387.0237 979.2523
v 661.0342 387.0855 975.6405
v 662.4081 387.0855 978.8596
v 661.9521 387.1475 975.2483
v 663.3293 387.1475 978.4659
v 662.8691 387.2094 974.8552
v 664.2506 387.2094 978.0710
v 663.7851 387.2714 974.4608
v 665.1715 387.2714 977.6745
v 664.7007 387.3335 974.0650
v 666.0917 387.3335 977.2768
v 665.6159 387.3957 973.6679
v 667.0113 387.3957 976.8777
v 666.5304 387.4579 973.2696
v 667.9304 387.4579 976.4774
v 667.4444 387.5201 972.8699
v 668.8488 387.5201 976.0758
v 668.3580 387.5823 972.4690
v 669.7667 387.5823 975.6730
v 669.2711 387.6447 972.0668
v 670.6838 387.6447 975.2690
v 670.1841 387.7071 971.6634
v 671.6002 387.7071 974.8641
v 671.0970 387.7695 971.2589
v 672.5159 387.7695 974.4585
v 672.0101 387.8319 970.8536
v 673.4308 387.8319 974.0523
v 672.9238 387.8945 970.4476
v 674.3447 387.8945 973.6462
v 673.8383 387.9571 970.0415
v 675.2581 387.9571 973.2406
v 674.7537 388.0197 969.6355
v 676.1709 388.0197 972.8357
v 675.6702 388.0824 969.2302
v 677.0835 388.0824 972.4322
v 676.5878 388.1452 968.8260
v 677.9962 388.1452 972.0301
v 677.5063 388.2080 968.4231
v 678.9093 388.2080 971.6296
v 678.4258 388.2709 968.0217
v 679.8227 388.2709 971.2309
v 679.3465 388.3338 967.6220
v 680.7366 388.3338 970.8341
v 680.2684 388.3968 967.2243
v 681.6510 388.3968 970.4396
v 681.1915 388.4598 966.8287
v 682.5663 388.4598 970.0474
v 682.1154 388.5229 966.4354
v 683.4825 388.5229 969.6573
v 683.0403 388.5861 966.0442
v 684.3996 388.5861 969.2695
v 683.9664 388.6494 965.6552
v 685.3174 388.6494 968.8840
v 684.8936 388.7127 965.2688
v 686.2362 388.7127 968.5010
v 685.8217 388.7761 964.8846
v 687.1561 388.7761 968.1202
v 686.7510 388.8396 964.5027
v 688.0767 388.8396 967.7420
v 687.6816 388.9032 964.1234
v 688.9981 388.9032 967.3664
v 688.6134 388.9669 963.7467
v 689.9205 388.9669 966.9935
v 689.5464 389.0306 963.3727
v 690.8438 389.0306 966.6233
v 690.4806 389.0944 963.0015
v 691.7682 389.0944 966.2560
v 691.4162 389.1583 962.6329
v 692.6934 389.1583 965.8916
v 692.3532 389.2223 962.2676
v 693.6198 389.2223 965.5304
v 693.2907 389.2863 961.9053
v 694.5478 389.2863 965.1718
v 694.2289 389.3504 961.5455
v 695.4770 389.3504 964.8157
v 695.1682 389.4146 961.1878
v 696.4073 389.4146 964.4629
v 696.1084 389.4789 960.8324
v 697.3386 389.4789 964.1135
v 697.0496 389.5433 960.4793
v 698.2712 389.5433 963.7673
v 697.9913 389.6078 960.1285
v 699.2053 389.6078 963.4242
v 698.9336 389.6723 959.7798
v 700.1406 389.6723 963.0841
v 699.8770 389.7369 959.4332
v 701.0767 389.7369 962.7472
v 700.8219 389.8015 959.0886
v 702.0133 389.8015 962.4138
v 701.7688 389.8661 958.7466
v 702.9503 389.8661 962.0846
v 702.7183 389.9309 958.4075
v 703.8876 389.9309 961.7603
v 703.6708 389.9956 958.0721
v 704.8250 389.9956 961.4419
v 704.6272 390.0605 957.7413
v 705.7625 390.0605 961.1304
v 705.5883 390.1253 957.4162
v 706.6999 390.1253 960.8275
v 706.5543 390.1902 957.0983
v 707.6378 390.1902 960.5343
v 707.5255 390.2550 956.7890
v 708.5767 390.2550 960.2520
v 708.5013 390.3198 956.4894
v 709.5173 390.3198 959.9816
v 709.4818 390.3846 956.2005
v 710.4599 390.3846 959.7236
v 710.4666 390.4494 955.9229
v 711.4048 390.4494 959.4785
v 711.4556 390.5142 955.6573
v 712.3522 390.5142 959.2466
v 712.4490 390.5790 955.4040
v 713.3016 390.5790 959.0284
v 713.4461 390.6438 955.1640
v 714.2539 390.6438 958.8243
v 714.4460 390.7085 954.9371
v 715.2090 390.7085 958.6337
v 715.4501 390.7732 954.7232
v 716.1656 390.7732 958.4570
v 716.4587 390.8379 954.5233
v 717.1230 390.8379 958.2950
v 717.4718 390.9025 954.3384
v 718.0813 390.9025 958.1483
v 718.4895 390.9670 954.1695
v 719.0399 390.9670 958.0173
v 719.5122 391.0316 954.0181
v 719.9981 391.0316 957.9026
v 720.5413 391.0961 953.8854
v 720.9541 391.0961 957.8052
v 721.5770 391.1605 953.7746
v 721.9076 391.1605 957.7275
v 722.6173 391.2249 953.6872
v 722.8599 391.2249 957.6704
v 723.6620 391.2893 953.6246
v 723.8104 391.2893 957.6347
v 724.7101 391.3536 953.5884
v 724.7589 391.3536 957.6215
v 725.7617 391.4179 953.5795
v 725.7044 391.4179 957.6314
v 726.8164 391.4821 953.6003
v 726.6460 391.4821 957.6660
v 727.8714 391.5462 953.6518
v 727.5846 391.5462 957.7263
v 728.9263 391.6104 953.7344
v 728.5190 391.6104 957.8122
v 729.9806 391.6745 953.8498
v 729.4476 391.6745 957.9250
v 731.0317 391.7385 953.9989
v 730.3711 391.7385 958.0654
v 732.0783 391.8026 954.1814
v 731.2891 391.8026 958.2333
v 733.1182 391.8666 954.3977
v 732.2019 391.8666 958.4295
v 734.1494 391.9305 954.6462
v 733.1103 391.9305 958.6531
v 735.1717 391.9944 954.9260
v 734.0127 391.9944 958.9034
v 736.1841 392.0582 955.2365
v 734.9086 392.0582 959.1799
v 737.1852 392.1219 955.5762
v 735.7982 392.1219 959.4820
v 738.1744 392.1857 955.9437
v 736.6812 392.1857 959.8089
v 739.1515 392.2493 956.3378
v 737.5570 392.2493 960.1595
v 740.1153 392.3129 956.7569
v 738.4261 392.3129 960.5336
v 741.0662 392.3764 957.1990
v 739.2886 392.3764 960.9293
v 742.0045 392.4398 957.6632
v 740.1436 392.4398 961.3459
v 742.9304 392.5032 958.1481
v 740.9908 392.5032 961.7822
v 743.8446 392.5665 958.6535
v 741.8287 392.5665 962.2372
v 744.7469 392.6298 959.1787
v 742.6570 392.6298 962.7106
v 745.6378 392.6929 959.7239
v 743.4743 392.6929 963.2016
v 746.5179 392.7560 960.2901
v 744.2783 392.7560 963.7096
v 747.3861 392.8190 960.8787
v 745.0678 392.8190 964.2356
v 748.2403 392.8820 961.4891
v 745.8429 392.8820 964.7806
v 749.0793 392.9449 962.1211
v 746.6032 392.9449 965.3447
v 749.9021 393.0078 962.7743
v 747.3486 393.0078 965.9283
v 750.7078 393.0706 963.4479
v 748.0788 393.0706 966.5311
v 751.4958 393.1333 964.1409
v 748.7941 393.1333 967.1531
v 752.2656 393.1959 964.8522
v 749.4947 393.1959 967.7939
v 753.0172 393.2585 965.5805
v 750.1807 393.2585 968.4527
v 753.7515 393.3211 966.3257
v 750.8514 393.3211 969.1277
v 754.4676 393.3835 967.0876
v 751.5064 393.3835 969.8190
v 755.1652 393.4459 967.8640
v 752.1467 393.4459 970.5262
v 755.8449 393.5083 968.6550
v 752.7720 393.5083 971.2480
v 756.5071 393.5705 969.4605
v 753.3817 393.5705 971.9835
v 757.1515 393.6328 970.2803
v 753.9753 393.6328 972.7320
v 757.7776 393.6950 971.1138
v 754.5528 393.6950 973.4934
v 758.3849 393.7571 971.9599
v 755.1146 393.7571 974.2678
v 758.9740 393.8191 972.8181
v 755.6606 393.8191 975.0540
v 759.5451 393.8811 973.6893
v 756.1896 393.8811 975.8507
v 760.0979 393.9431 974.5741
v 756.7005 393.9431 976.6571
v 760.6303 394.0050 975.4718
v 757.1928 394.0050 977.4745
v 761.1425 394.0668 976.3811
v 757.6672 394.0668 978.3024
v 761.6334 394.1286 977.3022
v 758.1227 394.1286 979.1406
v 762.1031 394.1903 978.2338
v 758.5600 394.1903 979.9890
v 762.5509 394.2519 979.1752
v 758.9788 394.2519 980.8478
v 762.9776 394.3134 980.1257
v 759.3798 394.3134 981.7158
v 763.3827 394.3749 981.0852
v 759.7624 394.3749 982.5926
v 763.7664 394.4363 982.0529
v 760.1271 394.4363 983.4777
v 764.1280 394.4976 983.0277
v 760.4739 394.4976 984.3713
v 764.4688 394.5589 984.0087
v 760.8038 394.5589 985.2725
v 764.7885 394.6201 984.9966
v 761.1161 394.6201 986.1804
v 765.0877 394.6812 985.9904
v 761.4110 394.6812 987.0946
v 765.3666 394.7423 986.9892
v 761.6876 394.7423 988.0155
v 765.6258 394.8033 987.9916
v 761.9469 394.8033 988.9432
v 765.8661 394.8642 988.9979
v 762.1890 394.8642 989.8764
v 766.0877 394.9251 990.0079
v 762.4138 394.9251 990.8144
v 766.2906 394.9859 991.0209
v 762.6215 394.9859 991.7574
v 766.4754 395.0466 992.0361
v 762.8126 395.0466 992.7052
v 766.6427 395.1072 993.0528
v 762.9877 395.1072 993.6578
v 766.7935 395.1678 994.0703
v 763.1474 395.1678 994.6149
v 766.9284 395.2283 995.0874
v 763.2927 395.2283 995.5771
v 767.0494 395.2888 996.1034
v 763.4251 395.2888 996.5443
v 767.1579 395.3492 997.1177
v 763.5460 395.3492 997.5162
v 767.2560 395.4095 998.1293
v 763.6571 395.4095 998.4933
v 767.3459 395.4697 999.1379
v 763.7603 395.4697 999.4751
v 767.4299 395.5298 1000.1434
v 763.8578 395.5298 1000.4613
v 767.5098 395.5899 1001.1456
v 763.9511 395.5899 1001.4515
v 767.5880 395.6499 1002.1451
v 764.0422 395.6499 1002.4447
v 767.6656 395.7099 1003.1426
v 764.1320 395.7099 1003.4402
v 767.7440 395.7697 1004.1381
v 764.2219 395.7697 1004.4377
v 767.8243 395.8295 1005.1321
v 764.3124 395.8295 1005.4363
v 767.9070 395.8893 1006.1255
v 764.4040 395.8893 1006.4353
v 767.9924 395.9489 1007.1187
v 764.4967 395.9489 1007.4342
v 768.0803 396.0085 1008.1120
v 764.5902 396.0085 1008.4325
v 768.1706 396.0680 1009.1053
v 764.6843 396.0680 1009.4307
v 768.2633 396.1275 1010.0983
v 764.7790 396.1275 1010.4290
v 768.3584 396.1868 1011.0913
v 764.8745 396.1868 1011.4268
v 768.4546 396.2461 1012.0847
v 764.9711 396.2461 1012.4241
v 768.5519 396.3054 1013.0781
v 765.0688 396.3054 1013.4211
v 768.6503 396.3645 1014.0714
v 765.1675 396.3645 1014.4182
v 768.7497 396.4236 1015.0643
v 765.2673 396.4236 1015.4152
v 768.8503 396.4826 1016.0569
v 765.3684 396.4826 1016.4125
v 768.9524 396.5416 1017.0489
v 765.4711 396.5416 1017.4100
v 769.0560 396.6004 1018.0401
v 765.5754 396.6004 1018.4079
v 769.1619 396.6592 1019.0311
v 765.6819 396.6592 1019.4056
v 769.2694 396.7180 1020.0223
v 765.7901 396.7180 1020.4027
v 769.3785 396.7766 1021.0131
v 765.9000 396.7766 1021.3998
v 769.4896 396.8352 1022.0037
v 766.0117 396.8352 1022.3968
v 769.6025 396.8937 1022.9944
v 766.1252 396.8937 1023.3932
v 769.7169 396.9522 1023.9853
v 766.2402 396.9522 1024.3891
v 769.8327 397.0105 1024.9764
v 766.3565 397.0105 1025.3845
v 769.9496 397.0688 1025.9675
v 766.4739 397.0688 1026.3796
v 770.0677 397.1271 1026.9585
v 766.5925 397.1271 1027.3745
v 770.1869 397.1852 1027.9497
v 766.7121 397.1852 1028.3691
v 770.3069 397.2433 1028.9408
v 766.8325 397.2433 1029.3634
v 770.4279 397.3013 1029.9322
v 766.9539 397.3013 1030.3573
v 770.5496 397.3592 1030.9236
v 767.0758 397.3592 1031.3510
v 770.6719 397.4171 1031.9153
v 767.1983 397.4171 1032.3443
v 770.7946 397.4748 1032.9072
v 767.3211 397.4748 1033.3372
v 770.9175 397.5325 1033.8992
v 767.4441 397.5325 1034.3300
v 771.0407 397.5902 1034.8914
v 767.5673 397.5902 1035.3226
v 771.1639 397.6477 1035.8840
v 767.6905 397.6477 1036.3148
v 771.2869 397.7052 1036.8768
v 767.8134 397.7052 1037.3067
v 771.4097 397.7626 1037.8702
v 767.9360 397.7626 1038.2983
v 771.5318 397.8200 1038.8639
v 768.0578 397.8200 1039.2897
v 771.6533 397.8772 1039.8575
v 768.1790 397.8772 1040.2812
v 771.7742 397.9344 1040.8512
v 768.2997 397.9344 1041.2729
v 771.8945 397.9916 1041.8447
v 768.4198 397.9916 1042.2649
v 772.0145 398.0486 1042.8381
v 768.5396 398.0486 1043.2571
v 772.1340 398.1056 1043.8315
v 768.6591 398.1056 1044.2494
v 772.2534 398.1625 1044.8246
v 768.7783 398.1625 1045.2420
v 772.3726 398.2194 1045.8177
v 768.8975 398.2194 1046.2346
v 772.4917 398.2762 1046.8109
v 769.0165 398.2762 1047.2272
v 772.6106 398.3329 1047.8041
v 769.1353 398.3329 1048.2198
v 772.7293 398.3895 1048.7976
v 769.2539 398.3895 1049.2121
v 772.8475 398.4461 1049.7910
v 769.3721 398.4461 1050.2048
v 772.9657 398.5026 1050.7836
v 769.4904 398.5026 1051.1981
v 773.0842 398.5590 1051.7754
v 769.6091 398.5590 1052.1922
v 773.2038 398.6154 1052.7664
v 769.7286 398.6154 1053.1869
v 773.3250 398.6717 1053.7562
v 769.8489 398.6717 1054.1824
v 773.4484 398.7279 1054.7446
v 769.9708 398.7279 1055.1789
v 773.5747 398.7841 1055.7318
v 770.0949 398.7841 1056.1759
v 773.7041 398.8402 1056.7181
v 770.2215 398.8402 1057.1731
v 773.8370 398.8963 1057.7037
v 770.3508 398.8963 1058.1703
v 773.9733 398.9522 1058.6885
v 770.4830 398.9522 1059.1673
v 774.1131 399.0082 1059.6721
v 770.6182 399.0082 1060.1646
v 774.2571 399.0640 1060.6537
v 770.7574 399.0640 1061.1628
v 774.4058 399.1198 1061.6331
v 770.9014 399.1198 1062.1617
v 774.5600 399.1755 1062.6097
v 771.0510 399.1755 1063.1618
v 774.7210 399.2312 1063.5827
v 771.2078 399.2312 1064.1631
v 774.8899 399.2868 1064.5523
v 771.3730 399.2868 1065.1650
v 775.0676 399.3423 1065.5186
v 771.5474 399.3423 1066.1670
v 775.2550 399.3977 1066.4809
v 771.7323 399.3977 1067.1692
v 775.4533 399.4531 1067.4397
v 771.9286 399.4531 1068.1705
v 775.6627 399.5084 1068.3953
v 772.1364 399.5084 1069.1703
v 775.8838 399.5636 1069.3472
v 772.3564 399.5636 1070.1686
v 776.1169 399.6188 1070.2954
v 772.5890 399.6188 1071.1647
v 776.3623 399.6739 1071.2398
v 772.8345 399.6739 1072.1583
v 776.6201 399.7290 1072.1798
v 773.0933 399.7290 1073.1497
v 776.8911 399.7841 1073.1154
v 773.3659 399.7841 1074.1379
v 777.1751 399.8391 1074.0467
v 773.6521 399.8391 1075.1226
v 777.4723 399.8940 1074.9732
v 773.9525 399.8940 1076.1039
v 777.7831 399.9488 1075.8953
v 774.2669 399.9488 1077.0807
v 778.1069 400.0036 1076.8132
v 774.5951 400.0036 1078.0526
v 778.4429 400.0583 1077.7255
v 774.9378 400.0583 1079.0208
v 778.7922 400.1130 1078.6320
v 775.2957 400.1130 1079.9841
v 779.1545 400.1676 1079.5331
v 775.6681 400.1676 1080.9421
v 779.5297 400.2221 1080.4270
v 776.0561 400.2221 1081.8957
v 779.9188 400.2767 1081.3134
v 776.4606 400.2767 1082.8439
v 780.3221 400.3312 1082.1923
v 776.8815 400.3312 1083.7859
v 780.7401 400.3856 1083.0632
v 777.3194 400.3856 1084.7211
v 781.1733 400.4400 1083.9268
v 777.7737 400.4400 1085.6483
v 781.6208 400.4943 1084.7823
v 778.2444 400.4943 1086.5680
v 782.0833 400.5486 1085.6289
v 778.7324 400.5486 1087.4797
v 782.5612 400.6028 1086.4676
v 779.2366 400.6028 1088.3818
v 783.0535 400.6569 1087.2980
v 779.7567 400.6569 1089.2748
v 783.5601 400.7110 1088.1188
v 780.2933 400.7110 1090.1587
v 784.0810 400.7651 1088.9302
v 780.8463 400.7651 1091.0328
v 784.6160 400.8190 1089.7317
v 781.4157 400.8190 1091.8970
v 785.1652 400.8729 1090.5228
v 782.0018 400.8729 1092.7507
v 785.7292 400.9267 1091.3039
v 782.6040 400.9267 1093.5926
v 786.3069 400.9804 1092.0749
v 783.2218 400.9804 1094.4232
v 786.8984 401.0341 1092.8348
v 783.8557 401.0341 1095.2421
v 787.5030 401.0877 1093.5831
v 784.5057 401.0877 1096.0496
v 788.1208 401.1413 1094.3182
v 785.1729 401.1413 1096.8449
v 788.7527 401.1948 1095.0404
v 785.8568 401.1948 1097.6266
v 789.3985 401.2483 1095.7494
v 786.5571 401.2483 1098.3942
v 790.0577 401.3017 1096.4443
v 787.2742 401.3017 1099.1477
v 790.7310 401.3550 1097.1243
v 788.0085 401.3550 1099.8858
v 791.4187 401.4082 1097.7899
v 788.7588 401.4082 1100.6074
v 792.1209 401.4614 1098.4414
v 789.5242 401.4614 1101.3117
v 792.8374 401.5145 1099.0794
v 790.3033 401.5145 1101.9988
v 793.5672 401.5676 1099.7036
v 791.0958 401.5676 1102.6691
v 794.3095 401.6206 1100.3140
v 791.9013 401.6206 1103.3227
v 795.0644 401.6735 1100.9108
v 792.7189 401.6735 1103.9594
v 795.8317 401.7264 1101.4949
v 793.5469 401.7264 1104.5791
v 796.6106 401.7792 1102.0669
v 794.3846 401.7792 1105.1826
v 797.3999 401.8319 1102.6270
v 795.2314 401.8319 1105.7708
v 798.1985 401.8846 1103.1749
v 796.0875 401.8846 1106.3445
v 799.0056 401.9372 1103.7100
v 796.9531 401.9372 1106.9039
v 799.8216 401.9899 1104.2323
v 797.8276 401.9899 1107.4483
v 800.6466 402.0424 1104.7426
v 798.7098 402.0424 1107.9779
v 801.4794 402.0950 1105.2406
v 799.5998 402.0950 1108.4935
v 802.3192 402.1474 1105.7252
v 800.4986 402.1474 1108.9952
v 803.1663 402.1998 1106.1963
v 801.4058 402.1998 1109.4824
v 804.0213 402.2521 1106.6539
v 802.3204 402.2521 1109.9545
v 804.8851 402.3043 1107.0988
v 803.2408 402.3043 1110.4113
v 805.7567 402.3565 1107.5318
v 804.1661 402.3565 1110.8541
v 806.6350 402.4086 1107.9526
v 805.0970 402.4086 1111.2840
v 807.5198 402.4607 1108.3611
v 806.0331 402.4607 1111.7007
v 808.4113 402.5127 1108.7580
v 806.9736 402.5127 1112.1047
v 809.3093 402.5646 1109.1438
v 807.9176 402.5646 1112.4963
v 810.2131 402.6165 1109.5192
v 808.8649 402.6165 1112.8765
v 811.1221 402.6684 1109.8845
v 809.8156 402.6684 1113.2458
v 812.0361 402.7202 1110.2399
v 810.7692 402.7202 1113.6045
v 812.9553 402.7719 1110.5863
v 811.7249 402.7719 1113.9531
v 813.8794 402.8236 1110.9244
v 812.6821 402.8236 1114.2926
v 814.8078 402.8752 1111.2548
v 813.6408 402.8752 1114.6241
v 815.7397 402.9267 1111.5778
v 814.6010 402.9267 1114.9483
v 816.6749 402.9782 1111.8935
v 815.5628 402.9782 1115.2656
v 817.6132 403.0297 1112.2023
v 816.5259 403.0297 1115.5764
v 818.5536 403.0810 1112.5044
v 817.4910 403.0810 1115.8813
v 819.4960 403.1323 1112.7992
v 818.4582 403.1323 1116.1801
v 820.4405 403.1835 1113.0867
v 819.4275 403.1835 1116.4726
v 821.3875 403.2347 1113.3670
v 820.3984 403.2347 1116.7587
v 822.3367 403.2859 1113.6403
v 821.3709 403.2859 1117.0388
v 823.2875 403.3369 1113.9063
v 822.3457 403.3369 1117.3127
v 824.2400 403.3880 1114.1647
v 823.3226 403.3880 1117.5802
v 825.1944 403.4389 1114.4154
v 824.3014 403.4389 1117.8411
v 826.1503 403.4898 1114.6585
v 825.2824 403.4898 1118.0954
v 827.1068 403.5407 1114.8929
v 826.2667 403.5407 1118.3428
v 828.0640 403.5915 1115.1178
v 827.2545 403.5915 1118.5823
v 829.0220 403.6422 1115.3327
v 828.2458 403.6422 1118.8128
v 829.9814 403.6929 1115.5371
v 829.2403 403.6929 1119.0336
v 830.9422 403.7435 1115.7306
v 830.2376 403.7435 1119.2441
v 831.9045 403.7940 1115.9130
v 831.2378 403.7940 1119.4440
v 832.8684 403.8444 1116.0838
v 832.2407 403.8444 1119.6328
v 833.8344 403.8949 1116.2430
v 833.2457 403.8949 1119.8103
v 834.8028 403.9452 1116.3910
v 834.2519 403.9452 1119.9768
v 835.7729 403.9956 1116.5280
v 835.2597 403.9956 1120.1326
v 836.7441 404.0458 1116.6538
v 836.2696 404.0458 1120.2777
v 837.7158 404.0960 1116.7682
v 837.2819 404.0960 1120.4115
v 838.6873 404.1461 1116.8707
v 838.2972 404.1461 1120.5336
v 839.6587 404.1963 1116.9606
v 839.3151 404.1963 1120.6426
v 840.6305 404.2463 1117.0376
v 840.3350 404.2463 1120.7382
v 841.6024 404.2963 1117.1016
v 841.3569 404.2963 1120.8200
v 842.5745 404.3462 1117.1520
v 842.3805 404.3462 1120.8872
v 843.5466 404.3961 1117.1891
v 843.4055 404.3961 1120.9398
v 844.5181 404.4459 1117.2124
v 844.4323 404.4459 1120.9771
v 845.4889 404.4957 1117.2215
v 845.4604 404.4957 1120.9985
v 846.4583 404.5455 1117.2162
v 846.4899 404.5455 1121.0035
v 847.4254 404.5952 1117.1957
v 847.5213 404.5952 1120.9910
v 848.3894 404.6448 1117.1591
v 848.5548 404.6448 1120.9595
v 849.3501 404.6944 1117.1053
v 849.5897 404.6944 1120.9076
v 850.3080 404.7440 1117.0334
v 850.6247 404.7440 1120.8339
v 851.2635 404.7935 1116.9431
v 851.6587 404.7935 1120.7380
v 852.2169 404.8431 1116.8339
v 852.6905 404.8431 1120.6194
v 853.1681 404.8925 1116.7064
v 853.7193 404.8925 1120.4786
v 854.1163 404.9419 1116.5604
v 854.7452 404.9419 1120.3151
v 855.0625 404.9913 1116.3957
v 855.7663 404.9913 1120.1292
v 856.0061 405.0406 1116.2131
v 856.7826 405.0406 1119.9220
v 856.9457 405.0899 1116.0120
v 857.7947 405.0899 1119.6940
v 857.8810 405.1391 1115.7922
v 858.8020 405.1391 1119.4450
v 858.8116 405.1884 1115.5538
v 859.8038 405.1884 1119.1752
v 859.7379 405.2375 1115.2966
v 860.7992 405.2375 1118.8847
v 860.6608 405.2867 1115.0209
v 861.7869 405.2867 1118.5746
v 861.5805 405.3358 1114.7275
v 862.7665 405.3358 1118.2464
v 862.4979 405.3849 1114.4173
v 863.7375 405.3849 1117.9017
v 863.4137 405.4339 1114.0916
v 864.6998 405.4339 1117.5424
v 864.3284 405.4829 1113.7518
v 865.6536 405.4829 1117.1708
v 865.2427 405.5319 1113.3998
v 866.5993 405.5319 1116.7891
v 866.1567 405.5808 1113.0373
v 867.5380 405.5808 1116.3991
v 867.0706 405.6297 1112.6661
v 868.4707 405.6297 1116.0028
v 867.9840 405.6785 1112.2877
v 869.3987 405.6785 1115.6011
v 868.8975 405.7273 1111.9030
v 870.3223 405.7273 1115.1954
v 869.8111 405.7761 1111.5133
v 871.2424 405.7761 1114.7870
v 870.7247 405.8248 1111.1196
v 872.1600 405.8248 1114.3764
v 871.6382 405.8735 1110.7225
v 873.0756 405.8735 1113.9646
v 872.5518 405.9222 1110.3227
v 873.9896 405.9222 1113.5522
v 873.4654 405.9708 1109.9207
v 874.9025 405.9708 1113.1395
v 874.3791 406.0194 1109.5170
v 875.8149 406.0194 1112.7272
v 875.2925 406.0680 1109.1118
v 876.7269 406.0680 1112.3153
v 876.2060 406.1165 1108.7054
v 877.6386 406.1165 1111.9041
v 877.1198 406.1649 1108.2980
v 878.5502 406.1649 1111.4941
v 878.0338 406.2134 1107.8901
v 879.4619 406.2134 1111.0855
v 878.9481 406.2618 1107.4818
v 880.3738 406.2618 1110.6783
v 879.8630 406.3101 1107.0742
v 881.2858 406.3101 1110.2720
v 880.7785 406.3584 1106.6674
v 882.1980 406.3584 1109.8666
v 881.6946 406.4066 1106.2615
v 883.1105 406.4066 1109.4623
v 882.6117 406.4548 1105.8565
v 884.0228 406.4548 1109.0594
v 883.5304 406.5029 1105.4526
v 884.9352 406.5029 1108.6586
v 884.4504 406.5511 1105.0502
v 885.8478 406.5511 1108.2603
v 885.3723 406.5991 1104.6497
v 886.7607 406.5991 1107.8650
v 886.2965 406.6471 1104.2516
v 887.6739 406.6471 1107.4732
v 887.2234 406.6950 1103.8565
v 888.5874 406.6950 1107.0857
v 888.1534 406.7429 1103.4653
v 889.5016 406.7429 1106.7032
v 889.0864 406.7908 1103.0787
v 890.4169 406.7908 1106.3261
v 890.0228 406.8386 1102.6972
v 891.3333 406.8386 1105.9550
v 890.9627 406.8864 1102.3217
v 892.2512 406.8864 1105.5904
v 891.9058 406.9341 1101.9527
v 893.1711 406.9341 1105.2327
v 892.8524 406.9818 1101.5906
v 894.0929 406.9818 1104.8821
v 893.8029 407.0295 1101.2357
v 895.0165 407.0295 1104.5392
v 894.7572 407.0771 1100.8888
v 895.9421 407.0771 1104.2047
v 895.7155 407.1246 1100.5504
v 896.8700 407.1246 1103.8789
v 896.6770 407.1722 1100.2210
v 897.8007 407.1722 1103.5619
v 897.6424 407.2196 1099.9005
v 898.7335 407.2196 1103.2539
v 898.6122 407.2671 1099.5895
v 899.6684 407.2671 1102.9560
v 899.5858 407.3144 1099.2889
v 900.6058 407.3144 1102.6684
v 900.5623 407.3617 1098.9990
v 901.5466 407.3617 1102.3912
v 901.5412 407.4090 1098.7194
v 902.4909 407.4090 1102.1236
v 902.5230 407.4563 1098.4497
v 903.4378 407.4563 1101.8658
v 903.5078 407.5035 1098.1903
v 904.3872 407.5035 1101.6182
v 904.4942 407.5507 1097.9414
v 905.3402 407.5507 1101.3804
v 905.4817 407.5978 1097.7019
v 906.2967 407.5978 1101.1512
v 906.4708 407.6449 1097.4713
v 907.2557 407.6449 1100.9307
v 907.4621 407.6919 1097.2496
v 908.2165 407.6919 1100.7186
v 908.4556 407.7389 1097.0370
v 909.1790 407.7389 1100.5152
v 909.4504 407.7859 1096.8337
v 910.1437 407.7859 1100.3202
v 910.4470 407.8328 1096.6390
v 911.1100 407.8328 1100.1333
v 911.4464 407.8796 1096.4532
v 912.0769 407.8796 1099.9552
v 912.4480 407.9264 1096.2771
v 913.0449 407.9264 1099.7865
v 913.4508 407.9731 1096.1108
v 914.0150 407.9731 1099.6269
v 914.4554 408.0198 1095.9538
v 914.9862 408.0198 1099.4763
v 915.4624 408.0665 1095.8066
v 915.9580 408.0665 1099.3352
v 916.4713 408.1132 1095.6697
v 916.9305 408.1132 1099.2041
v 917.4815 408.1597 1095.5435
v 917.9046 408.1597 1099.0831
v 918.4927 408.2063 1095.4275
v 918.8800 408.2063 1098.9718
v 919.5058 408.2528 1095.3218
v 919.8556 408.2528 1098.8703
v 920.5211 408.2992 1095.2273
v 920.8311 408.2992 1098.7796
v 921.5376 408.3457 1095.1445
v 921.8075 408.3457 1098.7000
v 922.5543 408.3920 1095.0733
v 922.7854 408.3920 1098.6309
v 923.5718 408.4383 1095.0130
v 923.7638 408.4383 1098.5722
v 924.5906 408.4846 1094.9643
v 924.7421 408.4846 1098.5244
v 925.6097 408.5308 1094.9276
v 925.7212 408.5308 1098.4876
v 926.6282 408.5770 1094.9022
v 926.7015 408.5770 1098.4614
v 927.6466 408.6231 1094.8876
v 927.6824 408.6231 1098.4452
v 928.6654 408.6692 1094.8840
v 928.6631 408.6692 1098.4394
v 929.6842 408.7152 1094.8915
v 929.6438 408.7152 1098.4440
v 930.7021 408.7612 1094.9099
v 930.6251 408.7612 1098.4590
v 931.7191 408.8072 1094.9385
v 931.6070 408.8072 1098.4837
v 932.7361 408.8531 1094.9774
v 932.5882 408.8531 1098.5181
v 933.7525 408.8990 1095.0266
v 933.5692 408.8990 1098.5625
v 934.7673 408.9449 1095.0859
v 934.5508 408.9449 1098.6165
v 935.7807 408.9907 1095.1544
v 935.5327 408.9907 1098.6795
v 936.7930 409.0365 1095.2319
v 936.5145 409.0365 1098.7513
v 937.8041 409.0823 1095.3178
v 937.4963 409.0823 1098.8315
v 938.8138 409.1280 1095.4123
v 938.4778 409.1280 1098.9199
v 939.8220 409.1736 1095.5144
v 939.4596 409.1736 1099.0163
v 940.8293 409.2192 1095.6240
v 940.4406 409.2192 1099.1199
v 941.8362 409.2648 1095.7414
v 941.4204 409.2648 1099.2313
v 942.8420 409.3103 1095.8666
v 942.3993 409.3103 1099.3505
v 943.8470 409.3559 1095.9995
v 943.3771 409.3559 1099.4774
v 944.8508 409.4014 1096.1403
v 944.3539 409.4014 1099.6122
v 945.8540 409.4468 1096.2888
v 945.3292 409.4468 1099.7547
v 946.8565 409.4923 1096.4457
v 946.3025 409.4923 1099.9056
v 947.8572 409.5377 1096.6109
v 947.2750 409.5377 1100.0648
v 948.8560 409.5830 1096.7839
v 948.2468 409.5830 1100.2321
v 949.8533 409.6284 1096.9645
v 949.2173 409.6284 1100.4071
v 950.8491 409.6737 1097.1528
v 950.1866 409.6737 1100.5899
v 951.8435 409.7190 1097.3485
v 951.1543 409.7190 1100.7801
v 952.8360 409.7643 1097.5520
v 952.1209 409.7643 1100.9782
v 953.8263 409.8095 1097.7624
v 953.0867 409.8095 1101.1833
v 954.8154 409.8547 1097.9800
v 954.0507 409.8547 1101.3954
v 955.8029 409.8998 1098.2049
v 955.0130 409.8998 1101.6147
v 956.7883 409.9449 1098.4370
v 955.9741 409.9449 1101.8410
v 957.7717 409.9900 1098.6758
v 956.9340 409.9900 1102.0741
v 958.7534 410.0350 1098.9214
v 957.8923 410.0350 1102.3139
v 959.7337 410.0801 1099.1739
v 958.8487 410.0801 1102.5601
v 960.7121 410.1251 1099.4333
v 959.8032 410.1251 1102.8133
v 961.6880 410.1701 1099.6994
v 960.7567 410.1701 1103.0732
v 962.6617 410.2150 1099.9715
v 961.7090 410.2150 1103.3394
v 963.6335 410.2599 1100.2497
v 962.6599 410.2599 1103.6116
v 964.6031 410.3048 1100.5338
v 963.6094 410.3048 1103.8898
v 965.5700 410.3496 1100.8231
v 964.5585 410.3496 1104.1737
v 966.5340 410.3945 1101.1167
v 965.5076 410.3945 1104.4628
v 967.4956 410.4393 1101.4138
v 966.4568 410.4393 1104.7561
v 968.4553 410.4840 1101.7139
v 967.4059 410.4840 1105.0529
v 969.4131 410.5287 1102.0164
v 968.3552 410.5287 1105.3527
v 970.3691 410.5734 1102.3207
v 969.3050 410.5734 1105.6550
v 971.3240 410.6181 1102.6262
v 970.2550 410.6181 1105.9590
v 972.2781 410.6626 1102.9331
v 971.2048 410.6626 1106.2644
v 973.2312 410.7072 1103.2407
v 972.1550 410.7072 1106.5712
v 974.1833 410.7518 1103.5487
v 973.1058 410.7518 1106.8787
v 975.1351 410.7962 1103.8568
v 974.0568 410.7962 1107.1866
v 976.0868 410.8407 1104.1650
v 975.0078 410.8407 1107.4946
v 977.0381 410.8851 1104.4735
v 975.9590 410.8851 1107.8029
v 977.9889 410.9295 1104.7816
v 976.9108 410.9295 1108.1114
v 978.9396 410.9739 1105.0891
v 977.8630 410.9739 1108.4194
v 979.8905 411.0182 1105.3963
v 978.8152 411.0182 1108.7270
v 980.8417 411.0625 1105.7032
v 979.7674 411.0625 1109.0343
v 981.7932 411.1067 1106.0100
v 980.7194 411.1067 1109.3412
v 982.7450 411.1509 1106.3167
v 981.6712 411.1509 1109.6480
v 983.6972 411.1951 1106.6237
v 982.6226 411.1951 1109.9546
v 984.6498 411.2392 1106.9312
v 983.5733 411.2392 1110.2616
v 985.6027 411.2833 1107.2396
v 984.5231 411.2833 1110.5690
v 986.5560 411.3273 1107.5494
v 985.4720 411.3273 1110.8772
v 987.5096 411.3714 1107.8608
v 986.4196 411.3714 1111.1867
v 988.4630 411.4153 1108.1743
v 987.3661 411.4153 1111.4980
v 989.4161 411.4593 1108.4900
v 988.3115 411.4593 1111.8111
v 990.3688 411.5032 1108.8081
v 989.2558 411.5032 1112.1264
v 991.3211 411.5471 1109.1290
v 990.1987 411.5471 1112.4442
v 992.2726 411.5910 1109.4527
v 991.1407 411.5910 1112.7646
v 993.2231 411.6348 1109.7790
v 992.0817 411.6348 1113.0877
v 994.1728 411.6786 1110.1082
v 993.0218 411.6786 1113.4135
v 995.1213 411.7224 1110.4400
v 993.9610 411.7224 1113.7421
v 996.0686 411.7661 1110.7743
v 994.8997 411.7661 1114.0734
v 997.0146 411.8098 1111.1108
v 995.8380 411.8098 1114.4071
v 997.9595 411.8535 1111.4492
v 996.7759 411.8535 1114.7430
v 998.9035 411.8971 1111.7895
v 997.7134 411.8971 1115.0810
v 999.8469 411.9407 1112.1317
v 998.6502 411.9407 1115.4207
v 1000.7892 411.9842 1112.4756
v 999.5866 411.9842 1115.7625
v 1001.7305 412.0278 1112.8208
v 1000.5231 412.0278 1116.1060
v 1002.6711 412.0713 1113.1673
v 1001.4592 412.0713 1116.4507
v 1003.6109 412.1148 1113.5149
v 1002.3952 412.1148 1116.7969
v 1004.5501 412.1583 1113.8633
v 1003.3311 412.1583 1117.1441
v 1005.4889 412.2017 1114.2126
v 1004.2667 412.2017 1117.4923
v 1006.4270 412.2451 1114.5627
v 1005.2024 412.2451 1117.8415
v 1007.3647 412.2884 1114.9132
v 1006.1381 412.2884 1118.1912
v 1008.3025 412.3318 1115.2646
v 1007.0731 412.3318 1118.5415
v 1009.2403 412.3751 1115.6168
v 1008.0077 412.3751 1118.8926
v 1010.1780 412.4183 1115.9702
v 1008.9414 412.4183 1119.2445
v 1011.1153 412.4616 1116.3249
v 1009.8746 412.4616 1119.5976
v 1012.0523 412.5048 1116.6808
v 1010.8073 412.5048 1119.9519
v 1012.9890 412.5479 1117.0381
v 1011.7393 412.5479 1120.3073
v 1013.9257 412.5911 1117.3970
v 1012.6702 412.5911 1120.6641
v 1014.8624 412.6342 1117.7579
v 1013.5998 412.6342 1121.0223
v 1015.7989 412.6772 1118.1215
v 1014.5277 412.6772 1121.3825
v 1016.7354 412.7203 1118.4881
v 1015.4535 412.7203 1121.7449
v 1017.6715 412.7633 1118.8585
v 1016.3770 412.7633 1122.1103
v 1018.6072 412.8063 1119.2333
v 1017.2978 412.8063 1122.4791
v 1019.5424 412.8492 1119.6132
v 1018.2154 412.8492 1122.8519
v 1020.4766 412.8922 1119.9992
v 1019.1296 412.8922 1123.2296
v 1021.4088 412.9350 1120.3915
v 1020.0406 412.9350 1123.6130
v 1022.3387 412.9779 1120.7901
v 1020.9487 412.9779 1124.0023
v 1023.2662 413.0207 1121.1953
v 1021.8537 413.0207 1124.3976
v 1024.1912 413.0635 1121.6073
v 1022.7555 413.0635 1124.7993
v 1025.1131 413.1063 1122.0260
v 1023.6544 413.1063 1125.2076
v 1026.0313 413.1490 1122.4509
v 1024.5511 413.1490 1125.6225
v 1026.9462 413.1917 1122.8815
v 1025.4456 413.1917 1126.0435
v 1027.8582 413.2343 1123.3179
v 1026.3376 413.2343 1126.4703
v 1028.7676 413.2770 1123.7601
v 1027.2267 413.2770 1126.9027
v 1029.6738 413.3196 1124.2080
v 1028.1133 413.3196 1127.3409
v 1030.5770 413.3622 1124.6613
v 1028.9974 413.3622 1127.7847
v 1031.4774 413.4047 1125.1202
v 1029.8789 413.4047 1128.2338
v 1032.3750 413.4472 1125.5844
v 1030.7576 413.4472 1128.6883
v 1033.2698 413.4897 1126.0542
v 1031.6334 413.4897 1129.1481
v 1034.1614 413.5322 1126.5292
v 1032.5068 413.5322 1129.6134
v 1035.0499 413.5747 1127.0092
v 1033.3778 413.5747 1130.0840
v 1035.9357 413.6171 1127.4941
v 1034.2462 413.6171 1130.5593
v 1036.8187 413.6594 1127.9841
v 1035.1119 413.6594 1131.0398
v 1037.6987 413.7017 1128.4788
v 1035.9752 413.7017 1131.5251
v 1038.5759 413.7440 1128.9783
v 1036.8359 413.7440 1132.0151
v 1039.4502 413.7863 1129.4823
v 1037.6942 413.7863 1132.5099
v 1040.3217 413.8286 1129.9908
v 1038.5500 413.8286 1133.0093
v 1041.1906 413.8708 1130.5039
v 1039.4032 413.8708 1133.5131
v 1042.0565 413.9130 1131.0213
v 1040.2540 413.9130 1134.0215
v 1042.9198 413.9552 1131.5428
v 1041.1026 413.9552 1134.5341
v 1043.7805 413.9973 1132.0686
v 1041.9485 413.9973 1135.0508
v 1044.6386 414.0394 1132.5986
v 1042.7919 414.0394 1135.5718
v 1045.4940 414.0814 1133.1328
v 1043.6328 414.0814 1136.0969
v 1046.3466 414.1234 1133.6710
v 1044.4713 414.1234 1136.6263
v 1047.1962 414.1654 1134.2129
v 1045.3078 414.1654 1137.1598
v 1048.0431 414.2074 1134.7582
v 1046.1425 414.2074 1137.6972
v 1048.8874 414.2492 1135.3066
v 1046.9754 414.2492 1138.2382
v 1049.7288 414.2911 1135.8576
v 1047.8071 414.2911 1138.7828
v 1050.5677 414.3329 1136.4106
v 1048.6380 414.3329 1139.3305
v 1051.4048 414.3747 1136.9652
v 1049.4681 414.3747 1139.8806
v 1052.2398 414.4164 1137.5213
v 1050.2977 414.4164 1140.4331
v 1053.0734 414.4582 1138.0782
v 1051.1272 414.4582 1140.9872
v 1053.9058 414.4998 1138.6359
v 1051.9563 414.4998 1141.5427
v 1054.7373 414.5415 1139.1941
v 1052.7853 414.5415 1142.0993
v 1055.5684 414.5831 1139.7530
v 1053.6139 414.5831 1142.6565
v 1056.3991 414.6247 1140.3128
v 1054.4418 414.6247 1143.2143
v 1057.2291 414.6662 1140.8733
v 1055.2692 414.6662 1143.7731
v 1058.0589 414.7077 1141.4346
v 1056.0960 414.7077 1144.3324
v 1058.8882 414.7492 1141.9971
v 1056.9218 414.7492 1144.8925
v 1059.7168 414.7907 1142.5606
v 1057.7470 414.7907 1145.4537
v 1060.5447 414.8321 1143.1249
v 1058.5718 414.8321 1146.0159
v 1061.3717 414.8734 1143.6900
v 1059.3961 414.8734 1146.5791
v 1062.1980 414.9148 1144.2555
v 1060.2202 414.9148 1147.1431
v 1063.0239 414.9561 1144.8216
v 1061.0440 414.9561 1147.7078
v 1063.8490 414.9974 1145.3880
v 1061.8678 414.9974 1148.2733
v 1064.6735 415.0386 1145.9543
v 1062.6919 415.0386 1148.8393
v 1065.4978 415.0799 1146.5205
v 1063.5162 415.0799 1149.4055
v 1066.3218 415.1210 1147.0864
v 1064.3409 415.1210 1149.9718
v 1067.1457 415.1622 1147.6518
v 1065.1659 415.1622 1150.5381
v 1067.9695 415.2033 1148.2166
v 1065.9917 415.2033 1151.1042
v 1068.7936 415.2444 1148.7805
v 1066.8182 415.2444 1151.6698
v 1069.6183 415.2855 1149.3439
v 1067.6449 415.2855 1152.2345
v 1070.4435 415.3266 1149.9069
v 1068.4718 415.3266 1152.7987
v 1071.2692 415.3676 1150.4696
v 1069.2988 415.3676 1153.3622
v 1072.0953 415.4085 1151.0321
v 1070.1259 415.4085 1153.9254
v 1072.9216 415.4495 1151.5943
v 1070.9532 415.4495 1154.4883
v 1073.7482 415.4904 1152.1563
v 1071.7804 415.4904 1155.0508
v 1074.5748 415.5312 1152.7182
v 1072.6078 415.5312 1155.6132
v 1075.4014 415.5721 1153.2796
v 1073.4358 415.5721 1156.1755
v 1076.2281 415.6129 1153.8403
v 1074.2643 415.6129 1156.7375
v 1077.0550 415.6536 1154.4004
v 1075.0932 415.6536 1157.2989
v 1077.8821 415.6944 1154.9599
v 1075.9228 415.6944 1157.8600
v 1078.7096 415.7351 1155.5183
v 1076.7531 415.7351 1158.4204
v 1079.5375 415.7757 1156.0759
v 1077.5840 415.7757 1158.9800
v 1080.3658 415.8164 1156.6323
v 1078.4159 415.8164 1159.5389
v 1081.1946 415.8570 1157.1876
v 1079.2486 415.8570 1160.0967
v 1082.0242 415.8975 1157.7417
v 1080.0822 415.8975 1160.6535
v 1082.8544 415.9381 1158.2945
v 1080.9167 415.9381 1161.2092
v 1083.6854 415.9785 1158.8461
v 1081.7520 415.9785 1161.7636
v 1084.5173 416.0190 1159.3965
v 1082.5881 416.0190 1162.3168
v 1085.3500 416.0594 1159.9458
v 1083.4249 416.0594 1162.8687
v 1086.1836 416.0998 1160.4940
v 1084.2623 416.0998 1163.4195
v 1087.0181 416.1402 1161.0413
v 1085.1002 416.1402 1163.9690
v 1087.8534 416.1806 1161.5878
v 1085.9385 416.1806 1164.5175
v 1088.6893 416.2209 1162.1336
v 1086.7772 416.2209 1165.0652
v 1089.5260 416.2612 1162.6787
v 1087.6162 416.2612 1165.6118
v 1090.3631 416.3015 1163.2235
v 1088.4554 416.3015 1166.1579
v 1091.2006 416.3417 1163.7675
v 1089.2952 416.3417 1166.7033
v 1092.0386 416.3819 1164.3109
v 1090.1352 416.3819 1167.2481
v 1092.8770 416.4220 1164.8538
v 1090.9756 416.4220 1167.7923
v 1093.7155 416.4622 1165.3960
v 1091.8165 416.4622 1168.3360
v 1094.5544 416.5022 1165.9373
v 1092.6582 416.5022 1168.8791
v 1095.3937 416.5423 1166.4777
v 1093.5005 416.5423 1169.4215
v 1096.2336 416.5823 1167.0173
v 1094.3432 416.5823 1169.9628
v 1097.0743 416.6223 1167.5562
v 1095.1863 416.6223 1170.5034
v 1097.9154 416.6623 1168.0946
v 1096.0296 416.6623 1171.0432
v 1098.7570 416.7022 1168.6325
v 1096.8732 416.7022 1171.5823
v 1099.5991 416.7421 1169.1699
v 1097.7170 416.7421 1172.1208
v 1100.4417 416.7820 1169.7070
v 1098.5610 416.7820 1172.6588
v 1101.2845 416.8218 1170.2437
v 1099.4052 416.8218 1173.1964
v 1102.1274 416.8616 1170.7799
v 1100.2498 416.8616 1173.7337
v 1102.9705 416.9013 1171.3155
v 1101.0948 416.9013 1174.2704
v 1103.8140 416.9410 1171.8504
v 1101.9403 416.9410 1174.8067
v 1104.6578 416.9807 1172.3848
v 1102.7862 416.9807 1175.3424
v 1105.5019 417.0203 1172.9186
v 1103.6324 417.0203 1175.8775
v 1106.3464 417.0599 1173.4517
v 1104.4791 417.0599 1176.4120
v 1107.1915 417.0995 1173.9843
v 1105.3261 417.0995 1176.9458
v 1108.0369 417.1390 1174.5165
v 1106.1732 417.1390 1177.4791
v 1108.8825 417.1785 1175.0481
v 1107.0208 417.1785 1178.0119
v 1109.7287 417.2180 1175.5792
v 1107.8686 417.2180 1178.5440
v 1110.5752 417.2574 1176.1100
v 1108.7165 417.2574 1179.0757
v 1111.4221 417.2967 1176.6406
v 1109.5645 417.2967 1179.6069
v 1112.2693 417.3361 1177.1710
v 1110.4125 417.3361 1180.1378
v 1113.1168 417.3754 1177.7013
v 1111.2604 417.3754 1180.6684
v 1113.9645 417.4147 1178.2316
v 1112.1083 417.4147 1181.1988
v 1114.8123 417.4540 1178.7620
v 1112.9560 417.4540 1181.7291
v 1115.6598 417.4931 1179.2922
v 1113.8040 417.4931 1182.2597
v 1116.5069 417.5323 1179.8217
v 1114.6529 417.5323 1182.7903
v 1117.3537 417.5714 1180.3499
v 1115.5028 417.5714 1183.3209
v 1118.2004 417.6105 1180.8759
v 1116.3544 417.6105 1183.8511
v 1119.0471 417.6496 1181.3990
v 1117.2084 417.6496 1184.3805
v 1119.8944 417.6886 1181.9185
v 1118.0650 417.6886 1184.9081
v 1120.7426 417.7277 1182.4340
v 1118.9246 417.7277 1185.4333
v 1121.5922 417.7666 1182.9446
v 1119.7877 417.7666 1185.9553
v 1122.4436 417.8056 1183.4500
v 1120.6543 417.8056 1186.4736
v 1123.2970 417.8445 1183.9495
v 1121.5249 417.8445 1186.9874
v 1124.1529 417.8833 1184.4427
v 1122.3997 417.8833 1187.4961
v 1125.0117 417.9222 1184.9293
v 1123.2787 417.9222 1187.9991
v 1125.8734 417.9609 1185.4088
v 1124.1622 417.9609 1188.4961
v 1126.7381 417.9997 1185.8808
v 1125.0503 417.9997 1188.9865
v 1127.6061 418.0384 1186.3447
v 1125.9434 418.0384 1189.4699
v 1128.4777 418.0771 1186.8003
v 1126.8414 418.0771 1189.9455
v 1129.3529 418.1158 1187.2473
v 1127.7444 418.1158 1190.4131
v 1130.2320 418.1544 1187.6852
v 1128.6524 418.1544 1190.8721
v 1131.1149 418.1930 1188.1140
v 1129.5655 418.1930 1191.3222
v 1132.0016 418.2315 1188.5333
v 1130.4838 418.2315 1191.7631
v 1132.8925 418.2700 1188.9430
v 1131.4071 418.2700 1192.1942
v 1133.7873 418.3085 1189.3428
v 1132.3355 418.3085 1192.6153
v 1134.6862 418.3469 1189.7328
v 1133.2688 418.3469 1193.0261
v 1135.5891 418.3853 1190.1126
v 1134.2069 418.3853 1193.4264
v 1136.4959 418.4237 1190.4823
v 1135.1498 418.4237 1193.8160
v 1137.4068 418.4621 1190.8418
v 1136.0971 418.4621 1194.1945
v 1138.3213 418.5003 1191.1910
v 1137.0491 418.5003 1194.5622
v 1139.2392 418.5386 1191.5298
v 1138.0059 418.5386 1194.9185
v 1140.1607 418.5768 1191.8578
v 1138.9673 418.5768 1195.2629
v 1141.0854 418.6150 1192.1752
v 1139.9334 418.6150 1195.5956
v 1142.0130 418.6532 1192.4810
v 1140.9045 418.6532 1195.9160
v 1142.9436 418.6914 1192.7750
v 1141.8805 418.6914 1196.2238
v 1143.8767 418.7295 1193.0564
v 1142.8617 418.7295 1196.5185
v 1144.8130 418.7676 1193.3245
v 1143.8479 418.7676 1196.7991
v 1145.7534 418.8056 1193.5795
v 1144.8374 418.8056 1197.0654
v 1146.6976 418.8436 1193.8220
v 1145.8301 418.8436 1197.3177
v 1147.6460 418.8816 1194.0519
v 1146.8254 418.8816 1197.5561
v 1148.5986 418.9196 1194.2702
v 1147.8223 418.9196 1197.7813
v 1149.5554 418.9575 1194.4774
v 1148.8204 418.9575 1197.9940
v 1150.5167 418.9954 1194.6745
v 1149.8186 418.9954 1198.1950
v 1151.4819 419.0333 1194.8631
v 1150.8167 419.0333 1198.3860
v 1152.4497 419.0711 1195.0435
v 1151.8154 419.0711 1198.5681
v 1153.4197 419.1089 1195.2160
v 1152.8151 419.1089 1198.7415
v 1154.3914 419.1467 1195.3808
v 1153.8157 419.1467 1198.9068
v 1155.3644 419.1845 1195.5379
v 1154.8176 419.1845 1199.0642
v 1156.3381 419.2222 1195.6870
v 1155.8212 419.2222 1199.2135
v 1157.3119 419.2599 1195.8274
v 1156.8272 419.2599 1199.3546
v 1158.2859 419.2976 1195.9585
v 1157.8354 419.2976 1199.4864
v 1159.2608 419.3352 1196.0798
v 1158.8452 419.3352 1199.6088
v 1160.2363 419.3728 1196.1912
v 1159.8567 419.3728 1199.7214
v 1161.2124 419.4104 1196.2921
v 1160.8698 419.4104 1199.8240
v 1162.1895 419.4480 1196.3825
v 1161.8838 419.4480 1199.9162
v 1163.1682 419.4856 1196.4626
v 1162.8981 419.4856 1199.9982
v 1164.1483 419.5231 1196.5328
v 1163.9125 419.5231 1200.0705
v 1165.1295 419.5606 1196.5934
v 1164.9271 419.5606 1200.1334
v 1166.1116 419.5981 1196.6446
v 1165.9419 419.5981 1200.1869
v 1167.0946 419.6355 1196.6867
v 1166.9567 419.6355 1200.2314
v 1168.0779 419.6730 1196.7200
v 1167.9719 419.6730 1200.2670
v 1169.0614 419.7104 1196.7442
v 1168.9874 419.7104 1200.2933
v 1170.0453 419.7477 1196.7596
v 1170.0030 419.7477 1200.3107
v 1171.0291 419.7850 1196.7662
v 1171.0187 419.7850 1200.3189
v 1172.0128 419.8224 1196.7641
v 1172.0347 419.8224 1200.3179
v 1172.9959 419.8597 1196.7530
v 1173.0511 419.8597 1200.3075
v 1173.9783 419.8970 1196.7327
v 1174.0679 419.8970 1200.2873
v 1174.9605 419.9343 1196.7028
v 1175.0845 419.9343 1200.2570
v 1175.9419 419.9715 1196.6637
v 1176.1010 419.9715 1200.2168
v 1176.9218 420.0088 1196.6147
v 1177.1181 420.0088 1200.1661
v 1177.9004 420.0460 1196.5554
v 1178.1354 420.0460 1200.1045
v 1178.8779 420.0832 1196.4852
v 1179.1523 420.0832 1200.0315
v 1179.8546 420.1204 1196.4043
v 1180.1682 420.1204 1199.9471
v 1180.8305 420.1575 1196.3126
v 1181.1830 420.1575 1199.8515
v 1181.8052 420.1947 1196.2103
v 1182.1968 420.1947 1199.7448
v 1182.7787 420.2318 1196.0970
v 1183.2094 420.2318 1199.6267
v 1183.7514 420.2688 1195.9730
v 1184.2201 420.2688 1199.4976
v 1184.7235 420.3059 1195.8387
v 1185.2287 420.3059 1199.3579
v 1185.6946 420.3429 1195.6944
v 1186.2353 420.3429 1199.2080
v 1186.6645 420.3799 1195.5403
v 1187.2402 420.3799 1199.0480
v 1187.6331 420.4169 1195.3766
v 1188.2431 420.4169 1198.8781
v 1188.6006 420.4539 1195.2035
v 1189.2440 420.4539 1198.6985
v 1189.5672 420.4909 1195.0211
v 1190.2423 420.4909 1198.5096
v 1190.5325 420.5279 1194.8301
v 1191.2384 420.5279 1198.3120
v 1191.4963 420.5648 1194.6305
v 1192.2327 420.5648 1198.1055
v 1192.4585 420.6018 1194.4225
v 1193.2250 420.6018 1197.8905
v 1193.4188 420.6386 1194.2061
v 1194.2152 420.6386 1197.6668
v 1194.3774 420.6755 1193.9813
v 1195.2035 420.6755 1197.4348
v 1195.3340 420.7123 1193.7482
v 1196.1897 420.7123 1197.1943
v 1196.2877 420.7491 1193.5070
v 1197.1747 420.7491 1196.9453
v 1197.2385 420.7859 1193.2567
v 1198.1578 420.7859 1196.6870
v 1198.1864 420.8228 1192.9975
v 1199.1388 420.8228 1196.4196
v 1199.1313 420.8596 1192.7289
v 1200.1177 420.8596 1196.1425
v 1200.0729 420.8963 1192.4510
v 1201.0943 420.8963 1195.8559
v 1201.0107 420.9331 1192.1633
v 1202.0686 420.9331 1195.5590
v 1201.9449 420.9699 1191.8656
v 1203.0402 420.9699 1195.2518
v 1202.8760 421.0066 1191.5575
v 1204.0082 421.0066 1194.9342
v 1203.8043 421.0434 1191.2394
v 1204.9724 421.0434 1194.6068
v 1204.7297 421.0801 1190.9115
v 1205.9327 421.0801 1194.2696
v 1205.6520 421.1169 1190.5744
v 1206.8894 421.1169 1193.9230
v 1206.5714 421.1536 1190.2279
v 1207.8423 421.1536 1193.5671
v 1207.4878 421.1903 1189.8726
v 1208.7913 421.1903 1193.2022
v 1208.4008 421.2269 1189.5087
v 1209.7369 421.2269 1192.8283
v 1209.3103 421.2636 1189.1363
v 1210.6789 421.2636 1192.4453
v 1210.2157 421.3003 1188.7555
v 1211.6175 421.3003 1192.0530
v 1211.1167 421.3370 1188.3661
v 1212.5528 421.3370 1191.6509
v 1212.0127 421.3737 1187.9679
v 1213.4847 421.3737 1191.2387
v 1212.9033 421.4104 1187.5603
v 1214.4128 421.4104 1190.8156
v 1213.7884 421.4471 1187.1429
v 1215.3367 421.4471 1190.3815
v 1214.6681 421.4838 1186.7152
v 1216.2557 421.4838 1189.9360
v 1215.5422 421.5205 1186.2773
v 1217.1696 421.5205 1189.4793
v 1216.4102 421.5572 1185.8287
v 1218.0782 421.5572 1189.0107
v 1217.2727 421.5939 1185.3693
v 1218.9806 421.5939 1188.5308
v 1218.1302 421.6306 1184.8988
v 1219.8762 421.6306 1188.0401
v 1218.9831 421.6672 1184.4181
v 1220.7653 421.6672 1187.5393
v 1219.8311 421.7039 1183.9274
v 1221.6480 421.7039 1187.0286
v 1220.6744 421.7406 1183.4273
v 1222.5244 421.7406 1186.5086
v 1221.5128 421.7773 1182.9181
v 1223.3949 421.7773 1185.9795
v 1222.3458 421.8139 1182.4003
v 1224.2597 421.8139 1185.4411
v 1223.1734 421.8507 1181.8738
v 1225.1187 421.8507 1184.8936
v 1223.9952 421.8874 1181.3390
v 1225.9721 421.8874 1184.3368
v 1224.8109 421.9241 1180.7955
v 1226.8196 421.9241 1183.7704
v 1225.6205 421.9608 1180.2433
v 1227.6610 421.9608 1183.1947
v 1226.4239 421.9976 1179.6822
v 1228.4959 421.9976 1182.6096
v 1227.2214 422.0343 1179.1122
v 1229.3242 422.0343 1182.0156
v 1228.0131 422.0711 1178.5332
v 1230.1455 422.0711 1181.4129
v 1228.7990 422.1078 1177.9459
v 1230.9604 422.1078 1180.8020
v 1229.5787 422.1446 1177.3502
v 1231.7687 422.1446 1180.1827
v 1230.3523 422.1814 1176.7465
v 1232.5708 422.1814 1179.5553
v 1231.1193 422.2182 1176.1347
v 1233.3664 422.2182 1178.9195
v 1231.8799 422.2550 1175.5149
v 1234.1554 422.2550 1178.2756
v 1232.6340 422.2918 1174.8870
v 1234.9376 422.2918 1177.6237
v 1233.3816 422.3286 1174.2513
v 1235.7132 422.3286 1176.9639
v 1234.1224 422.3654 1173.6078
v 1236.4819 422.3654 1176.2961
v 1234.8568 422.4023 1172.9566
v 1237.2436 422.4023 1175.6208
v 1235.5845 422.4392 1172.2976
v 1237.9983 422.4392 1174.9378
v 1236.3060 422.4761 1171.6311
v 1238.7459 422.4761 1174.2477
v 1237.0212 422.5130 1170.9574
v 1239.4866 422.5130 1173.5507
v 1237.7299 422.5499 1170.2769
v 1240.2205 422.5499 1172.8466
v 1238.4319 422.5868 1169.5895
v 1240.9476 422.5868 1172.1353
v 1239.1268 422.6237 1168.8958
v 1241.6682 422.6237 1171.4167
v 1239.8143 422.6606 1168.1951
v 1242.3815 422.6606 1170.6905
v 1240.4943 422.6976 1167.4882
v 1243.0880 422.6976 1169.9566
v 1241.1659 422.7346 1166.7746
v 1243.7869 422.7346 1169.2143
v 1241.8294 422.7716 1166.0536
v 1244.4775 422.7716 1168.4642
v 1242.4846 422.8086 1165.3256
v 1245.1599 422.8086 1167.7061
v 1243.1314 422.8456 1164.5904
v 1245.8337 422.8456 1166.9400
v 1243.7698 422.8827 1163.8478
v 1246.4985 422.8827 1166.1662
v 1244.3998 422.9197 1163.0983
v 1247.1545 422.9197 1165.3847
v 1245.0215 422.9567 1162.3411
v 1247.8009 422.9567 1164.5959
v 1245.6355 422.9937 1161.5768
v 1248.4381 422.9937 1163.8007
v 1246.2414 423.0308 1160.8060
v 1249.0667 423.0308 1162.9984
v 1246.8389 423.0679 1160.0290
v 1249.6864 423.0679 1162.1892
v 1247.4281 423.1050 1159.2454
v 1250.2969 423.1050 1161.3731
v 1248.0092 423.1421 1158.4554
v 1250.8984 423.1421 1160.5507
v 1248.5820 423.1792 1157.6593
v 1251.4908 423.1792 1159.7219
v 1249.1466 423.2163 1156.8571
v 1252.0741 423.2163 1158.8869
v 1249.7027 423.2535 1156.0490
v 1252.6487 423.2535 1158.0459
v 1250.2503 423.2906 1155.2351
v 1253.2142 423.2906 1157.1987
v 1250.7895 423.3278 1154.4152
v 1253.7705 423.3278 1156.3459
v 1251.3204 423.3650 1153.5897
v 1254.3180 423.3650 1155.4876
v 1251.8430 423.4022 1152.7584
v 1254.8564 423.4022 1154.6240
v 1252.3575 423.4394 1151.9216
v 1255.3859 423.4394 1153.7555
v 1252.8642 423.4767 1151.0792
v 1255.9067 423.4767 1152.8824
v 1253.3635 423.5139 1150.2315
v 1256.4190 423.5139 1152.0052
v 1253.8555 423.5512 1149.3788
v 1256.9232 423.5512 1151.1241
v 1254.3406 423.5884 1148.5213
v 1257.4196 423.5884 1150.2393
v 1254.8189 423.6257 1147.6592
v 1257.9086 423.6257 1149.3511
v 1255.2906 423.6630 1146.7931
v 1258.3905 423.6630 1148.4595
v 1255.7558 423.7003 1145.9229
v 1258.8655 423.7003 1147.5647
v 1256.2145 423.7377 1145.0494
v 1259.3339 423.7377 1146.6663
v 1256.6661 423.7751 1144.1726
v 1259.7957 423.7751 1145.7641
v 1257.1107 423.8125 1143.2924
v 1260.2506 423.8125 1144.8583
v 1257.5483 423.8499 1142.4087
v 1260.6985 423.8499 1143.9490
v 1257.9788 423.8874 1141.5215
v 1261.1394 423.8874 1143.0364
v 1258.4022 423.9248 1140.6309
v 1261.5732 423.9248 1142.1202
v 1258.8184 423.9623 1139.7370
v 1262.0000 423.9623 1141.2007
v 1259.2276 423.9998 1138.8394
v 1262.4194 423.9998 1140.2784
v 1259.6304 424.0373 1137.9379
v 1262.8318 424.0373 1139.3539
v 1260.0274 424.0749 1137.0325
v 1263.2375 424.0749 1138.4275
v 1260.4191 424.1124 1136.1238
v 1263.6373 424.1124 1137.4997
v 1260.8059 424.1500 1135.2118
v 1264.0314 424.1500 1136.5706
v 1261.1889 424.1876 1134.2965
v 1264.4203 424.1876 1135.6410
v 1261.5688 424.2251 1133.3783
v 1264.8051 424.2251 1134.7111
v 1261.9462 424.2627 1132.4576
v 1265.1862 424.2627 1133.7813
v 1262.3220 424.3004 1131.5345
v 1265.5646 424.3004 1132.8521
v 1262.6969 424.3380 1130.6100
v 1265.9412 424.3380 1131.9232
v 1263.0710 424.3757 1129.6841
v 1266.3163 424.3757 1130.9948
v 1263.4453 424.4134 1128.7570
v 1266.6908 424.4134 1130.0673
v 1263.8198 424.4511 1127.8294
v 1267.0650 424.4511 1129.1403
v 1264.1948 424.4888 1126.9014
v 1267.4394 424.4888 1128.2141
v 1264.5708 424.5265 1125.9731
v 1267.8142 424.5265 1127.2886
v 1264.9478 424.5642 1125.0449
v 1268.1898 424.5642 1126.3638
v 1265.3260 424.6020 1124.1166
v 1268.5662 424.6020 1125.4399
v 1265.7061 424.6397 1123.1881
v 1268.9439 424.6397 1124.5175
v 1266.0879 424.6775 1122.2595
v 1269.3236 424.6775 1123.5969
v 1266.4721 424.7153 1121.3308
v 1269.7058 424.7153 1122.6783
v 1266.8590 424.7531 1120.4023
v 1270.0910 424.7531 1121.7618
v 1267.2491 424.7909 1119.4746
v 1270.4797 424.7909 1120.8475
v 1267.6425 424.8287 1118.5476
v 1270.8720 424.8287 1119.9353
v 1268.0395 424.8665 1117.6217
v 1271.2684 424.8665 1119.0255
v 1268.4404 424.9044 1116.6969
v 1271.6688 424.9044 1118.1180
v 1268.8456 424.9422 1115.7734
v 1272.0737 424.9422 1117.2129
v 1269.2553 424.9800 1114.8510
v 1272.4830 424.9800 1116.3108
v 1269.6705 425.0179 1113.9298
v 1272.8970 425.0179 1115.4122
v 1270.0918 425.0558 1113.0099
v 1273.3163 425.0558 1114.5175
v 1270.5201 425.0937 1112.0915
v 1273.7415 425.0937 1113.6273
v 1270.9562 425.1317 1111.1751
v 1274.1730 425.1317 1112.7421
v 1271.4011 425.1696 1110.2612
v 1274.6118 425.1696 1111.8623
v 1271.8556 425.2075 1109.3500
v 1275.0584 425.2075 1110.9884
v 1272.3206 425.2454 1108.4422
v 1275.5135 425.2454 1110.1210
v 1272.7970 425.2834 1107.5387
v 1275.9779 425.2834 1109.2604
v 1273.2853 425.3214 1106.6397
v 1276.4521 425.3214 1108.4071
v 1273.7865 425.3594 1105.7461
v 1276.9369 425.3594 1107.5616
v 1274.3009 425.3974 1104.8588
v 1277.4329 425.3974 1106.7239
v 1274.8283 425.4354 1103.9787
v 1277.9407 425.4354 1105.8939
v 1275.3689 425.4734 1103.1060
v 1278.4602 425.4734 1105.0716
v 1275.9227 425.5115 1102.2412
v 1278.9915 425.5115 1104.2576
v 1276.4898 425.5495 1101.3844
v 1279.5347 425.5495 1103.4519
v 1277.0702 425.5876 1100.5364
v 1280.0899 425.5876 1102.6548
v 1277.6642 425.6257 1099.6972
v 1280.6564 425.6257 1101.8663
v 1278.2721 425.6637 1098.8673
v 1281.2345 425.6637 1101.0870
v 1278.8934 425.7019 1098.0475
v 1281.8244 425.7019 1100.3167
v 1279.5279 425.7400 1097.2380
v 1282.4260 425.7400 1099.5553
v 1280.1752 425.7782 1096.4386
v 1283.0392 425.7782 1098.8032
v 1280.8354 425.8163 1095.6498
v 1283.6639 425.8163 1098.0606
v 1281.5075 425.8545 1094.8720
v 1284.3003 425.8545 1097.3271
v 1282.1907 425.8927 1094.1053
v 1284.9482 425.8927 1096.6023
v 1282.8846 425.9309 1093.3492
v 1285.6069 425.9309 1095.8862
v 1283.5894 425.9691 1092.6030
v 1286.2755 425.9691 1095.1797
v 1284.3049 426.0073 1091.8674
v 1286.9544 426.0073 1094.4827
v 1285.0299 426.0456 1091.1426
v 1287.6438 426.0456 1093.7945
v 1285.7643 426.0839 1090.4282
v 1288.3427 426.0839 1093.1150
v 1286.5080 426.1222 1089.7238
v 1289.0506 426.1222 1092.4447
v 1287.2615 426.1605 1089.0293
v 1289.7670 426.1605 1091.7840
v 1288.0244 426.1988 1088.3453
v 1290.4921 426.1988 1091.1328
v 1288.7966 426.2372 1087.6720
v 1291.2258 426.2372 1090.4909
v 1289.5781 426.2756 1087.0092
v 1291.9674 426.2756 1089.8586
v 1290.3693 426.3140 1086.3575
v 1292.7169 426.3140 1089.2364
v 1291.1697 426.3525 1085.7174
v 1293.4745 426.3525 1088.6237
v 1291.9792 426.3909 1085.0890
v 1294.2398 426.3909 1088.0205
v 1292.7979 426.4294 1084.4721
v 1295.0126 426.4294 1087.4273
v 1293.6258 426.4680 1083.8661
v 1295.7929 426.4680 1086.8456
v 1294.4630 426.5065 1083.2716
v 1296.5809 426.5065 1086.2760
v 1295.3098 426.5451 1082.6892
v 1297.3766 426.5451 1085.7190
v 1296.1666 426.5837 1082.1194
v 1298.1798 426.5837 1085.1753
v 1297.0339 426.6224 1081.5631
v 1298.9907 426.6224 1084.6459
v 1297.9122 426.6611 1081.0209
v 1299.8090 426.6611 1084.1317
v 1298.8008 426.6998 1080.4951
v 1300.6364 426.6998 1083.6330
v 1299.6972 426.7386 1079.9850
v 1301.4741 426.7386 1083.1494
v 1300.6006 426.7774 1079.4898
v 1302.3219 426.7774 1082.6813
v 1301.5096 426.8162 1079.0094
v 1303.1800 426.8162 1082.2274
v 1302.4223 426.8551 1078.5431
v 1304.0484 426.8551 1081.7861
v 1303.3372 426.8940 1078.0893
v 1304.9266 426.8940 1081.3553
v 1304.2521 426.9330 1077.6468
v 1305.8145 426.9330 1080.9325
v 1305.1652 426.9720 1077.2123
v 1306.7105 426.9720 1080.5148
v 1306.0761 427.0110 1076.7839
v 1307.6131 427.0110 1080.1003
v 1306.9834 427.0501 1076.3590
v 1308.5213 427.0501 1079.6862
v 1307.8867 427.0892 1075.9353
v 1309.4334 427.0892 1079.2706
v 1308.7849 427.1283 1075.5109
v 1310.3486 427.1283 1078.8515
v 1309.6766 427.1676 1075.0839
v 1311.2661 427.1676 1078.4263
v 1310.5606 427.2068 1074.6520
v 1312.1847 427.2068 1077.9928
v 1311.4357 427.2460 1074.2132
v 1313.1036 427.2460 1077.5485
v 1312.3001 427.2853 1073.7655
v 1314.0216 427.2853 1077.0910
v 1313.1521 427.3247 1073.3066
v 1314.9375 427.3247 1076.6173
v 1313.9904 427.3641 1072.8342
v 1315.8493 427.3641 1076.1252
v 1314.8141 427.4036 1072.3463
v 1316.7548 427.4036 1075.6124
v 1315.6227 427.4431 1071.8422
v 1317.6515 427.4431 1075.0764
v 1316.4156 427.4827 1071.3202
v 1318.5370 427.4827 1074.5159
v 1317.1931 427.5223 1070.7789
v 1319.4085 427.5223 1073.9310
v 1317.9556 427.5619 1070.2176
v 1320.2642 427.5619 1073.3222
v 1318.7033 427.6016 1069.6364
v 1321.1029 427.6016 1072.6905
v 1319.4365 427.6414 1069.0356
v 1321.9236 427.6414 1072.0369
v 1320.1552 427.6812 1068.4159
v 1322.7263 427.6812 1071.3624
v 1320.8609 427.7211 1067.7780
v 1323.5091 427.7211 1070.6681
v 1321.5553 427.7610 1067.1235
v 1324.2718 427.7610 1069.9558
v 1322.2381 427.8010 1066.4540
v 1325.0156 427.8010 1069.2264
v 1322.9089 427.8410 1065.7708
v 1325.7412 427.8410 1068.4803
v 1323.5671 427.8811 1065.0746
v 1326.4491 427.8811 1067.7181
v 1324.2126 427.9213 1064.3658
v 1327.1390 427.9213 1066.9403
v 1324.8451 427.9615 1063.6445
v 1327.8108 427.9615 1066.1477
v 1325.4638 428.0017 1062.9110
v 1328.4653 428.0017 1065.3412
v 1326.0675 428.0421 1062.1655
v 1329.1030 428.0421 1064.5209
v 1326.6557 428.0825 1061.4081
v 1329.7232 428.0825 1063.6869
v 1327.2286 428.1230 1060.6379
v 1330.3250 428.1230 1062.8406
v 1327.7869 428.1635 1059.8550
v 1330.9086 428.1635 1061.9835
v 1328.3306 428.2041 1059.0601
v 1331.4745 428.2041 1061.1165
v 1328.8604 428.2448 1058.2531
v 1332.0229 428.2448 1060.2407
v 1329.3774 428.2855 1057.4342
v 1332.5546 428.2855 1059.3580
v 1329.8833 428.3263 1056.6038
v 1333.0706 428.3263 1058.4703
v 1330.3797 428.3672 1055.7628
v 1333.5728 428.3672 1057.5792
v 1330.8678 428.4082 1054.9129
v 1334.0633 428.4082 1056.6855
v 1331.3489 428.4492 1054.0548
v 1334.5436 428.4492 1055.7901
v 1331.8245 428.4903 1053.1897
v 1335.0156 428.4903 1054.8941
v 1332.2959 428.5315 1052.3187
v 1335.4809 428.5315 1053.9982
v 1332.7642 428.5728 1051.4431
v 1335.9415 428.5728 1053.1027
v 1333.2302 428.6141 1050.5637
v 1336.3985 428.6141 1052.2078
v 1333.6949 428.6555 1049.6812
v 1336.8532 428.6555 1051.3143
v 1334.1589 428.6970 1048.7967
v 1337.3070 428.6970 1050.4218
v 1334.6223 428.7386 1047.9107
v 1337.7606 428.7386 1049.5304
v 1335.0859 428.7803 1047.0234
v 1338.2145 428.7803 1048.6406
v 1335.5500 428.8221 1046.1353
v 1338.6696 428.8221 1047.7524
v 1336.0147 428.8639 1045.2471
v 1339.1265 428.8639 1046.8656
v 1336.4799 428.9058 1044.3590
v 1339.5854 428.9058 1045.9800
v 1336.9454 428.9479 1043.4705
v 1340.0466 428.9479 1045.0962
v 1337.4122 428.9899 1042.5809
v 1340.5103 428.9899 1044.2155
v 1337.8817 429.0321 1041.6912
v 1340.9769 429.0321 1043.3378
v 1338.3541 429.0743 1040.8025
v 1341.4470 429.0743 1042.4626
v 1338.8295 429.1167 1039.9148
v 1341.9207 429.1167 1041.5899
v 1339.3085 429.1591 1039.0281
v 1342.3983 429.1591 1040.7203
v 1339.7915 429.2016 1038.1425
v 1342.8801 429.2016 1039.8542
v 1340.2790 429.2442 1037.2585
v 1343.3666 429.2442 1038.9915
v 1340.7711 429.2869 1036.3764
v 1343.8582 429.2869 1038.1324
v 1341.2682 429.3297 1035.4963
v 1344.3550 429.3297 1037.2771
v 1341.7710 429.3726 1034.6180
v 1344.8570 429.3726 1036.4263
v 1342.2804 429.4155 1033.7419
v 1345.3648 429.4155 1035.5807
v 1342.7970 429.4586 1032.8686
v 1345.8791 429.4586 1034.7404
v 1343.3210 429.5017 1031.9988
v 1346.4002 429.5017 1033.9055
v 1343.8528 429.5450 1031.1329
v 1346.9287 429.5450 1033.0760
v 1344.3928 429.5883 1030.2709
v 1347.4643 429.5883 1032.2523
v 1344.9420 429.6317 1029.4126
v 1348.0073 429.6317 1031.4356
v 1345.5016 429.6752 1028.5588
v 1348.5583 429.6752 1030.6268
v 1346.0726 429.7188 1027.7095
v 1349.1175 429.7188 1029.8268
v 1346.6566 429.7626 1026.8657
v 1349.6860 429.7626 1029.0370
v 1347.2547 429.8064 1026.0284
v 1350.2644 429.8064 1028.2584
v 1347.8687 429.8503 1025.1983
v 1350.8536 429.8503 1027.4926
v 1348.4999 429.8943 1024.3773
v 1351.4550 429.8943 1026.7406
v 1349.1483 429.9384 1023.5675
v 1352.0700 429.9384 1026.0023
v 1349.8141 429.9825 1022.7700
v 1352.6991 429.9825 1025.2780
v 1350.4973 430.0268 1021.9867
v 1353.3427 430.0268 1024.5674
v 1351.1971 430.0711 1021.2180
v 1354.0007 430.0711 1023.8701
v 1351.9134 430.1155 1020.4645
v 1354.6728 430.1155 1023.1865
v 1352.6456 430.1599 1019.7266
v 1355.3586 430.1599 1022.5166
v 1353.3933 430.2045 1019.0046
v 1356.0580 430.2045 1021.8604
v 1354.1557 430.2491 1018.2987
v 1356.7704 430.2491 1021.2179
v 1354.9331 430.2938 1017.6088
v 1357.4950 430.2938 1020.5898
v 1355.7254 430.3386 1016.9352
v 1358.2315 430.3386 1019.9767
v 1356.5326 430.3835 1016.2784
v 1358.9795 430.3835 1019.3790
v 1357.3546 430.4284 1015.6391
v 1359.7392 430.4284 1018.7973
v 1358.1911 430.4734 1015.0176
v 1360.5101 430.4734 1018.2319
v 1359.0420 430.5185 1014.4149
v 1361.2923 430.5185 1017.6836
v 1359.9064 430.5637 1013.8315
v 1362.0860 430.5637 1017.1523
v 1360.7839 430.6090 1013.2677
v 1362.8907 430.6090 1016.6383
v 1361.6744 430.6543 1012.7238
v 1363.7061 430.6543 1016.1423
v 1362.5773 430.6996 1012.2003
v 1364.5320 430.6996 1015.6644
v 1363.4923 430.7451 1011.6974
v 1365.3680 430.7451 1015.2051
v 1364.4188 430.7906 1011.2158
v 1366.2140 430.7906 1014.7648
v 1365.3562 430.8362 1010.7555
v 1367.0694 430.8362 1014.3435
v 1366.3043 430.8818 1010.3171
v 1367.9338 430.8818 1013.9420
v 1367.2616 430.9276 1009.9010
v 1368.8078 430.9276 1013.5599
v 1368.2276 430.9734 1009.5069
v 1369.6907 430.9734 1013.1970
v 1369.2020 431.0192 1009.1346
v 1370.5817 431.0192 1012.8536
v 1370.1837 431.0651 1008.7845
v 1371.4809 431.0651 1012.5296
v 1371.1717 431.1112 1008.4560
v 1372.3880 431.1112 1012.2244
v 1372.1655 431.1572 1008.1487
v 1373.3021 431.1572 1011.9379
v 1373.1652 431.2034 1007.8622
v 1374.2222 431.2034 1011.6701
v 1374.1709 431.2496 1007.5964
v 1375.1473 431.2496 1011.4214
v 1375.1823 431.2959 1007.3517
v 1376.0772 431.2959 1011.1922
v 1376.1981 431.3422 1007.1286
v 1377.0121 431.3422 1010.9824
v 1377.2175 431.3886 1006.9265
v 1377.9519 431.3886 1010.7916
v 1378.2402 431.4351 1006.7452
v 1378.8960 431.4351 1010.6198
v 1379.2656 431.4816 1006.5845
v 1379.8442 431.4816 1010.4667
v 1380.2929 431.5282 1006.4439
v 1380.7962 431.5282 1010.3319
v 1381.3222 431.5749 1006.3229
v 1381.7513 431.5749 1010.2152
v 1382.3529 431.6217 1006.2213
v 1382.7091 431.6217 1010.1165
v 1383.3852 431.6685 1006.1387
v 1383.6687 431.6685 1010.0354
v 1384.4197 431.7154 1006.0754
v 1384.6288 431.7154 1009.9724
v 1385.4553 431.7623 1006.0321
v 1385.5896 431.7623 1009.9278
v 1386.4915 431.8094 1006.0087
v 1386.5511 431.8094 1009.9014
v 1387.5286 431.8565 1006.0053
v 1387.5124 431.8565 1009.8935
v 1388.5658 431.9037 1006.0225
v 1388.4734 431.9037 1009.9042
v 1389.6020 431.9510 1006.0602
v 1389.4345 431.9510 1009.9335
v 1390.6370 431.9983 1006.1183
v 1390.3952 431.9983 1009.9811
v 1391.6701 432.0457 1006.1966
v 1391.3554 432.0457 1010.0469
v 1392.7010 432.0932 1006.2948
v 1392.3147 432.0932 1010.1302
v 1393.7301 432.1408 1006.4129
v 1393.2720 432.1408 1010.2311
v 1394.7566 432.1884 1006.5514
v 1394.2275 432.1884 1010.3498
v 1395.7796 432.2360 1006.7096
v 1395.1813 432.2360 1010.4858
v 1396.7991 432.2838 1006.8876
v 1396.1327 432.2838 1010.6391
v 1397.8144 432.3316 1007.0851
v 1397.0818 432.3316 1010.8094
v 1398.8254 432.3795 1007.3016
v 1398.0283 432.3795 1010.9966
v 1399.8322 432.4275 1007.5364
v 1398.9712 432.4275 1011.2010
v 1400.8338 432.4755 1007.7895
v 1399.9111 432.4755 1011.4229
v 1401.8304 432.5236 1008.0599
v 1400.8474 432.5236 1011.6614
v 1402.8217 432.5718 1008.3481
v 1401.7795 432.5718 1011.9168
v 1403.8065 432.6200 1008.6531
v 1402.7084 432.6200 1012.1889
v 1404.7847 432.6683 1008.9737
v 1403.6341 432.6683 1012.4768
v 1405.7561 432.7167 1009.3094
v 1404.5568 432.7167 1012.7800
v 1406.7204 432.7651 1009.6586
v 1405.4772 432.7651 1013.0977
v 1407.6775 432.8136 1010.0198
v 1406.3957 432.8136 1013.4288
v 1408.6276 432.8622 1010.3915
v 1407.3129 432.8622 1013.7723
v 1409.5709 432.9108 1010.7716
v 1408.2294 432.9108 1014.1265
v 1410.5086 432.9595 1011.1588
v 1409.1453 432.9595 1014.4898
v 1411.4412 433.0084 1011.5518
v 1410.0607 433.0084 1014.8612
v 1412.3692 433.0573 1011.9491
v 1410.9761 433.0573 1015.2392
v 1413.2937 433.1063 1012.3498
v 1411.8914 433.1063 1015.6227
v 1414.2155 433.1554 1012.7530
v 1412.8065 433.1554 1016.0106
v 1415.1350 433.2045 1013.1581
v 1413.7214 433.2045 1016.4023
v 1416.0525 433.2537 1013.5643
v 1414.6364 433.2537 1016.7971
v 1416.9693 433.3030 1013.9713
v 1415.5509 433.3030 1017.1940
v 1417.8853 433.3523 1014.3793
v 1416.4647 433.3523 1017.5934
v 1418.8008 433.4017 1014.7878
v 1417.3779 433.4017 1017.9946
v 1419.7157 433.4512 1015.1969
v 1418.2906 433.4512 1018.3981
v 1420.6299 433.5007 1015.6059
v 1419.2031 433.5007 1018.8033
v 1421.5437 433.5503 1016.0148
v 1420.1154 433.5503 1019.2101
v 1422.4572 433.5999 1016.4234
v 1421.0276 433.5999 1019.6181
v 1423.3698 433.6496 1016.8320
v 1421.9404 433.6496 1020.0268
v 1424.2818 433.6993 1017.2397
v 1422.8542 433.6993 1020.4354
v 1425.1931 433.7491 1017.6465
v 1423.7692 433.7491 1020.8437
v 1426.1044 433.7989 1018.0514
v 1424.6856 433.7989 1021.2510
v 1427.0156 433.8488 1018.4546
v 1425.6034 433.8488 1021.6570
v 1427.9273 433.8987 1018.8553
v 1426.5226 433.8987 1022.0611
v 1428.8394 433.9486 1019.2537
v 1427.4432 433.9486 1022.4632
v 1429.7522 433.9985 1019.6492
v 1428.3655 433.9985 1022.8628
v 1430.6661 434.0485 1020.0419
v 1429.2891 434.0485 1023.2597
v 1431.5813 434.0985 1020.4320
v 1430.2138 434.0985 1023.6538
v 1432.4976 434.1486 1020.8193
v 1431.1396 434.1486 1024.0451
v 1433.4153 434.1986 1021.2040
v 1432.0664 434.1986 1024.4336
v 1434.3343 434.2488 1021.5865
v 1432.9939 434.2488 1024.8196
v 1435.2545 434.2990 1021.9665
v 1433.9222 434.2990 1025.2030
v 1436.1760 434.3492 1022.3446
v 1434.8510 434.3492 1025.5841
v 1437.0984 434.3995 1022.7205
v 1435.7805 434.3995 1025.9633
v 1438.0218 434.4498 1023.0939
v 1436.7107 434.4498 1026.3408
v 1438.9459 434.5001 1023.4647
v 1437.6420 434.5001 1026.7167
v 1439.8704 434.5505 1023.8324
v 1438.5748 434.5505 1027.0908
v 1440.7954 434.6010 1024.1966
v 1439.5094 434.6010 1027.4626
v 1441.7211 434.6515 1024.5570
v 1440.4459 434.6515 1027.8317
v 1442.6473 434.7021 1024.9131
v 1441.3847 434.7021 1028.1976
v 1443.5743 434.7527 1025.2642
v 1442.3262 434.7527 1028.5597
v 1444.5023 434.8034 1025.6099
v 1443.2702 434.8034 1028.9174
v 1445.4316 434.8541 1025.9499
v 1444.2169 434.8541 1029.2701
v 1446.3622 434.9049 1026.2839
v 1445.1665 434.9049 1029.6176
v 1447.2936 434.9558 1026.6110
v 1446.1197 434.9558 1029.9593
v 1448.2258 435.0068 1026.9303
v 1447.0772 435.0068 1030.2944
v 1449.1590 435.0577 1027.2408
v 1448.0392 435.0577 1030.6218
v 1450.0934 435.1088 1027.5416
v 1449.0059 435.1088 1030.9405
v 1451.0291 435.1599 1027.8318
v 1449.9778 435.1599 1031.2495
v 1451.9665 435.2110 1028.1102
v 1450.9548 435.2110 1031.5475
v 1452.9069 435.2622 1028.3768
v 1451.9358 435.2622 1031.8335
v 1453.8507 435.3134 1028.6317
v 1452.9201 435.3134 1032.1074
v 1454.7975 435.3647 1028.8749
v 1453.9077 435.3647 1032.3695
v 1455.7468 435.4161 1029.1062
v 1454.8990 435.4161 1032.6196
v 1456.6986 435.4675 1029.3251
v 1455.8937 435.4675 1032.8573
v 1457.6534 435.5189 1029.5317
v 1456.8912 435.5189 1033.0825
v 1458.6106 435.5704 1029.7261
v 1457.8913 435.5704 1033.2954
v 1459.5696 435.6219 1029.9081
v 1458.8946 435.6219 1033.4960
v 1460.5301 435.6735 1030.0772
v 1459.9013 435.6735 1033.6836
v 1461.4922 435.7251 1030.2334
v 1460.9110 435.7251 1033.8575
v 1462.4563 435.7768 1030.3765
v 1461.9230 435.7768 1034.0174
v 1463.4224 435.8284 1030.5067
v 1462.9370 435.8284 1034.1636
v 1464.3904 435.8801 1030.6241
v 1463.9526 435.8801 1034.2959
v 1465.3599 435.9318 1030.7288
v 1464.9697 435.9318 1034.4150
v 1466.3301 435.9836 1030.8205
v 1465.9890 435.9836 1034.5204
v 1467.3013 436.0354 1030.8990
v 1467.0098 436.0354 1034.6119
v 1468.2736 436.0872 1030.9643
v 1468.0317 436.0872 1034.6894
v 1469.2469 436.1390 1031.0166
v 1469.0543 436.1390 1034.7533
v 1470.2203 436.1908 1031.0561
v 1470.0781 436.1908 1034.8035
v 1471.1930 436.2426 1031.0821
v 1471.1036 436.2426 1034.8395
v 1472.1649 436.2945 1031.0940
v 1472.1306 436.2945 1034.8607
v 1473.1358 436.3463 1031.0916
v 1473.1587 436.3463 1034.8665
v 1474.1052 436.3981 1031.0743
v 1474.1881 436.3981 1034.8562
v 1475.0728 436.4500 1031.0414
v 1475.2184 436.4500 1034.8290
v 1476.0381 436.5018 1030.9926
v 1476.2496 436.5018 1034.7843
v 1477.0012 436.5536 1030.9268
v 1477.2810 436.5536 1034.7209
v 1477.9622 436.6054 1030.8441
v 1478.3118 436.6054 1034.6387
v 1478.9206 436.6572 1030.7441
v 1479.3417 436.6572 1034.5369
v 1479.8764 436.7090 1030.6265
v 1480.3701 436.7090 1034.4154
v 1480.8292 436.7608 1030.4910
v 1481.3964 436.7608 1034.2735
v 1481.7793 436.8126 1030.3378
v 1482.4197 436.8126 1034.1114
v 1482.7261 436.8643 1030.1669
v 1483.4399 436.8643 1033.9289
v 1483.6696 436.9161 1029.9782
v 1484.4560 436.9161 1033.7260
v 1484.6099 436.9679 1029.7720
v 1485.4676 436.9679 1033.5031
v 1485.5464 437.0196 1029.5486
v 1486.4744 437.0196 1033.2602
v 1486.4793 437.0713 1029.3080
v 1487.4757 437.0713 1032.9976
v 1487.4085 437.1230 1029.0507
v 1488.4711 437.1230 1032.7160
v 1488.3327 437.1747 1028.7773
v 1489.4612 437.1747 1032.4154
v 1489.2521 437.2264 1028.4871
v 1490.4451 437.2264 1032.0955
v 1490.1667 437.2781 1028.1806
v 1491.4223 437.2781 1031.7574
v 1491.0759 437.3298 1027.8579
v 1492.3927 437.3298 1031.4008
v 1491.9798 437.3815 1027.5191
v 1493.3558 437.3815 1031.0265
v 1492.8781 437.4332 1027.1642
v 1494.3115 437.4332 1030.6346
v 1493.7709 437.4849 1026.7936
v 1495.2593 437.4849 1030.2260
v 1494.6586 437.5366 1026.4071
v 1496.1985 437.5366 1029.8014
v 1495.5416 437.5882 1026.0057
v 1497.1291 437.5882 1029.3622
v 1496.4197 437.6399 1025.5899
v 1498.0514 437.6399 1028.9092
v 1497.2931 437.6916 1025.1605
v 1498.9655 437.6916 1028.4437
v 1498.1622 437.7433 1024.7180
v 1499.8716 437.7433 1027.9663
v 1499.0273 437.7949 1024.2633
v 1500.7699 437.7949 1027.4787
v 1499.8887 437.8466 1023.7973
v 1501.6608 437.8466 1026.9817
v 1500.7465 437.8983 1023.3210
v 1502.5450 437.8983 1026.4763
v 1501.6007 437.9501 1022.8353
v 1503.4231 437.9501 1025.9633
v 1502.4515 438.0018 1022.3408
v 1504.2956 438.0018 1025.4433
v 1503.2987 438.0534 1021.8383
v 1505.1630 438.0534 1024.9167
v 1504.1424 438.1052 1021.3284
v 1506.0257 438.1052 1024.3840
v 1504.9824 438.1569 1020.8114
v 1506.8841 438.1569 1023.8452
v 1505.8186 438.2087 1020.2877
v 1507.7383 438.2087 1023.3005
v 1506.6508 438.2605 1019.7575
v 1508.5887 438.2605 1022.7499
v 1507.4784 438.3123 1019.2211
v 1509.4355 438.3123 1022.1930
v 1508.3010 438.3641 1018.6783
v 1510.2787 438.3641 1021.6293
v 1509.1188 438.4158 1018.1288
v 1511.1175 438.4158 1021.0588
v 1509.9313 438.4676 1017.5726
v 1511.9522 438.4676 1020.4813
v 1510.7377 438.5194 1017.0097
v 1512.7829 438.5194 1019.8959
v 1511.5376 438.5712 1016.4394
v 1513.6090 438.5712 1019.3023
v 1512.3305 438.6231 1015.8613
v 1514.4301 438.6231 1018.7000
v 1513.1163 438.6749 1015.2748
v 1515.2454 438.6749 1018.0888
v 1513.8951 438.7268 1014.6798
v 1516.0544 438.7268 1017.4687
v 1514.6669 438.7786 1014.0761
v 1516.8567 438.7786 1016.8395
v 1515.4316 438.8305 1013.4636
v 1517.6520 438.8305 1016.2013
v 1516.1896 438.8824 1012.8421
v 1518.4397 438.8824 1015.5546
v 1516.9417 438.9343 1012.2118
v 1519.2197 438.9343 1014.9000
v 1517.6881 438.9863 1011.5731
v 1519.9922 438.9863 1014.2380
v 1518.4294 439.0382 1010.9265
v 1520.7572 439.0382 1013.5696
v 1519.1660 439.0901 1010.2728
v 1521.5156 439.0901 1012.8952
v 1519.8977 439.1421 1009.6125
v 1522.2676 439.1421 1012.2148
v 1520.6247 439.1941 1008.9462
v 1523.0138 439.1941 1011.5288
v 1521.3470 439.2461 1008.2741
v 1523.7543 439.2461 1010.8373
v 1522.0648 439.2982 1007.5963
v 1524.4891 439.2982 1010.1407
v 1522.7782 439.3502 1006.9132
v 1525.2187 439.3502 1009.4392
v 1523.4871 439.4022 1006.2251
v 1525.9432 439.4022 1008.7329
v 1524.1917 439.4543 1005.5319
v 1526.6626 439.4543 1008.0220
v 1524.8921 439.5065 1004.8338
v 1527.3772 439.5065 1007.3070
v 1525.5887 439.5586 1004.1309
v 1528.0870 439.5586 1006.5881
v 1526.2815 439.6107 1003.4235
v 1528.7926 439.6107 1005.8657
v 1526.9699 439.6629 1002.7120
v 1529.4944 439.6629 1005.1396
v 1527.6539 439.7151 1001.9961
v 1530.1925 439.7151 1004.4101
v 1528.3333 439.7673 1001.2761
v 1530.8872 439.7673 1003.6770
v 1529.0076 439.8196 1000.5521
v 1531.5784 439.8196 1002.9399
v 1529.6766 439.8719 999.8242
v 1532.2658 439.8719 1002.1983
v 1530.3402 439.9241 999.0917
v 1532.9489 439.9241 1001.4524
v 1530.9986 439.9764 998.3545
v 1533.6275 439.9764 1000.7024
v 1531.6514 440.0287 997.6130
v 1534.3018 440.0287 999.9479
v 1532.2984 440.0810 996.8670
v 1534.9716 440.0810 999.1887
v 1532.9394 440.1333 996.1163
v 1535.6364 440.1333 998.4249
v 1533.5747 440.1856 995.3607
v 1536.2961 440.1856 997.6567
v 1534.2041 440.2380 994.6004
v 1536.9508 440.2380 996.8839
v 1534.8270 440.2903 993.8359
v 1537.6006 440.2903 996.1059
v 1535.4429 440.3426 993.0671
v 1538.2450 440.3426 995.3222
v 1536.0515 440.3949 992.2935
v 1538.8836 440.3949 994.5326
v 1536.6523 440.4473 991.5153
v 1539.5160 440.4473 993.7368
v 1537.2446 440.4996 990.7324
v 1540.1417 440.4996 992.9338
v 1537.8275 440.5519 989.9448
v 1540.7602 440.5519 992.1232
v 1538.4002 440.6043 989.1521
v 1541.3707 440.6043 991.3040
v 1538.9615 440.6566 988.3541
v 1541.9721 440.6566 990.4757
v 1539.5107 440.7090 987.5504
v 1542.5634 440.7090 989.6374
v 1540.0464 440.7613 986.7409
v 1543.1435 440.7613 988.7884
v 1540.5679 440.8136 985.9246
v 1543.7107 440.8136 987.9285
v 1541.0751 440.8659 985.1009
v 1544.2640 440.8659 987.0580
v 1541.5672 440.9182 984.2697
v 1544.8023 440.9182 986.1767
v 1542.0442 440.9705 983.4310
v 1545.3245 440.9705 985.2846
v 1542.5060 441.0229 982.5843
v 1545.8298 441.0229 984.3822
v 1542.9527 441.0752 981.7299
v 1546.3178 441.0752 983.4701
v 1543.3839 441.1274 980.8677
v 1546.7879 441.1274 982.5485
v 1543.7997 441.1797 979.9986
v 1547.2403 441.1797 981.6176
v 1544.1993 441.2320 979.1227
v 1547.6742 441.2320 980.6772
v 1544.5829 441.2842 978.2399
v 1548.0892 441.2842 979.7280
v 1544.9501 441.3365 977.3504
v 1548.4849 441.3365 978.7704
v 1545.3009 441.3888 976.4544
v 1548.8610 441.3888 977.8049
v 1545.6353 441.4410 975.5518
v 1549.2173 441.4410 976.8321
v 1545.9532 441.4933 974.6431
v 1549.5540 441.4933 975.8525
v 1546.2545 441.5455 973.7285
v 1549.8707 441.5455 974.8666
v 1546.5393 441.5978 972.8079
v 1550.1678 441.5978 973.8752
v 1546.8077 441.6500 971.8815
v 1550.4454 441.6500 972.8791
v 1547.0603 441.7023 970.9493
v 1550.7039 441.7023 971.8790
v 1547.2973 441.7545 970.0120
v 1550.9441 441.7545 970.8754
v 1547.5188 441.8067 969.0699
v 1551.1663 441.8067 969.8686
v 1547.7254 441.8589 968.1225
v 1551.3711 441.8589 968.8599
v 1547.9180 441.9111 967.1697
v 1551.5597 441.9111 967.8503
v 1548.0975 441.9633 966.2123
v 1551.7335 441.9633 966.8400
v 1548.2643 442.0155 965.2511
v 1551.8936 442.0155 965.8288
v 1548.4190 442.0677 964.2867
v 1552.0405 442.0677 964.8167
v 1548.5619 442.1199 963.3189
v 1552.1750 442.1199 963.8045
v 1548.6941 442.1721 962.3476
v 1552.2980 442.1721 962.7926
v 1548.8163 442.2243 961.3736
v 1552.4107 442.2243 961.7808
v 1548.9287 442.2765 960.3979
v 1552.5136 442.2765 960.7686
v 1549.0314 442.3286 959.4201
v 1552.6070 442.3286 959.7564
v 1549.1253 442.3808 958.4402
v 1552.6915 442.3808 958.7446
v 1549.2106 442.4330 957.4585
v 1552.7679 442.4330 957.7331
v 1549.2878 442.4852 956.4755
v 1552.8367 442.4852 956.7216
v 1549.3571 442.5373 955.4917
v 1552.8981 442.5373 955.7100
v 1549.4183 442.5895 954.5070
v 1552.9523 442.5895 954.6983
v 1549.4719 442.6416 953.5212
v 1552.9995 442.6416 953.6868
v 1549.5181 442.6937 952.5349
v 1553.0401 442.6937 952.6752
v 1549.5567 442.7458 951.5485
v 1553.0739 442.7458 951.6631
v 1549.5876 442.7979 950.5621
v 1553.1009 442.7979 950.6506
v 1549.6107 442.8500 949.5756
v 1553.1206 442.8500 949.6378
v 1549.6261 442.9021 948.5891
v 1553.1332 442.9021 948.6247
v 1549.6336 442.9541 947.6028
v 1553.1383 442.9541 947.6113
v 1549.6331 443.0062 946.6169
v 1553.1359 443.0062 946.5975
v 1549.6243 443.0582 945.6313
v 1553.1256 443.0582 945.5835
v 1549.6071 443.1102 944.6459
v 1553.1073 443.1102 944.5694
v 1549.5817 443.1621 943.6606
v 1553.0809 443.1621 943.5557
v 1549.5482 443.2141 942.6757
v 1553.0464 443.2141 942.5420
v 1549.5064 443.2660 941.6917
v 1553.0033 443.2660 941.5281
v 1549.4561 443.3180 940.7084
v 1552.9515 443.3180 940.5143
v 1549.3973 443.3699 939.7256
v 1552.8908 443.3699 939.5011
v 1549.3298 443.4217 938.7433
v 1552.8213 443.4217 938.4884
v 1549.2539 443.4736 937.7618
v 1552.7430 443.4736 937.4761
v 1549.1692 443.5253 936.7815
v 1552.6556 443.5253 936.4642
v 1549.0755 443.5771 935.8020
v 1552.5589 443.5771 935.4531
v 1548.9730 443.6288 934.8228
v 1552.4532 443.6288 934.4435
v 1548.8622 443.6805 933.8442
v 1552.3389 443.6805 933.4351
v 1548.7428 443.7322 932.8664
v 1552.2160 443.7322 932.4280
v 1548.6154 443.7838 931.8889
v 1552.0849 443.7838 931.4226
v 1548.4801 443.8354 930.9118
v 1551.9460 443.8354 930.4188
v 1548.3375 443.8870 929.9349
v 1551.7997 443.8870 929.4169
v 1548.1879 443.9385 928.9584
v 1551.6464 443.9385 928.4166
v 1548.0317 443.9900 927.9825
v 1551.4864 443.9900 927.4179
v 1547.8692 444.0414 927.0071
v 1551.3201 444.0414 926.4207
v 1547.7005 444.0928 926.0321
v 1551.1477 444.0928 925.4252
v 1547.5260 444.1442 925.0572
v 1550.9697 444.1442 924.4315
v 1547.3462 444.1956 924.0821
v 1550.7868 444.1956 923.4399
v 1547.1619 444.2469 923.1062
v 1550.5999 444.2469 922.4507
v 1546.9739 444.2981 922.1293
v 1550.4100 444.2981 921.4636
v 1546.7832 444.3493 921.1515
v 1550.2178 444.3493 920.4784
v 1546.5904 444.4005 920.1725
v 1550.0243 444.4005 919.4951
v 1546.3967 444.4516 919.1922
v 1549.8302 444.4516 918.5133
v 1546.2026 444.5027 918.2107
v 1549.6363 444.5027 917.5329
v 1546.0089 444.5537 917.2279
v 1549.4433 444.5537 916.5534
v 1545.8163 444.6047 916.2440
v 1549.2517 444.6047 915.5745
v 1545.6252 444.6557 915.2588
v 1549.0620 444.6557 914.5963
v 1545.4362 444.7067 914.2724
v 1548.8746 444.7067 913.6185
v 1545.2498 444.7576 913.2847
v 1548.6901 444.7576 912.6409
v 1545.0664 444.8084 912.2962
v 1548.5087 444.8084 911.6631
v 1544.8861 444.8593 911.3071
v 1548.3303 444.8593 910.6846
v 1544.7088 444.9100 910.3178
v 1548.1548 444.9100 909.7053
v 1544.5344 444.9608 909.3285
v 1547.9820 444.9608 908.7250
v 1544.3625 445.0115 908.3390
v 1547.8115 445.0115 907.7440
v 1544.1930 445.0621 907.3494
v 1547.6434 445.0621 906.7624
v 1544.0258 445.1127 906.3601
v 1547.4773 445.1127 905.7797
v 1543.8603 445.1633 905.3709
v 1547.3128 445.1633 904.7963
v 1543.6966 445.2138 904.3816
v 1547.1500 445.2138 903.8124
v 1543.5343 445.2643 903.3927
v 1546.9884 445.2643 902.8277
v 1543.3731 445.3147 902.4044
v 1546.8277 445.3147 901.8421
v 1543.2127 445.3652 901.4169
v 1546.6674 445.3652 900.8555
v 1543.0524 445.4155 900.4302
v 1546.5069 445.4155 899.8681
v 1542.8917 445.4659 899.4444
v 1546.3459 445.4659 898.8799
v 1542.7303 445.5162 898.4596
v 1546.1839 445.5162 897.8911
v 1542.5677 445.5664 897.4762
v 1546.0202 445.5664 896.9013
v 1542.4031 445.6166 896.4942
v 1545.8541 445.6166 895.9108
v 1542.2359 445.6668 895.5134
v 1545.6853 445.6668 894.9201
v 1542.0658 445.7169 894.5334
v 1545.5133 445.7169 893.9296
v 1541.8927 445.7670 893.5539
v 1545.3384 445.7670 892.9397
v 1541.7166 445.8170 892.5742
v 1545.1606 445.8170 891.9510
v 1541.5380 445.8670 891.5936
v 1544.9809 445.8670 890.9640
v 1541.3577 445.9169 890.6119
v 1544.7999 445.9169 889.9787
v 1541.1765 445.9668 889.6285
v 1544.6188 445.9668 888.9951
v 1540.9955 446.0167 888.6435
v 1544.4383 446.0167 888.0130
v 1540.8155 446.0665 887.6574
v 1544.2592 446.0665 887.0317
v 1540.6370 446.1162 886.6701
v 1544.0818 446.1162 886.0510
v 1540.4606 446.1660 885.6822
v 1543.9066 446.1660 885.0700
v 1540.2860 446.2157 884.6945
v 1543.7331 446.2157 884.0883
v 1540.1131 446.2653 883.7067
v 1543.5612 446.2653 883.1060
v 1539.9418 446.3149 882.7188
v 1543.3908 446.3149 882.1233
v 1539.7719 446.3644 881.7308
v 1543.2217 446.3644 881.1402
v 1539.6035 446.4139 880.7425
v 1543.0541 446.4139 880.1570
v 1539.4364 446.4633 879.7538
v 1542.8880 446.4633 879.1736
v 1539.2709 446.5127 878.7645
v 1542.7235 446.5127 878.1903
v 1539.1072 446.5620 877.7742
v 1542.5610 446.5620 877.2074
v 1538.9457 446.6113 876.7829
v 1542.4009 446.6113 876.2248
v 1538.7868 446.6605 875.7906
v 1542.2436 446.6605 875.2424
v 1538.6308 446.7097 874.7970
v 1542.0894 446.7097 874.2602
v 1538.4782 446.7588 873.8021
v 1541.9388 446.7588 873.2782
v 1538.3294 446.8079 872.8062
v 1541.7921 446.8079 872.2962
v 1538.1847 446.8569 871.8094
v 1541.6494 446.8569 871.3138
v 1538.0441 446.9058 870.8117
v 1541.5110 446.9058 870.3311
v 1537.9072 446.9547 869.8136
v 1541.3776 446.9547 869.3476
v 1537.7735 447.0035 868.8156
v 1541.2493 447.0035 868.3630
v 1537.6426 447.0523 867.8180
v 1541.1257 447.0523 867.3769
v 1537.5140 447.1009 866.8210
v 1541.0062 447.1009 866.3894
v 1537.3875 447.1495 865.8245
v 1540.8903 447.1495 865.4007
v 1537.2625 447.1980 864.8293
v 1540.7773 447.1980 864.4101
v 1537.1381 447.2464 863.8359
v 1540.6659 447.2464 863.4174
v 1537.0134 447.2949 862.8442
v 1540.5551 447.2949 862.4231
v 1536.8877 447.3432 861.8542
v 1540.4440 447.3432 861.4271
v 1536.7603 447.3915 860.8666
v 1540.3313 447.3915 860.4292
v 1536.6300 447.4398 859.8826
v 1540.2154 447.4398 859.4285
v 1536.4951 447.4880 858.9029
v 1540.0938 447.4880 858.4249
v 1536.3538 447.5361 857.9274
v 1539.9649 447.5361 857.4190
v 1536.2049 447.5841 856.9569
v 1539.8264 447.5841 856.4107
v 1536.0463 447.6320 855.9921
v 1539.6761 447.6320 855.4002
v 1535.8764 447.6800 855.0336
v 1539.5115 447.6800 854.3877
v 1535.6930 447.7278 854.0818
v 1539.3301 447.7278 853.3742
v 1535.4944 447.7755 853.1361
v 1539.1301 447.7755 852.3615
v 1535.2798 447.8233 852.1967
v 1538.9103 447.8233 851.3503
v 1535.0481 447.8709 851.2643
v 1538.6691 447.8709 850.3413
v 1534.7980 447.9185 850.3392
v 1538.4051 447.9185 849.3357
v 1534.5286 447.9661 849.4210
v 1538.1177 447.9661 848.3353
v 1534.2395 448.0135 848.5093
v 1537.8068 448.0135 847.3415
v 1533.9306 448.0609 847.6041
v 1537.4726 448.0609 846.3552
v 1533.6021 448.1083 846.7051
v 1537.1157 448.1083 845.3777
v 1533.2543 448.1556 845.8122
v 1536.7369 448.1556 844.4095
v 1532.8879 448.2028 844.9251
v 1536.3370 448.2028 843.4512
v 1532.5035 448.2500 844.0433
v 1535.9173 448.2500 842.5035
v 1532.1024 448.2971 843.1672
v 1535.4792 448.2971 841.5659
v 1531.6850 448.3442 842.2970
v 1535.0233 448.3442 840.6384
v 1531.2519 448.3912 841.4319
v 1534.5511 448.3912 839.7215
v 1530.8042 448.4381 840.5717
v 1534.0642 448.4381 838.8148
v 1530.3426 448.4849 839.7162
v 1533.5639 448.4849 837.9180
v 1529.8681 448.5317 838.8648
v 1533.0515 448.5317 837.0307
v 1529.3817 448.5785 838.0174
v 1532.5286 448.5785 836.1522
v 1528.8840 448.6252 837.1730
v 1531.9968 448.6252 835.2825
v 1528.3762 448.6719 836.3303
v 1531.4582 448.6719 834.4211
v 1527.8602 448.7185 835.4893
v 1530.9144 448.7185 833.5663
v 1527.3371 448.7651 834.6499
v 1530.3663 448.7651 832.7170
v 1526.8079 448.8116 833.8113
v 1529.8153 448.8116 831.8726
v 1526.2736 448.8580 832.9729
v 1529.2627 448.8580 831.0321
v 1525.7354 448.9044 832.1343
v 1528.7095 448.9044 830.1948
v 1525.1947 448.9508 831.2953
v 1528.1567 448.9508 829.3592
v 1524.6522 448.9971 830.4565
v 1527.6042 448.9971 828.5244
v 1524.1078 449.0434 829.6174
v 1527.0531 449.0434 827.6902
v 1523.5622 449.0896 828.7777
v 1526.5040 449.0896 826.8561
v 1523.0159 449.1358 827.9371
v 1525.9574 449.1358 826.0217
v 1522.4694 449.1819 827.0949
v 1525.4142 449.1819 825.1869
v 1521.9235 449.2280 826.2506
v 1524.8749 449.2280 824.3513
v 1521.3788 449.2740 825.4039
v 1524.3401 449.2740 823.5144
v 1520.8368 449.3199 824.5536
v 1523.8101 449.3199 822.6764
v 1520.2984 449.3659 823.6995
v 1523.2852 449.3659 821.8367
v 1519.7644 449.4117 822.8411
v 1522.7659 449.4117 820.9951
v 1519.2354 449.4575 821.9781
v 1522.2529 449.4575 820.1513
v 1518.7123 449.5032 821.1102
v 1521.7466 449.5032 819.3047
v 1518.1956 449.5489 820.2370
v 1521.2476 449.5489 818.4553
v 1517.6861 449.5945 819.3583
v 1520.7565 449.5945 817.6027
v 1517.1845 449.6400 818.4739
v 1520.2737 449.6400 816.7467
v 1516.6912 449.6854 817.5831
v 1519.7998 449.6854 815.8874
v 1516.2076 449.7307 816.6862
v 1519.3355 449.7307 815.0237
v 1515.7339 449.7760 815.7838
v 1518.8804 449.7760 814.1555
v 1515.2703 449.8212 814.8754
v 1518.4351 449.8212 813.2830
v 1514.8168 449.8664 813.9613
v 1518.0001 449.8664 812.4059
v 1514.3741 449.9114 813.0413
v 1517.5758 449.9114 811.5242
v 1513.9424 449.9564 812.1161
v 1517.1621 449.9564 810.6376
v 1513.5222 450.0013 811.1861
v 1516.7590 450.0013 809.7456
v 1513.1126 450.0461 810.2514
v 1516.3661 450.0461 808.8489
v 1512.7142 450.0908 809.3119
v 1515.9840 450.0908 807.9477
v 1512.3269 450.1355 808.3682
v 1515.6121 450.1355 807.0417
v 1511.9510 450.1800 807.4209
v 1515.2500 450.1800 806.1307
v 1511.5859 450.2245 806.4707
v 1514.8967 450.2245 805.2149
v 1511.2309 450.2688 805.5176
v 1514.5518 450.2688 804.2948
v 1510.8855 450.3132 804.5618
v 1514.2153 450.3132 803.3709
v 1510.5493 450.3574 803.6040
v 1513.8865 450.3574 802.4428
v 1510.2216 450.4015 802.6445
v 1513.5648 450.4015 801.5110
v 1509.9018 450.4456 801.6834
v 1513.2498 450.4456 800.5757
v 1509.5891 450.4896 800.7210
v 1512.9411 450.4896 799.6373
v 1509.2829 450.5336 799.7571
v 1512.6383 450.5336 798.6963
v 1508.9831 450.5775 798.7920
v 1512.3414 450.5775 797.7527
v 1508.6891 450.6214 797.8261
v 1512.0498 450.6214 796.8064
v 1508.4003 450.6652 796.8596
v 1511.7630 450.6652 795.8576
v 1508.1161 450.7088 795.8928
v 1511.4805 450.7088 794.9065
v 1507.8361 450.7525 794.9259
v 1511.2019 450.7525 793.9530
v 1507.5593 450.7961 793.9591
v 1510.9266 450.7961 792.9976
v 1507.2855 450.8396 792.9924
v 1510.6542 450.8396 792.0403
v 1507.0139 450.8830 792.0260
v 1510.3841 450.8830 791.0816
v 1506.7442 450.9264 791.0594
v 1510.1163 450.9264 790.1217
v 1506.4764 450.9698 790.0926
v 1509.8501 450.9698 789.1611
v 1506.2103 451.0131 789.1257
v 1509.5856 451.0131 788.1997
v 1505.9458 451.0563 788.1587
v 1509.3224 451.0563 787.2376
v 1505.6827 451.0995 787.1913
v 1509.0606 451.0995 786.2752
v 1505.4210 451.1427 786.2235
v 1508.8003 451.1427 785.3122
v 1505.1607 451.1858 785.2557
v 1508.5411 451.1858 784.3487
v 1504.9017 451.2287 784.2878
v 1508.2831 451.2287 783.3846
v 1504.6436 451.2717 783.3201
v 1508.0259 451.2717 782.4198
v 1504.3865 451.3146 782.3524
v 1507.7694 451.3146 781.4547
v 1504.1301 451.3575 781.3847
v 1507.5135 451.3575 780.4891
v 1503.8742 451.4003 780.4172
v 1507.2581 451.4003 779.5230
v 1503.6188 451.4431 779.4500
v 1507.0028 451.4431 778.5565
v 1503.3636 451.4858 778.4829
v 1506.7477 451.4858 777.5898
v 1503.1084 451.5285 777.5159
v 1506.4926 451.5285 776.6230
v 1502.8533 451.5711 776.5489
v 1506.2375 451.5711 775.6562
v 1502.5982 451.6138 775.5818
v 1505.9826 451.6138 774.6894
v 1502.3433 451.6563 774.6146
v 1505.7277 451.6563 773.7226
v 1502.0884 451.6988 773.6473
v 1505.4730 451.6988 772.7559
v 1501.8338 451.7413 772.6801
v 1505.2185 451.7413 771.7890
v 1501.5792 451.7837 771.7129
v 1504.9639 451.7837 770.8221
v 1501.3247 451.8261 770.7457
v 1504.7095 451.8261 769.8552
v 1501.0703 451.8685 769.7784
v 1504.4552 451.8685 768.8883
v 1500.8159 451.9108 768.8111
v 1504.2009 451.9108 767.9213
v 1500.5618 451.9530 767.8442
v 1503.9467 451.9530 766.9539
v 1500.3075 451.9952 766.8777
v 1503.6920 451.9952 765.9863
v 1500.0527 452.0374 765.9113
v 1503.4370 452.0374 765.0187
v 1499.7978 452.0795 764.9452
v 1503.1816 452.0795 764.0510
v 1499.5423 452.1216 763.9797
v 1502.9255 452.1216 763.0831
v 1499.2862 452.1636 763.0149
v 1502.6685 452.1636 762.1148
v 1499.0290 452.2056 762.0508
v 1502.4102 452.2056 761.1465
v 1498.7706 452.2475 761.0871
v 1502.1506 452.2475 760.1784
v 1498.5110 452.2895 760.1237
v 1501.8898 452.2895 759.2108
v 1498.2501 452.3314 759.1607
v 1501.6278 452.3314 758.2434
v 1497.9880 452.3732 758.1981
v 1501.3644 452.3732 757.2762
v 1497.7245 452.4151 757.2356
v 1501.0998 452.4151 756.3097
v 1497.4599 452.4569 756.2729
v 1500.8343 452.4569 755.3439
v 1497.1944 452.4986 755.3099
v 1500.5682 452.4986 754.3788
v 1496.9282 452.5403 754.3465
v 1500.3018 452.5403 753.4144
v 1496.6619 452.5819 753.3827
v 1500.0355 452.5819 752.4505
v 1496.3955 452.6236 752.4184
v 1499.7693 452.6236 751.4870
v 1496.1293 452.6652 751.4533
v 1499.5037 452.6652 750.5242
v 1495.8637 452.7068 750.4873
v 1499.2391 452.7068 749.5616
v 1495.5992 452.7484 749.5207
v 1498.9758 452.7484 748.5992
v 1495.3360 452.7900 748.5535
v 1498.7137 452.7900 747.6366
v 1495.0741 452.8316 747.5860
v 1498.4531 452.8316 746.6736
v 1494.8135 452.8732 746.6183
v 1498.1936 452.8732 745.7101
v 1494.5540 452.9147 745.6504
v 1497.9352 452.9147 744.7462
v 1494.2958 452.9563 744.6825
v 1497.6779 452.9563 743.7817
v 1494.0385 452.9978 743.7148
v 1497.4212 452.9978 742.8166
v 1493.7819 453.0394 742.7470
v 1497.1653 453.0394 741.8512
v 1493.5259 453.0809 741.7791
v 1496.9099 453.0809 740.8855
v 1493.2706 453.1224 740.8108
v 1496.6553 453.1224 739.9200
v 1493.0161 453.1639 739.8418
v 1496.4018 453.1639 738.9546
v 1492.7626 453.2054 738.8723
v 1496.1493 453.2054 737.9891
v 1492.5102 453.2468 737.9020
v 1495.8982 453.2468 737.0239
v 1492.2594 453.2883 736.9307
v 1495.6490 453.2883 736.0587
v 1492.0103 453.3298 735.9586
v 1495.4016 453.3298 735.0934
v 1491.7631 453.3713 734.9857
v 1495.1564 453.3713 734.1279
v 1491.5182 453.4128 734.0120
v 1494.9134 453.4128 733.1620
v 1491.2755 453.4542 733.0379
v 1494.6726 453.4542 732.1955
v 1491.0350 453.4956 732.0633
v 1494.4339 453.4956 731.2283
v 1490.7966 453.5371 731.0884
v 1494.1972 453.5371 730.2605
v 1490.5602 453.5786 730.1134
v 1493.9624 453.5786 729.2918
v 1490.3256 453.6200 729.1381
v 1493.7293 453.6200 728.3226
v 1490.0923 453.6615 728.1626
v 1493.4983 453.6615 727.3527
v 1489.8601 453.7030 727.1871
v 1493.2694 453.7030 726.3821
v 1489.6290 453.7445 726.2112
v 1493.0425 453.7445 725.4112
v 1489.3991 453.7859 725.2346
v 1492.8178 453.7859 724.4402
v 1489.1706 453.8274 724.2572
v 1492.5954 453.8274 723.4691
v 1488.9439 453.8689 723.2782
v 1492.3760 453.8689 722.4985
v 1488.7197 453.9103 722.2975
v 1492.1602 453.9103 721.5283
v 1488.4987 453.9518 721.3148
v 1491.9485 453.9518 720.5584
v 1488.2816 453.9933 720.3294
v 1491.7418 453.9933 719.5893
v 1488.0695 454.0347 719.3409
v 1491.5411 454.0347 718.6210
v 1487.8638 454.0761 718.3492
v 1491.3475 454.0761 717.6532
v 1487.6653 454.1175 717.3546
v 1491.1617 454.1175 716.6854
v 1487.4750 454.1589 716.3567
v 1490.9845 454.1589 715.7177
v 1487.2939 454.2003 715.3552
v 1490.8168 454.2003 714.7503
v 1487.1231 454.2417 714.3504
v 1490.6596 454.2417 713.7827
v 1486.9634 454.2830 713.3424
v 1490.5135 454.2830 712.8148
v 1486.8157 454.3244 712.3317
v 1490.3792 454.3244 711.8461
v 1486.6802 454.3658 711.3184
v 1490.2568 454.3658 710.8769
v 1486.5576 454.4071 710.3017
v 1490.1473 454.4071 709.9078
v 1486.4492 454.4484 709.2827
v 1490.0516 454.4484 708.9381
v 1486.3548 454.4897 708.2624
v 1489.9693 454.4897 707.9670
v 1486.2744 454.5310 707.2404
v 1489.9007 454.5310 706.9955
v 1486.2085 454.5722 706.2171
v 1489.8463 454.5722 706.0233
v 1486.1568 454.6135 705.1934
v 1489.8057 454.6135 705.0500
v 1486.1190 454.6548 704.1691
v 1489.7788 454.6548 704.0761
v 1486.0957 454.6961 703.1449
v 1489.7651 454.6961 703.1014
v 1486.0863 454.7374 702.1207
v 1489.7641 454.7374 702.1264
v 1486.0911 454.7786 701.0962
v 1489.7760 454.7786 701.1517
v 1486.1099 454.8198 700.0723
v 1489.8009 454.8198 700.1769
v 1486.1422 454.8611 699.0492
v 1489.8382 454.8611 699.2019
v 1486.1880 454.9024 698.0266
v 1489.8878 454.9024 698.2275
v 1486.2474 454.9437 697.0048
v 1489.9498 454.9437 697.2537
v 1486.3201 454.9850 695.9842
v 1490.0240 454.9850 696.2803
v 1486.4060 455.0263 694.9646
v 1490.1100 455.0263 695.3079
v 1486.5053 455.0677 693.9460
v 1490.2079 455.0677 694.3370
v 1486.6182 455.1090 692.9283
v 1490.3178 455.1090 693.3678
v 1486.7452 455.1504 691.9111
v 1490.4396 455.1504 692.4014
v 1486.8877 455.1918 690.8943
v 1490.5742 455.1918 691.4383
v 1487.0463 455.2332 689.8786
v 1490.7222 455.2332 690.4786
v 1487.2219 455.2746 688.8645
v 1490.8840 455.2746 689.5225
v 1487.4152 455.3160 687.8528
v 1491.0602 455.3160 688.5698
v 1487.6262 455.3575 686.8437
v 1491.2513 455.3575 687.6210
v 1487.8548 455.3991 685.8376
v 1491.4586 455.3991 686.6766
v 1488.1014 455.4406 684.8352
v 1491.6825 455.4406 685.7364
v 1488.3659 455.4822 683.8373
v 1491.9230 455.4822 684.8005
v 1488.6485 455.5238 682.8441
v 1492.1801 455.5238 683.8693
v 1488.9491 455.5654 681.8565
v 1492.4541 455.5654 682.9426
v 1489.2672 455.6071 680.8752
v 1492.7445 455.6071 682.0203
v 1489.6022 455.6489 679.9007
v 1493.0513 455.6489 681.1018
v 1489.9521 455.6906 678.9333
v 1493.3742 455.6906 680.1869
v 1490.3150 455.7324 677.9727
v 1493.7136 455.7324 679.2759
v 1490.6896 455.7742 677.0189
v 1494.0681 455.7742 678.3682
v 1491.0745 455.8161 676.0719
v 1494.4371 455.8161 677.4634
v 1491.4678 455.8581 675.1314
v 1494.8189 455.8581 676.5607
v 1491.8681 455.9000 674.1971
v 1495.2124 455.9000 675.6598
v 1492.2731 455.9421 673.2687
v 1495.6162 455.9421 674.7593
v 1492.6808 455.9841 672.3458
v 1496.0285 455.9841 673.8582
v 1493.0883 456.0262 671.4282
v 1496.4476 456.0262 672.9546
v 1493.4928 456.0684 670.5153
v 1496.8712 456.0684 672.0471
v 1493.8912 456.1106 669.6062
v 1497.2965 456.1106 671.1338
v 1494.2806 456.1528 668.6992
v 1497.7204 456.1528 670.2139
v 1494.6589 456.1951 667.7932
v 1498.1404 456.1951 669.2867
v 1495.0240 456.2375 666.8863
v 1498.5535 456.2375 668.3519
v 1495.3747 456.2799 665.9774
v 1498.9580 456.2799 667.4097
v 1495.7091 456.3223 665.0666
v 1499.3523 456.3223 666.4590
v 1496.0254 456.3648 664.1538
v 1499.7345 456.3648 665.4990
v 1496.3223 456.4073 663.2389
v 1500.1021 456.4073 664.5289
v 1496.5982 456.4499 662.3232
v 1500.4525 456.4499 663.5472
v 1496.8508 456.4925 661.4065
v 1500.7829 456.4925 662.5532
v 1497.0780 456.5352 660.4906
v 1501.0910 456.5352 661.5452
v 1497.2759 456.5780 659.5766
v 1501.3725 456.5780 660.5214
v 1497.4428 456.6207 658.6627
v 1501.6232 456.6207 659.4841
v 1497.5772 456.6635 657.7496
v 1501.8405 456.6635 658.4337
v 1497.6772 456.7063 656.8374
v 1502.0208 456.7063 657.3714
v 1497.7430 456.7492 655.9259
v 1502.1613 456.7492 656.2996
v 1497.7746 456.7921 655.0175
v 1502.2593 456.7921 655.2188
v 1497.7711 456.8351 654.1115
v 1502.3120 456.8351 654.1320
v 1497.7328 456.8780 653.2074
v 1502.3191 456.8780 653.0431
v 1497.6599 456.9211 652.3077
v 1502.2806 456.9211 651.9529
v 1497.5521 456.9642 651.4145
v 1502.1948 456.9642 650.8625
v 1497.4095 457.0073 650.5295
v 1502.0605 457.0073 649.7743
v 1497.2322 457.0504 649.6554
v 1501.8760 457.0504 648.6892
v 1497.0195 457.0936 648.7937
v 1501.6392 457.0936 647.6106
v 1496.7713 457.1369 647.9455
v 1501.3492 457.1369 646.5422
v 1496.4876 457.1802 647.1130
v 1501.0047 457.1802 645.4865
v 1496.1677 457.2235 646.2971
v 1500.6050 457.2235 644.4474
v 1495.8120 457.2669 645.5007
v 1500.1497 457.2669 643.4271
v 1495.4199 457.3104 644.7257
v 1499.6376 457.3104 642.4308
v 1494.9905 457.3540 643.9709
v 1499.0709 457.3540 641.4644
v 1494.5248 457.3976 643.2384
v 1498.4517 457.3976 640.5307
v 1494.0237 457.4413 642.5300
v 1497.7813 457.4413 639.6329
v 1493.4890 457.4851 641.8480
v 1497.0608 457.4851 638.7734
v 1492.9197 457.5290 641.1935
v 1496.2926 457.5290 637.9574
v 1492.3141 457.5731 640.5636
v 1495.4836 457.5731 637.1895
v 1491.6762 457.6174 639.9602
v 1494.6378 457.6174 636.4681
v 1491.0075 457.6618 639.3866
v 1493.7567 457.6618 635.7938
v 1490.3065 457.7066 638.8425
v 1492.8475 457.7066 635.1678
v 1489.5752 457.7517 638.3274
v 1491.9150 457.7517 634.5890
v 1488.8149 457.7973 637.8409
v 1490.9632 457.7973 634.0566
v 1488.0281 457.8435 637.3816
v 1489.9970 457.8435 633.5678
v 1487.2162 457.8904 636.9486
v 1489.0197 457.8904 633.1201
v 1486.3714 457.9391 636.5507
v 1488.0447 457.9391 632.6988
v 1485.4982 457.9868 636.1661
v 1487.0757 457.9868 632.3119
v 1484.5985 458.0098 635.7859
v 1486.1197 458.0098 631.9500
v 1483.6778 458.0329 635.4020
v 1485.1798 458.0329 631.6023
v 1482.7436 458.0561 635.0075
v 1484.2566 458.0561 631.2587
v 1481.8108 458.0795 634.6010
v 1483.3404 458.0795 630.9075
v 1480.9061 458.1030 634.1974
v 1482.4020 458.1030 630.5398
v 1479.9974 458.1267 633.8093
v 1481.4612 458.1267 630.1889
v 1479.2217 458.1506 633.4669
v 1480.7201 458.1506 629.9109
v 1478.7824 458.1747 633.2511
v 1480.2987 458.1747 629.7533
v 1478.3880 458.1992 633.0551
v 1479.8549 458.1992 629.5862
v 1478.0094 458.2240 632.8743
v 1479.4288 458.2240 629.4349
f 1 2 4 3
f 3 4 6 5
f 5 6 8 7
f 7 8 10 9
f 9 10 12 11
f 11 12 14 13
f 13 14 16 15
f 15 16 18 17
f 17 18 20 19
f 19 20 22 21
f 21 22 24 23
f 23 24 26 25
f 25 26 28 27
f 27 28 30 29
f 29 30 32 31
f 31 32 34 33
f 33 34 36 35
f 35 36 38 37
f 37 38 40 39
f 39 40 42 41
f 41 42 44 43
f 43 44 46 45
f 45 46 48 47
f 47 48 50 49
f 49 50 52 51
f 51 52 54 53
f 53 54 56 55
f 55 56 58 57
f 57 58 60 59
f 59 60 62 61
f 61 62 64 63
f 63 64 66 65
f 65 66 68 67
f 67 68 70 69
f 69 70 72 71
f 71 72 74 73
f 73 74 76 75
f 75 76 78 77
f 77 78 80 79
f 79 80 82 81
f 81 82 84 83
f 83 84 86 85
f 85 86 88 87
f 87 88 90 89
f 89 90 92 91
f 91 92 94 93
f 93 94 96 95
f 95 96 98 97
f 97 98 100 99
f 99 100 102 101
f 101 102 104 103
f 103 104 106 105
f 105 106 108 107
f 107 108 110 109
f 109 110 112 111
f 111 112 114 113
f 113 114 116 115
f 115 116 118 117
f 117 118 120 119
f 119 120 122 121
f 121 122 124 123
f 123 124 126 125
f 125 126 128 127
f 127 128 130 129
f 129 130 132 131
f 131 132 134 133
f 133 134 136 135
f 135 136 138 137
f 137 138 140 139
f 139 140 142 141
f 141 142 144 143
f 143 144 146 145
f 145 146 148 147
f 147 148 150 149
f 149 150 152 151
f 151 152 154 153
f 153 154 156 155
f 155 156 158 157
f 157 158 160 159
f 159 160 162 161
f 161 162 164 163
f 163 164 166 165
f 165 166 168 167
f 167 168 170 169
f 169 170 172 171
f 171 172 174 173
f 173 174 176 175
f 175 176 178 177
f 177 178 180 179
f 179 180 182 181
f 181 182 184 183
f 183 184 186 185
f 185 186 188 187
f 187 188 190 189
f 189 190 192 191
f 191 192 194 193
f 193 194 196 195
f 195 196 198 197
f 197 198 200 199
f 199 200 202 201
f 201 202 204 203
f 203 204 206 205
f 205 206 208 207
f 207 208 210 209
f 209 210 212 211
f 211 212 214 213
f 213 214 216 215
f 215 216 218 217
f 217 218 220 219
f 219 220 222 221
f 221 222 224 223
f 223 224 226 225
f 225 226 228 227
f 227 228 230 229
f 229 230 232 231
f 231 232 234 233
f 233 234 236 235
f 235 236 238 237
f 237 238 240 239
f 239 240 242 241
f 241 242 244 243
f 243 244 246 245
f 245 246 248 247
f 247 248 250 249
f 249 250 252 251
f 251 252 254 253
f 253 254 256 255
f 255 256 258 257
f 257 258 260 259
f 259 260 262 261
f 261 262 264 263
f 263 264 266 265
f 265 266 268 267
f 267 268 270 269
f 269 270 272 271
f 271 272 274 273
f 273 274 276 275
f 275 276 278 277
f 277 278 280 279
f 279 280 282 281
f 281 282 284 283
f 283 284 286 285
f 285 286 288 287
f 287 288 290 289
f 289 290 292 291
f 291 292 294 293
f 293 294 296 295
f 295 296 298 297
f 297 298 300 299
f 299 300 302 301
f 301 302 304 303
f 303 304 306 305
f 305 306 308 307
f 307 308 310 309
f 309 310 312 311
f 311 312 314 313
f 313 314 316 315
f 315 316 318 317
f 317 318 320 319
f 319 320 322 321
f 321 322 324 323
f 323 324 326 325
f 325 326 328 327
f 327 328 330 329
f 329 330 332 331
f 331 332 334 333
f 333 334 336 335
f 335 336 338 337
f 337 338 340 339
f 339 340 342 341
f 341 342 344 343
f 343 344 346 345
f 345 346 348 347
f 347 348 350 349
f 349 350 352 351
f 351 352 354 353
f 353 354 356 355
f 355 356 358 357
f 357 358 360 359
f 359 360 362 361
f 361 362 364 363
f 363 364 366 365
f 365 366 368 367
f 367 368 370 369
f 369 370 372 371
f 371 372 374 373
f 373 374 376 375
f 375 376 378 377
f 377 378 380 379
f 379 380 382 381
f 381 382 384 383
f 383 384 386 385
f 385 386 388 387
f 387 388 390 389
f 389 390 392 391
f 391 392 394 393
f 393 394 396 395
f 395 396 398 397
f 397 398 400 399
f 399 400 402 401
f 401 402 404 403
f 403 404 406 405
f 405 406 408 407
f 407 408 410 409
f 409 410 412 411
f 411 412 414 413
f 413 414 416 415
f 415 416 418 417
f 417 418 420 419
f 419 420 422 421
f 421 422 424 423
f 423 424 426 425
f 425 426 428 427
f 427 428 430 429
f 429 430 432 431
f 431 432 434 433
f 433 434 436 435
f 435 436 438 437
f 437 438 440 439
f 439 440 442 441
f 441 442 444 443
f 443 444 446 445
f 445 446 448 447
f 447 448 450 449
f 449 450 452 451
f 451 452 454 453
f 453 454 456 455
f 455 456 458 457
f 457 458 460 459
f 459 460 462 461
f 461 462 464 463
f 463 464 466 465
f 465 466 468 467
f 467 468 470 469
f 469 470 472 471
f 471 472 474 473
f 473 474 476 475
f 475 476 478 477
f 477 478 480 479
f 479 480 482 481
f 481 482 484 483
f 483 484 486 485
f 485 486 488 487
f 487 488 490 489
f 489 490 492 491
f 491 492 494 493
f 493 494 496 495
f 495 496 498 497
f 497 498 500 499
f 499 500 502 501
f 501 502 504 503
f 503 504 506 505
f 505 506 508 507
f 507 508 510 509
f 509 510 512 511
f 511 512 514 513
f 513 514 516 515
f 515 516 518 517
f 517 518 520 519
f 519 520 522 521
f 521 522 524 523
f 523 524 526 525
f 525 526 528 527
f 527 528 530 529
f 529 530 532 531
f 531 532 534 533
f 533 534 536 535
f 535 536 538 537
f 537 538 540 539
f 539 540 542 541
f 541 542 544 543
f 543 544 546 545
f 545 546 548 547
f 547 548 550 549
f 549 550 552 551
f 551 552 554 553
f 553 554 556 555
f 555 556 558 557
f 557 558 560 559
f 559 560 562 561
f 561 562 564 563
f 563 564 566 565
f 565 566 568 567
f 567 568 570 569
f 569 570 572 571
f 571 572 574 573
f 573 574 576 575
f 575 576 578 577
f 577 578 580 579
f 579 580 582 581
f 581 582 584 583
f 583 584 586 585
f 585 586 588 587
f 587 588 590 589
f 589 590 592 591
f 591 592 594 593
f 593 594 596 595
f 595 596 598 597
f 597 598 600 599
f 599 600 602 601
f 601 602 604 603
f 603 604 606 605
f 605 606 608 607
f 607 608 610 609
f 609 610 612 611
f 611 612 614 613
f 613 614 616 615
f 615 616 618 617
f 617 618 620 619
f 619 620 622 621
f 621 622 624 623
f 623 624 626 625
f 625 626 628 627
f 627 628 630 629
f 629 630 632 631
f 631 632 634 633
f 633 634 636 635
f 635 636 638 637
f 637 638 640 639
f 639 640 642 641
f 641 642 644 643
f 643 644 646 645
f 645 646 648 647
f 647 648 650 649
f 649 650 652 651
f 651 652 654 653
f 653 654 656 655
f 655 656 658 657
f 657 658 660 659
f 659 660 662 661
f 661 662 664 663
f 663 664 666 665
f 665 666 668 667
f 667 668 670 669
f 669 670 672 671
f 671 672 674 673
f 673 674 676 675
f 675 676 678 677
f 677 678 680 679
f 679 680 682 681
f 681 682 684 683
f 683 684 686 685
f 685 686 688 687
f 687 688 690 689
f 689 690 692 691
f 691 692 694 693
f 693 694 696 695
f 695 696 698 697
f 697 698 700 699
f 699 700 702 701
f 701 702 704 703
f 703 704 706 705
f 705 706 708 707
f 707 708 710 709
f 709 710 712 711
f 711 712 714 713
f 713 714 716 715
f 715 716 718 717
f 717 718 720 719
f 719 720 722 721
f 721 722 724 723
f 723 724 726 725
f 725 726 728 727
f 727 728 730 729
f 729 730 732 731
f 731 732 734 733
f 733 734 736 735
f 735 736 738 737
f 737 738 740 739
f 739 740 742 741
f 741 742 744 743
f 743 744 746 745
f 745 746 748 747
f 747 748 750 749
f 749 750 752 751
f 751 752 754 753
f 753 754 756 755
f 755 756 758 757
f 757 758 760 759
f 759 760 762 761
f 761 762 764 763
f 763 764 766 765
f 765 766 768 767
f 767 768 770 769
f 769 770 772 771
f 771 772 774 773
f 773 774 776 775
f 775 776 778 777
f 777 778 780 779
f 779 780 782 781
f 781 782 784 783
f 783 784 786 785
f 785 786 788 787
f 787 788 790 789
f 789 790 792 791
f 791 792 794 793
f 793 794 796 795
f 795 796 798 797
f 797 798 800 799
f 799 800 802 801
f 801 802 804 803
f 803 804 806 805
f 805 806 808 807
f 807 808 810 809
f 809 810 812 811
f 811 812 814 813
f 813 814 816 815
f 815 816 818 817
f 817 818 820 819
f 819 820 822 821
f 821 822 824 823
f 823 824 826 825
f 825 826 828 827
f 827 828 830 829
f 829 830 832 831
f 831 832 834 833
f 833 834 836 835
f 835 836 838 837
f 837 838 840 839
f 839 840 842 841
f 841 842 844 843
f 843 844 846 845
f 845 846 848 847
f 847 848 850 849
f 849 850 852 851
f 851 852 854 853
f 853 854 856 855
f 855 856 858 857
f 857 858 860 859
f 859 860 862 861
f 861 862 864 863
f 863 864 866 865
f 865 866 868 867
f 867 868 870 869
f 869 870 872 871
f 871 872 874 873
f 873 874 876 875
f 875 876 878 877
f 877 878 880 879
f 879 880 882 881
f 881 882 884 883
f 883 884 886 885
f 885 886 888 887
f 887 888 890 889
f 889 890 892 891
f 891 892 894 893
f 893 894 896 895
f 895 896 898 897
f 897 898 900 899
f 899 900 902 901
f 901 902 904 903
f 903 904 906 905
f 905 906 908 907
f 907 908 910 909
f 909 910 912 911
f 911 912 914 913
f 913 914 916 915
f 915 916 918 917
f 917 918 920 919
f 919 920 922 921
f 921 922 924 923
f 923 924 926 925
f 925 926 928 927
f 927 928 930 929
f 929 930 932 931
f 931 932 934 933
f 933 934 936 935
f 935 936 938 937
f 937 938 940 939
f 939 940 942 941
f 941 942 944 943
f 943 944 946 945
f 945 946 948 947
f 947 948 950 949
f 949 950 952 951
f 951 952 954 953
f 953 954 956 955
f 955 956 958 957
f 957 958 960 959
f 959 960 962 961
f 961 962 964 963
f 963 964 966 965
f 965 966 968 967
f 967 968 970 969
f 969 970 972 971
f 971 972 974 973
f 973 974 976 975
f 975 976 978 977
f 977 978 980 979
f 979 980 982 981
f 981 982 984 983
f 983 984 986 985
f 985 986 988 987
f 987 988 990 989
f 989 990 992 991
f 991 992 994 993
f 993 994 996 995
f 995 996 998 997
f 997 998 1000 999
f 999 1000 1002 1001
f 1001 1002 1004 1003
f 1003 1004 1006 1005
f 1005 1006 1008 1007
f 1007 1008 1010 1009
f 1009 1010 1012 1011
f 1011 1012 1014 1013
f 1013 1014 1016 1015
f 1015 1016 1018 1017
f 1017 1018 1020 1019
f 1019 1020 1022 1021
f 1021 1022 1024 1023
f 1023 1024 1026 1025
f 1025 1026 1028 1027
f 1027 1028 1030 1029
f 1029 1030 1032 1031
f 1031 1032 1034 1033
f 1033 1034 1036 1035
f 1035 1036 1038 1037
f 1037 1038 1040 1039
f 1039 1040 1042 1041
f 1041 1042 1044 1043
f 1043 1044 1046 1045
f 1045 1046 1048 1047
f 1047 1048 1050 1049
f 1049 1050 1052 1051
f 1051 1052 1054 1053
f 1053 1054 1056 1055
f 1055 1056 1058 1057
f 1057 1058 1060 1059
f 1059 1060 1062 1061
f 1061 1062 1064 1063
f 1063 1064 1066 1065
f 1065 1066 1068 1067
f 1067 1068 1070 1069
f 1069 1070 1072 1071
f 1071 1072 1074 1073
f 1073 1074 1076 1075
f 1075 1076 1078 1077
f 1077 1078 1080 1079
f 1079 1080 1082 1081
f 1081 1082 1084 1083
f 1083 1084 1086 1085
f 1085 1086 1088 1087
f 1087 1088 1090 1089
f 1089 1090 1092 1091
f 1091 1092 1094 1093
f 1093 1094 1096 1095
f 1095 1096 1098 1097
f 1097 1098 1100 1099
f 1099 1100 1102 1101
f 1101 1102 1104 1103
f 1103 1104 1106 1105
f 1105 1106 1108 1107
f 1107 1108 1110 1109
f 1109 1110 1112 1111
f 1111 1112 1114 1113
f 1113 1114 1116 1115
f 1115 1116 1118 1117
f 1117 1118 1120 1119
f 1119 1120 1122 1121
f 1121 1122 1124 1123
f 1123 1124 1126 1125
f 1125 1126 1128 1127
f 1127 1128 1130 1129
f 1129 1130 1132 1131
f 1131 1132 1134 1133
f 1133 1134 1136 1135
f 1135 1136 1138 1137
f 1137 1138 1140 1139
f 1139 1140 1142 1141
f 1141 1142 1144 1143
f 1143 1144 1146 1145
f 1145 1146 1148 1147
f 1147 1148 1150 1149
f 1149 1150 1152 1151
f 1151 1152 1154 1153
f 1153 1154 1156 1155
f 1155 1156 1158 1157
f 1157 1158 1160 1159
f 1159 1160 1162 1161
f 1161 1162 1164 1163
f 1163 1164 1166 1165
f 1165 1166 1168 1167
f 1167 1168 1170 1169
f 1169 1170 1172 1171
f 1171 1172 1174 1173
f 1173 1174 1176 1175
f 1175 1176 1178 1177
f 1177 1178 1180 1179
f 1179 1180 1182 1181
f 1181 1182 1184 1183
f 1183 1184 1186 1185
f 1185 1186 1188 1187
f 1187 1188 1190 1189
f 1189 1190 1192 1191
f 1191 1192 1194 1193
f 1193 1194 1196 1195
f 1195 1196 1198 1197
f 1197 1198 1200 1199
f 1199 1200 1202 1201
f 1201 1202 1204 1203
f 1203 1204 1206 1205
f 1205 1206 1208 1207
f 1207 1208 1210 1209
f 1209 1210 1212 1211
f 1211 1212 1214 1213
f 1213 1214 1216 1215
f 1215 1216 1218 1217
f 1217 1218 1220 1219
f 1219 1220 1222 1221
f 1221 1222 1224 1223
f 1223 1224 1226 1225
f 1225 1226 1228 1227
f 1227 1228 1230 1229
f 1229 1230 1232 1231
f 1231 1232 1234 1233
f 1233 1234 1236 1235
f 1235 1236 1238 1237
f 1237 1238 1240 1239
f 1239 1240 1242 1241
f 1241 1242 1244 1243
f 1243 1244 1246 1245
f 1245 1246 1248 1247
f 1247 1248 1250 1249
f 1249 1250 1252 1251
f 1251 1252 1254 1253
f 1253 1254 1256 1255
f 1255 1256 1258 1257
f 1257 1258 1260 1259
f 1259 1260 1262 1261
f 1261 1262 1264 1263
f 1263 1264 1266 1265
f 1265 1266 1268 1267
f 1267 1268 1270 1269
f 1269 1270 1272 1271
f 1271 1272 1274 1273
f 1273 1274 1276 1275
f 1275 1276 1278 1277
f 1277 1278 1280 1279
f 1279 1280 1282 1281
f 1281 1282 1284 1283
f 1283 1284 1286 1285
f 1285 1286 1288 1287
f 1287 1288 1290 1289
f 1289 1290 1292 1291
f 1291 1292 1294 1293
f 1293 1294 1296 1295
f 1295 1296 1298 1297
f 1297 1298 1300 1299
f 1299 1300 1302 1301
f 1301 1302 1304 1303
f 1303 1304 1306 1305
f 1305 1306 1308 1307
f 1307 1308 1310 1309
f 1309 1310 1312 1311
f 1311 1312 1314 1313
f 1313 1314 1316 1315
f 1315 1316 1318 1317
f 1317 1318 1320 1319
f 1319 1320 1322 1321
f 1321 1322 1324 1323
f 1323 1324 1326 1325
f 1325 1326 1328 1327
f 1327 1328 1330 1329
f 1329 1330 1332 1331
f 1331 1332 1334 1333
f 1333 1334 1336 1335
f 1335 1336 1338 1337
f 1337 1338 1340 1339
f 1339 1340 1342 1341
f 1341 1342 1344 1343
f 1343 1344 1346 1345
f 1345 1346 1348 1347
f 1347 1348 1350 1349
f 1349 1350 1352 1351
f 1351 1352 1354 1353
f 1353 1354 1356 1355
f 1355 1356 1358 1357
f 1357 1358 1360 1359
f 1359 1360 1362 1361
f 1361 1362 1364 1363
f 1363 1364 1366 1365
f 1365 1366 1368 1367
f 1367 1368 1370 1369
f 1369 1370 1372 1371
f 1371 1372 1374 1373
f 1373 1374 1376 1375
f 1375 1376 1378 1377
f 1377 1378 1380 1379
f 1379 1380 1382 1381
f 1381 1382 1384 1383
f 1383 1384 1386 1385
f 1385 1386 1388 1387
f 1387 1388 1390 1389
f 1389 1390 1392 1391
f 1391 1392 1394 1393
f 1393 1394 1396 1395
f 1395 1396 1398 1397
f 1397 1398 1400 1399
f 1399 1400 1402 1401
f 1401 1402 1404 1403
f 1403 1404 1406 1405
f 1405 1406 1408 1407
f 1407 1408 1410 1409
f 1409 1410 1412 1411
f 1411 1412 1414 1413
f 1413 1414 1416 1415
f 1415 1416 1418 1417
f 1417 1418 1420 1419
f 1419 1420 1422 1421
f 1421 1422 1424 1423
f 1423 1424 1426 1425
f 1425 1426 1428 1427
f 1427 1428 1430 1429
f 1429 1430 1432 1431
f 1431 1432 1434 1433
f 1433 1434 1436 1435
f 1435 1436 1438 1437
f 1437 1438 1440 1439
f 1439 1440 1442 1441
f 1441 1442 1444 1443
f 1443 1444 1446 1445
f 1445 1446 1448 1447
f 1447 1448 1450 1449
f 1449 1450 1452 1451
f 1451 1452 1454 1453
f 1453 1454 1456 1455
f 1455 1456 1458 1457
f 1457 1458 1460 1459
f 1459 1460 1462 1461
f 1461 1462 1464 1463
f 1463 1464 1466 1465
f 1465 1466 1468 1467
f 1467 1468 1470 1469
f 1469 1470 1472 1471
f 1471 1472 1474 1473
f 1473 1474 1476 1475
f 1475 1476 1478 1477
f 1477 1478 1480 1479
f 1479 1480 1482 1481
f 1481 1482 1484 1483
f 1483 1484 1486 1485
f 1485 1486 1488 1487
f 1487 1488 1490 1489
f 1489 1490 1492 1491
f 1491 1492 1494 1493
f 1493 1494 1496 1495
f 1495 1496 1498 1497
f 1497 1498 1500 1499
f 1499 1500 1502 1501
f 1501 1502 1504 1503
f 1503 1504 1506 1505
f 1505 1506 1508 1507
f 1507 1508 1510 1509
f 1509 1510 1512 1511
f 1511 1512 1514 1513
f 1513 1514 1516 1515
f 1515 1516 1518 1517
f 1517 1518 1520 1519
f 1519 1520 1522 1521
f 1521 1522 1524 1523
f 1523 1524 1526 1525
f 1525 1526 1528 1527
f 1527 1528 1530 1529
f 1529 1530 1532 1531
f 1531 1532 1534 1533
f 1533 1534 1536 1535
f 1535 1536 1538 1537
f 1537 1538 1540 1539
f 1539 1540 1542 1541
f 1541 1542 1544 1543
f 1543 1544 1546 1545
f 1545 1546 1548 1547
f 1547 1548 1550 1549
f 1549 1550 1552 1551
f 1551 1552 1554 1553
f 1553 1554 1556 1555
f 1555 1556 1558 1557
f 1557 1558 1560 1559
f 1559 1560 1562 1561
f 1561 1562 1564 1563
f 1563 1564 1566 1565
f 1565 1566 1568 1567
f 1567 1568 1570 1569
f 1569 1570 1572 1571
f 1571 1572 1574 1573
f 1573 1574 1576 1575
f 1575 1576 1578 1577
f 1577 1578 1580 1579
f 1579 1580 1582 1581
f 1581 1582 1584 1583
f 1583 1584 1586 1585
f 1585 1586 1588 1587
f 1587 1588 1590 1589
f 1589 1590 1592 1591
f 1591 1592 1594 1593
f 1593 1594 1596 1595
f 1595 1596 1598 1597
f 1597 1598 1600 1599
f 1599 1600 1602 1601
f 1601 1602 1604 1603
f 1603 1604 1606 1605
f 1605 1606 1608 1607
f 1607 1608 1610 1609
f 1609 1610 1612 1611
f 1611 1612 1614 1613
f 1613 1614 1616 1615
f 1615 1616 1618 1617
f 1617 1618 1620 1619
f 1619 1620 1622 1621
f 1621 1622 1624 1623
f 1623 1624 1626 1625
f 1625 1626 1628 1627
f 1627 1628 1630 1629
f 1629 1630 1632 1631
f 1631 1632 1634 1633
f 1633 1634 1636 1635
f 1635 1636 1638 1637
f 1637 1638 1640 1639
f 1639 1640 1642 1641
f 1641 1642 1644 1643
f 1643 1644 1646 1645
f 1645 1646 1648 1647
f 1647 1648 1650 1649
f 1649 1650 1652 1651
f 1651 1652 1654 1653
f 1653 1654 1656 1655
f 1655 1656 1658 1657
f 1657 1658 1660 1659
f 1659 1660 1662 1661
f 1661 1662 1664 1663
f 1663 1664 1666 1665
f 1665 1666 1668 1667
f 1667 1668 1670 1669
f 1669 1670 1672 1671
f 1671 1672 1674 1673
f 1673 1674 1676 1675
f 1675 1676 1678 1677
f 1677 1678 1680 1679
f 1679 1680 1682 1681
f 1681 1682 1684 1683
f 1683 1684 1686 1685
f 1685 1686 1688 1687
f 1687 1688 1690 1689
f 1689 1690 1692 1691
f 1691 1692 1694 1693
f 1693 1694 1696 1695
f 1695 1696 1698 1697
f 1697 1698 1700 1699
f 1699 1700 1702 1701
f 1701 1702 1704 1703
f 1703 1704 1706 1705
f 1705 1706 1708 1707
f 1707 1708 1710 1709
f 1709 1710 1712 1711
f 1711 1712 1714 1713
f 1713 1714 1716 1715
f 1715 1716 1718 1717
f 1717 1718 1720 1719
f 1719 1720 1722 1721
f 1721 1722 1724 1723
f 1723 1724 1726 1725
f 1725 1726 1728 1727
f 1727 1728 1730 1729
f 1729 1730 1732 1731
f 1731 1732 1734 1733
f 1733 1734 1736 1735
f 1735 1736 1738 1737
f 1737 1738 1740 1739
f 1739 1740 1742 1741
f 1741 1742 1744 1743
f 1743 1744 1746 1745
f 1745 1746 1748 1747
f 1747 1748 1750 1749
f 1749 1750 1752 1751
f 1751 1752 1754 1753
f 1753 1754 1756 1755
f 1755 1756 1758 1757
f 1757 1758 1760 1759
f 1759 1760 1762 1761
f 1761 1762 1764 1763
f 1763 1764 1766 1765
f 1765 1766 1768 1767
f 1767 1768 1770 1769
f 1769 1770 1772 1771
f 1771 1772 1774 1773
f 1773 1774 1776 1775
f 1775 1776 1778 1777
f 1777 1778 1780 1779
f 1779 1780 1782 1781
f 1781 1782 1784 1783
f 1783 1784 1786 1785
f 1785 1786 1788 1787
f 1787 1788 1790 1789
f 1789 1790 1792 1791
f 1791 1792 1794 1793
f 1793 1794 1796 1795
f 1795 1796 1798 1797
f 1797 1798 1800 1799
f 1799 1800 1802 1801
f 1801 1802 1804 1803
f 1803 1804 1806 1805
f 1805 1806 1808 1807
f 1807 1808 1810 1809
f 1809 1810 1812 1811
f 1811 1812 1814 1813
f 1813 1814 1816 1815
f 1815 1816 1818 1817
f 1817 1818 1820 1819
f 1819 1820 1822 1821
f 1821 1822 1824 1823
f 1823 1824 1826 1825
f 1825 1826 1828 1827
f 1827 1828 1830 1829
f 1829 1830 1832 1831
f 1831 1832 1834 1833
f 1833 1834 1836 1835
f 1835 1836 1838 1837
f 1837 1838 1840 1839
f 1839 1840 1842 1841
f 1841 1842 1844 1843
f 1843 1844 1846 1845
f 1845 1846 1848 1847
f 1847 1848 1850 1849
f 1849 1850 1852 1851
f 1851 1852 1854 1853
f 1853 1854 1856 1855
f 1855 1856 1858 1857
f 1857 1858 1860 1859
f 1859 1860 1862 1861
f 1861 1862 1864 1863
f 1863 1864 1866 1865
f 1865 1866 1868 1867
f 1867 1868 1870 1869
f 1869 1870 1872 1871
f 1871 1872 1874 1873
f 1873 1874 1876 1875
f 1875 1876 1878 1877
f 1877 1878 1880 1879
f 1879 1880 1882 1881
f 1881 1882 1884 1883
f 1883 1884 1886 1885
f 1885 1886 1888 1887
f 1887 1888 1890 1889
f 1889 1890 1892 1891
f 1891 1892 1894 1893
f 1893 1894 1896 1895
f 1895 1896 1898 1897
f 1897 1898 1900 1899
f 1899 1900 1902 1901
f 1901 1902 1904 1903
f 1903 1904 1906 1905
f 1905 1906 1908 1907
f 1907 1908 1910 1909
f 1909 1910 1912 1911
f 1911 1912 1914 1913
f 1913 1914 1916 1915
f 1915 1916 1918 1917
f 1917 1918 1920 1919
f 1919 1920 1922 1921
f 1921 1922 1924 1923
f 1923 1924 1926 1925
f 1925 1926 1928 1927
f 1927 1928 1930 1929
f 1929 1930 1932 1931
f 1931 1932 1934 1933
f 1933 1934 1936 1935
f 1935 1936 1938 1937
f 1937 1938 1940 1939
f 1939 1940 1942 1941
f 1941 1942 1944 1943
f 1943 1944 1946 1945
f 1945 1946 1948 1947
f 1947 1948 1950 1949
f 1949 1950 1952 1951
f 1951 1952 1954 1953
f 1953 1954 1956 1955
f 1955 1956 1958 1957
f 1957 1958 1960 1959
f 1959 1960 1962 1961
f 1961 1962 1964 1963
f 1963 1964 1966 1965
f 1965 1966 1968 1967
f 1967 1968 1970 1969
f 1969 1970 1972 1971
f 1971 1972 1974 1973
f 1973 1974 1976 1975
f 1975 1976 1978 1977
f 1977 1978 1980 1979
f 1979 1980 1982 1981
f 1981 1982 1984 1983
f 1983 1984 1986 1985
f 1985 1986 1988 1987
f 1987 1988 1990 1989
f 1989 1990 1992 1991
f 1991 1992 1994 1993
f 1993 1994 1996 1995
f 1995 1996 1998 1997
f 1997 1998 2000 1999
f 1999 2000 2002 2001
f 2001 2002 2004 2003
f 2003 2004 2006 2005
f 2005 2006 2008 2007
f 2007 2008 2010 2009
f 2009 2010 2012 2011
f 2011 2012 2014 2013
f 2013 2014 2016 2015
f 2015 2016 2018 2017
f 2017 2018 2020 2019
f 2019 2020 2022 2021
f 2021 2022 2024 2023
f 2023 2024 2026 2025
f 2025 2026 2028 2027
f 2027 2028 2030 2029
f 2029 2030 2032 2031
f 2031 2032 2034 2033
f 2033 2034 2036 2035
f 2035 2036 2038 2037
f 2037 2038 2040 2039
f 2039 2040 2042 2041
f 2041 2042 2044 2043
f 2043 2044 2046 2045
f 2045 2046 2048 2047
f 2047 2048 2050 2049
f 2049 2050 2052 2051
f 2051 2052 2054 2053
f 2053 2054 2056 2055
f 2055 2056 2058 2057
f 2057 2058 2060 2059
f 2059 2060 2062 2061
f 2061 2062 2064 2063
f 2063 2064 2066 2065
f 2065 2066 2068 2067
f 2067 2068 2070 2069
f 2069 2070 2072 2071
f 2071 2072 2074 2073
f 2073 2074 2076 2075
f 2075 2076 2078 2077
f 2077 2078 2080 2079
f 2079 2080 2082 2081
f 2081 2082 2084 2083
f 2083 2084 2086 2085
f 2085 2086 2088 2087
f 2087 2088 2090 2089
f 2089 2090 2092 2091
f 2091 2092 2094 2093
f 2093 2094 2096 2095
f 2095 2096 2098 2097
f 2097 2098 2100 2099
f 2099 2100 2102 2101
f 2101 2102 2104 2103
f 2103 2104 2106 2105
f 2105 2106 2108 2107
f 2107 2108 2110 2109
f 2109 2110 2112 2111
f 2111 2112 2114 2113
f 2113 2114 2116 2115
f 2115 2116 2118 2117
f 2117 2118 2120 2119
f 2119 2120 2122 2121
f 2121 2122 2124 2123
f 2123 2124 2126 2125
f 2125 2126 2128 2127
f 2127 2128 2130 2129
f 2129 2130 2132 2131
f 2131 2132 2134 2133
f 2133 2134 2136 2135
f 2135 2136 2138 2137
f 2137 2138 2140 2139
f 2139 2140 2142 2141
f 2141 2142 2144 2143
f 2143 2144 2146 2145
f 2145 2146 2148 2147
f 2147 2148 2150 2149
f 2149 2150 2152 2151
f 2151 2152 2154 2153
f 2153 2154 2156 2155
f 2155 2156 2158 2157
f 2157 2158 2160 2159
f 2159 2160 2162 2161
f 2161 2162 2164 2163
f 2163 2164 2166 2165
f 2165 2166 2168 2167
f 2167 2168 2170 2169
f 2169 2170 2172 2171
f 2171 2172 2174 2173
f 2173 2174 2176 2175
f 2175 2176 2178 2177
f 2177 2178 2180 2179
f 2179 2180 2182 2181
f 2181 2182 2184 2183
f 2183 2184 2186 2185
f 2185 2186 2188 2187
f 2187 2188 2190 2189
f 2189 2190 2192 2191
f 2191 2192 2194 2193
f 2193 2194 2196 2195
f 2195 2196 2198 2197
f 2197 2198 2200 2199
f 2199 2200 2202 2201
f 2201 2202 2204 2203
f 2203 2204 2206 2205
f 2205 2206 2208 2207
f 2207 2208 2210 2209
f 2209 2210 2212 2211
f 2211 2212 2214 2213
f 2213 2214 2216 2215
f 2215 2216 2218 2217
f 2217 2218 2220 2219
f 2219 2220 2222 2221
f 2221 2222 2224 2223
f 2223 2224 2226 2225
f 2225 2226 2228 2227
f 2227 2228 2230 2229
f 2229 2230 2232 2231
f 2231 2232 2234 2233
f 2233 2234 2236 2235
f 2235 2236 2238 2237
f 2237 2238 2240 2239
f 2239 2240 2242 2241
f 2241 2242 2244 2243
f 2243 2244 2246 2245
f 2245 2246 2248 2247
f 2247 2248 2250 2249
f 2249 2250 2252 2251
f 2251 2252 2254 2253
f 2253 2254 2256 2255
f 2255 2256 2258 2257
f 2257 2258 2260 2259
f 2259 2260 2262 2261
f 2261 2262 2264 2263
f 2263 2264 2266 2265
f 2265 2266 2268 2267
f 2267 2268 2270 2269
f 2269 2270 2272 2271
f 2271 2272 2274 2273
f 2273 2274 2276 2275
f 2275 2276 2278 2277
f 2277 2278 2280 2279
f 2279 2280 2282 2281
f 2281 2282 2284 2283
f 2283 2284 2286 2285
f 2285 2286 2288 2287
f 2287 2288 2290 2289
f 2289 2290 2292 2291
f 2291 2292 2294 2293
f 2293 2294 2296 2295
f 2295 2296 2298 2297
f 2297 2298 2300 2299
f 2299 2300 2302 2301
f 2301 2302 2304 2303
f 2303 2304 2306 2305
f 2305 2306 2308 2307
f 2307 2308 2310 2309
f 2309 2310 2312 2311
f 2311 2312 2314 2313
f 2313 2314 2316 2315
f 2315 2316 2318 2317
f 2317 2318 2320 2319
f 2319 2320 2322 2321
f 2321 2322 2324 2323
f 2323 2324 2326 2325
f 2325 2326 2328 2327
f 2327 2328 2330 2329
f 2329 2330 2332 2331
f 2331 2332 2334 2333
f 2333 2334 2336 2335
f 2335 2336 2338 2337
f 2337 2338 2340 2339
f 2339 2340 2342 2341
f 2341 2342 2344 2343
f 2343 2344 2346 2345
f 2345 2346 2348 2347
f 2347 2348 2350 2349
f 2349 2350 2352 2351
f 2351 2352 2354 2353
f 2353 2354 2356 2355
f 2355 2356 2358 2357
f 2357 2358 2360 2359
f 2359 2360 2362 2361
f 2361 2362 2364 2363
f 2363 2364 2366 2365
f 2365 2366 2368 2367
f 2367 2368 2370 2369
f 2369 2370 2372 2371
f 2371 2372 2374 2373
f 2373 2374 2376 2375
f 2375 2376 2378 2377
f 2377 2378 2380 2379
f 2379 2380 2382 2381
f 2381 2382 2384 2383
f 2383 2384 2386 2385
f 2385 2386 2388 2387
f 2387 2388 2390 2389
f 2389 2390 2392 2391
f 2391 2392 2394 2393
f 2393 2394 2396 2395
f 2395 2396 2398 2397
f 2397 2398 2400 2399
f 2399 2400 2402 2401
f 2401 2402 2404 2403
f 2403 2404 2406 2405
f 2405 2406 2408 2407
f 2407 2408 2410 2409
f 2409 2410 2412 2411
f 2411 2412 2414 2413
f 2413 2414 2416 2415
f 2415 2416 2418 2417
f 2417 2418 2420 2419
f 2419 2420 2422 2421
f 2421 2422 2424 2423
f 2423 2424 2426 2425
f 2425 2426 2428 2427
f 2427 2428 2430 2429
f 2429 2430 2432 2431
f 2431 2432 2434 2433
f 2433 2434 2436 2435
f 2435 2436 2438 2437
f 2437 2438 2440 2439
f 2439 2440 2442 2441
f 2441 2442 2444 2443
f 2443 2444 2446 2445
f 2445 2446 2448 2447
f 2447 2448 2450 2449
f 2449 2450 2452 2451
f 2451 2452 2454 2453
f 2453 2454 2456 2455
f 2455 2456 2458 2457
f 2457 2458 2460 2459
f 2459 2460 2462 2461
f 2461 2462 2464 2463
f 2463 2464 2466 2465
f 2465 2466 2468 2467
f 2467 2468 2470 2469
f 2469 2470 2472 2471
f 2471 2472 2474 2473
f 2473 2474 2476 2475
f 2475 2476 2478 2477
f 2477 2478 2480 2479
f 2479 2480 2482 2481
f 2481 2482 2484 2483
f 2483 2484 2486 2485
f 2485 2486 2488 2487
f 2487 2488 2490 2489
f 2489 2490 2492 2491
f 2491 2492 2494 2493
f 2493 2494 2496 2495
f 2495 2496 2498 2497
f 2497 2498 2500 2499
f 2499 2500 2502 2501
f 2501 2502 2504 2503
f 2503 2504 2506 2505
f 2505 2506 2508 2507
f 2507 2508 2510 2509
f 2509 2510 2512 2511
f 2511 2512 2514 2513
f 2513 2514 2516 2515
f 2515 2516 2518 2517
f 2517 2518 2520 2519
f 2519 2520 2522 2521
f 2521 2522 2524 2523
f 2523 2524 2526 2525
f 2525 2526 2528 2527
f 2527 2528 2530 2529
f 2529 2530 2532 2531
f 2531 2532 2534 2533
f 2533 2534 2536 2535
f 2535 2536 2538 2537
f 2537 2538 2540 2539
f 2539 2540 2542 2541
f 2541 2542 2544 2543
f 2543 2544 2546 2545
f 2545 2546 2548 2547
f 2547 2548 2550 2549
f 2549 2550 2552 2551
f 2551 2552 2554 2553
f 2553 2554 2556 2555
f 2555 2556 2558 2557
f 2557 2558 2560 2559
f 2559 2560 2562 2561
f 2561 2562 2564 2563
f 2563 2564 2566 2565
f 2565 2566 2568 2567
f 2567 2568 2570 2569
f 2569 2570 2572 2571
f 2571 2572 2574 2573
f 2573 2574 2576 2575
f 2575 2576 2578 2577
f 2577 2578 2580 2579
f 2579 2580 2582 2581
f 2581 2582 2584 2583
f 2583 2584 2586 2585
f 2585 2586 2588 2587
f 2587 2588 2590 2589
f 2589 2590 2592 2591
f 2591 2592 2594 2593
f 2593 2594 2596 2595
f 2595 2596 2598 2597
f 2597 2598 2600 2599
f 2599 2600 2602 2601
f 2601 2602 2604 2603
f 2603 2604 2606 2605
f 2605 2606 2608 2607
f 2607 2608 2610 2609
f 2609 2610 2612 2611
f 2611 2612 2614 2613
f 2613 2614 2616 2615
f 2615 2616 2618 2617
f 2617 2618 2620 2619
f 2619 2620 2622 2621
f 2621 2622 2624 2623
f 2623 2624 2626 2625
f 2625 2626 2628 2627
f 2627 2628 2630 2629
f 2629 2630 2632 2631
f 2631 2632 2634 2633
f 2633 2634 2636 2635
f 2635 2636 2638 2637
f 2637 2638 2640 2639
f 2639 2640 2642 2641
f 2641 2642 2644 2643
f 2643 2644 2646 2645
f 2645 2646 2648 2647
f 2647 2648 2650 2649
f 2649 2650 2652 2651
f 2651 2652 2654 2653
f 2653 2654 2656 2655
f 2655 2656 2658 2657
f 2657 2658 2660 2659
f 2659 2660 2662 2661
f 2661 2662 2664 2663
f 2663 2664 2666 2665
f 2665 2666 2668 2667
f 2667 2668 2670 2669
f 2669 2670 2672 2671
f 2671 2672 2674 2673
f 2673 2674 2676 2675
f 2675 2676 2678 2677
f 2677 2678 2680 2679
f 2679 2680 2682 2681
f 2681 2682 2684 2683
f 2683 2684 2686 2685
f 2685 2686 2688 2687
f 2687 2688 2690 2689
f 2689 2690 2692 2691
f 2691 2692 2694 2693
f 2693 2694 2696 2695
f 2695 2696 2698 2697
f 2697 2698 2700 2699
f 2699 2700 2702 2701
f 2701 2702 2704 2703
f 2703 2704 2706 2705
f 2705 2706 2708 2707
f 2707 2708 2710 2709
f 2709 2710 2712 2711
f 2711 2712 2714 2713
f 2713 2714 2716 2715
f 2715 2716 2718 2717
f 2717 2718 2720 2719
f 2719 2720 2722 2721
f 2721 2722 2724 2723
f 2723 2724 2726 2725
f 2725 2726 2728 2727
f 2727 2728 2730 2729
f 2729 2730 2732 2731
f 2731 2732 2734 2733
f 2733 2734 2736 2735
f 2735 2736 2738 2737
f 2737 2738 2740 2739
f 2739 2740 2742 2741
f 2741 2742 2744 2743
f 2743 2744 2746 2745
f 2745 2746 2748 2747
f 2747 2748 2750 2749
f 2749 2750 2752 2751
f 2751 2752 2754 2753
f 2753 2754 2756 2755
f 2755 2756 2758 2757
f 2757 2758 2760 2759
f 2759 2760 2762 2761
f 2761 2762 2764 2763
f 2763 2764 2766 2765
f 2765 2766 2768 2767
f 2767 2768 2770 2769
f 2769 2770 2772 2771
f 2771 2772 2774 2773
f 2773 2774 2776 2775
f 2775 2776 2778 2777
f 2777 2778 2780 2779
f 2779 2780 2782 2781
f 2781 2782 2784 2783
f 2783 2784 2786 2785
f 2785 2786 2788 2787
f 2787 2788 2790 2789
f 2789 2790 2792 2791
f 2791 2792 2794 2793
f 2793 2794 2796 2795
f 2795 2796 2798 2797
f 2797 2798 2800 2799
f 2799 2800 2802 2801
f 2801 2802 2804 2803
f 2803 2804 2806 2805
f 2805 2806 2808 2807
f 2807 2808 2810 2809
f 2809 2810 2812 2811
f 2811 2812 2814 2813
f 2813 2814 2816 2815
f 2815 2816 2818 2817
f 2817 2818 2820 2819
f 2819 2820 2822 2821
f 2821 2822 2824 2823
f 2823 2824 2826 2825
f 2825 2826 2828 2827
f 2827 2828 2830 2829
f 2829 2830 2832 2831
f 2831 2832 2834 2833
f 2833 2834 2836 2835
f 2835 2836 2838 2837
f 2837 2838 2840 2839
f 2839 2840 2842 2841
f 2841 2842 2844 2843
f 2843 2844 2846 2845
f 2845 2846 2848 2847
f 2847 2848 2850 2849
f 2849 2850 2852 2851
f 2851 2852 2854 2853
f 2853 2854 2856 2855
f 2855 2856 2858 2857
f 2857 2858 2860 2859
f 2859 2860 2862 2861
f 2861 2862 2864 2863
f 2863 2864 2866 2865
f 2865 2866 2868 2867
f 2867 2868 2870 2869
f 2869 2870 2872 2871
f 2871 2872 2874 2873
f 2873 2874 2876 2875
f 2875 2876 2878 2877
f 2877 2878 2880 2879
f 2879 2880 2882 2881
f 2881 2882 2884 2883
f 2883 2884 2886 2885
f 2885 2886 2888 2887
f 2887 2888 2890 2889
f 2889 2890 2892 2891
f 2891 2892 2894 2893
f 2893 2894 2896 2895
f 2895 2896 2898 2897
f 2897 2898 2900 2899
f 2899 2900 2902 2901
f 2901 2902 2904 2903
f 2903 2904 2906 2905
f 2905 2906 2908 2907
f 2907 2908 2910 2909
f 2909 2910 2912 2911
f 2911 2912 2914 2913
f 2913 2914 2916 2915
f 2915 2916 2918 2917
f 2917 2918 2920 2919
f 2919 2920 2922 2921
f 2921 2922 2924 2923
f 2923 2924 2926 2925
f 2925 2926 2928 2927
f 2927 2928 2930 2929
f 2929 2930 2932 2931
f 2931 2932 2934 2933
f 2933 2934 2936 2935
f 2935 2936 2938 2937
f 2937 2938 2940 2939
f 2939 2940 2942 2941
f 2941 2942 2944 2943
f 2943 2944 2946 2945
f 2945 2946 2948 2947
f 2947 2948 2950 2949
f 2949 2950 2952 2951
f 2951 2952 2954 2953
f 2953 2954 2956 2955
f 2955 2956 2958 2957
f 2957 2958 2960 2959
f 2959 2960 2962 2961
f 2961 2962 2964 2963
f 2963 2964 2966 2965
f 2965 2966 2968 2967
f 2967 2968 2970 2969
f 2969 2970 2972 2971
f 2971 2972 2974 2973
f 2973 2974 2976 2975
f 2975 2976 2978 2977
f 2977 2978 2980 2979
f 2979 2980 2982 2981
f 2981 2982 2984 2983
f 2983 2984 2986 2985
f 2985 2986 2988 2987
f 2987 2988 2990 2989
f 2989 2990 2992 2991
f 2991 2992 2994 2993
f 2993 2994 2996 2995
f 2995 2996 2998 2997
f 2997 2998 3000 2999
f 2999 3000 3002 3001
f 3001 3002 3004 3003
f 3003 3004 3006 3005
f 3005 3006 3008 3007
f 3007 3008 3010 3009
f 3009 3010 3012 3011
f 3011 3012 3014 3013
f 3013 3014 3016 3015
f 3015 3016 3018 3017
f 3017 3018 3020 3019
f 3019 3020 3022 3021
f 3021 3022 3024 3023
f 3023 3024 3026 3025
f 3025 3026 3028 3027
f 3027 3028 3030 3029
f 3029 3030 3032 3031
f 3031 3032 3034 3033
f 3033 3034 3036 3035
f 3035 3036 3038 3037
f 3037 3038 3040 3039
f 3039 3040 3042 3041
f 3041 3042 3044 3043
f 3043 3044 3046 3045
f 3045 3046 3048 3047
f 3047 3048 3050 3049
f 3049 3050 3052 3051
f 3051 3052 3054 3053
f 3053 3054 3056 3055
f 3055 3056 3058 3057
f 3057 3058 3060 3059
f 3059 3060 3062 3061
f 3061 3062 3064 3063
f 3063 3064 3066 3065
f 3065 3066 3068 3067
f 3067 3068 3070 3069
f 3069 3070 3072 3071
f 3071 3072 3074 3073
f 3073 3074 3076 3075
f 3075 3076 3078 3077
f 3077 3078 3080 3079
f 3079 3080 3082 3081
f 3081 3082 3084 3083
f 3083 3084 3086 3085
f 3085 3086 3088 3087
f 3087 3088 3090 3089
f 3089 3090 3092 3091
f 3091 3092 3094 3093
f 3093 3094 3096 3095
f 3095 3096 3098 3097
f 3097 3098 3100 3099
f 3099 3100 3102 3101
f 3101 3102 3104 3103
f 3103 3104 3106 3105
f 3105 3106 3108 3107
f 3107 3108 3110 3109
f 3109 3110 3112 3111
f 3111 3112 3114 3113
f 3113 3114 3116 3115
f 3115 3116 3118 3117
f 3117 3118 3120 3119
f 3119 3120 3122 3121
f 3121 3122 3124 3123
f 3123 3124 3126 3125
f 3125 3126 3128 3127
f 3127 3128 3130 3129
f 3129 3130 3132 3131
f 3131 3132 3134 3133
f 3133 3134 3136 3135
f 3135 3136 3138 3137
f 3137 3138 3140 3139
f 3139 3140 3142 3141
f 3141 3142 3144 3143
f 3143 3144 3146 3145
f 3145 3146 3148 3147
f 3147 3148 3150 3149
f 3149 3150 3152 3151
f 3151 3152 3154 3153
f 3153 3154 3156 3155
f 3155 3156 3158 3157
f 3157 3158 3160 3159
f 3159 3160 3162 3161
f 3161 3162 3164 3163
f 3163 3164 3166 3165
f 3165 3166 3168 3167
f 3167 3168 3170 3169
f 3169 3170 3172 3171
f 3171 3172 3174 3173
f 3173 3174 3176 3175
f 3175 3176 3178 3177
f 3177 3178 3180 3179
f 3179 3180 3182 3181
f 3181 3182 3184 3183
f 3183 3184 3186 3185
f 3185 3186 3188 3187
f 3187 3188 3190 3189
f 3189 3190 3192 3191
f 3191 3192 3194 3193
f 3193 3194 3196 3195
f 3195 3196 3198 3197
f 3197 3198 3200 3199
f 3199 3200 3202 3201
f 3201 3202 3204 3203
f 3203 3204 3206 3205
f 3205 3206 3208 3207
f 3207 3208 3210 3209
f 3209 3210 3212 3211
f 3211 3212 3214 3213
f 3213 3214 3216 3215
f 3215 3216 3218 3217
f 3217 3218 3220 3219
f 3219 3220 3222 3221
f 3221 3222 3224 3223
f 3223 3224 3226 3225
f 3225 3226 3228 3227
f 3227 3228 3230 3229
f 3229 3230 3232 3231
f 3231 3232 3234 3233
f 3233 3234 3236 3235
f 3235 3236 3238 3237
f 3237 3238 3240 3239
f 3239 3240 3242 3241
f 3241 3242 3244 3243
f 3243 3244 3246 3245
f 3245 3246 3248 3247
f 3247 3248 3250 3249
f 3249 3250 3252 3251
f 3251 3252 3254 3253
f 3253 3254 3256 3255
f 3255 3256 3258 3257
f 3257 3258 3260 3259
f 3259 3260 3262 3261
f 3261 3262 3264 3263
f 3263 3264 3266 3265
f 3265 3266 3268 3267
f 3267 3268 3270 3269
f 3269 3270 3272 3271
f 3271 3272 3274 3273
f 3273 3274 3276 3275
f 3275 3276 3278 3277
f 3277 3278 3280 3279
f 3279 3280 3282 3281
f 3281 3282 3284 3283
f 3283 3284 3286 3285
f 3285 3286 3288 3287
f 3287 3288 3290 3289
f 3289 3290 3292 3291
f 3291 3292 3294 3293
f 3293 3294 3296 3295
f 3295 3296 3298 3297
f 3297 3298 3300 3299
f 3299 3300 3302 3301
f 3301 3302 3304 3303
f 3303 3304 3306 3305
f 3305 3306 3308 3307
f 3307 3308 3310 3309
f 3309 3310 3312 3311
f 3311 3312 3314 3313
f 3313 3314 3316 3315
f 3315 3316 3318 3317
f 3317 3318 3320 3319
f 3319 3320 3322 3321
f 3321 3322 3324 3323
f 3323 3324 3326 3325
f 3325 3326 3328 3327
f 3327 3328 3330 3329
f 3329 3330 3332 3331
f 3331 3332 3334 3333
f 3333 3334 3336 3335
f 3335 3336 3338 3337
f 3337 3338 3340 3339
f 3339 3340 3342 3341
f 3341 3342 3344 3343
f 3343 3344 3346 3345
f 3345 3346 3348 3347
f 3347 3348 3350 3349
f 3349 3350 3352 3351
f 3351 3352 3354 3353
f 3353 3354 3356 3355
f 3355 3356 3358 3357
f 3357 3358 3360 3359
f 3359 3360 3362 3361
f 3361 3362 3364 3363
f 3363 3364 3366 3365
f 3365 3366 3368 3367
f 3367 3368 3370 3369
f 3369 3370 3372 3371
f 3371 3372 3374 3373
f 3373 3374 3376 3375
f 3375 3376 3378 3377
f 3377 3378 3380 3379
f 3379 3380 3382 3381
f 3381 3382 3384 3383
f 3383 3384 3386 3385
f 3385 3386 3388 3387
f 3387 3388 3390 3389
f 3389 3390 3392 3391
f 3391 3392 3394 3393
f 3393 3394 3396 3395
f 3395 3396 3398 3397
f 3397 3398 3400 3399
f 3399 3400 3402 3401
f 3401 3402 3404 3403
f 3403 3404 3406 3405
f 3405 3406 3408 3407
f 3407 3408 3410 3409
f 3409 3410 3412 3411
f 3411 3412 3414 3413
f 3413 3414 3416 3415
f 3415 3416 3418 3417
f 3417 3418 3420 3419
f 3419 3420 3422 3421
f 3421 3422 3424 3423
f 3423 3424 3426 3425
f 3425 3426 3428 3427
f 3427 3428 3430 3429
f 3429 3430 3432 3431
f 3431 3432 3434 3433
f 3433 3434 3436 3435
f 3435 3436 3438 3437
f 3437 3438 3440 3439
f 3439 3440 3442 3441
f 3441 3442 3444 3443
f 3443 3444 3446 3445
f 3445 3446 3448 3447
f 3447 3448 3450 3449
f 3449 3450 3452 3451
f 3451 3452 3454 3453
f 3453 3454 3456 3455
f 3455 3456 3458 3457
f 3457 3458 3460 3459
f 3459 3460 3462 3461
f 3461 3462 3464 3463
f 3463 3464 3466 3465
f 3465 3466 3468 3467
f 3467 3468 3470 3469
f 3469 3470 3472 3471
f 3471 3472 3474 3473
f 3473 3474 3476 3475
f 3475 3476 3478 3477
f 3477 3478 3480 3479
f 3479 3480 3482 3481
f 3481 3482 3484 3483
f 3483 3484 3486 3485
f 3485 3486 3488 3487
f 3487 3488 3490 3489
f 3489 3490 3492 3491
f 3491 3492 3494 3493
f 3493 3494 3496 3495
f 3495 3496 3498 3497
f 3497 3498 3500 3499
f 3499 3500 3502 3501
f 3501 3502 3504 3503
f 3503 3504 3506 3505
f 3505 3506 3508 3507
f 3507 3508 3510 3509
f 3509 3510 3512 3511
f 3511 3512 3514 3513
f 3513 3514 3516 3515
f 3515 3516 3518 3517
f 3517 3518 3520 3519
f 3519 3520 3522 3521
f 3521 3522 3524 3523
f 3523 3524 3526 3525
f 3525 3526 3528 3527
f 3527 3528 3530 3529
f 3529 3530 3532 3531
f 3531 3532 3534 3533
f 3533 3534 3536 3535
f 3535 3536 3538 3537
f 3537 3538 3540 3539
f 3539 3540 3542 3541
f 3541 3542 3544 3543
f 3543 3544 3546 3545
f 3545 3546 3548 3547
f 3547 3548 3550 3549
f 3549 3550 3552 3551
f 3551 3552 3554 3553
f 3553 3554 3556 3555
f 3555 3556 3558 3557
f 3557 3558 3560 3559
f 3559 3560 3562 3561
f 3561 3562 3564 3563
f 3563 3564 3566 3565
f 3565 3566 3568 3567
f 3567 3568 3570 3569
f 3569 3570 3572 3571
f 3571 3572 3574 3573
f 3573 3574 3576 3575
f 3575 3576 3578 3577
f 3577 3578 3580 3579
f 3579 3580 3582 3581
f 3581 3582 3584 3583
f 3583 3584 3586 3585
f 3585 3586 3588 3587
f 3587 3588 3590 3589
f 3589 3590 3592 3591
f 3591 3592 3594 3593
f 3593 3594 3596 3595
f 3595 3596 3598 3597
f 3597 3598 3600 3599
f 3599 3600 3602 3601
f 3601 3602 3604 3603
f 3603 3604 3606 3605
f 3605 3606 3608 3607
f 3607 3608 3610 3609
f 3609 3610 3612 3611
f 3611 3612 3614 3613
f 3613 3614 3616 3615
f 3615 3616 3618 3617
f 3617 3618 3620 3619
f 3619 3620 3622 3621
f 3621 3622 3624 3623
f 3623 3624 3626 3625
f 3625 3626 3628 3627
f 3627 3628 3630 3629
f 3629 3630 3632 3631
f 3631 3632 3634 3633
f 3633 3634 3636 3635
f 3635 3636 3638 3637
f 3637 3638 3640 3639
f 3639 3640 3642 3641
f 3641 3642 3644 3643
f 3643 3644 3646 3645
f 3645 3646 3648 3647
f 3647 3648 3650 3649
f 3649 3650 3652 3651
f 3651 3652 3654 3653
f 3653 3654 3656 3655
f 3655 3656 3658 3657
f 3657 3658 3660 3659
f 3659 3660 3662 3661
f 3661 3662 3664 3663
f 3663 3664 3666 3665
f 3665 3666 3668 3667
f 3667 3668 3670 3669
f 3669 3670 3672 3671
f 3671 3672 3674 3673
f 3673 3674 3676 3675
f 3675 3676 3678 3677
f 3677 3678 3680 3679
f 3679 3680 3682 3681
f 3681 3682 3684 3683
f 3683 3684 3686 3685
f 3685 3686 3688 3687
f 3687 3688 3690 3689
f 3689 3690 3692 3691
f 3691 3692 3694 3693
f 3693 3694 3696 3695
f 3695 3696 3698 3697
f 3697 3698 3700 3699
f 3699 3700 3702 3701
f 3701 3702 3704 3703
f 3703 3704 3706 3705
f 3705 3706 3708 3707
f 3707 3708 3710 3709
f 3709 3710 3712 3711
f 3711 3712 3714 3713
f 3713 3714 3716 3715
f 3715 3716 3718 3717
f 3717 3718 3720 3719
f 3719 3720 3722 3721
f 3721 3722 3724 3723
f 3723 3724 3726 3725
f 3725 3726 3728 3727
f 3727 3728 3730 3729
f 3729 3730 3732 3731
f 3731 3732 3734 3733
f 3733 3734 3736 3735
f 3735 3736 3738 3737
f 3737 3738 3740 3739
f 3739 3740 3742 3741
f 3741 3742 3744 3743
f 3743 3744 3746 3745
f 3745 3746 3748 3747
f 3747 3748 3750 3749
f 3749 3750 3752 3751
f 3751 3752 3754 3753
f 3753 3754 3756 3755
f 3755 3756 3758 3757
f 3757 3758 3760 3759
f 3759 3760 3762 3761
f 3761 3762 3764 3763
f 3763 3764 3766 3765
f 3765 3766 3768 3767
f 3767 3768 3770 3769
f 3769 3770 3772 3771
f 3771 3772 3774 3773
f 3773 3774 3776 3775
f 3775 3776 3778 3777
f 3777 3778 3780 3779
f 3779 3780 3782 3781
f 3781 3782 3784 3783
f 3783 3784 3786 3785
f 3785 3786 3788 3787
f 3787 3788 3790 3789
f 3789 3790 3792 3791
f 3791 3792 3794 3793
f 3793 3794 3796 3795
f 3795 3796 3798 3797
f 3797 3798 3800 3799
f 3799 3800 3802 3801
f 3801 3802 3804 3803
f 3803 3804 3806 3805
f 3805 3806 3808 3807
f 3807 3808 3810 3809
f 3809 3810 3812 3811
f 3811 3812 3814 3813
f 3813 3814 3816 3815
f 3815 3816 3818 3817
f 3817 3818 3820 3819
f 3819 3820 3822 3821
f 3821 3822 3824 3823
f 3823 3824 3826 3825
f 3825 3826 3828 3827
f 3827 3828 3830 3829
f 3829 3830 3832 3831
f 3831 3832 3834 3833
f 3833 3834 3836 3835
f 3835 3836 3838 3837
f 3837 3838 3840 3839
f 3839 3840 3842 3841
f 3841 3842 3844 3843
f 3843 3844 3846 3845
f 3845 3846 3848 3847
f 3847 3848 3850 3849
f 3849 3850 3852 3851
f 3851 3852 3854 3853
f 3853 3854 3856 3855
f 3855 3856 3858 3857
f 3857 3858 3860 3859
f 3859 3860 3862 3861
f 3861 3862 3864 3863
f 3863 3864 3866 3865
f 3865 3866 3868 3867
f 3867 3868 3870 3869
f 3869 3870 3872 3871
f 3871 3872 3874 3873
f 3873 3874 3876 3875
f 3875 3876 3878 3877
f 3877 3878 3880 3879
f 3879 3880 3882 3881
f 3881 3882 3884 3883
f 3883 3884 3886 3885
f 3885 3886 3888 3887
f 3887 3888 3890 3889
f 3889 3890 3892 3891
f 3891 3892 3894 3893
f 3893 3894 3896 3895
f 3895 3896 3898 3897
f 3897 3898 3900 3899
f 3899 3900 3902 3901
f 3901 3902 3904 3903
f 3903 3904 3906 3905
f 3905 3906 3908 3907
f 3907 3908 3910 3909
f 3909 3910 3912 3911
f 3911 3912 3914 3913
f 3913 3914 3916 3915
f 3915 3916 3918 3917
f 3917 3918 3920 3919
f 3919 3920 3922 3921
f 3921 3922 3924 3923
f 3923 3924 3926 3925
f 3925 3926 3928 3927
f 3927 3928 3930 3929
f 3929 3930 3932 3931
f 3931 3932 3934 3933
f 3933 3934 3936 3935
f 3935 3936 3938 3937
f 3937 3938 3940 3939
f 3939 3940 3942 3941
f 3941 3942 3944 3943
f 3943 3944 3946 3945
f 3945 3946 3948 3947
f 3947 3948 3950 3949
f 3949 3950 3952 3951
f 3951 3952 3954 3953
f 3953 3954 3956 3955
f 3955 3956 3958 3957
f 3957 3958 3960 3959
f 3959 3960 3962 3961
f 3961 3962 3964 3963
f 3963 3964 3966 3965
f 3965 3966 3968 3967
f 3967 3968 3970 3969
f 3969 3970 3972 3971
f 3971 3972 3974 3973
f 3973 3974 3976 3975
f 3975 3976 3978 3977
f 3977 3978 3980 3979
f 3979 3980 3982 3981
f 3981 3982 3984 3983
f 3983 3984 3986 3985
f 3985 3986 3988 3987
f 3987 3988 3990 3989
f 3989 3990 3992 3991
f 3991 3992 3994 3993
f 3993 3994 3996 3995
f 3995 3996 3998 3997
f 3997 3998 4000 3999
f 3999 4000 4002 4001
f 4001 4002 4004 4003
f 4003 4004 4006 4005
f 4005 4006 4008 4007
f 4007 4008 4010 4009
f 4009 4010 4012 4011
f 4011 4012 4014 4013
f 4013 4014 4016 4015
f 4015 4016 4018 4017
f 4017 4018 4020 4019
f 4019 4020 4022 4021
f 4021 4022 4024 4023
f 4023 4024 4026 4025
f 4025 4026 4028 4027
f 4027 4028 4030 4029
f 4029 4030 4032 4031
f 4031 4032 4034 4033
f 4033 4034 4036 4035
f 4035 4036 4038 4037
f 4037 4038 4040 4039
f 4039 4040 4042 4041
f 4041 4042 4044 4043
f 4043 4044 4046 4045
f 4045 4046 4048 4047
f 4047 4048 4050 4049
f 4049 4050 4052 4051
f 4051 4052 4054 4053
f 4053 4054 4056 4055
f 4055 4056 4058 4057
f 4057 4058 4060 4059
f 4059 4060 4062 4061
f 4061 4062 4064 4063
f 4063 4064 4066 4065
f 4065 4066 4068 4067
f 4067 4068 4070 4069
f 4069 4070 4072 4071
f 4071 4072 4074 4073
f 4073 4074 4076 4075
f 4075 4076 4078 4077
f 4077 4078 4080 4079
f 4079 4080 4082 4081
f 4081 4082 4084 4083
f 4083 4084 4086 4085
f 4085 4086 4088 4087
f 4087 4088 4090 4089
f 4089 4090 4092 4091
f 4091 4092 4094 4093
f 4093 4094 4096 4095
f 4095 4096 4098 4097
f 4097 4098 4100 4099
f 4099 4100 4102 4101
f 4101 4102 4104 4103
f 4103 4104 4106 4105
f 4105 4106 4108 4107
f 4107 4108 4110 4109
f 4109 4110 4112 4111
f 4111 4112 4114 4113
f 4113 4114 4116 4115
f 4115 4116 4118 4117
f 4117 4118 4120 4119
f 4119 4120 4122 4121
f 4121 4122 4124 4123
f 4123 4124 4126 4125
f 4125 4126 4128 4127
f 4127 4128 4130 4129
f 4129 4130 4132 4131
f 4131 4132 4134 4133
f 4133 4134 4136 4135
f 4135 4136 4138 4137
f 4137 4138 4140 4139
f 4139 4140 4142 4141
f 4141 4142 4144 4143
f 4143 4144 4146 4145
f 4145 4146 4148 4147
f 4147 4148 4150 4149
f 4149 4150 4152 4151
f 4151 4152 4154 4153
f 4153 4154 4156 4155
f 4155 4156 4158 4157
f 4157 4158 4160 4159
f 4159 4160 4162 4161
f 4161 4162 4164 4163
f 4163 4164 4166 4165
f 4165 4166 4168 4167
f 4167 4168 4170 4169
f 4169 4170 4172 4171
f 4171 4172 4174 4173
f 4173 4174 4176 4175
f 4175 4176 4178 4177
f 4177 4178 4180 4179
f 4179 4180 4182 4181
f 4181 4182 4184 4183
f 4183 4184 4186 4185
f 4185 4186 4188 4187
f 4187 4188 4190 4189
f 4189 4190 4192 4191
f 4191 4192 4194 4193
f 4193 4194 4196 4195
f 4195 4196 4198 4197
f 4197 4198 4200 4199
f 4199 4200 4202 4201
f 4201 4202 4204 4203
f 4203 4204 4206 4205
f 4205 4206 4208 4207
f 4207 4208 4210 4209
f 4209 4210 4212 4211
f 4211 4212 4214 4213
f 4213 4214 4216 4215
f 4215 4216 4218 4217
f 4217 4218 4220 4219
f 4219 4220 4222 4221
f 4221 4222 4224 4223
f 4223 4224 4226 4225
f 4225 4226 4228 4227
f 4227 4228 4230 4229
f 4229 4230 4232 4231
f 4231 4232 4234 4233
f 4233 4234 4236 4235
f 4235 4236 4238 4237
f 4237 4238 4240 4239
f 4239 4240 4242 4241
f 4241 4242 4244 4243
f 4243 4244 4246 4245
f 4245 4246 4248 4247
f 4247 4248 4250 4249
f 4249 4250 4252 4251
f 4251 4252 4254 4253
f 4253 4254 4256 4255
f 4255 4256 4258 4257
f 4257 4258 4260 4259
f 4259 4260 4262 4261
f 4261 4262 4264 4263
f 4263 4264 4266 4265
f 4265 4266 4268 4267
f 4267 4268 4270 4269
f 4269 4270 4272 4271
f 4271 4272 4274 4273
f 4273 4274 4276 4275
f 4275 4276 4278 4277
f 4277 4278 4280 4279
f 4279 4280 4282 4281
f 4281 4282 4284 4283
f 4283 4284 4286 4285
f 4285 4286 4288 4287
f 4287 4288 4290 4289
f 4289 4290 4292 4291
f 4291 4292 4294 4293
f 4293 4294 4296 4295
f 4295 4296 4298 4297
f 4297 4298 4300 4299
f 4299 4300 4302 4301
f 4301 4302 4304 4303
f 4303 4304 4306 4305
f 4305 4306 4308 4307
f 4307 4308 4310 4309
f 4309 4310 4312 4311
f 4311 4312 4314 4313
f 4313 4314 4316 4315
f 4315 4316 4318 4317
f 4317 4318 4320 4319
f 4319 4320 4322 4321
f 4321 4322 4324 4323
f 4323 4324 4326 4325
f 4325 4326 4328 4327
f 4327 4328 4330 4329
f 4329 4330 4332 4331
f 4331 4332 4334 4333
f 4333 4334 4336 4335
f 4335 4336 4338 4337
f 4337 4338 4340 4339
f 4339 4340 4342 4341
f 4341 4342 4344 4343
f 4343 4344 4346 4345
f 4345 4346 4348 4347
f 4347 4348 4350 4349
f 4349 4350 4352 4351
f 4351 4352 4354 4353
f 4353 4354 4356 4355
f 4355 4356 4358 4357
f 4357 4358 4360 4359
f 4359 4360 4362 4361
f 4361 4362 4364 4363
f 4363 4364 4366 4365
f 4365 4366 4368 4367
f 4367 4368 4370 4369
f 4369 4370 4372 4371
f 4371 4372 4374 4373
f 4373 4374 4376 4375
f 4375 4376 4378 4377
f 4377 4378 4380 4379
f 4379 4380 4382 4381
f 4381 4382 4384 4383
f 4383 4384 4386 4385
f 4385 4386 4388 4387
f 4387 4388 4390 4389
f 4389 4390 4392 4391
f 4391 4392 4394 4393
f 4393 4394 4396 4395
f 4395 4396 4398 4397
f 4397 4398 4400 4399
f 4399 4400 4402 4401
f 4401 4402 4404 4403
f 4403 4404 4406 4405
f 4405 4406 4408 4407
f 4407 4408 4410 4409
f 4409 4410 4412 4411
f 4411 4412 4414 4413
f 4413 4414 4416 4415
f 4415 4416 4418 4417
f 4417 4418 4420 4419
f 4419 4420 4422 4421
f 4421 4422 4424 4423
f 4423 4424 4426 4425
f 4425 4426 4428 4427
f 4427 4428 4430 4429
f 4429 4430 4432 4431
f 4431 4432 4434 4433
f 4433 4434 4436 4435
f 4435 4436 4438 4437
f 4437 4438 4440 4439
f 4439 4440 4442 4441
f 4441 4442 4444 4443
f 4443 4444 4446 4445
f 4445 4446 4448 4447
f 4447 4448 4450 4449
f 4449 4450 4452 4451
f 4451 4452 4454 4453
f 4453 4454 4456 4455
f 4455 4456 4458 4457
f 4457 4458 4460 4459
f 4459 4460 4462 4461
f 4461 4462 4464 4463
f 4463 4464 4466 4465
f 4465 4466 4468 4467
f 4467 4468 4470 4469
f 4469 4470 4472 4471
f 4471 4472 4474 4473
f 4473 4474 4476 4475
f 4475 4476 4478 4477
f 4477 4478 4480 4479
f 4479 4480 4482 4481
f 4481 4482 4484 4483
f 4483 4484 4486 4485
f 4485 4486 4488 4487
f 4487 4488 4490 4489
f 4489 4490 4492 4491
f 4491 4492 4494 4493
f 4493 4494 4496 4495
f 4495 4496 4498 4497
f 4497 4498 4500 4499
f 4499 4500 4502 4501
f 4501 4502 4504 4503
f 4503 4504 4506 4505
f 4505 4506 4508 4507
f 4507 4508 4510 4509
f 4509 4510 4512 4511
f 4511 4512 4514 4513
f 4513 4514 4516 4515
f 4515 4516 4518 4517
f 4517 4518 4520 4519
f 4519 4520 4522 4521
f 4521 4522 4524 4523
f 4523 4524 4526 4525
f 4525 4526 4528 4527
f 4527 4528 4530 4529
f 4529 4530 4532 4531
f 4531 4532 4534 4533
f 4533 4534 4536 4535
f 4535 4536 4538 4537
f 4537 4538 4540 4539
f 4539 4540 4542 4541
f 4541 4542 4544 4543
f 4543 4544 4546 4545
f 4545 4546 4548 4547
f 4547 4548 4550 4549
f 4549 4550 4552 4551
f 4551 4552 4554 4553
f 4553 4554 4556 4555
f 4555 4556 4558 4557
f 4557 4558 4560 4559
f 4559 4560 4562 4561
f 4561 4562 4564 4563
f 4563 4564 4566 4565
f 4565 4566 4568 4567
f 4567 4568 4570 4569
f 4569 4570 4572 4571
f 4571 4572 4574 4573
f 4573 4574 4576 4575
f 4575 4576 4578 4577
f 4577 4578 4580 4579
f 4579 4580 4582 4581
f 4581 4582 4584 4583
f 4583 4584 4586 4585
f 4585 4586 4588 4587
f 4587 4588 4590 4589
f 4589 4590 4592 4591
f 4591 4592 4594 4593
f 4593 4594 4596 4595
f 4595 4596 4598 4597
f 4597 4598 4600 4599
f 4599 4600 4602 4601
f 4601 4602 4604 4603
f 4603 4604 4606 4605
f 4605 4606 4608 4607
f 4607 4608 4610 4609
f 4609 4610 4612 4611
f 4611 4612 4614 4613
f 4613 4614 4616 4615
f 4615 4616 4618 4617
f 4617 4618 4620 4619
f 4619 4620 4622 4621
f 4621 4622 4624 4623
f 4623 4624 4626 4625
f 4625 4626 4628 4627
f 4627 4628 4630 4629
f 4629 4630 4632 4631
f 4631 4632 4634 4633
f 4633 4634 4636 4635
f 4635 4636 4638 4637
f 4637 4638 4640 4639
f 4639 4640 4642 4641
f 4641 4642 4644 4643
f 4643 4644 4646 4645
f 4645 4646 4648 4647
f 4647 4648 4650 4649
f 4649 4650 4652 4651
f 4651 4652 4654 4653
f 4653 4654 4656 4655
f 4655 4656 4658 4657
f 4657 4658 4660 4659
f 4659 4660 4662 4661
f 4661 4662 4664 4663
f 4663 4664 4666 4665
f 4665 4666 4668 4667
f 4667 4668 4670 4669
f 4669 4670 4672 4671
f 4671 4672 4674 4673
f 4673 4674 4676 4675
f 4675 4676 4678 4677
f 4677 4678 4680 4679
f 4679 4680 4682 4681
f 4681 4682 4684 4683
f 4683 4684 4686 4685
f 4685 4686 4688 4687
f 4687 4688 4690 4689
f 4689 4690 4692 4691
f 4691 4692 4694 4693
f 4693 4694 4696 4695
f 4695 4696 4698 4697
f 4697 4698 4700 4699
f 4699 4700 4702 4701
f 4701 4702 4704 4703
f 4703 4704 4706 4705
f 4705 4706 4708 4707
f 4707 4708 4710 4709
f 4709 4710 4712 4711
f 4711 4712 4714 4713
f 4713 4714 4716 4715
f 4715 4716 4718 4717
f 4717 4718 4720 4719
f 4719 4720 4722 4721
f 4721 4722 4724 4723
f 4723 4724 4726 4725
f 4725 4726 4728 4727
f 4727 4728 4730 4729
f 4729 4730 4732 4731
f 4731 4732 4734 4733
f 4733 4734 4736 4735
f 4735 4736 4738 4737
f 4737 4738 4740 4739
f 4739 4740 4742 4741
f 4741 4742 4744 4743
f 4743 4744 4746 4745
f 4745 4746 4748 4747
f 4747 4748 4750 4749
f 4749 4750 4752 4751
f 4751 4752 4754 4753
f 4753 4754 4756 4755
f 4755 4756 4758 4757
f 4757 4758 4760 4759
f 4759 4760 4762 4761
f 4761 4762 4764 4763
f 4763 4764 4766 4765
f 4765 4766 4768 4767
f 4767 4768 4770 4769
f 4769 4770 4772 4771
f 4771 4772 4774 4773
f 4773 4774 4776 4775
f 4775 4776 4778 4777
f 4777 4778 4780 4779
f 4779 4780 4782 4781
f 4781 4782 4784 4783
f 4783 4784 4786 4785
f 4785 4786 4788 4787
f 4787 4788 4790 4789
f 4789 4790 4792 4791
f 4791 4792 4794 4793
f 4793 4794 4796 4795
f 4795 4796 4798 4797
f 4797 4798 4800 4799
f 4799 4800 4802 4801
f 4801 4802 4804 4803
f 4803 4804 4806 4805
f 4805 4806 4808 4807
f 4807 4808 4810 4809
f 4809 4810 4812 4811
f 4811 4812 4814 4813
f 4813 4814 4816 4815
f 4815 4816 4818 4817
f 4817 4818 4820 4819
f 4819 4820 4822 4821
f 4821 4822 4824 4823
f 4823 4824 4826 4825
f 4825 4826 4828 4827
f 4827 4828 4830 4829
f 4829 4830 4832 4831
f 4831 4832 4834 4833
f 4833 4834 4836 4835
f 4835 4836 4838 4837
f 4837 4838 4840 4839
f 4839 4840 4842 4841
f 4841 4842 4844 4843
f 4843 4844 4846 4845
f 4845 4846 4848 4847
f 4847 4848 4850 4849
f 4849 4850 4852 4851
f 4851 4852 4854 4853
f 4853 4854 4856 4855
f 4855 4856 4858 4857
f 4857 4858 4860 4859
f 4859 4860 4862 4861
f 4861 4862 4864 4863
f 4863 4864 4866 4865
f 4865 4866 4868 4867
f 4867 4868 4870 4869
f 4869 4870 4872 4871
f 4871 4872 4874 4873
f 4873 4874 4876 4875
f 4875 4876 4878 4877
f 4877 4878 4880 4879
f 4879 4880 4882 4881
f 4881 4882 4884 4883
f 4883 4884 4886 4885
f 4885 4886 4888 4887
f 4887 4888 4890 4889
f 4889 4890 4892 4891
f 4891 4892 4894 4893
f 4893 4894 4896 4895
f 4895 4896 4898 4897
f 4897 4898 4900 4899
f 4899 4900 4902 4901
f 4901 4902 4904 4903
f 4903 4904 4906 4905
f 4905 4906 4908 4907
f 4907 4908 4910 4909
f 4909 4910 4912 4911
f 4911 4912 4914 4913
f 4913 4914 4916 4915
f 4915 4916 4918 4917
f 4917 4918 4920 4919
f 4919 4920 4922 4921
f 4921 4922 4924 4923
f 4923 4924 4926 4925
f 4925 4926 4928 4927
f 4927 4928 4930 4929
f 4929 4930 4932 4931
f 4931 4932 4934 4933
f 4933 4934 4936 4935
f 4935 4936 4938 4937
f 4937 4938 4940 4939
f 4939 4940 4942 4941
f 4941 4942 4944 4943
f 4943 4944 4946 4945
f 4945 4946 4948 4947
f 4947 4948 4950 4949
f 4949 4950 4952 4951
f 4951 4952 4954 4953
f 4953 4954 4956 4955
f 4955 4956 4958 4957
f 4957 4958 4960 4959
f 4959 4960 4962 4961
f 4961 4962 4964 4963
f 4963 4964 4966 4965
f 4965 4966 4968 4967
f 4967 4968 4970 4969
f 4969 4970 4972 4971
f 4971 4972 4974 4973
f 4973 4974 4976 4975
f 4975 4976 4978 4977
f 4977 4978 4980 4979
f 4979 4980 4982 4981
f 4981 4982 4984 4983
f 4983 4984 4986 4985
f 4985 4986 4988 4987
f 4987 4988 4990 4989
f 4989 4990 4992 4991
f 4991 4992 4994 4993
f 4993 4994 4996 4995
f 4995 4996 4998 4997
f 4997 4998 5000 4999
f 4999 5000 5002 5001
f 5001 5002 5004 5003
f 5003 5004 5006 5005
f 5005 5006 5008 5007
f 5007 5008 5010 5009
f 5009 5010 5012 5011
f 5011 5012 5014 5013
f 5013 5014 5016 5015
f 5015 5016 5018 5017
f 5017 5018 5020 5019
f 5019 5020 5022 5021
f 5021 5022 5024 5023
f 5023 5024 5026 5025
f 5025 5026 5028 5027
f 5027 5028 5030 5029
f 5029 5030 5032 5031
f 5031 5032 5034 5033
f 5033 5034 5036 5035
f 5035 5036 5038 5037
f 5037 5038 5040 5039
f 5039 5040 5042 5041
f 5041 5042 5044 5043
f 5043 5044 5046 5045
f 5045 5046 5048 5047
f 5047 5048 5050 5049
f 5049 5050 5052 5051
f 5051 5052 5054 5053
f 5053 5054 5056 5055
f 5055 5056 5058 5057
f 5057 5058 5060 5059
f 5059 5060 5062 5061
f 5061 5062 5064 5063
f 5063 5064 5066 5065
f 5065 5066 5068 5067
f 5067 5068 5070 5069
f 5069 5070 5072 5071
f 5071 5072 5074 5073
f 5073 5074 5076 5075
f 5075 5076 5078 5077
f 5077 5078 5080 5079
f 5079 5080 5082 5081
f 5081 5082 5084 5083
f 5083 5084 5086 5085
f 5085 5086 5088 5087
f 5087 5088 5090 5089
f 5089 5090 5092 5091
f 5091 5092 5094 5093
f 5093 5094 5096 5095
f 5095 5096 5098 5097
f 5097 5098 5100 5099
f 5099 5100 5102 5101
f 5101 5102 5104 5103
f 5103 5104 5106 5105
f 5105 5106 5108 5107
f 5107 5108 5110 5109
f 5109 5110 5112 5111
f 5111 5112 5114 5113
f 5113 5114 5116 5115
f 5115 5116 5118 5117
f 5117 5118 5120 5119
f 5119 5120 5122 5121
f 5121 5122 5124 5123
f 5123 5124 5126 5125
f 5125 5126 5128 5127
f 5127 5128 5130 5129
f 5129 5130 5132 5131
f 5131 5132 5134 5133
f 5133 5134 5136 5135
f 5135 5136 5138 5137
f 5137 5138 5140 5139
f 5139 5140 5142 5141
f 5141 5142 5144 5143
f 5143 5144 5146 5145
f 5145 5146 5148 5147
f 5147 5148 5150 5149
f 5149 5150 5152 5151
f 5151 5152 5154 5153
f 5153 5154 5156 5155
f 5155 5156 5158 5157
f 5157 5158 5160 5159
f 5159 5160 5162 5161
f 5161 5162 5164 5163
f 5163 5164 5166 5165
f 5165 5166 5168 5167
f 5167 5168 5170 5169
f 5169 5170 5172 5171
f 5171 5172 5174 5173
f 5173 5174 5176 5175
f 5175 5176 5178 5177
f 5177 5178 5180 5179
f 5179 5180 5182 5181
f 5181 5182 5184 5183
f 5183 5184 5186 5185
f 5185 5186 5188 5187
f 5187 5188 5190 5189
f 5189 5190 5192 5191
f 5191 5192 5194 5193
f 5193 5194 5196 5195
f 5195 5196 5198 5197
f 5197 5198 5200 5199
f 5199 5200 5202 5201
f 5201 5202 5204 5203
f 5203 5204 5206 5205
f 5205 5206 5208 5207
f 5207 5208 5210 5209
f 5209 5210 5212 5211
f 5211 5212 5214 5213
f 5213 5214 5216 5215
f 5215 5216 5218 5217
f 5217 5218 5220 5219
f 5219 5220 5222 5221
f 5221 5222 5224 5223
f 5223 5224 5226 5225
f 5225 5226 5228 5227
f 5227 5228 5230 5229
f 5229 5230 5232 5231
f 5231 5232 5234 5233
f 5233 5234 5236 5235
f 5235 5236 5238 5237
f 5237 5238 5240 5239
f 5239 5240 5242 5241
f 5241 5242 5244 5243
f 5243 5244 5246 5245
f 5245 5246 5248 5247
f 5247 5248 5250 5249
f 5249 5250 5252 5251
f 5251 5252 5254 5253
f 5253 5254 5256 5255
f 5255 5256 5258 5257
f 5257 5258 5260 5259
f 5259 5260 5262 5261
f 5261 5262 5264 5263
f 5263 5264 5266 5265
f 5265 5266 5268 5267
f 5267 5268 5270 5269
f 5269 5270 5272 5271
f 5271 5272 5274 5273
f 5273 5274 5276 5275
f 5275 5276 5278 5277
f 5277 5278 5280 5279
f 5279 5280 5282 5281
f 5281 5282 5284 5283
f 5283 5284 5286 5285
f 5285 5286 5288 5287
f 5287 5288 5290 5289
f 5289 5290 5292 5291
f 5291 5292 5294 5293
f 5293 5294 5296 5295
f 5295 5296 5298 5297
f 5297 5298 5300 5299
f 5299 5300 5302 5301
f 5301 5302 5304 5303
f 5303 5304 5306 5305
f 5305 5306 5308 5307
f 5307 5308 5310 5309
f 5309 5310 5312 5311
f 5311 5312 5314 5313
f 5313 5314 5316 5315
f 5315 5316 5318 5317
f 5317 5318 5320 5319
f 5319 5320 5322 5321
f 5321 5322 5324 5323
f 5323 5324 5326 5325
f 5325 5326 5328 5327
f 5327 5328 5330 5329
f 5329 5330 5332 5331
f 5331 5332 5334 5333
f 5333 5334 5336 5335
f 5335 5336 5338 5337
f 5337 5338 5340 5339
f 5339 5340 5342 5341
f 5341 5342 5344 5343
f 5343 5344 5346 5345
f 5345 5346 5348 5347
f 5347 5348 5350 5349
f 5349 5350 5352 5351
f 5351 5352 5354 5353
f 5353 5354 5356 5355
f 5355 5356 5358 5357
f 5357 5358 5360 5359
f 5359 5360 5362 5361
f 5361 5362 5364 5363
f 5363 5364 5366 5365
f 5365 5366 5368 5367
f 5367 5368 5370 5369
f 5369 5370 5372 5371
f 5371 5372 5374 5373
f 5373 5374 5376 5375
f 5375 5376 5378 5377
f 5377 5378 5380 5379
f 5379 5380 5382 5381
f 5381 5382 5384 5383
f 5383 5384 5386 5385
f 5385 5386 5388 5387
f 5387 5388 5390 5389
f 5389 5390 5392 5391
f 5391 5392 5394 5393
f 5393 5394 5396 5395
f 5395 5396 5398 5397
f 5397 5398 5400 5399
f 5399 5400 5402 5401
f 5401 5402 5404 5403
f 5403 5404 5406 5405
f 5405 5406 5408 5407
f 5407 5408 5410 5409
f 5409 5410 5412 5411
f 5411 5412 5414 5413
f 5413 5414 5416 5415
f 5415 5416 5418 5417
f 5417 5418 5420 5419
f 5419 5420 5422 5421
f 5421 5422 5424 5423
f 5423 5424 5426 5425
f 5425 5426 5428 5427
f 5427 5428 5430 5429
f 5429 5430 5432 5431
f 5431 5432 5434 5433
f 5433 5434 5436 5435
f 5435 5436 5438 5437
f 5437 5438 5440 5439
f 5439 5440 5442 5441
f 5441 5442 5444 5443
f 5443 5444 5446 5445
f 5445 5446 5448 5447
f 5447 5448 5450 5449
f 5449 5450 5452 5451
f 5451 5452 5454 5453
f 5453 5454 5456 5455
f 5455 5456 5458 5457
f 5457 5458 5460 5459
f 5459 5460 5462 5461
f 5461 5462 5464 5463
f 5463 5464 5466 5465
f 5465 5466 5468 5467
f 5467 5468 5470 5469
f 5469 5470 5472 5471
f 5471 5472 5474 5473
f 5473 5474 5476 5475
f 5475 5476 5478 5477
f 5477 5478 5480 5479
f 5479 5480 5482 5481
f 5481 5482 5484 5483
f 5483 5484 5486 5485
f 5485 5486 5488 5487
f 5487 5488 5490 5489
f 5489 5490 5492 5491
f 5491 5492 5494 5493
f 5493 5494 5496 5495
f 5495 5496 5498 5497
f 5497 5498 5500 5499
f 5499 5500 5502 5501
f 5501 5502 5504 5503
f 5503 5504 5506 5505
f 5505 5506 5508 5507
f 5507 5508 5510 5509
f 5509 5510 5512 5511
f 5511 5512 5514 5513
f 5513 5514 5516 5515
f 5515 5516 5518 5517
f 5517 5518 5520 5519
f 5519 5520 5522 5521
f 5521 5522 5524 5523
f 5523 5524 5526 5525
f 5525 5526 5528 5527
f 5527 5528 5530 5529
f 5529 5530 5532 5531
f 5531 5532 5534 5533
f 5533 5534 5536 5535
f 5535 5536 5538 5537
f 5537 5538 5540 5539
f 5539 5540 5542 5541
f 5541 5542 5544 5543
f 5543 5544 5546 5545
f 5545 5546 5548 5547
f 5547 5548 5550 5549
f 5549 5550 5552 5551
f 5551 5552 5554 5553
