# generated by gpx2obj.py
# source: 2026-09-05T15-21-19-003Z-fused.gpx
# mode: road
# origin: lat=44.695970867268 lon=20.501830006043 ele_offset=0.000
# flat earth: 111125.8382 m/deg lat, 79262.6668 m/deg lon
# axes: X=east Y=up Z=south
# trkpt in source: 5226, used: 4635 (min-step 0.200 m)
# road: continuous strip, width 3.50 m (R>=120 m) .. 5.00 m (R<=20 m), step 1.00 m, smooth 6.0/20.0 m, curv-span 12.0 m, width-smooth 25.0 m, jump 3.0/2.5 m blend 40/100 m glitch 60 m
o road
v 918.1464 526.1571 552.7054
v 917.9360 526.1571 556.1991
v 918.6538 526.1307 552.7355
v 918.4262 526.1307 556.2291
v 919.1636 526.1047 552.7697
v 918.9135 526.1047 556.2648
v 919.6586 526.0792 552.8034
v 919.4155 526.0792 556.3039
v 920.6496 526.0540 552.8653
v 920.4192 526.0540 556.3734
v 921.6534 526.0293 552.9268
v 921.4104 526.0293 556.4426
v 922.6589 526.0053 552.9947
v 922.3992 526.0053 556.5197
v 923.6557 525.9814 553.0632
v 923.3968 525.9814 556.6001
v 924.6470 525.9577 553.1274
v 924.4003 525.9577 556.6791
v 925.6369 525.9340 553.1858
v 925.4058 525.9340 556.7545
v 926.6278 525.9101 553.2386
v 926.4110 525.9101 556.8263
v 927.6186 525.8625 553.2863
v 927.4167 525.8625 556.8954
v 928.6058 525.8134 553.3275
v 928.4265 525.8134 556.9607
v 929.5892 525.7634 553.3562
v 929.4406 525.7634 557.0227
v 930.5696 525.7125 553.3728
v 930.4584 525.7125 557.0773
v 931.5489 525.6613 553.3759
v 931.4779 525.6613 557.1229
v 932.5280 525.6092 553.3657
v 932.4980 525.6092 557.1602
v 933.5048 525.5569 553.3418
v 933.5206 525.5569 557.1886
v 934.4805 525.5048 553.3029
v 934.5441 525.5048 557.2064
v 935.4555 525.4530 553.2514
v 935.5682 525.4530 557.2138
v 936.4265 525.4008 553.1876
v 936.5953 525.4008 557.2081
v 937.3917 525.3484 553.1101
v 937.6267 525.3484 557.1874
v 938.3491 525.2956 553.0167
v 938.6635 525.2956 557.1490
v 939.2986 525.2424 552.9048
v 939.7047 525.2424 557.0894
v 940.2414 525.1886 552.7729
v 940.7480 525.1886 557.0069
v 941.1763 525.1343 552.6198
v 941.7933 525.1343 556.8999
v 942.1051 525.0793 552.4439
v 942.8378 525.0793 556.7660
v 943.0244 525.0233 552.2470
v 943.8836 525.0233 556.6051
v 943.9232 524.9666 552.0271
v 944.9382 524.9666 556.4102
v 944.7957 524.9093 551.7798
v 946.0002 524.9093 556.1720
v 945.6408 524.8513 551.5004
v 947.0631 524.8513 555.8833
v 946.4561 524.7931 551.1866
v 948.1221 524.7931 555.5378
v 947.2371 524.7345 550.8390
v 949.1729 524.7345 555.1258
v 947.9786 524.6758 550.4560
v 950.2100 524.6758 554.6382
v 948.6820 524.6170 550.0324
v 951.2195 524.6170 554.0696
v 949.3536 524.5582 549.5640
v 952.1851 524.5582 553.4246
v 949.9937 524.4993 549.0519
v 953.0984 524.4993 552.7100
v 950.5987 524.4403 548.4997
v 953.9557 524.4403 551.9295
v 951.1662 524.3813 547.9089
v 954.7520 524.3813 551.0869
v 951.6966 524.3220 547.2794
v 955.4814 524.3220 550.1895
v 952.1906 524.2625 546.6115
v 956.1403 524.2625 549.2462
v 952.6489 524.2028 545.9063
v 956.7276 524.2028 548.2666
v 953.0727 524.1428 545.1650
v 957.2447 524.1428 547.2598
v 953.4634 524.0825 544.3897
v 957.6950 524.0825 546.2342
v 953.8213 524.0218 543.5832
v 958.0849 524.0218 545.1965
v 954.1466 523.9608 542.7481
v 958.4206 523.9608 544.1525
v 954.4414 523.8994 541.8865
v 958.7087 523.8994 543.1074
v 954.7081 523.8377 541.0029
v 958.9562 523.8377 542.0630
v 954.9483 523.7756 540.1021
v 959.1681 523.7756 541.0193
v 955.1642 523.7131 539.1863
v 959.3482 523.7131 539.9777
v 955.3582 523.6503 538.2574
v 959.5006 523.6503 538.9392
v 955.5326 523.5871 537.3167
v 959.6287 523.5871 537.9048
v 955.6903 523.5236 536.3660
v 959.7365 523.5236 536.8745
v 955.8330 523.4598 535.4077
v 959.8268 523.4598 535.8475
v 955.9626 523.3955 534.4414
v 959.9019 523.3955 534.8249
v 956.0821 523.3309 533.4672
v 959.9651 523.3309 533.8079
v 956.1942 523.2660 532.4868
v 960.0199 523.2660 532.7955
v 956.2982 523.2009 531.5017
v 960.0708 523.2009 531.7867
v 956.3956 523.1354 530.5138
v 960.1198 523.1354 530.7800
v 956.4866 523.0696 529.5242
v 960.1675 523.0696 529.7745
v 956.5719 523.0036 528.5337
v 960.2148 523.0036 528.7694
v 956.6512 522.9374 527.5425
v 960.2611 522.9374 527.7646
v 956.7253 522.8709 526.5508
v 960.3070 522.8709 526.7600
v 956.7935 522.8041 525.5593
v 960.3520 522.8041 525.7547
v 956.8560 522.7371 524.5674
v 960.3956 522.7371 524.7495
v 956.9131 522.6699 523.5750
v 960.4379 522.6699 523.7444
v 956.9650 522.6026 522.5822
v 960.4786 522.6026 522.7394
v 957.0120 522.5351 521.5876
v 960.5176 522.5351 521.7359
v 957.0561 522.4673 520.5908
v 960.5565 522.4673 520.7345
v 957.0980 522.3994 519.5927
v 960.5957 522.3994 519.7342
v 957.1385 522.3315 518.5937
v 960.6357 522.3315 518.7348
v 957.1789 522.2634 517.5950
v 960.6761 522.2634 517.7351
v 957.2185 522.1953 516.5970
v 960.7158 522.1953 516.7348
v 957.2575 522.1270 515.5994
v 960.7549 522.1270 515.7339
v 957.2952 522.0586 514.6037
v 960.7929 522.0586 514.7311
v 957.3300 521.9903 513.6106
v 960.8281 521.9903 513.7255
v 957.3604 521.9219 512.6196
v 960.8590 521.9219 512.7176
v 957.3854 521.8534 511.6301
v 960.8846 521.8534 511.7079
v 957.4043 521.7849 510.6411
v 960.9039 521.7849 510.6974
v 957.4172 521.7164 509.6518
v 960.9170 521.7164 509.6871
v 957.4243 521.6478 508.6618
v 960.9243 521.6478 508.6772
v 957.4259 521.5793 507.6713
v 960.9259 521.5793 507.6679
v 957.4224 521.5107 506.6799
v 960.9223 521.5107 506.6593
v 957.4142 521.4423 505.6872
v 960.9141 521.4423 505.6522
v 957.4025 521.3739 504.6930
v 960.9022 521.3739 504.6466
v 957.3878 521.3055 503.6975
v 960.8874 521.3055 503.6423
v 957.3711 521.2372 502.7006
v 960.8705 521.2372 502.6396
v 957.3531 521.1690 501.7022
v 960.8525 521.1690 501.6383
v 957.3346 521.1009 500.7020
v 960.8340 521.1009 500.6388
v 957.3169 521.0329 499.7002
v 960.8163 521.0329 499.6409
v 957.3006 520.9651 498.6974
v 960.8002 520.9651 498.6440
v 957.2862 520.8973 497.6941
v 960.7859 520.8973 497.6476
v 957.2740 520.8297 496.6899
v 960.7738 520.8297 496.6519
v 957.2644 520.7621 495.6854
v 960.7643 520.7621 495.6566
v 957.2574 520.6948 494.6813
v 960.7574 520.6948 494.6608
v 957.2526 520.6275 493.6779
v 960.7526 520.6275 493.6642
v 957.2496 520.5605 492.6755
v 960.7495 520.5605 492.6666
v 957.2475 520.4936 491.6739
v 960.7475 520.4936 491.6682
v 957.2463 520.4269 490.6730
v 960.7463 520.4269 490.6692
v 957.2453 520.3604 489.6734
v 960.7453 520.3604 489.6688
v 957.2437 520.2941 488.6751
v 960.7437 520.2941 488.6670
v 957.2407 520.2280 487.6777
v 960.7407 520.2280 487.6644
v 957.2361 520.1621 486.6812
v 960.7361 520.1621 486.6610
v 957.2292 520.0965 485.6856
v 960.7291 520.0965 485.6566
v 957.2196 520.0311 484.6913
v 960.7194 520.0311 484.6511
v 957.2064 519.9660 483.6984
v 960.7060 519.9660 483.6442
v 957.1889 519.9011 482.7069
v 960.6882 519.9011 482.6362
v 957.1664 519.8365 481.7164
v 960.6653 519.8365 481.6273
v 957.1385 519.7721 480.7264
v 960.6368 519.7721 480.6182
v 957.1052 519.7081 479.7370
v 960.6028 519.7081 479.6089
v 957.0660 519.6443 478.7481
v 960.5629 519.6443 478.5995
v 957.0211 519.5807 477.7590
v 960.5170 519.5807 477.5908
v 956.9708 519.5174 476.7689
v 960.4659 519.5174 476.5836
v 956.9161 519.4545 475.7780
v 960.4104 519.4545 475.5776
v 956.8572 519.3919 474.7866
v 960.3506 519.3919 474.5726
v 956.7946 519.3295 473.7946
v 960.2873 519.3295 473.5686
v 956.7288 519.2675 472.8017
v 960.2208 519.2675 472.5659
v 956.6605 519.2058 471.8082
v 960.1520 519.2058 471.5641
v 956.5899 519.1444 470.8154
v 960.0807 519.1444 470.5621
v 956.5165 519.0833 469.8243
v 960.0064 519.0833 469.5586
v 956.4392 519.0225 468.8354
v 959.9278 519.0225 468.5537
v 956.3570 518.9620 467.8483
v 959.8441 518.9620 467.5478
v 956.2692 518.9019 466.8634
v 959.7544 518.9019 466.5409
v 956.1749 518.8421 465.8800
v 959.6577 518.8421 465.5336
v 956.0736 518.7827 464.8971
v 959.5541 518.7827 464.5273
v 955.9659 518.7235 463.9135
v 959.4441 518.7235 463.5230
v 955.8525 518.6646 462.9276
v 959.3290 518.6646 462.5221
v 955.7355 518.6061 461.9383
v 959.2110 518.6061 461.5253
v 955.6169 518.5478 460.9451
v 959.0926 518.5478 460.5326
v 955.4993 518.4898 459.9479
v 958.9759 518.4898 459.5437
v 955.3846 518.4322 458.9471
v 958.8629 518.4322 458.5576
v 955.2741 518.3749 457.9431
v 958.7558 518.3749 457.5736
v 955.1678 518.3179 456.9364
v 958.6577 518.3179 456.5910
v 955.0667 518.2612 455.9283
v 958.5694 518.2612 455.6084
v 954.9707 518.2047 454.9193
v 958.4911 518.2047 454.6253
v 954.8801 518.1487 453.9097
v 958.4231 518.1487 453.6414
v 954.7945 518.0929 452.9004
v 958.3652 518.0929 452.6562
v 954.7136 518.0374 451.8919
v 958.3166 518.0374 451.6690
v 954.6364 517.9823 450.8850
v 958.2764 517.9823 450.6796
v 954.5617 517.9274 449.8796
v 958.2432 517.9274 449.6879
v 954.4887 517.8729 448.8757
v 958.2162 517.8729 448.6943
v 954.4167 517.8188 447.8743
v 958.1938 517.8188 447.6981
v 954.3442 517.7649 446.8764
v 958.1743 517.7649 446.6981
v 954.2692 517.7113 445.8833
v 958.1552 517.7113 445.6934
v 954.1897 517.6580 444.8966
v 958.1335 517.6580 444.6828
v 954.1032 517.6050 443.9180
v 958.1048 517.6050 443.6650
v 954.0065 517.5521 442.9499
v 958.0643 517.5521 442.6386
v 953.8956 517.4996 441.9950
v 958.0067 517.4996 441.6021
v 953.7654 517.4474 441.0559
v 957.9253 517.4474 440.5550
v 953.6112 517.3955 440.1331
v 957.8138 517.3955 439.4995
v 953.4293 517.3438 439.2276
v 957.6666 517.3438 438.4376
v 953.2163 517.2924 438.3403
v 957.4779 517.2924 437.3725
v 952.9710 517.2412 437.4721
v 957.2425 517.2412 436.3075
v 952.6915 517.1902 436.6255
v 956.9554 517.1902 435.2455
v 952.3751 517.1395 435.7998
v 956.6130 517.1395 434.1934
v 952.0214 517.0890 434.9940
v 956.2155 517.0890 433.1574
v 951.6318 517.0387 434.2107
v 955.7613 517.0387 432.1400
v 951.2073 516.9886 433.4512
v 955.2477 516.9886 431.1467
v 950.7488 516.9386 432.7167
v 954.6753 516.9386 430.1818
v 950.2565 516.8889 432.0098
v 954.0434 516.8889 429.2498
v 949.7301 516.8393 431.3310
v 953.3543 516.8393 428.3572
v 949.1700 516.7898 430.6813
v 952.6110 516.7898 427.5086
v 948.5767 516.7405 430.0617
v 951.8168 516.7405 426.7080
v 947.9501 516.6913 429.4724
v 950.9759 516.6913 425.9593
v 947.2910 516.6423 428.9139
v 950.0937 516.6423 425.2644
v 946.5988 516.5934 428.3860
v 949.1761 516.5934 424.6258
v 945.8739 516.5448 427.8871
v 948.2312 516.5448 424.0433
v 945.1165 516.4963 427.4171
v 947.2665 516.4963 423.5146
v 944.3290 516.4479 426.9738
v 946.2883 516.4479 423.0351
v 943.5153 516.3996 426.5566
v 945.2994 516.3996 422.6002
v 942.6765 516.3515 426.1637
v 944.3048 516.3515 422.2057
v 941.8142 516.3035 425.7920
v 943.3091 516.3035 421.8461
v 940.9324 516.2556 425.4389
v 942.3138 516.2556 421.5155
v 940.0331 516.2079 425.1014
v 941.3210 516.2079 421.2095
v 939.1199 516.1602 424.7760
v 940.3313 516.1602 420.9225
v 938.1958 516.1127 424.4610
v 939.3440 516.1127 420.6508
v 937.2615 516.0653 424.1545
v 938.3607 516.0653 420.3902
v 936.3195 516.0179 423.8553
v 937.3811 516.0179 420.1354
v 935.3721 515.9706 423.5630
v 936.4039 515.9706 419.8841
v 934.4195 515.9234 423.2763
v 935.4298 515.9234 419.6343
v 933.4632 515.8763 422.9940
v 934.4584 515.8763 419.3839
v 932.5042 515.8292 422.7157
v 933.4890 515.8292 419.1318
v 931.5432 515.7823 422.4412
v 932.5213 515.7823 418.8769
v 930.5810 515.7353 422.1701
v 931.5548 515.7353 418.6189
v 929.6178 515.6883 421.9025
v 930.5892 515.6883 418.3577
v 928.6541 515.6415 421.6385
v 929.6240 515.6415 418.0933
v 927.6909 515.5946 421.3786
v 928.6579 515.5946 417.8260
v 926.7295 515.5478 421.1243
v 927.6890 515.5478 417.5571
v 925.7703 515.5009 420.8774
v 926.7160 515.5009 417.2883
v 924.8142 515.4541 420.6402
v 925.7367 515.4541 417.0221
v 923.8613 515.4072 420.4155
v 924.7497 515.4072 416.7621
v 922.9119 515.3603 420.2059
v 923.7537 515.3603 416.5116
v 921.9652 515.3134 420.0133
v 922.7482 515.3134 416.2761
v 921.0196 515.2665 419.8392
v 921.7344 515.2665 416.0587
v 920.0754 515.2195 419.6853
v 920.7118 515.2195 415.8617
v 919.1320 515.1725 419.5537
v 919.6811 515.1725 415.6882
v 918.1882 515.1255 419.4450
v 918.6439 515.1255 415.5402
v 917.2439 515.0784 419.3599
v 917.6016 515.0784 415.4190
v 916.2990 515.0313 419.2985
v 916.5554 515.0313 415.3256
v 915.3552 514.9842 419.2611
v 915.5048 514.9842 415.2605
v 914.4133 514.9369 419.2491
v 914.4505 514.9369 415.2258
v 913.4728 514.8896 419.2617
v 913.3944 514.8896 415.2230
v 912.5344 514.8422 419.2991
v 912.3375 514.8422 415.2532
v 911.5983 514.7948 419.3615
v 911.2813 514.7948 415.3173
v 910.6655 514.7473 419.4489
v 910.2266 514.7473 415.4154
v 909.7366 514.6996 419.5621
v 909.1745 514.6996 415.5485
v 908.8107 514.6519 419.7016
v 908.1281 514.6519 415.7163
v 907.8890 514.6042 419.8665
v 907.0877 514.6042 415.9180
v 906.9725 514.5563 420.0577
v 906.0544 514.5563 416.1541
v 906.0606 514.5083 420.2762
v 905.0304 514.5083 416.4222
v 905.1540 514.4602 420.5214
v 904.0164 514.4602 416.7214
v 904.2522 514.4120 420.7930
v 903.0141 514.4120 417.0503
v 903.3539 514.3637 421.0905
v 902.0255 514.3637 417.4063
v 902.4587 514.3154 421.4117
v 901.0505 514.3154 417.7863
v 901.5657 514.2669 421.7556
v 900.0898 514.2669 418.1876
v 900.6735 514.2183 422.1196
v 899.1429 514.2183 418.6060
v 899.7822 514.1696 422.5011
v 898.2085 514.1696 419.0385
v 898.8910 514.1208 422.8978
v 897.2855 514.1208 419.4821
v 897.9992 514.0719 423.3069
v 896.3724 514.0719 419.9338
v 897.1072 514.0229 423.7259
v 895.4670 514.0229 420.3913
v 896.2150 513.9737 424.1530
v 894.5677 513.9737 420.8530
v 895.3225 513.9245 424.5860
v 893.6730 513.9245 421.3175
v 894.4302 513.8751 425.0242
v 892.7816 513.8751 421.7840
v 893.5378 513.8256 425.4662
v 891.8927 513.8256 422.2513
v 892.6456 513.7760 425.9113
v 891.0053 513.7760 422.7190
v 891.7537 513.7264 426.3591
v 890.1190 513.7264 423.1865
v 890.8625 513.6766 426.8089
v 889.2328 513.6766 423.6535
v 889.9723 513.6267 427.2607
v 888.3464 513.6267 424.1204
v 889.0832 513.5767 427.7146
v 887.4599 513.5767 424.5870
v 888.1953 513.5266 428.1705
v 886.5732 513.5266 425.0533
v 887.3085 513.4763 428.6285
v 885.6863 513.4763 425.5195
v 886.4228 513.4260 429.0886
v 884.7993 513.4260 425.9854
v 885.5385 513.3755 429.5507
v 883.9121 513.3755 426.4515
v 884.6554 513.3249 430.0149
v 883.0248 513.3249 426.9179
v 883.7730 513.2742 430.4802
v 882.1381 513.2742 427.3855
v 882.8918 513.2234 430.9469
v 881.2517 513.2234 427.8543
v 882.0120 513.1725 431.4159
v 880.3654 513.1725 428.3239
v 881.1338 513.1214 431.8871
v 879.4791 513.1214 428.7944
v 880.2573 513.0702 432.3609
v 878.5931 513.0702 429.2659
v 879.3826 513.0189 432.8373
v 877.7074 513.0189 429.7385
v 878.5099 512.9674 433.3165
v 876.8219 512.9674 430.2124
v 877.6393 512.9159 433.7988
v 875.9367 512.9159 430.6879
v 876.7707 512.8641 434.2842
v 875.0522 512.8641 431.1651
v 875.9042 512.8122 434.7728
v 874.1685 512.8122 431.6440
v 875.0400 512.7602 435.2645
v 873.2852 512.7602 432.1251
v 874.1788 512.7080 435.7595
v 872.4023 512.7080 432.6090
v 873.3214 512.6557 436.2577
v 871.5196 512.6557 433.0966
v 872.4688 512.6032 436.7598
v 870.6373 512.6032 433.5893
v 871.6222 512.5506 437.2664
v 869.7556 512.5506 434.0886
v 870.7825 512.4978 437.7786
v 868.8751 512.4978 434.5961
v 869.9509 512.4450 438.2974
v 867.9966 512.4450 435.1133
v 869.1294 512.3919 438.8237
v 867.1203 512.3919 435.6428
v 868.3194 512.3388 439.3591
v 866.2477 512.3388 436.1868
v 867.5219 512.2854 439.9055
v 865.3806 512.2854 436.7469
v 866.7381 512.2319 440.4638
v 864.5204 512.2319 437.3250
v 865.9694 512.1783 441.0357
v 863.6693 512.1783 437.9227
v 865.2163 512.1246 441.6222
v 862.8288 512.1246 438.5409
v 864.4804 512.0706 442.2241
v 862.0004 512.0706 439.1812
v 863.7618 512.0166 442.8429
v 861.1871 512.0166 439.8437
v 863.0601 511.9624 443.4789
v 860.3903 511.9624 440.5278
v 862.3764 511.9080 444.1314
v 859.6108 511.9080 441.2345
v 861.7104 511.8536 444.8008
v 858.8512 511.8536 441.9637
v 861.0618 511.7990 445.4865
v 858.1124 511.7990 442.7142
v 860.4313 511.7442 446.1879
v 857.3952 511.7442 443.4864
v 859.8185 511.6893 446.9052
v 856.7011 511.6893 444.2789
v 859.2235 511.6342 447.6374
v 856.0302 511.6342 445.0911
v 858.6470 511.5790 448.3833
v 855.3828 511.5790 445.9233
v 858.0891 511.5236 449.1435
v 854.7609 511.5236 446.7743
v 857.5494 511.4681 449.9169
v 854.1644 511.4681 447.6432
v 857.0293 511.4124 450.7025
v 853.5940 511.4124 448.5304
v 856.5286 511.3566 451.5006
v 853.0512 511.3566 449.4347
v 856.0492 511.3005 452.3117
v 852.5345 511.3005 450.3541
v 855.5927 511.2443 453.1351
v 852.0442 511.2443 451.2885
v 855.1590 511.1879 453.9715
v 851.5815 511.1879 452.2363
v 854.7483 511.1314 454.8199
v 851.1460 511.1314 453.1964
v 854.3627 511.0746 455.6805
v 850.7371 511.0746 454.1677
v 854.0030 511.0177 456.5545
v 850.3537 511.0177 455.1472
v 853.6685 510.9606 457.4406
v 849.9945 510.9606 456.1337
v 853.3591 510.9033 458.3380
v 849.6590 510.9033 457.1265
v 853.0733 510.8458 459.2477
v 849.3467 510.8458 458.1228
v 852.8087 510.7881 460.1687
v 849.0549 510.7881 459.1208
v 852.5636 510.7301 461.1008
v 848.7818 510.7301 460.1189
v 852.3344 510.6720 462.0446
v 848.5245 510.6720 461.1140
v 852.1176 510.6136 462.9993
v 848.2791 510.6136 462.1046
v 851.9095 510.5551 463.9640
v 848.0417 510.5551 463.0894
v 851.7061 510.4963 464.9385
v 847.8083 510.4963 464.0665
v 851.5031 510.4373 465.9221
v 847.5748 510.4373 465.0346
v 851.2952 510.3781 466.9140
v 847.3379 510.3781 465.9923
v 851.0767 510.3187 467.9140
v 847.0941 510.3187 466.9376
v 850.8426 510.2590 468.9205
v 846.8386 510.2590 467.8691
v 850.5881 510.1992 469.9326
v 846.5676 510.1992 468.7846
v 850.3075 510.1391 470.9491
v 846.2768 510.1391 469.6817
v 849.9958 510.0789 471.9675
v 845.9623 510.0789 470.5582
v 849.6478 510.0184 472.9851
v 845.6207 510.0184 471.4119
v 849.2590 509.9578 473.9982
v 845.2486 509.9578 472.2408
v 848.8255 509.8970 475.0034
v 844.8442 509.8970 473.0423
v 848.3419 509.8360 475.9945
v 844.4067 509.8360 473.8154
v 847.8070 509.7748 476.9661
v 843.9354 509.7748 474.5599
v 847.2203 509.7135 477.9126
v 843.4294 509.7135 475.2746
v 846.5830 509.6519 478.8298
v 842.8888 509.6519 475.9590
v 845.8956 509.5902 479.7126
v 842.3151 509.5902 476.6132
v 845.1585 509.5282 480.5580
v 841.7116 509.5282 477.2365
v 844.3728 509.4662 481.3620
v 841.0792 509.4662 477.8266
v 843.5405 509.4039 482.1227
v 840.4209 509.4039 478.3816
v 842.6609 509.3416 482.8366
v 839.7391 509.3416 478.8972
v 841.7346 509.2790 483.5000
v 839.0370 509.2790 479.3701
v 840.7614 509.2164 484.1073
v 838.3170 509.2164 479.7962
v 839.7399 509.1536 484.6539
v 837.5842 509.1536 480.1711
v 838.6714 509.0907 485.1291
v 836.8402 509.0907 480.4897
v 837.5620 509.0276 485.5251
v 836.0861 509.0276 480.7507
v 836.4184 508.9644 485.8328
v 835.3231 508.9644 480.9516
v 835.2503 508.9010 486.0470
v 834.5515 508.9010 481.0919
v 834.0650 508.8376 486.1652
v 833.7753 508.8376 481.1693
v 832.8698 508.7740 486.1849
v 832.9993 508.7740 481.1821
v 831.6768 508.7104 486.1033
v 832.2248 508.7104 481.1291
v 830.4934 508.6467 485.9231
v 831.4588 508.6467 481.0125
v 829.3282 508.5829 485.6416
v 830.7085 508.5829 480.8312
v 828.1907 508.5190 485.2624
v 829.9779 508.5190 480.5876
v 827.0873 508.4550 484.7847
v 829.2751 508.4550 480.2834
v 826.0292 508.3910 484.2118
v 828.6028 508.3910 479.9194
v 825.0247 508.3270 483.5480
v 827.9654 508.3270 479.4981
v 824.0824 508.2630 482.7963
v 827.3677 508.2630 479.0244
v 823.2137 508.1989 481.9625
v 826.8106 508.1989 478.5003
v 822.4243 508.1348 481.0558
v 826.2977 508.1348 477.9306
v 821.7211 508.0707 480.0830
v 825.8332 508.0707 477.3184
v 821.1087 508.0066 479.0555
v 825.4180 508.0066 476.6659
v 820.5906 507.9424 477.9825
v 825.0550 507.9424 475.9767
v 820.1682 507.8783 476.8765
v 824.7443 507.8783 475.2517
v 819.8398 507.8141 475.7491
v 824.4861 507.8141 474.4933
v 819.6018 507.7499 474.6114
v 824.2801 507.7499 473.7035
v 819.4473 507.6858 473.4732
v 824.1248 507.6858 472.8846
v 819.3685 507.6217 472.3408
v 824.0186 507.6217 472.0410
v 819.3576 507.5576 471.2209
v 823.9592 507.5576 471.1744
v 819.4044 507.4935 470.1154
v 823.9426 507.4935 470.2897
v 819.5016 507.4294 469.0254
v 823.9679 507.4294 469.3910
v 819.6412 507.3653 467.9536
v 824.0309 507.3653 468.4790
v 819.8164 507.3012 466.8984
v 824.1272 507.3012 467.5571
v 820.0218 507.2370 465.8592
v 824.2533 507.2370 466.6273
v 820.2519 507.1728 464.8346
v 824.4051 507.1728 465.6912
v 820.5032 507.1086 463.8218
v 824.5791 507.1086 464.7515
v 820.7726 507.0443 462.8211
v 824.7732 507.0443 463.8078
v 821.0562 506.9800 461.8302
v 824.9835 506.9800 462.8616
v 821.3533 506.9157 460.8463
v 825.2082 506.9157 461.9155
v 821.6623 506.8514 459.8694
v 825.4461 506.8514 460.9692
v 821.9813 506.7870 458.9004
v 825.6962 506.7870 460.0215
v 822.3075 506.7226 457.9389
v 825.9562 506.7226 459.0712
v 822.6377 506.6582 456.9828
v 826.2252 506.6582 458.1195
v 822.9684 506.5936 456.0311
v 826.5033 506.5936 457.1662
v 823.2976 506.5291 455.0832
v 826.7882 506.5291 456.2107
v 823.6233 506.4645 454.1382
v 827.0778 506.4645 455.2528
v 823.9442 506.3998 453.1946
v 827.3699 506.3998 454.2926
v 824.2598 506.3350 452.2501
v 827.6622 506.3350 453.3318
v 824.5711 506.2702 451.3039
v 827.9549 506.2702 452.3714
v 824.8776 506.2053 450.3575
v 828.2480 506.2053 451.4098
v 825.1783 506.1403 449.4101
v 828.5397 506.1403 450.4470
v 825.4745 506.0752 448.4606
v 828.8301 506.0752 449.4845
v 825.7662 506.0101 447.5094
v 829.1192 506.0101 448.5220
v 826.0538 505.9448 446.5567
v 829.4071 505.9448 447.5593
v 826.3377 505.8795 445.6026
v 829.6936 505.8795 446.5965
v 826.6193 505.8141 444.6473
v 829.9775 505.8141 445.6335
v 826.8995 505.7486 443.6895
v 830.2588 505.7486 444.6717
v 827.1798 505.6830 442.7305
v 830.5396 505.6830 443.7111
v 827.4592 505.6174 441.7717
v 830.8198 505.6174 442.7497
v 827.7380 505.5517 440.8124
v 831.0991 505.5517 441.7885
v 828.0165 505.4858 439.8526
v 831.3780 505.4858 440.8276
v 828.2949 505.4198 438.8926
v 831.6566 505.4198 439.8667
v 828.5728 505.3538 437.9328
v 831.9350 505.3538 438.9054
v 828.8500 505.2876 436.9737
v 832.2130 505.2876 437.9431
v 829.1258 505.2214 436.0144
v 832.4899 505.2214 436.9803
v 829.4010 505.1551 435.0544
v 832.7658 505.1551 436.0178
v 829.6754 505.0888 434.0947
v 833.0413 505.0888 435.0545
v 829.9481 505.0223 433.1357
v 833.3156 505.0223 434.0898
v 830.2189 504.9558 432.1767
v 833.5882 504.9558 433.1240
v 830.4875 504.8892 431.2174
v 833.8589 504.8892 432.1575
v 830.7540 504.8225 430.2574
v 834.1274 504.8225 431.1904
v 831.0186 504.7558 429.2968
v 834.3939 504.7558 430.2228
v 831.2811 504.6890 428.3361
v 834.6585 504.6890 429.2542
v 831.5411 504.6221 427.3748
v 834.9207 504.6221 428.2849
v 831.7991 504.5551 426.4124
v 835.1806 504.5551 427.3155
v 832.0553 504.4881 425.4495
v 835.4386 504.4881 426.3457
v 832.3094 504.4210 424.4861
v 835.6946 504.4210 425.3752
v 832.5614 504.3538 423.5225
v 835.9486 504.3538 424.4040
v 832.8110 504.2865 422.5586
v 836.2004 504.2865 423.4318
v 833.0582 504.2192 421.5942
v 836.4497 504.2192 422.4588
v 833.3029 504.1517 420.6292
v 836.6966 504.1517 421.4852
v 833.5450 504.0843 419.6639
v 836.9410 504.0843 420.5106
v 833.7844 504.0167 418.6979
v 837.1828 504.0167 419.5353
v 834.0212 503.9491 417.7313
v 837.4219 503.9491 418.5594
v 834.2554 503.8814 416.7640
v 837.6582 503.8814 417.5829
v 834.4870 503.8137 415.7957
v 837.8919 503.8137 416.6061
v 834.7164 503.7459 414.8267
v 838.1232 503.7459 415.6289
v 834.9435 503.6780 413.8571
v 838.3522 503.6780 414.6513
v 835.1685 503.6101 412.8866
v 838.5789 503.6101 413.6734
v 835.3914 503.5421 411.9156
v 838.8035 503.5421 412.6952
v 835.6123 503.4740 410.9440
v 839.0260 503.4740 411.7166
v 835.8313 503.4058 409.9719
v 839.2465 503.4058 410.7376
v 836.0483 503.3376 408.9994
v 839.4651 503.3376 409.7581
v 836.2633 503.2693 408.0266
v 839.6817 503.2693 408.7780
v 836.4762 503.2010 407.0533
v 839.8961 503.2010 407.7975
v 836.6870 503.1327 406.0792
v 840.1084 503.1327 406.8170
v 836.8964 503.0643 405.1043
v 840.3190 503.0643 405.8364
v 837.1041 502.9958 404.1293
v 840.5280 502.9958 404.8553
v 837.3100 502.9273 403.1541
v 840.7352 502.9273 403.8737
v 837.5140 502.8587 402.1784
v 840.9406 502.8587 402.8917
v 837.7163 502.7901 401.2024
v 841.1441 502.7901 401.9094
v 837.9167 502.7215 400.2260
v 841.3458 502.7215 400.9266
v 838.1152 502.6527 399.2495
v 841.5458 502.6527 399.9432
v 838.3116 502.5839 398.2728
v 841.7436 502.5839 398.9593
v 838.5061 502.5151 397.2952
v 841.9394 502.5151 397.9753
v 838.6991 502.4462 396.3168
v 842.1335 502.4462 396.9915
v 838.8907 502.3772 395.3378
v 842.3260 502.3772 396.0077
v 839.0810 502.3083 394.3584
v 842.5172 502.3083 395.0238
v 839.2701 502.2392 393.3787
v 842.7071 502.2392 394.0398
v 839.4579 502.1701 392.3987
v 842.8958 502.1701 393.0556
v 839.6446 502.1009 391.4185
v 843.0832 502.1009 392.0711
v 839.8299 502.0318 390.4384
v 843.2695 502.0318 391.0861
v 840.0138 501.9625 389.4582
v 843.4543 501.9625 390.1005
v 840.1958 501.8933 388.4781
v 843.6375 501.8933 389.1143
v 840.3762 501.8240 387.4977
v 843.8190 501.8240 388.1277
v 840.5547 501.7546 386.5170
v 843.9987 501.7546 387.1407
v 840.7314 501.6852 385.5363
v 844.1766 501.6852 386.1532
v 840.9060 501.6157 384.5552
v 844.3525 501.6157 385.1652
v 841.0788 501.5462 383.5735
v 844.5263 501.5462 384.1772
v 841.2499 501.4767 382.5912
v 844.6985 501.4767 383.1891
v 841.4194 501.4071 381.6087
v 844.8690 501.4071 382.2008
v 841.5873 501.3375 380.6259
v 845.0378 501.3375 381.2122
v 841.7535 501.2679 379.6427
v 845.2050 501.2679 380.2234
v 841.9182 501.1982 378.6590
v 845.3706 501.1982 379.2346
v 842.0816 501.1286 377.6748
v 845.5347 501.1286 378.2457
v 842.2437 501.0588 376.6902
v 845.6976 501.0588 377.2569
v 842.4048 500.9891 375.7050
v 845.8592 500.9891 376.2684
v 842.5653 500.9193 374.7189
v 846.0199 500.9193 375.2804
v 842.7255 500.8496 373.7319
v 846.1802 500.8496 374.2933
v 842.8862 500.7798 372.7439
v 846.3406 500.7798 373.3072
v 843.0480 500.7100 371.7546
v 846.5016 500.7100 372.3227
v 843.2118 500.6401 370.7646
v 846.6642 500.6401 371.3396
v 843.3780 500.5702 369.7738
v 846.8289 500.5702 370.3580
v 843.5474 500.5004 368.7823
v 846.9963 500.5004 369.3780
v 843.7205 500.4305 367.7904
v 847.1671 500.4305 368.3998
v 843.8982 500.3605 366.7980
v 847.3418 500.3605 367.4236
v 844.0812 500.2906 365.8055
v 847.5214 500.2906 366.4494
v 844.2697 500.2207 364.8132
v 847.7062 500.2207 365.4770
v 844.4644 500.1508 363.8212
v 847.8967 500.1508 364.5066
v 844.6659 500.0808 362.8295
v 848.0934 500.0808 363.5386
v 844.8746 500.0108 361.8386
v 848.2968 500.0108 362.5726
v 845.0908 499.9408 360.8486
v 848.5072 499.9408 361.6089
v 845.3150 499.8708 359.8597
v 848.7252 499.8708 360.6476
v 845.5474 499.8008 358.8723
v 848.9509 499.8008 359.6885
v 845.7883 499.7308 357.8864
v 849.1847 499.7308 358.7318
v 846.0377 499.6607 356.9023
v 849.4266 499.6607 357.7775
v 846.2959 499.5907 355.9205
v 849.6770 499.5907 356.8254
v 846.5626 499.5207 354.9411
v 849.9357 499.5207 355.8754
v 846.8377 499.4507 353.9647
v 850.2028 499.4507 354.9270
v 847.1202 499.3806 352.9915
v 850.4778 499.3806 353.9798
v 847.4096 499.3106 352.0216
v 850.7602 499.3106 353.0333
v 847.7050 499.2406 351.0549
v 851.0492 499.2406 352.0876
v 848.0057 499.1706 350.0913
v 851.3442 499.1706 351.1420
v 848.3106 499.1006 349.1306
v 851.6443 499.1006 350.1965
v 848.6193 499.0305 348.1722
v 851.9488 499.0305 349.2513
v 848.9313 498.9605 347.2155
v 852.2569 498.9605 348.3067
v 849.2467 498.8905 346.2602
v 852.5685 498.8905 347.3628
v 849.5652 498.8205 345.3059
v 852.8831 498.8205 346.4200
v 849.8873 498.7505 344.3523
v 853.2011 498.7505 345.4788
v 850.2131 498.6805 343.3998
v 853.5225 498.6805 344.5390
v 850.5427 498.6106 342.4484
v 853.8476 498.6106 343.6007
v 850.8760 498.5406 341.4984
v 854.1764 498.5406 342.6635
v 851.2128 498.4707 340.5502
v 854.5090 498.4707 341.7271
v 851.5524 498.4008 339.6039
v 854.8450 498.4008 340.7911
v 851.8944 498.3309 338.6597
v 855.1840 498.3309 339.8548
v 852.2377 498.2610 337.7176
v 855.5255 498.2610 338.9178
v 852.5816 498.1912 336.7772
v 855.8685 498.1912 337.9798
v 852.9255 498.1213 335.8380
v 856.2122 498.1213 337.0410
v 853.2689 498.0515 334.8994
v 856.5560 498.0515 336.1014
v 853.6117 497.9817 333.9611
v 856.8996 497.9817 335.1612
v 853.9539 497.9119 333.0227
v 857.2425 497.9119 334.2206
v 854.2955 497.8422 332.0841
v 857.5849 497.8422 333.2798
v 854.6364 497.7724 331.1451
v 857.9266 497.7724 332.3388
v 854.9769 497.7027 330.2059
v 858.2677 497.7027 331.3978
v 855.3169 497.6330 329.2665
v 858.6084 497.6330 330.4566
v 855.6562 497.5634 328.3272
v 858.9485 497.5634 329.5149
v 855.9947 497.4938 327.3878
v 859.2880 497.4938 328.5727
v 856.3323 497.4242 326.4481
v 859.6267 497.4242 327.6302
v 856.6691 497.3547 325.5081
v 859.9645 497.3547 326.6874
v 857.0052 497.2852 324.5678
v 860.3015 497.2852 325.7444
v 857.3404 497.2157 323.6273
v 860.6378 497.2157 324.8010
v 857.6748 497.1463 322.6866
v 860.9732 497.1463 323.8571
v 858.0081 497.0768 321.7457
v 861.3078 497.0768 322.9129
v 858.3404 497.0075 320.8047
v 861.6414 497.0075 321.9680
v 858.6714 496.9382 319.8636
v 861.9740 496.9382 321.0224
v 859.0009 496.8689 318.9224
v 862.3053 496.8689 320.0759
v 859.3286 496.7997 317.9810
v 862.6351 496.7997 319.1285
v 859.6545 496.7306 317.0390
v 862.9631 496.7306 318.1805
v 859.9788 496.6614 316.0964
v 863.2895 496.6614 317.2319
v 860.3013 496.5924 315.1532
v 863.6141 496.5924 316.2827
v 860.6222 496.5233 314.2093
v 863.9369 496.5233 315.3330
v 860.9415 496.4544 313.2647
v 864.2581 496.4544 314.3830
v 861.2594 496.3854 312.3196
v 864.5777 496.3854 313.4324
v 861.5757 496.3166 311.3738
v 864.8958 496.3166 312.4814
v 861.8906 496.2478 310.4275
v 865.2124 496.2478 311.5300
v 862.2040 496.1790 309.4807
v 865.5275 496.1790 310.5782
v 862.5161 496.1103 308.5332
v 865.8411 496.1103 309.6262
v 862.8271 496.0417 307.5851
v 866.1535 496.0417 308.6739
v 863.1370 495.9730 306.6364
v 866.4646 495.9730 307.7214
v 863.4459 495.9045 305.6871
v 866.7746 495.9045 306.7689
v 863.7541 495.8361 304.7375
v 867.0837 495.8361 305.8161
v 864.0612 495.7677 303.7878
v 867.3920 495.7677 304.8629
v 864.3673 495.6994 302.8377
v 867.6992 495.6994 303.9094
v 864.6726 495.6312 301.8872
v 868.0055 495.6312 302.9557
v 864.9768 495.5630 300.9367
v 868.3109 495.5630 302.0013
v 865.2796 495.4949 299.9862
v 868.6152 495.4949 301.0462
v 865.5809 495.4269 299.0357
v 868.9182 495.4269 300.0902
v 865.8803 495.3589 298.0849
v 869.2196 495.3589 299.1334
v 866.1781 495.2910 297.1336
v 869.5192 495.2910 298.1760
v 866.4740 495.2232 296.1821
v 869.8173 495.2232 297.2177
v 866.7675 495.1555 295.2306
v 870.1133 495.1555 296.2582
v 867.0586 495.0878 294.2786
v 870.4070 495.0878 295.2976
v 867.3471 495.0202 293.3262
v 870.6983 495.0202 294.3359
v 867.6326 494.9527 292.3733
v 870.9868 494.9527 293.3730
v 867.9154 494.8854 291.4196
v 871.2725 494.8854 292.4092
v 868.1950 494.8180 290.4656
v 871.5554 494.8180 291.4441
v 868.4711 494.7508 289.5110
v 871.8351 494.7508 290.4774
v 868.7436 494.6836 288.5558
v 872.1112 494.6836 289.5095
v 869.0125 494.6165 287.5995
v 872.3836 494.6165 288.5404
v 869.2776 494.5495 286.6425
v 872.6525 494.5495 287.5701
v 869.5387 494.4826 285.6850
v 872.9175 494.4826 286.5981
v 869.7953 494.4157 284.7269
v 873.1783 494.4157 285.6244
v 870.0472 494.3489 283.7681
v 873.4346 494.3489 284.6489
v 870.2940 494.2823 282.8087
v 873.6860 494.2823 283.6715
v 870.5355 494.2157 281.8484
v 873.9323 494.2157 282.6923
v 870.7713 494.1492 280.8877
v 874.1731 494.1492 281.7108
v 871.0006 494.0828 279.9262
v 874.4078 494.0828 280.7271
v 871.2235 494.0165 278.9637
v 874.6360 494.0165 279.7413
v 871.4395 493.9504 278.0001
v 874.8575 493.9504 278.7535
v 871.6486 493.8843 277.0350
v 875.0718 493.8843 277.7642
v 871.8510 493.8183 276.0684
v 875.2793 493.8183 276.7735
v 872.0466 493.7524 275.1002
v 875.4796 493.7524 275.7815
v 872.2357 493.6866 274.1302
v 875.6732 493.6866 274.7886
v 872.4185 493.6209 273.1586
v 875.8602 493.6209 273.7949
v 872.5952 493.5553 272.1853
v 876.0408 493.5553 272.8005
v 872.7663 493.4899 271.2105
v 876.2154 493.4899 271.8056
v 872.9318 493.4245 270.2345
v 876.3842 493.4245 270.8099
v 873.0919 493.3592 269.2570
v 876.5474 493.3592 269.8138
v 873.2471 493.2941 268.2782
v 876.7053 493.2941 268.8174
v 873.3973 493.2290 267.2983
v 876.8581 493.2290 267.8205
v 873.5430 493.1641 266.3168
v 877.0061 493.1641 266.8238
v 873.6849 493.0993 265.3339
v 877.1499 493.0993 265.8272
v 873.8231 493.0346 264.3498
v 877.2899 493.0346 264.8308
v 873.9581 492.9700 263.3649
v 877.4265 492.9700 263.8343
v 874.0898 492.9055 262.3795
v 877.5597 492.9055 262.8373
v 874.2182 492.8412 261.3935
v 877.6896 492.8412 261.8401
v 874.3435 492.7769 260.4072
v 877.8164 492.7769 260.8425
v 874.4655 492.7128 259.4209
v 877.9398 492.7128 259.8439
v 874.5837 492.6488 258.4346
v 878.0596 492.6488 258.8445
v 874.6982 492.5849 257.4478
v 878.1756 492.5849 257.8447
v 874.8090 492.5211 256.4601
v 878.2878 492.5211 256.8449
v 874.9167 492.4575 255.4715
v 878.3967 492.4575 255.8453
v 875.0215 492.3940 254.4820
v 878.5025 492.3940 254.8459
v 875.1237 492.3306 253.4914
v 878.6056 492.3306 253.8471
v 875.2239 492.2674 252.5002
v 878.7065 492.2674 252.8486
v 875.3221 492.2043 251.5085
v 878.8054 492.2043 251.8499
v 875.4184 492.1413 250.5165
v 878.9023 492.1413 250.8514
v 875.5128 492.0785 249.5243
v 878.9974 492.0785 249.8526
v 875.6053 492.0158 248.5325
v 879.0906 492.0158 248.8530
v 875.6951 491.9533 247.5413
v 879.1813 491.9533 247.8524
v 875.7821 491.8909 246.5503
v 879.2692 491.8909 246.8511
v 875.8661 491.8287 245.5593
v 879.3541 491.8287 245.8493
v 875.9469 491.7666 244.5684
v 879.4358 491.7666 244.8468
v 876.0243 491.7047 243.5780
v 879.5142 491.7047 243.8434
v 876.0976 491.6430 242.5879
v 879.5885 491.6430 242.8390
v 876.1667 491.5814 241.5979
v 879.6587 491.5814 241.8339
v 876.2314 491.5199 240.6081
v 879.7245 491.5199 240.8281
v 876.2913 491.4586 239.6187
v 879.7855 491.4586 239.8213
v 876.3460 491.3974 238.6299
v 879.8413 491.3974 238.8132
v 876.3950 491.3364 237.6415
v 879.8913 491.3364 237.8042
v 876.4381 491.2756 236.6525
v 879.9352 491.2756 236.7953
v 876.4758 491.2149 235.6628
v 879.9737 491.2149 235.7866
v 876.5081 491.1545 234.6730
v 880.0066 491.1545 234.7776
v 876.5350 491.0942 233.6829
v 880.0340 491.0942 233.7686
v 876.5566 491.0341 232.6924
v 880.0560 491.0341 232.7596
v 876.5730 490.9742 231.7013
v 880.0727 490.9742 231.7511
v 876.5849 490.9145 230.7095
v 880.0847 490.9145 230.7431
v 876.5921 490.8550 229.7180
v 880.0921 490.8550 229.7348
v 876.5944 490.7957 228.7266
v 880.0944 490.7957 228.7262
v 876.5919 490.7366 227.7345
v 880.0919 490.7366 227.7184
v 876.5853 490.6777 226.7414
v 880.0851 490.6777 226.7117
v 876.5750 490.6190 225.7474
v 880.0748 490.6190 225.7058
v 876.5616 490.5605 224.7527
v 880.0612 490.5605 224.7008
v 876.5455 490.5021 223.7568
v 880.0450 490.5021 223.6969
v 876.5275 490.4440 222.7603
v 880.0268 490.4440 222.6938
v 876.5076 490.3861 221.7634
v 880.0069 490.3861 221.6911
v 876.4862 490.3284 220.7662
v 879.9854 490.3284 220.6888
v 876.4635 490.2709 219.7694
v 879.9625 490.2709 219.6861
v 876.4388 490.2136 218.7732
v 879.9376 490.2136 218.6830
v 876.4122 490.1566 217.7771
v 879.9108 490.1566 217.6798
v 876.3834 490.0998 216.7815
v 879.8818 490.0998 216.6762
v 876.3523 490.0432 215.7864
v 879.8504 490.0432 215.6724
v 876.3185 489.9867 214.7915
v 879.8164 489.9867 214.6684
v 876.2822 489.9305 213.7969
v 879.7797 489.9305 213.6644
v 876.2432 489.8745 212.8021
v 879.7403 489.8745 212.6607
v 876.2018 489.8187 211.8075
v 879.6986 489.8187 211.6571
v 876.1576 489.7631 210.8131
v 879.6540 489.7631 210.6535
v 876.1110 489.7078 209.8183
v 879.6070 489.7078 209.6505
v 876.0621 489.6527 208.8232
v 879.5577 489.6527 208.6480
v 876.0112 489.5978 207.8275
v 879.5066 489.5978 207.6464
v 875.9588 489.5432 206.8314
v 879.4539 489.5432 206.6453
v 875.9051 489.4887 205.8345
v 879.4000 489.4887 205.6450
v 875.8507 489.4344 204.8367
v 879.3455 489.4344 204.6458
v 875.7961 489.3804 203.8384
v 879.2909 489.3804 203.6471
v 875.7414 489.3266 202.8401
v 879.2361 489.3266 202.6484
v 875.6866 489.2730 201.8416
v 879.1814 489.2730 201.6499
v 875.6319 489.2197 200.8431
v 879.1266 489.2197 200.6514
v 875.5771 489.1666 199.8448
v 879.0718 489.1666 199.6527
v 875.5221 489.1138 198.8465
v 879.0168 489.1138 198.6540
v 875.4671 489.0613 197.8482
v 878.9618 489.0613 197.6554
v 875.4119 489.0090 196.8496
v 878.9066 489.0090 196.6570
v 875.3570 488.9569 195.8505
v 878.8518 488.9569 195.6591
v 875.3025 488.9050 194.8509
v 878.7974 488.9050 194.6617
v 875.2487 488.8533 193.8507
v 878.7438 488.8533 193.6647
v 875.1960 488.8019 192.8500
v 878.6913 488.8019 192.6683
v 875.1447 488.7508 191.8487
v 878.6402 488.7508 191.6722
v 875.0949 488.6999 190.8472
v 878.5907 488.6999 190.6762
v 875.0467 488.6492 189.8453
v 878.5428 488.6492 189.6804
v 875.0003 488.5989 188.8432
v 878.4967 488.5989 188.6846
v 874.9558 488.5487 187.8410
v 878.4525 488.5487 187.6889
v 874.9131 488.4988 186.8387
v 878.4101 488.4988 186.6929
v 874.8722 488.4492 185.8366
v 878.3694 488.4492 185.6967
v 874.8329 488.3998 184.8346
v 878.3304 488.3998 184.7003
v 874.7952 488.3507 183.8326
v 878.2928 488.3507 183.7037
v 874.7591 488.3018 182.8306
v 878.2569 488.3018 182.7070
v 874.7244 488.2532 181.8286
v 878.2224 488.2532 181.7102
v 874.6912 488.2049 180.8268
v 878.1894 488.2049 180.7131
v 874.6593 488.1568 179.8253
v 878.1575 488.1568 179.7156
v 874.6284 488.1090 178.8239
v 878.1268 488.1090 178.7180
v 874.5987 488.0615 177.8226
v 878.0972 488.0615 177.7202
v 874.5699 488.0143 176.8216
v 878.0685 488.0143 176.7220
v 874.5417 487.9673 175.8212
v 878.0403 487.9673 175.7233
v 874.5139 487.9206 174.8210
v 878.0126 487.9206 174.7242
v 874.4863 487.8742 173.8210
v 877.9850 487.8742 173.7250
v 874.4590 487.8280 172.8211
v 877.9577 487.8280 172.7256
v 874.4317 487.7822 171.8218
v 877.9304 487.7822 171.7257
v 874.4041 487.7365 170.8230
v 877.9027 487.7365 170.7253
v 874.3759 487.6911 169.8243
v 877.8745 487.6911 169.7248
v 874.3473 487.6460 168.8255
v 877.8458 487.6460 168.7243
v 874.3182 487.6011 167.8270
v 877.8167 487.6011 167.7236
v 874.2883 487.5565 166.8290
v 877.7867 487.5565 166.7226
v 874.2575 487.5120 165.8313
v 877.7557 487.5120 165.7212
v 874.2255 487.4679 164.8337
v 877.7237 487.4679 164.7199
v 874.1926 487.4240 163.8360
v 877.6906 487.4240 163.7186
v 874.1586 487.3803 162.8388
v 877.6565 487.3803 162.7170
v 874.1231 487.3369 161.8420
v 877.6208 487.3369 161.7151
v 874.0862 487.2937 160.8450
v 877.5837 487.2937 160.7134
v 874.0481 487.2508 159.8474
v 877.5455 487.2508 159.7125
v 874.0092 487.2081 158.8494
v 877.5065 487.2081 158.7120
v 873.9696 487.1657 157.8511
v 877.4670 487.1657 157.7120
v 873.9290 487.1235 156.8521
v 877.4277 487.1235 156.7126
v 873.8881 487.0814 155.8520
v 877.3891 487.0814 155.7142
v 873.8475 487.0397 154.8510
v 877.3518 487.0397 154.7168
v 873.8078 486.9982 153.8489
v 877.3163 486.9982 153.7202
v 873.7694 486.9569 152.8458
v 877.2832 486.9569 152.7246
v 873.7331 486.9158 151.8413
v 877.2531 486.9158 151.7304
v 873.6999 486.8751 150.8349
v 877.2268 486.8751 150.7377
v 873.6706 486.8345 149.8267
v 877.2054 486.8345 149.7466
v 873.6464 486.7943 148.8164
v 877.1896 486.7943 148.7574
v 873.6286 486.7542 147.8042
v 877.1808 486.7542 147.7700
v 873.6179 486.7145 146.7906
v 877.1796 486.7145 146.7839
v 873.6152 486.6750 145.7756
v 877.1866 486.6750 145.7992
v 873.6214 486.6357 144.7592
v 877.2026 486.6357 144.8161
v 873.6371 486.5968 143.7416
v 877.2283 486.5968 143.8346
v 873.6632 486.5580 142.7231
v 877.2642 486.5580 142.8545
v 873.7004 486.5196 141.7041
v 877.3108 486.5196 141.8758
v 873.7489 486.4813 140.6845
v 877.3685 486.4813 140.8989
v 873.8098 486.4433 139.6639
v 877.4379 486.4433 139.9243
v 873.8840 486.4055 138.6430
v 877.5198 486.4055 138.9520
v 873.9718 486.3680 137.6225
v 877.6144 486.3680 137.9817
v 874.0739 486.3308 136.6023
v 877.7223 486.3308 137.0138
v 874.1907 486.2938 135.5826
v 877.8437 486.2938 136.0486
v 874.3229 486.2570 134.5640
v 877.9792 486.2570 135.0862
v 874.4708 486.2205 133.5466
v 878.1290 486.2205 134.1268
v 874.6348 486.1841 132.5313
v 878.2935 486.1841 133.1704
v 874.8155 486.1480 131.5182
v 878.4722 486.1480 132.2172
v 875.0134 486.1121 130.5074
v 878.6656 486.1121 131.2678
v 875.2287 486.0764 129.4993
v 878.8739 486.0764 130.3224
v 875.4616 486.0409 128.4948
v 879.0977 486.0409 129.3810
v 875.7121 486.0057 127.4944
v 879.3370 486.0057 128.4436
v 875.9801 485.9706 126.4982
v 879.5918 485.9706 127.5106
v 876.2656 485.9358 125.5068
v 879.8623 485.9358 126.5822
v 876.5684 485.9011 124.5205
v 880.1486 485.9011 125.6585
v 876.8881 485.8666 123.5400
v 880.4507 485.8666 124.7393
v 877.2240 485.8324 122.5659
v 880.7683 485.8324 123.8244
v 877.5755 485.7984 121.5981
v 881.1009 485.7984 122.9140
v 877.9421 485.7645 120.6366
v 881.4482 485.7645 122.0083
v 878.3232 485.7308 119.6819
v 881.8099 485.7308 121.1071
v 878.7178 485.6974 118.7339
v 882.1853 485.6974 120.2101
v 879.1255 485.6641 117.7920
v 882.5737 485.6641 119.3182
v 879.5463 485.6310 116.8563
v 882.9749 485.6310 118.4316
v 879.9797 485.5981 115.9268
v 883.3888 485.5981 117.5503
v 880.4257 485.5654 115.0032
v 883.8147 485.5654 116.6748
v 880.8842 485.5329 114.0857
v 884.2529 485.5329 115.8054
v 881.3557 485.5006 113.1738
v 884.7027 485.5006 114.9431
v 881.8408 485.4685 112.2679
v 885.1648 485.4685 114.0886
v 882.3395 485.4366 111.3689
v 885.6395 485.4366 113.2415
v 882.8520 485.4049 110.4769
v 886.1267 485.4049 112.4025
v 883.3790 485.3734 109.5921
v 886.6265 485.3734 111.5722
v 883.9208 485.3421 108.7150
v 887.1391 485.3421 110.7511
v 884.4781 485.3109 107.8463
v 887.6647 485.3109 109.9398
v 885.0509 485.2800 106.9869
v 888.2038 485.2800 109.1383
v 885.6395 485.2493 106.1373
v 888.7563 485.2493 108.3469
v 886.2443 485.2187 105.2983
v 889.3222 485.2187 107.5662
v 886.8655 485.1884 104.4700
v 889.9013 485.1884 106.7965
v 887.5037 485.1582 103.6536
v 890.4939 485.1582 106.0385
v 888.1583 485.1282 102.8502
v 891.1004 485.1282 105.2917
v 888.8292 485.0984 102.0603
v 891.7205 485.0984 104.5562
v 889.5162 485.0688 101.2843
v 892.3541 485.0688 103.8322
v 890.2190 485.0393 100.5226
v 893.0007 485.0393 103.1200
v 890.9376 485.0100 99.7754
v 893.6602 485.0100 102.4199
v 891.6713 484.9809 99.0432
v 894.3331 484.9809 101.7325
v 892.4189 484.9519 98.3260
v 895.0195 484.9519 101.0579
v 893.1803 484.9230 97.6239
v 895.7189 484.9230 100.3963
v 893.9553 484.8944 96.9367
v 896.4307 484.8944 99.7482
v 894.7436 484.8658 96.2653
v 897.1553 484.8658 99.1138
v 895.5438 484.8374 95.6099
v 897.8926 484.8374 98.4924
v 896.3551 484.8091 94.9705
v 898.6423 484.8091 97.8838
v 897.1761 484.7810 94.3470
v 899.4043 484.7810 97.2870
v 898.0056 484.7529 93.7384
v 900.1777 484.7529 96.7014
v 898.8422 484.7250 93.1444
v 900.9624 484.7250 96.1261
v 899.6836 484.6972 92.5640
v 901.7582 484.6972 95.5588
v 900.5280 484.6695 91.9953
v 902.5637 484.6695 94.9981
v 901.3743 484.6419 91.4363
v 903.3777 484.6419 94.4425
v 902.2210 484.6145 90.8852
v 904.1990 484.6145 93.8902
v 903.0668 484.5871 90.3399
v 905.0261 484.5871 93.3397
v 903.9109 484.5598 89.7984
v 905.8578 484.5598 92.7896
v 904.7530 484.5326 89.2586
v 906.6923 484.5326 92.2389
v 905.5931 484.5055 88.7190
v 907.5284 484.5055 91.6874
v 906.4310 484.4785 88.1785
v 908.3651 484.4785 91.1344
v 907.2672 484.4515 87.6360
v 909.2014 484.4515 90.5803
v 908.1025 484.4247 87.0911
v 910.0366 484.4247 90.0257
v 908.9375 484.3979 86.5440
v 910.8710 484.3979 89.4712
v 909.7725 484.3711 85.9947
v 911.7043 484.3711 88.9175
v 910.6087 484.3445 85.4438
v 912.5367 484.3445 88.3658
v 911.4473 484.3179 84.8917
v 913.3682 484.3179 87.8175
v 912.2901 484.2913 84.3403
v 914.1990 484.2913 87.2739
v 913.1377 484.2648 83.7918
v 915.0302 484.2648 86.7360
v 913.9905 484.2384 83.2473
v 915.8630 484.2384 86.2043
v 914.8491 484.2120 82.7080
v 916.6977 484.2120 85.6800
v 915.7140 484.1856 82.1753
v 917.5354 484.1856 85.1640
v 916.5846 484.1593 81.6503
v 918.3771 484.1593 84.6564
v 917.4605 484.1330 81.1338
v 919.2237 484.1330 84.1573
v 918.3407 484.1068 80.6261
v 920.0757 484.1068 83.6659
v 919.2248 484.0806 80.1269
v 920.9327 484.0806 83.1819
v 920.1124 484.0544 79.6357
v 921.7948 484.0544 82.7048
v 921.0027 484.0282 79.1523
v 922.6619 484.0282 82.2340
v 921.8952 484.0021 78.6758
v 923.5336 484.0021 81.7687
v 922.7895 483.9759 78.2057
v 924.4095 483.9759 81.3083
v 923.6853 483.9498 77.7412
v 925.2891 483.9498 80.8521
v 924.5821 483.9237 77.2816
v 926.1720 483.9237 80.3996
v 925.4797 483.8976 76.8262
v 927.0580 483.8976 79.9501
v 926.3777 483.8715 76.3744
v 927.9466 483.8715 79.5031
v 927.2760 483.8454 75.9255
v 928.8373 483.8454 79.0579
v 928.1744 483.8193 75.4789
v 929.7298 483.8193 78.6143
v 929.0727 483.7932 75.0341
v 930.6238 483.7932 78.1717
v 929.9710 483.7671 74.5907
v 931.5189 483.7671 77.7298
v 930.8695 483.7409 74.1482
v 932.4146 483.7409 77.2886
v 931.7680 483.7148 73.7065
v 933.3109 483.7148 76.8480
v 932.6666 483.6886 73.2655
v 934.2078 483.6886 76.4079
v 933.5653 483.6624 72.8250
v 935.1050 483.6624 75.9681
v 934.4647 483.6363 72.3848
v 936.0020 483.6363 75.5291
v 935.3653 483.6100 71.9450
v 936.8985 483.6100 75.0913
v 936.2678 483.5838 71.5061
v 937.7946 483.5838 74.6556
v 937.1723 483.5575 71.0690
v 938.6908 483.5575 74.2224
v 938.0790 483.5312 70.6340
v 939.5873 483.5312 73.7923
v 938.9882 483.5048 70.2018
v 940.4843 483.5048 73.3659
v 939.9000 483.4784 69.7730
v 941.3823 483.4784 72.9436
v 940.8140 483.4520 69.3482
v 942.2819 483.4520 72.5255
v 941.7296 483.4255 68.9277
v 943.1837 483.4255 72.1114
v 942.6463 483.3990 68.5113
v 944.0879 483.3990 71.7007
v 943.5637 483.3724 68.0987
v 944.9945 483.3724 71.2929
v 944.4811 483.3458 67.6895
v 945.9035 483.3458 70.8874
v 945.3982 483.3191 67.2827
v 946.8147 483.3191 70.4833
v 946.3149 483.2923 66.8779
v 947.7276 483.2923 70.0801
v 947.2310 483.2655 66.4742
v 948.6416 483.2655 69.6773
v 948.1466 483.2387 66.0712
v 949.5566 483.2387 69.2747
v 949.0615 483.2117 65.6685
v 950.4722 483.2117 68.8716
v 949.9759 483.1847 65.2656
v 951.3880 483.1847 68.4681
v 950.8900 483.1577 64.8622
v 952.3036 483.1577 68.0641
v 951.8040 483.1305 64.4584
v 953.2191 483.1305 67.6596
v 952.7177 483.1033 64.0543
v 954.1344 483.1033 67.2548
v 953.6310 483.0760 63.6497
v 955.0497 483.0760 66.8493
v 954.5440 483.0486 63.2445
v 955.9648 483.0486 66.4432
v 955.4567 483.0211 62.8388
v 956.8796 483.0211 66.0365
v 956.3690 482.9935 62.4325
v 957.7943 482.9935 65.6291
v 957.2811 482.9658 62.0253
v 958.7085 482.9658 65.2210
v 958.1934 482.9381 61.6175
v 959.6222 482.9381 64.8126
v 959.1061 482.9102 61.2092
v 960.5350 482.9102 64.4042
v 960.0199 482.8822 60.8007
v 961.4471 482.8822 63.9965
v 960.9347 482.8541 60.3926
v 962.3588 482.8541 63.5897
v 961.8505 482.8259 59.9852
v 963.2703 482.8259 63.1843
v 962.7677 482.7976 59.5790
v 964.1818 482.7976 62.7807
v 963.6861 482.7692 59.1745
v 965.0937 482.7692 62.3790
v 964.6056 482.7407 58.7718
v 966.0062 482.7407 61.9793
v 965.5262 482.7120 58.3710
v 966.9194 482.7120 61.5818
v 966.4474 482.6832 57.9726
v 967.8338 482.6832 61.1863
v 967.3690 482.6543 57.5761
v 968.7494 482.6543 60.7924
v 968.2908 482.6252 57.1814
v 969.6661 482.6252 60.3999
v 969.2126 482.5960 56.7883
v 970.5840 482.5960 60.0084
v 970.1342 482.5667 56.3963
v 971.5028 482.5667 59.6177
v 971.0555 482.5373 56.0053
v 972.4226 482.5373 59.2273
v 971.9762 482.5076 55.6148
v 973.3431 482.5076 58.8368
v 972.8962 482.4779 55.2244
v 974.2642 482.4779 58.4459
v 973.8155 482.4480 54.8337
v 975.1856 482.4480 58.0544
v 974.7342 482.4179 54.4425
v 976.1069 482.4179 57.6621
v 975.6526 482.3877 54.0505
v 977.0280 482.3877 57.2689
v 976.5705 482.3573 53.6577
v 977.9488 482.3573 56.8749
v 977.4882 482.3267 53.2641
v 978.8692 482.3267 56.4801
v 978.4059 482.2960 52.8696
v 979.7889 482.2960 56.0847
v 979.3238 482.2651 52.4744
v 980.7080 482.2651 55.6891
v 980.2421 482.2341 52.0789
v 981.6266 482.2341 55.2935
v 981.1608 482.2028 51.6833
v 982.5448 482.2028 54.8980
v 982.0798 482.1714 51.2878
v 983.4629 482.1714 54.5029
v 982.9990 482.1397 50.8925
v 984.3810 482.1397 54.1081
v 983.9183 482.1079 50.4976
v 985.2994 482.1079 53.7136
v 984.8371 482.0758 50.1031
v 986.2183 482.0758 53.3191
v 985.7551 482.0436 49.7087
v 987.1378 482.0436 52.9240
v 986.6723 482.0111 49.3137
v 988.0577 482.0111 52.5283
v 987.5881 481.9785 48.9180
v 988.9783 481.9785 52.1315
v 988.5019 481.9456 48.5211
v 989.8993 481.9456 51.7327
v 989.4132 481.9126 48.1224
v 990.8209 481.9126 51.3312
v 990.3216 481.8792 47.7212
v 991.7425 481.8792 50.9257
v 991.2269 481.8457 47.3166
v 992.6637 481.8457 50.5156
v 992.1286 481.8120 46.9081
v 993.5842 481.8120 50.1001
v 993.0262 481.7780 46.4948
v 994.5034 481.7780 49.6779
v 993.9200 481.7438 46.0759
v 995.4207 481.7438 49.2487
v 994.8098 481.7093 45.6508
v 996.3353 481.7093 48.8119
v 995.6955 481.6746 45.2190
v 997.2471 481.6746 48.3674
v 996.5767 481.6396 44.7800
v 998.1558 481.6396 47.9148
v 997.4532 481.6044 44.3336
v 999.0611 481.6044 47.4536
v 998.3249 481.5689 43.8791
v 999.9625 481.5689 46.9837
v 999.1917 481.5332 43.4165
v 1000.8598 481.5332 46.5049
v 1000.0531 481.4971 42.9456
v 1001.7529 481.4971 46.0166
v 1000.9094 481.4608 42.4659
v 1002.6410 481.4608 45.5190
v 1001.7605 481.4242 41.9773
v 1003.5240 481.4242 45.0121
v 1002.6064 481.3874 41.4798
v 1004.4017 481.3874 44.4960
v 1003.4471 481.3502 40.9734
v 1005.2737 481.3502 43.9707
v 1004.2831 481.3127 40.4580
v 1006.1399 481.3127 43.4367
v 1005.1144 481.2749 39.9340
v 1007.0002 481.2749 42.8945
v 1005.9414 481.2368 39.4017
v 1007.8545 481.2368 42.3445
v 1006.7644 481.1983 38.8614
v 1008.7032 481.1983 41.7874
v 1007.5837 481.1595 38.3134
v 1009.5461 481.1595 41.2237
v 1008.4005 481.1204 37.7585
v 1010.3831 481.1204 40.6543
v 1009.2151 481.0810 37.1973
v 1011.2149 481.0810 40.0803
v 1010.0279 481.0412 36.6309
v 1012.0422 481.0412 39.5022
v 1010.8388 481.0011 36.0599
v 1012.8656 481.0011 38.9207
v 1011.6481 480.9606 35.4848
v 1013.6858 480.9606 38.3361
v 1012.4558 480.9197 34.9061
v 1014.5029 480.9197 37.7488
v 1013.2621 480.8786 34.3241
v 1015.3175 480.8786 37.1592
v 1014.0671 480.8370 33.7393
v 1016.1300 480.8370 36.5677
v 1014.8707 480.7951 33.1519
v 1016.9406 480.7951 35.9744
v 1015.6731 480.7529 32.5620
v 1017.7495 480.7529 35.3795
v 1016.4752 480.7103 31.9696
v 1018.5562 480.7103 34.7837
v 1017.2775 480.6673 31.3755
v 1019.3612 480.6673 34.1877
v 1018.0801 480.6240 30.7805
v 1020.1652 480.6240 33.5916
v 1018.8830 480.5804 30.1847
v 1020.9684 480.5804 32.9956
v 1019.6864 480.5364 29.5887
v 1021.7713 480.5364 32.4000
v 1020.4905 480.4920 28.9926
v 1022.5739 480.4920 31.8050
v 1021.2954 480.4473 28.3967
v 1023.3764 480.4473 31.2109
v 1022.1013 480.4022 27.8015
v 1024.1792 480.4022 30.6179
v 1022.9081 480.3568 27.2069
v 1024.9825 480.3568 30.0259
v 1023.7158 480.3110 26.6134
v 1025.7864 480.3110 29.4352
v 1024.5245 480.2649 26.0209
v 1026.5910 480.2649 28.8457
v 1025.3341 480.2184 25.4295
v 1027.3965 480.2184 28.2573
v 1026.1447 480.1716 24.8393
v 1028.2026 480.1716 27.6703
v 1026.9563 480.1244 24.2503
v 1029.0097 480.1244 27.0846
v 1027.7685 480.0769 23.6628
v 1029.8180 480.0769 26.5000
v 1028.5809 480.0289 23.0767
v 1030.6276 480.0289 25.9159
v 1029.3932 479.9807 22.4916
v 1031.4381 479.9807 25.3322
v 1030.2056 479.9320 21.9071
v 1032.2492 479.9320 24.7485
v 1031.0179 479.8830 21.3231
v 1033.0607 479.8830 24.1651
v 1031.8297 479.8336 20.7397
v 1033.8731 479.8336 23.5813
v 1032.6405 479.7839 20.1564
v 1034.6857 479.7839 22.9966
v 1033.4502 479.7338 19.5728
v 1035.4985 479.7338 22.4108
v 1034.2583 479.6833 18.9886
v 1036.3113 479.6833 21.8233
v 1035.0655 479.6325 18.4030
v 1037.1228 479.6325 21.2345
v 1035.8719 479.5813 17.8163
v 1037.9337 479.5813 20.6445
v 1036.6766 479.5297 17.2285
v 1038.7440 479.5297 20.0526
v 1037.4801 479.4778 16.6390
v 1039.5531 479.4778 19.4590
v 1038.2821 479.4256 16.0482
v 1040.3613 479.4256 18.8637
v 1039.0824 479.3730 15.4557
v 1041.1684 479.3730 18.2661
v 1039.8813 479.3201 14.8612
v 1041.9740 479.3201 17.6666
v 1040.6781 479.2669 14.2653
v 1042.7788 479.2669 17.0648
v 1041.4726 479.2132 13.6671
v 1043.5820 479.2132 16.4600
v 1042.2652 479.1593 13.0666
v 1044.3835 479.1593 15.8528
v 1043.0558 479.1050 12.4635
v 1045.1831 479.1050 15.2428
v 1043.8444 479.0504 11.8578
v 1045.9805 479.0504 14.6304
v 1044.6315 478.9955 11.2495
v 1046.7759 478.9955 14.0157
v 1045.4171 478.9403 10.6387
v 1047.5692 478.9403 13.3988
v 1046.2012 478.8848 10.0256
v 1048.3606 478.8848 12.7800
v 1046.9838 478.8290 9.4103
v 1049.1503 478.8290 12.1593
v 1047.7651 478.7729 8.7931
v 1049.9383 478.7729 11.5367
v 1048.5449 478.7165 8.1739
v 1050.7248 478.7165 10.9122
v 1049.3231 478.6598 7.5528
v 1051.5097 478.6598 10.2857
v 1050.0999 478.6028 6.9298
v 1052.2931 478.6028 9.6574
v 1050.8752 478.5456 6.3048
v 1053.0748 478.5456 9.0273
v 1051.6493 478.4881 5.6780
v 1053.8550 478.4881 8.3954
v 1052.4219 478.4302 5.0494
v 1054.6338 478.4302 7.7618
v 1053.1931 478.3721 4.4190
v 1055.4111 478.3721 7.1265
v 1053.9631 478.3137 3.7868
v 1056.1868 478.3137 6.4896
v 1054.7319 478.2551 3.1530
v 1056.9612 478.2551 5.8512
v 1055.4993 478.1961 2.5176
v 1057.7343 478.1961 5.2111
v 1056.2653 478.1369 1.8806
v 1058.5061 478.1369 4.5694
v 1057.0299 478.0775 1.2421
v 1059.2765 478.0775 3.9259
v 1057.7931 478.0178 0.6018
v 1060.0455 478.0178 3.2807
v 1058.5548 477.9578 -0.0400
v 1060.8132 477.9578 2.6338
v 1059.3147 477.8976 -0.6835
v 1061.5796 477.8976 1.9849
v 1060.0730 477.8371 -1.3287
v 1062.3445 477.8371 1.3341
v 1060.8298 477.7763 -1.9759
v 1063.1077 477.7763 0.6814
v 1061.5849 477.7154 -2.6248
v 1063.8694 477.7154 0.0268
v 1062.3384 477.6541 -3.2756
v 1064.6295 477.6541 -0.6297
v 1063.0902 477.5926 -3.9283
v 1065.3879 477.5926 -1.2881
v 1063.8407 477.5309 -4.5830
v 1066.1445 477.5309 -1.9481
v 1064.5901 477.4689 -5.2397
v 1066.8993 477.4689 -2.6095
v 1065.3385 477.4066 -5.8979
v 1067.6527 477.4066 -3.2722
v 1066.0853 477.3442 -6.5575
v 1068.4049 477.3442 -3.9365
v 1066.8308 477.2816 -7.2186
v 1069.1558 477.2816 -4.6024
v 1067.5747 477.2187 -7.8811
v 1069.9054 477.2187 -5.2700
v 1068.3169 477.1556 -8.5451
v 1070.6538 477.1556 -5.9395
v 1069.0571 477.0923 -9.2106
v 1071.4008 477.0923 -6.6112
v 1069.7952 477.0288 -9.8780
v 1072.1462 477.0288 -7.2852
v 1070.5313 476.9652 -10.5474
v 1072.8897 476.9652 -7.9613
v 1071.2655 476.9013 -11.2189
v 1073.6313 476.9013 -8.6396
v 1071.9977 476.8372 -11.8925
v 1074.3710 476.8372 -9.3200
v 1072.7280 476.7729 -12.5681
v 1075.1087 476.7729 -10.0026
v 1073.4564 476.7085 -13.2460
v 1075.8444 476.7085 -10.6872
v 1074.1828 476.6438 -13.9258
v 1076.5782 476.6438 -11.3740
v 1074.9067 476.5790 -14.6074
v 1077.3104 476.5790 -12.0634
v 1075.6279 476.5141 -15.2912
v 1078.0405 476.5141 -12.7556
v 1076.3466 476.4490 -15.9775
v 1078.7683 476.4490 -13.4505
v 1077.0627 476.3837 -16.6661
v 1079.4937 476.3837 -14.1482
v 1077.7759 476.3183 -17.3574
v 1080.2166 476.3183 -14.8488
v 1078.4864 476.2527 -18.0513
v 1080.9368 476.2527 -15.5523
v 1079.1942 476.1870 -18.7481
v 1081.6543 476.1870 -16.2585
v 1079.8995 476.1212 -19.4477
v 1082.3688 476.1212 -16.9673
v 1080.6026 476.0552 -20.1501
v 1083.0806 476.0552 -17.6784
v 1081.3032 475.9890 -20.8551
v 1083.7898 475.9890 -18.3919
v 1082.0017 475.9228 -21.5625
v 1084.4964 475.9228 -19.1077
v 1082.6978 475.8564 -22.2723
v 1085.2007 475.8564 -19.8257
v 1083.3917 475.7898 -22.9844
v 1085.9026 475.7898 -20.5461
v 1084.0830 475.7231 -23.6988
v 1086.6020 475.7231 -21.2688
v 1084.7721 475.6563 -24.4154
v 1087.2992 475.6563 -21.9939
v 1085.4585 475.5893 -25.1343
v 1087.9939 475.5893 -22.7214
v 1086.1424 475.5223 -25.8553
v 1088.6863 475.5223 -23.4514
v 1086.8234 475.4551 -26.5787
v 1089.3762 475.4551 -24.1842
v 1087.5015 475.3877 -27.3043
v 1090.0636 475.3877 -24.9198
v 1088.1764 475.3203 -28.0324
v 1090.7483 475.3203 -25.6585
v 1088.8479 475.2527 -28.7630
v 1091.4301 475.2527 -26.4003
v 1089.5158 475.1850 -29.4963
v 1092.1089 475.1850 -27.1456
v 1090.1800 475.1172 -30.2324
v 1092.7844 475.1172 -27.8942
v 1090.8402 475.0492 -30.9715
v 1093.4566 475.0492 -28.6467
v 1091.4962 474.9811 -31.7137
v 1094.1250 474.9811 -29.4030
v 1092.1480 474.9129 -32.4593
v 1094.7894 474.9129 -30.1630
v 1092.7956 474.8446 -33.2084
v 1095.4497 474.8446 -30.9268
v 1093.4387 474.7761 -33.9608
v 1096.1060 474.7761 -31.6947
v 1094.0771 474.7076 -34.7167
v 1096.7580 474.7076 -32.4666
v 1094.7106 474.6389 -35.4763
v 1097.4053 474.6389 -33.2428
v 1095.3393 474.5702 -36.2395
v 1098.0481 474.5702 -34.0231
v 1095.9626 474.5014 -37.0064
v 1098.6862 474.5014 -34.8082
v 1096.5804 474.4324 -37.7772
v 1099.3191 474.4324 -35.5978
v 1097.1925 474.3634 -38.5519
v 1099.9467 474.3634 -36.3922
v 1097.7988 474.2942 -39.3309
v 1100.5687 474.2942 -37.1913
v 1098.3994 474.2250 -40.1144
v 1101.1847 474.2250 -37.9949
v 1098.9945 474.1557 -40.9023
v 1101.7949 474.1557 -38.8028
v 1099.5840 474.0863 -41.6945
v 1102.3992 474.0863 -39.6149
v 1100.1682 474.0169 -42.4911
v 1102.9977 474.0169 -40.4310
v 1100.7472 473.9473 -43.2921
v 1103.5902 473.9473 -41.2507
v 1101.3216 473.8777 -44.0974
v 1104.1771 473.8777 -42.0735
v 1101.8915 473.8080 -44.9066
v 1104.7587 473.8080 -42.8994
v 1102.4569 473.7382 -45.7193
v 1105.3354 473.7382 -43.7283
v 1103.0181 473.6684 -46.5354
v 1105.9074 473.6684 -44.5601
v 1103.5750 473.5984 -47.3547
v 1106.4747 473.5984 -45.3947
v 1104.1276 473.5284 -48.1774
v 1107.0377 473.5284 -46.2318
v 1104.6759 473.4584 -49.0029
v 1107.5968 473.4584 -47.0717
v 1105.2195 473.3883 -49.8311
v 1108.1518 473.3883 -47.9146
v 1105.7582 473.3180 -50.6620
v 1108.7027 473.3180 -48.7607
v 1106.2918 473.2478 -51.4957
v 1109.2492 473.2478 -49.6100
v 1106.8200 473.1774 -52.3320
v 1109.7913 473.1774 -50.4631
v 1107.3422 473.1071 -53.1712
v 1110.3284 473.1071 -51.3201
v 1107.8583 473.0366 -54.0135
v 1110.8602 473.0366 -52.1811
v 1108.3681 472.9661 -54.8590
v 1111.3863 472.9661 -53.0462
v 1108.8712 472.8955 -55.7075
v 1111.9065 472.8955 -53.9157
v 1109.3672 472.8249 -56.5595
v 1112.4203 472.8249 -54.7898
v 1109.8561 472.7542 -57.4152
v 1112.9273 472.7542 -55.6682
v 1110.3378 472.6835 -58.2746
v 1113.4272 472.6835 -56.5511
v 1110.8119 472.6127 -59.1375
v 1113.9200 472.6127 -57.4385
v 1111.2779 472.5418 -60.0038
v 1114.4053 472.5418 -58.3311
v 1111.7355 472.4709 -60.8737
v 1114.8826 472.4709 -59.2288
v 1112.1843 472.4000 -61.7475
v 1115.3514 472.4000 -60.1316
v 1112.6240 472.3289 -62.6250
v 1115.8115 472.3289 -61.0397
v 1113.0541 472.2579 -63.5062
v 1116.2624 472.2579 -61.9536
v 1113.4739 472.1868 -64.3912
v 1116.7036 472.1868 -62.8731
v 1113.8833 472.1156 -65.2808
v 1117.1343 472.1156 -63.7980
v 1114.2823 472.0444 -66.1748
v 1117.5545 472.0444 -64.7278
v 1114.6706 471.9732 -67.0730
v 1117.9643 471.9732 -65.6629
v 1115.0477 471.9019 -67.9754
v 1118.3630 471.9019 -66.6032
v 1115.4135 471.8305 -68.8823
v 1118.7506 471.8305 -67.5483
v 1115.7683 471.7591 -69.7936
v 1119.1266 471.7591 -68.4981
v 1116.1121 471.6877 -70.7096
v 1119.4911 471.6877 -69.4518
v 1116.4453 471.6161 -71.6298
v 1119.8446 471.6161 -70.4093
v 1116.7675 471.5445 -72.5541
v 1120.1871 471.5445 -71.3707
v 1117.0789 471.4729 -73.4827
v 1120.5187 471.4729 -72.3354
v 1117.3799 471.4012 -74.4152
v 1120.8399 471.4012 -73.3032
v 1117.6703 471.3294 -75.3513
v 1121.1509 471.3294 -74.2740
v 1117.9502 471.2577 -76.2907
v 1121.4520 471.2577 -75.2479
v 1118.2193 471.1858 -77.2330
v 1121.7432 471.1858 -76.2249
v 1118.4775 471.1139 -78.1781
v 1122.0245 471.1139 -77.2052
v 1118.7246 471.0419 -79.1260
v 1122.2958 471.0419 -78.1885
v 1118.9604 470.9699 -80.0762
v 1122.5571 470.9699 -79.1750
v 1119.1844 470.8979 -81.0287
v 1122.8080 470.8979 -80.1647
v 1119.3966 470.8257 -81.9833
v 1123.0483 470.8257 -81.1576
v 1119.5965 470.7535 -82.9396
v 1123.2778 470.7535 -82.1541
v 1119.7836 470.6812 -83.8977
v 1123.4957 470.6812 -83.1538
v 1119.9578 470.6089 -84.8567
v 1123.7022 470.6089 -84.1576
v 1120.1174 470.5365 -85.8155
v 1123.8957 470.5365 -85.1665
v 1120.2618 470.4641 -86.7745
v 1124.0750 470.4641 -86.1802
v 1120.3900 470.3915 -87.7335
v 1124.2389 470.3915 -87.1986
v 1120.5010 470.3190 -88.6918
v 1124.3861 470.3190 -88.2222
v 1120.5936 470.2464 -89.6494
v 1124.5149 470.2464 -89.2508
v 1120.6671 470.1737 -90.6055
v 1124.6241 470.1737 -90.2846
v 1120.7200 470.1010 -91.5601
v 1124.7115 470.1010 -91.3231
v 1120.7519 470.0282 -92.5135
v 1124.7762 470.0282 -92.3653
v 1120.7619 469.9553 -93.4641
v 1124.8166 469.9553 -93.4117
v 1120.7490 469.8825 -94.4111
v 1124.8308 469.8825 -94.4620
v 1120.7119 469.8095 -95.3541
v 1124.8169 469.8095 -95.5154
v 1120.6500 469.7365 -96.2925
v 1124.7731 469.7365 -96.5707
v 1120.5623 469.6634 -97.2262
v 1124.6976 469.6634 -97.6266
v 1120.4488 469.5903 -98.1543
v 1124.5895 469.5903 -98.6822
v 1120.3085 469.5171 -99.0763
v 1124.4468 469.5171 -99.7358
v 1120.1413 469.4439 -99.9924
v 1124.2688 469.4439 -100.7853
v 1119.9473 469.3706 -100.9020
v 1124.0551 469.3706 -101.8292
v 1119.7266 469.2973 -101.8045
v 1123.8049 469.2973 -102.8659
v 1119.4792 469.2239 -102.6998
v 1123.5181 469.2239 -103.8932
v 1119.2058 469.1505 -103.5875
v 1123.1950 469.1505 -104.9095
v 1118.9064 469.0770 -104.4673
v 1122.8356 469.0770 -105.9133
v 1118.5819 469.0034 -105.3388
v 1122.4407 469.0034 -106.9032
v 1118.2299 468.9298 -106.1995
v 1122.0127 468.9298 -107.8794
v 1117.8503 468.8561 -107.0490
v 1121.5526 468.8561 -108.8402
v 1117.4435 468.7823 -107.8868
v 1121.0612 468.7823 -109.7845
v 1117.0097 468.7085 -108.7098
v 1120.5394 468.7085 -110.7133
v 1116.5465 468.6345 -109.5148
v 1119.9885 468.6345 -111.6266
v 1116.0529 468.5604 -110.3024
v 1119.4098 468.5604 -112.5213
v 1115.5287 468.4862 -111.0746
v 1118.8063 468.4862 -113.3952
v 1114.9755 468.4119 -111.8321
v 1118.1812 468.4119 -114.2486
v 1114.3951 468.3375 -112.5751
v 1117.5368 468.3375 -115.0824
v 1113.7884 468.2629 -113.3061
v 1116.8771 468.2629 -115.8961
v 1113.1569 468.1882 -114.0287
v 1116.2077 468.1882 -116.6905
v 1112.5039 468.1133 -114.7459
v 1115.5336 468.1133 -117.4682
v 1111.8351 468.0384 -115.4620
v 1114.8570 468.0384 -118.2314
v 1111.1546 467.9632 -116.1797
v 1114.1809 467.9632 -118.9829
v 1110.4640 467.8880 -116.9031
v 1113.5102 467.8880 -119.7246
v 1109.7665 467.8126 -117.6379
v 1112.8512 467.8126 -120.4590
v 1109.0672 467.7370 -118.3879
v 1112.2082 467.7370 -121.1908
v 1108.3708 467.6613 -119.1564
v 1111.5852 467.6613 -121.9232
v 1107.6817 467.5855 -119.9479
v 1110.9871 467.5855 -122.6590
v 1107.0049 467.5096 -120.7665
v 1110.4187 467.5096 -123.4005
v 1106.3470 467.4335 -121.6151
v 1109.8842 467.4335 -124.1509
v 1105.7144 467.3574 -122.4944
v 1109.3860 467.3574 -124.9131
v 1105.1119 467.2812 -123.4057
v 1108.9273 467.2812 -125.6877
v 1104.5440 467.2049 -124.3514
v 1108.5126 467.2049 -126.4732
v 1104.0173 467.1286 -125.3328
v 1108.1462 467.1286 -127.2688
v 1103.5408 467.0523 -126.3506
v 1107.8286 467.0523 -128.0722
v 1103.1211 466.9761 -127.4049
v 1107.5632 466.9761 -128.8807
v 1102.7662 466.8998 -128.4930
v 1107.3531 466.8998 -129.6923
v 1102.4834 466.8236 -129.6129
v 1107.1993 466.8236 -130.5035
v 1102.2831 466.7475 -130.7619
v 1107.1022 466.7475 -131.3098
v 1102.1730 466.6715 -131.9309
v 1107.0633 466.6715 -132.1111
v 1102.1571 466.5956 -133.1127
v 1107.0827 466.5956 -132.9033
v 1102.2418 466.5199 -134.3003
v 1107.1619 466.5199 -133.6808
v 1102.4307 466.4443 -135.4838
v 1107.3011 466.4443 -134.4400
v 1102.7279 466.3689 -136.6532
v 1107.4999 466.3689 -135.1741
v 1103.1357 466.2936 -137.7954
v 1107.7588 466.2936 -135.8799
v 1103.6519 466.2184 -138.8950
v 1108.0776 466.2184 -136.5567
v 1104.2694 466.1434 -139.9423
v 1108.4565 466.1434 -137.1994
v 1104.9831 466.0687 -140.9271
v 1108.8947 466.0687 -137.8039
v 1105.7832 465.9942 -141.8386
v 1109.3904 465.9942 -138.3687
v 1106.6600 465.9199 -142.6705
v 1109.9408 465.9199 -138.8910
v 1107.6033 465.8458 -143.4188
v 1110.5402 465.8458 -139.3664
v 1108.6043 465.7718 -144.0799
v 1111.1834 465.7718 -139.7912
v 1109.6538 465.6981 -144.6521
v 1111.8645 465.6981 -140.1626
v 1110.7428 465.6245 -145.1331
v 1112.5796 465.6245 -140.4784
v 1111.8635 465.5510 -145.5226
v 1113.3222 465.5510 -140.7393
v 1113.0105 465.4776 -145.8186
v 1114.0851 465.4776 -140.9435
v 1114.1727 465.4044 -146.0204
v 1114.8678 465.4044 -141.0911
v 1115.3401 465.3312 -146.1306
v 1115.6676 465.3312 -141.1830
v 1116.5086 465.2581 -146.1529
v 1116.4771 465.2581 -141.2196
v 1117.6719 465.1850 -146.0880
v 1117.2914 465.1850 -141.2003
v 1118.8199 465.1119 -145.9397
v 1118.1107 465.1119 -141.1257
v 1119.9493 465.0389 -145.7132
v 1118.9314 465.0389 -140.9979
v 1121.0557 464.9659 -145.4117
v 1119.7482 464.9659 -140.8176
v 1122.1338 464.8930 -145.0398
v 1120.5596 464.8930 -140.5861
v 1123.1796 464.8201 -144.6028
v 1121.3643 464.8201 -140.3045
v 1124.1876 464.7472 -144.1090
v 1122.1636 464.7472 -139.9721
v 1125.1572 464.6743 -143.5689
v 1122.9568 464.6743 -139.5918
v 1126.0930 464.6014 -142.9865
v 1123.7388 464.6014 -139.1689
v 1126.9923 464.5284 -142.3671
v 1124.5111 464.5284 -138.7034
v 1127.8562 464.4553 -141.7202
v 1125.2762 464.4553 -138.1998
v 1128.6908 464.3822 -141.0481
v 1126.0303 464.3822 -137.6642
v 1129.4980 464.3091 -140.3532
v 1126.7722 464.3091 -137.0997
v 1130.2791 464.2359 -139.6393
v 1127.5025 464.2359 -136.5089
v 1131.0351 464.1628 -138.9105
v 1128.2226 464.1628 -135.8925
v 1131.7683 464.0896 -138.1720
v 1128.9357 464.0896 -135.2527
v 1132.4817 464.0164 -137.4276
v 1129.6441 464.0164 -134.5927
v 1133.1782 463.9433 -136.6815
v 1130.3511 463.9433 -133.9151
v 1133.8616 463.8702 -135.9385
v 1131.0610 463.8702 -133.2235
v 1134.5366 463.7971 -135.2021
v 1131.7767 463.7971 -132.5228
v 1135.2095 463.7241 -134.4749
v 1132.4989 463.7241 -131.8174
v 1135.8858 463.6511 -133.7579
v 1133.2273 463.6511 -131.1112
v 1136.5683 463.5781 -133.0508
v 1133.9617 463.5781 -130.4074
v 1137.2591 463.5052 -132.3533
v 1134.7017 463.5052 -129.7081
v 1137.9592 463.4323 -131.6640
v 1135.4460 463.4323 -129.0145
v 1138.6677 463.3594 -130.9832
v 1136.1947 463.3594 -128.3258
v 1139.3844 463.2866 -130.3116
v 1136.9484 463.2866 -127.6424
v 1140.1090 463.2139 -129.6489
v 1137.7073 463.2139 -126.9643
v 1140.8415 463.1412 -128.9957
v 1138.4718 463.1412 -126.2919
v 1141.5816 463.0686 -128.3520
v 1139.2421 463.0686 -125.6254
v 1142.3287 462.9961 -127.7187
v 1140.0195 462.9961 -124.9650
v 1143.0823 462.9236 -127.0954
v 1140.8055 462.9236 -124.3126
v 1143.8422 462.8513 -126.4815
v 1141.6008 462.8513 -123.6700
v 1144.6095 462.7790 -125.8779
v 1142.4048 462.7790 -123.0376
v 1145.3836 462.7068 -125.2850
v 1143.2179 462.7068 -122.4149
v 1146.1644 462.6347 -124.7046
v 1144.0415 462.6347 -121.8026
v 1146.9531 462.5626 -124.1369
v 1144.8752 462.5626 -121.2025
v 1147.7502 462.4906 -123.5817
v 1145.7183 462.4906 -120.6153
v 1148.5559 462.4186 -123.0390
v 1146.5706 462.4186 -120.0412
v 1149.3698 462.3467 -122.5084
v 1147.4318 462.3467 -119.4811
v 1150.1912 462.2748 -121.9900
v 1148.3022 462.2748 -118.9348
v 1151.0213 462.2030 -121.4845
v 1149.1806 462.2030 -118.4026
v 1151.8614 462.1312 -120.9910
v 1150.0645 462.1312 -117.8838
v 1152.7105 462.0595 -120.5081
v 1150.9526 462.0595 -117.3773
v 1153.5677 461.9878 -120.0353
v 1151.8448 461.9878 -116.8819
v 1154.4328 461.9162 -119.5712
v 1152.7396 461.9162 -116.3968
v 1155.3052 461.8446 -119.1140
v 1153.6359 461.8446 -115.9210
v 1156.1844 461.7731 -118.6619
v 1154.5323 461.7731 -115.4531
v 1157.0701 461.7016 -118.2126
v 1155.4271 461.7016 -114.9916
v 1157.9609 461.6301 -117.7634
v 1156.3190 461.6301 -114.5342
v 1158.8558 461.5586 -117.3125
v 1157.2069 461.5586 -114.0788
v 1159.7537 461.4873 -116.8571
v 1158.0896 461.4873 -113.6235
v 1160.6535 461.4160 -116.3950
v 1158.9655 461.4160 -113.1661
v 1161.5547 461.3447 -115.9232
v 1159.8328 461.3447 -112.7046
v 1162.4552 461.2734 -115.4385
v 1160.6899 461.2734 -112.2363
v 1163.3524 461.2021 -114.9392
v 1161.5364 461.2021 -111.7583
v 1164.2445 461.1308 -114.4241
v 1162.3721 461.1308 -111.2688
v 1165.1299 461.0596 -113.8916
v 1163.1962 461.0596 -110.7662
v 1166.0066 460.9884 -113.3402
v 1164.0086 460.9884 -110.2501
v 1166.8731 460.9173 -112.7687
v 1164.8087 460.9173 -109.7194
v 1167.7272 460.8463 -112.1775
v 1165.5970 460.8463 -109.1725
v 1168.5679 460.7752 -111.5679
v 1166.3738 460.7752 -108.6092
v 1169.3957 460.7043 -110.9401
v 1167.1381 460.7043 -108.0296
v 1170.2102 460.6334 -110.2940
v 1167.8888 460.6334 -107.4341
v 1171.0098 460.5625 -109.6300
v 1168.6263 460.5625 -106.8216
v 1171.7934 460.4916 -108.9503
v 1169.3521 460.4916 -106.1921
v 1172.5610 460.4208 -108.2563
v 1170.0676 460.4208 -105.5468
v 1173.3128 460.3500 -107.5486
v 1170.7737 460.3500 -104.8874
v 1174.0492 460.2792 -106.8291
v 1171.4715 460.2792 -104.2145
v 1174.7709 460.2085 -106.1004
v 1172.1626 460.2085 -103.5288
v 1175.4789 460.1379 -105.3652
v 1172.8490 460.1379 -102.8310
v 1176.1761 460.0673 -104.6258
v 1173.5323 460.0673 -102.1238
v 1176.8648 459.9968 -103.8822
v 1174.2121 459.9968 -101.4092
v 1177.5465 459.9262 -103.1355
v 1174.8891 459.9262 -100.6885
v 1178.2224 459.8557 -102.3868
v 1175.5640 459.8557 -99.9623
v 1178.8938 459.7853 -101.6367
v 1176.2372 459.7853 -99.2319
v 1179.5622 459.7149 -100.8852
v 1176.9085 459.7149 -98.4984
v 1180.2282 459.6445 -100.1324
v 1177.5776 459.6445 -97.7623
v 1180.8924 459.5742 -99.3780
v 1178.2444 459.5742 -97.0239
v 1181.5549 459.5039 -98.6222
v 1178.9085 459.5039 -96.2831
v 1182.2157 459.4336 -97.8651
v 1179.5701 459.4336 -95.5397
v 1182.8754 459.3633 -97.1073
v 1180.2288 459.3633 -94.7936
v 1183.5344 459.2931 -96.3486
v 1180.8840 459.2931 -94.0448
v 1184.1930 459.2229 -95.5889
v 1181.5352 459.2229 -93.2931
v 1184.8506 459.1527 -94.8281
v 1182.1824 459.1527 -92.5383
v 1185.5075 459.0826 -94.0664
v 1182.8257 459.0826 -91.7802
v 1186.1631 459.0125 -93.3034
v 1183.4649 459.0125 -91.0190
v 1186.8173 458.9424 -92.5388
v 1184.1004 458.9424 -90.2551
v 1187.4699 458.8724 -91.7722
v 1184.7318 458.8724 -89.4883
v 1188.1209 458.8024 -91.0035
v 1185.3589 458.8024 -88.7188
v 1188.7698 458.7324 -90.2323
v 1185.9813 458.7324 -87.9462
v 1189.4169 458.6624 -89.4582
v 1186.5987 458.6624 -87.1709
v 1190.0617 458.5924 -88.6800
v 1187.2100 458.5924 -86.3929
v 1190.7036 458.5225 -87.8969
v 1187.8144 458.5225 -85.6120
v 1191.3415 458.4526 -87.1082
v 1188.4112 458.4526 -84.8276
v 1191.9746 458.3826 -86.3133
v 1188.9997 458.3826 -84.0394
v 1192.6022 458.3128 -85.5110
v 1189.5790 458.3128 -83.2475
v 1193.2235 458.2429 -84.6999
v 1190.1477 458.2429 -82.4516
v 1193.8370 458.1731 -83.8784
v 1190.7041 458.1731 -81.6518
v 1194.4411 458.1032 -83.0450
v 1191.2464 458.1032 -80.8475
v 1195.0338 458.0334 -82.1980
v 1191.7728 458.0334 -80.0385
v 1195.6132 457.9636 -81.3357
v 1192.2811 457.9636 -79.2245
v 1196.1765 457.8938 -80.4560
v 1192.7687 457.8938 -78.4052
v 1196.7207 457.8241 -79.5574
v 1193.2332 457.8241 -77.5801
v 1197.2420 457.7543 -78.6396
v 1193.6727 457.7543 -76.7479
v 1197.7371 457.6845 -77.7032
v 1194.0862 457.6845 -75.9072
v 1198.2033 457.6147 -76.7486
v 1194.4731 457.6147 -75.0577
v 1198.6380 457.5450 -75.7764
v 1194.8327 457.5450 -74.1996
v 1199.0392 457.4752 -74.7877
v 1195.1645 457.4752 -73.3326
v 1199.4054 457.4054 -73.7842
v 1195.4680 457.4054 -72.4567
v 1199.7352 457.3356 -72.7681
v 1195.7431 457.3356 -71.5717
v 1200.0287 457.2657 -71.7410
v 1195.9901 457.2657 -70.6784
v 1200.2855 457.1959 -70.7024
v 1196.2080 457.1959 -69.7792
v 1200.5038 457.1261 -69.6545
v 1196.3959 457.1261 -68.8741
v 1200.6836 457.0563 -68.6009
v 1196.5546 457.0563 -67.9617
v 1200.8255 456.9864 -67.5448
v 1196.6846 456.9864 -67.0412
v 1200.9323 456.9165 -66.4866
v 1196.7876 456.9165 -66.1148
v 1201.0038 456.8466 -65.4262
v 1196.8627 456.8466 -65.1845
v 1201.0415 456.7766 -64.3678
v 1196.9110 456.7766 -64.2482
v 1201.0481 456.7067 -63.3135
v 1196.9340 456.7067 -63.3057
v 1201.0264 456.6366 -62.2634
v 1196.9336 456.6366 -62.3585
v 1200.9785 456.5666 -61.2171
v 1196.9108 456.5666 -61.4085
v 1200.9058 456.4964 -60.1725
v 1196.8665 456.4964 -60.4587
v 1200.8078 456.4262 -59.1330
v 1196.7992 456.4262 -59.5070
v 1200.6889 456.3560 -58.1007
v 1196.7121 456.3560 -58.5516
v 1200.5504 456.2858 -57.0724
v 1196.6063 456.2858 -57.5965
v 1200.3927 456.2154 -56.0483
v 1196.4817 456.2154 -56.6420
v 1200.2176 456.1450 -55.0293
v 1196.3392 456.1450 -55.6877
v 1200.0261 456.0745 -54.0151
v 1196.1793 456.0745 -54.7342
v 1199.8195 456.0040 -53.0061
v 1196.0027 456.0040 -53.7812
v 1199.5991 455.9333 -52.0008
v 1195.8107 455.9333 -52.8305
v 1199.3640 455.8626 -50.9981
v 1195.6029 455.8626 -51.8839
v 1199.1143 455.7919 -49.9988
v 1195.3789 455.7919 -50.9411
v 1198.8503 455.7210 -49.0036
v 1195.1387 455.7210 -50.0020
v 1198.5724 455.6501 -48.0126
v 1194.8825 455.6501 -49.0668
v 1198.2806 455.5791 -47.0261
v 1194.6103 455.5791 -48.1357
v 1197.9755 455.5079 -46.0441
v 1194.3224 455.5079 -47.2085
v 1197.6573 455.4367 -45.0665
v 1194.0195 455.4367 -46.2860
v 1197.3260 455.3653 -44.0939
v 1193.7012 455.3653 -45.3679
v 1196.9825 455.2939 -43.1268
v 1193.3684 455.2939 -44.4536
v 1196.6271 455.2223 -42.1641
v 1193.0222 455.2223 -43.5443
v 1196.2584 455.1506 -41.2042
v 1192.6630 455.1506 -42.6423
v 1195.8749 455.0788 -40.2485
v 1192.2896 455.0788 -41.7479
v 1195.4769 455.0069 -39.2981
v 1191.9020 455.0069 -40.8603
v 1195.0638 454.9348 -38.3533
v 1191.5000 454.9348 -39.9800
v 1194.6349 454.8627 -37.4138
v 1191.0841 454.8627 -39.1080
v 1194.1882 454.7904 -36.4794
v 1190.6542 454.7904 -38.2462
v 1193.7224 454.7180 -35.5515
v 1190.2092 454.7180 -37.3952
v 1193.2368 454.6455 -34.6320
v 1189.7484 454.6455 -36.5547
v 1192.7302 454.5728 -33.7206
v 1189.2725 454.5728 -35.7264
v 1192.1994 454.5000 -32.8177
v 1188.7810 454.5000 -34.9131
v 1191.6429 454.4271 -31.9265
v 1188.2723 454.4271 -34.1150
v 1191.0602 454.3541 -31.0495
v 1187.7455 454.3541 -33.3318
v 1190.4509 454.2809 -30.1890
v 1187.1999 454.2809 -32.5637
v 1189.8147 454.2077 -29.3463
v 1186.6359 454.2077 -31.8109
v 1189.1514 454.1343 -28.5236
v 1186.0531 454.1343 -31.0737
v 1188.4629 454.0607 -27.7221
v 1185.4504 454.0607 -30.3525
v 1187.7511 453.9871 -26.9413
v 1184.8273 453.9871 -29.6485
v 1187.0157 453.9133 -26.1814
v 1184.1850 453.9133 -28.9636
v 1186.2572 453.8394 -25.4445
v 1183.5229 453.8394 -28.2982
v 1185.4790 453.7654 -24.7297
v 1182.8394 453.7654 -27.6536
v 1184.6827 453.6912 -24.0366
v 1182.1342 453.6912 -27.0310
v 1183.8694 453.6170 -23.3651
v 1181.4087 453.6170 -26.4306
v 1183.0395 453.5426 -22.7153
v 1180.6637 453.5426 -25.8530
v 1182.1958 453.4681 -22.0882
v 1179.8986 453.4681 -25.2968
v 1181.3417 453.3934 -21.4832
v 1179.1139 453.3934 -24.7599
v 1180.4790 453.3186 -20.8981
v 1178.3117 453.3186 -24.2408
v 1179.6102 453.2436 -20.3315
v 1177.4926 453.2436 -23.7377
v 1178.7387 453.1685 -19.7813
v 1176.6575 453.1685 -23.2473
v 1177.8670 453.0933 -19.2471
v 1175.8081 453.0933 -22.7639
v 1176.9996 453.0179 -18.7256
v 1174.9455 453.0179 -22.2825
v 1176.1410 452.9424 -18.2129
v 1174.0706 452.9424 -21.7979
v 1175.2965 452.8668 -17.7042
v 1173.1851 452.8668 -21.3037
v 1174.4704 452.7910 -17.1941
v 1172.2921 452.7910 -20.7935
v 1173.6672 452.7152 -16.6775
v 1171.3949 452.7152 -20.2609
v 1172.8913 452.6391 -16.1495
v 1170.4982 452.6391 -19.6992
v 1172.1465 452.5630 -15.6055
v 1169.6069 452.5630 -19.1024
v 1171.4357 452.4867 -15.0408
v 1168.7284 452.4867 -18.4655
v 1170.7595 452.4104 -14.4515
v 1167.8696 452.4104 -17.7867
v 1170.1203 452.3340 -13.8358
v 1167.0360 452.3340 -17.0644
v 1169.5203 452.2574 -13.1928
v 1166.2328 452.2574 -16.2979
v 1168.9605 452.1807 -12.5230
v 1165.4658 452.1807 -15.4868
v 1168.4428 452.1040 -11.8299
v 1164.7396 452.1040 -14.6297
v 1167.9707 452.0272 -11.1148
v 1164.0599 452.0272 -13.7264
v 1167.5473 451.9504 -10.3814
v 1163.4308 451.9504 -12.7773
v 1167.1746 451.8735 -9.6336
v 1162.8615 451.8735 -11.7807
v 1166.8536 451.7966 -8.8740
v 1162.3594 451.7966 -10.7390
v 1166.5876 451.7197 -8.1062
v 1161.9320 451.7197 -9.6542
v 1166.3783 451.6429 -7.3302
v 1161.5878 451.6429 -8.5332
v 1166.2262 451.5661 -6.5477
v 1161.3317 451.5661 -7.3831
v 1166.1331 451.4893 -5.7621
v 1161.1689 451.4893 -6.2112
v 1166.0996 451.4126 -4.9749
v 1161.1028 451.4126 -5.0271
v 1166.1260 451.3360 -4.1925
v 1161.1349 451.3360 -3.8372
v 1166.2136 451.2595 -3.4201
v 1161.2688 451.2595 -2.6498
v 1166.3650 451.1830 -2.6593
v 1161.5022 451.1830 -1.4777
v 1166.5779 451.1066 -1.9197
v 1161.8341 451.1066 -0.3244
v 1166.8529 451.0303 -1.2078
v 1162.2683 451.0303 0.7997
v 1167.1883 450.9541 -0.5254
v 1162.8004 450.9541 1.8822
v 1167.5824 450.8780 0.1220
v 1163.4286 450.8780 2.9142
v 1168.0340 450.8021 0.7325
v 1164.1466 450.8021 3.8850
v 1168.5385 450.7263 1.3009
v 1164.9480 450.7263 4.7878
v 1169.0909 450.6506 1.8209
v 1165.8280 450.6506 5.6162
v 1169.6923 450.5750 2.2925
v 1166.7757 450.5750 6.3594
v 1170.3393 450.4996 2.7157
v 1167.7770 450.4996 7.0143
v 1171.0265 450.4243 3.0874
v 1168.8239 450.4243 7.5805
v 1171.7500 450.3490 3.4068
v 1169.9063 450.3490 8.0585
v 1172.5038 450.2737 3.6732
v 1171.0173 450.2737 8.4494
v 1173.2845 450.1986 3.8876
v 1172.1474 450.1986 8.7527
v 1174.0865 450.1234 4.0508
v 1173.2895 450.1234 8.9728
v 1174.9019 450.0483 4.1619
v 1174.4400 450.0483 9.1116
v 1175.7265 449.9731 4.2211
v 1175.5938 449.9731 9.1706
v 1176.5558 449.8980 4.2286
v 1176.7464 449.8980 9.1511
v 1177.3864 449.8230 4.1845
v 1177.8929 449.8230 9.0539
v 1178.2175 449.7479 4.0890
v 1179.0266 449.7479 8.8806
v 1179.0471 449.6728 3.9433
v 1180.1420 449.6728 8.6348
v 1179.8735 449.5977 3.7481
v 1181.2342 449.5977 8.3197
v 1180.6959 449.5226 3.5047
v 1182.2982 449.5226 7.9408
v 1181.5130 449.4474 3.2149
v 1183.3308 449.4474 7.5034
v 1182.3215 449.3723 2.8797
v 1184.3326 449.3723 7.0143
v 1183.1187 449.2970 2.5004
v 1185.3023 449.2970 6.4780
v 1183.9047 449.2218 2.0788
v 1186.2383 449.2218 5.8999
v 1184.6767 449.1465 1.6190
v 1187.1429 449.1465 5.2837
v 1185.4342 449.0711 1.1216
v 1188.0143 449.0711 4.6326
v 1186.1776 448.9958 0.5900
v 1188.8538 448.9958 3.9524
v 1186.9053 448.9204 0.0248
v 1189.6629 448.9204 3.2464
v 1187.6217 448.8451 -0.5737
v 1190.4405 448.8451 2.5218
v 1188.3303 448.7698 -1.2018
v 1191.1895 448.7698 1.7852
v 1189.0338 448.6945 -1.8555
v 1191.9140 448.6945 1.0413
v 1189.7362 448.6192 -2.5308
v 1192.6181 448.6192 0.2959
v 1190.4401 448.5440 -3.2213
v 1193.3080 448.5440 -0.4476
v 1191.1469 448.4688 -3.9227
v 1193.9880 448.4688 -1.1872
v 1191.8593 448.3937 -4.6305
v 1194.6630 448.3937 -1.9197
v 1192.5763 448.3187 -5.3412
v 1195.3388 448.3187 -2.6442
v 1193.2981 448.2437 -6.0514
v 1196.0183 448.2437 -3.3608
v 1194.0246 448.1687 -6.7595
v 1196.7031 448.1687 -4.0695
v 1194.7571 448.0938 -7.4651
v 1197.3934 448.0938 -4.7690
v 1195.4981 448.0190 -8.1680
v 1198.0890 448.0190 -5.4568
v 1196.2501 447.9443 -8.8662
v 1198.7913 447.9443 -6.1304
v 1197.0135 447.8696 -9.5565
v 1199.5028 447.8696 -6.7892
v 1197.7886 447.7951 -10.2371
v 1200.2247 447.7951 -7.4328
v 1198.5761 447.7206 -10.9067
v 1200.9575 447.7206 -8.0601
v 1199.3772 447.6461 -11.5642
v 1201.7014 447.6461 -8.6700
v 1200.1920 447.5718 -12.2074
v 1202.4574 447.5718 -9.2618
v 1201.0206 447.4975 -12.8330
v 1203.2257 447.4975 -9.8375
v 1201.8622 447.4232 -13.4401
v 1204.0056 447.4232 -10.3981
v 1202.7168 447.3490 -14.0291
v 1204.7962 447.3490 -10.9430
v 1203.5835 447.2749 -14.6000
v 1205.5981 447.2749 -11.4711
v 1204.4615 447.2008 -15.1525
v 1206.4113 447.2008 -11.9829
v 1205.3498 447.1268 -15.6863
v 1207.2358 447.1268 -12.4788
v 1206.2485 447.0528 -16.2010
v 1208.0696 447.0528 -12.9602
v 1207.1573 446.9789 -16.6966
v 1208.9125 446.9789 -13.4265
v 1208.0750 446.9050 -17.1732
v 1209.7648 446.9050 -13.8782
v 1209.0000 446.8312 -17.6311
v 1210.6265 446.8312 -14.3159
v 1209.9315 446.7574 -18.0717
v 1211.4968 446.7574 -14.7403
v 1210.8681 446.6836 -18.4951
v 1212.3763 446.6836 -15.1519
v 1211.8072 446.6099 -18.9030
v 1213.2654 446.6099 -15.5530
v 1212.7471 446.5362 -19.2974
v 1214.1635 446.5362 -15.9456
v 1213.6865 446.4626 -19.6809
v 1215.0698 446.4626 -16.3318
v 1214.6246 446.3890 -20.0562
v 1215.9828 446.3890 -16.7135
v 1215.5608 446.3154 -20.4259
v 1216.9011 446.3154 -17.0924
v 1216.4951 446.2418 -20.7921
v 1217.8234 446.2418 -17.4698
v 1217.4278 446.1684 -21.1567
v 1218.7483 446.1684 -17.8466
v 1218.3594 446.0949 -21.5210
v 1219.6744 446.0949 -18.2230
v 1219.2900 446.0215 -21.8855
v 1220.6015 446.0215 -18.5992
v 1220.2197 445.9482 -22.2511
v 1221.5292 445.9482 -18.9756
v 1221.1492 445.8749 -22.6180
v 1222.4566 445.8749 -19.3515
v 1222.0783 445.8016 -22.9861
v 1223.3841 445.8016 -19.7269
v 1223.0071 445.7283 -23.3554
v 1224.3118 445.7283 -20.1018
v 1223.9356 445.6552 -23.7259
v 1225.2395 445.6552 -20.4760
v 1224.8637 445.5821 -24.0974
v 1226.1675 445.5821 -20.8493
v 1225.7916 445.5090 -24.4700
v 1227.0955 445.5090 -21.2220
v 1226.7199 445.4359 -24.8425
v 1228.0234 445.4359 -21.5943
v 1227.6476 445.3629 -25.2148
v 1228.9517 445.3629 -21.9669
v 1228.5748 445.2900 -25.5873
v 1229.8804 445.2900 -22.3399
v 1229.5016 445.2171 -25.9602
v 1230.8090 445.2171 -22.7136
v 1230.4281 445.1442 -26.3336
v 1231.7376 445.1442 -23.0878
v 1231.3542 445.0715 -26.7076
v 1232.6660 445.0715 -23.4627
v 1232.2796 444.9987 -27.0821
v 1233.5944 444.9987 -23.8385
v 1233.2045 444.9260 -27.4576
v 1234.5226 444.9260 -24.2153
v 1234.1292 444.8533 -27.8340
v 1235.4504 444.8533 -24.5930
v 1235.0535 444.7807 -28.2113
v 1236.3777 444.7807 -24.9715
v 1235.9772 444.7081 -28.5894
v 1237.3049 444.7081 -25.3510
v 1236.9005 444.6355 -28.9686
v 1238.2318 444.6355 -25.7317
v 1237.8236 444.5630 -29.3488
v 1239.1579 444.5630 -26.1132
v 1238.7467 444.4905 -29.7299
v 1240.0835 444.4905 -26.4953
v 1239.6694 444.4181 -30.1116
v 1241.0089 444.4181 -26.8781
v 1240.5916 444.3457 -30.4942
v 1241.9340 444.3457 -27.2619
v 1241.5135 444.2734 -30.8775
v 1242.8588 444.2734 -27.6464
v 1242.4349 444.2011 -31.2617
v 1243.7833 444.2011 -28.0319
v 1243.3555 444.1288 -31.6466
v 1244.7080 444.1288 -28.4184
v 1244.2747 444.0566 -32.0326
v 1245.6329 444.0566 -28.8066
v 1245.1925 443.9844 -32.4207
v 1246.5576 443.9844 -29.1964
v 1246.1089 443.9123 -32.8107
v 1247.4821 443.9123 -29.5880
v 1247.0234 443.8401 -33.2031
v 1248.4065 443.8401 -29.9820
v 1247.9356 443.7680 -33.5981
v 1249.3307 443.7680 -30.3789
v 1248.8452 443.6960 -33.9962
v 1250.2547 443.6960 -30.7794
v 1249.7520 443.6240 -34.3982
v 1251.1780 443.6240 -31.1841
v 1250.6556 443.5520 -34.8042
v 1252.1004 443.5520 -31.5935
v 1251.5553 443.4801 -35.2148
v 1253.0221 443.4801 -32.0087
v 1252.4506 443.4082 -35.6310
v 1253.9425 443.4082 -32.4306
v 1253.3416 443.3364 -36.0534
v 1254.8608 443.3364 -32.8598
v 1254.2279 443.2646 -36.4828
v 1255.7767 443.2646 -33.2970
v 1255.1096 443.1929 -36.9195
v 1256.6896 443.1929 -33.7424
v 1255.9866 443.1212 -37.3640
v 1257.5989 443.1212 -34.1965
v 1256.8588 443.0496 -37.8166
v 1258.5044 443.0496 -34.6594
v 1257.7263 442.9780 -38.2775
v 1259.4056 442.9780 -35.1313
v 1258.5891 442.9064 -38.7469
v 1260.3022 442.9064 -35.6122
v 1259.4464 442.8348 -39.2243
v 1261.1948 442.8348 -36.1024
v 1260.2975 442.7633 -39.7104
v 1262.0829 442.7633 -36.6027
v 1261.1426 442.6919 -40.2055
v 1262.9660 442.6919 -37.1133
v 1261.9810 442.6205 -40.7098
v 1263.8440 442.6205 -37.6345
v 1262.8122 442.5491 -41.2235
v 1264.7164 442.5491 -38.1671
v 1263.6356 442.4778 -41.7471
v 1265.5831 442.4778 -38.7115
v 1264.4507 442.4066 -42.2810
v 1266.4433 442.4066 -39.2686
v 1265.2580 442.3353 -42.8263
v 1267.2955 442.3353 -39.8381
v 1266.0582 442.2642 -43.3827
v 1268.1391 442.2642 -40.4194
v 1266.8515 442.1931 -43.9498
v 1268.9740 442.1931 -41.0124
v 1267.6383 442.1220 -44.5274
v 1269.7998 442.1220 -41.6164
v 1268.4190 442.0510 -45.1150
v 1270.6168 442.0510 -42.2309
v 1269.1938 441.9801 -45.7123
v 1271.4248 441.9801 -42.8553
v 1269.9631 441.9092 -46.3184
v 1272.2244 441.9092 -43.4888
v 1270.7263 441.8383 -46.9326
v 1273.0162 441.8383 -44.1315
v 1271.4825 441.7675 -47.5549
v 1273.8010 441.7675 -44.7834
v 1272.2310 441.6968 -48.1852
v 1274.5787 441.6968 -45.4448
v 1272.9711 441.6261 -48.8235
v 1275.3491 441.6261 -46.1163
v 1273.7026 441.5555 -49.4706
v 1276.1112 441.5555 -46.7982
v 1274.4258 441.4849 -50.1269
v 1276.8646 441.4849 -47.4898
v 1275.1403 441.4144 -50.7923
v 1277.6090 441.4144 -48.1914
v 1275.8462 441.3440 -51.4670
v 1278.3442 441.3440 -48.9025
v 1276.5438 441.2737 -52.1510
v 1279.0698 441.2737 -49.6226
v 1277.2334 441.2034 -52.8443
v 1279.7858 441.2034 -50.3513
v 1277.9156 441.1331 -53.5468
v 1280.4922 441.1331 -51.0874
v 1278.5907 441.0629 -54.2576
v 1281.1897 441.0629 -51.8306
v 1279.2588 440.9928 -54.9766
v 1281.8783 440.9928 -52.5803
v 1279.9213 440.9228 -55.7036
v 1282.5583 440.9228 -53.3353
v 1280.5789 440.8529 -56.4380
v 1283.2304 440.8529 -54.0944
v 1281.2330 440.7830 -57.1791
v 1283.8954 440.7830 -54.8565
v 1281.8844 440.7132 -57.9260
v 1284.5543 440.7132 -55.6204
v 1282.5343 440.6434 -58.6779
v 1285.2083 440.6434 -56.3850
v 1283.1838 440.5737 -59.4337
v 1285.8585 440.5737 -57.1492
v 1283.8343 440.5040 -60.1925
v 1286.5062 440.5040 -57.9118
v 1284.4865 440.4345 -60.9532
v 1287.1527 440.4345 -58.6721
v 1285.1414 440.3650 -61.7145
v 1287.7995 440.3650 -59.4293
v 1285.7993 440.2955 -62.4754
v 1288.4476 440.2955 -60.1830
v 1286.4605 440.2262 -63.2349
v 1289.0981 440.2262 -60.9331
v 1287.1248 440.1569 -63.9923
v 1289.7520 440.1569 -61.6797
v 1287.7921 440.0877 -64.7470
v 1290.4093 440.0877 -62.4232
v 1288.4620 440.0186 -65.4984
v 1291.0704 440.0186 -63.1646
v 1289.1334 439.9495 -66.2462
v 1291.7351 439.9495 -63.9050
v 1289.8052 439.8806 -66.9909
v 1292.4029 439.8806 -64.6453
v 1290.4764 439.8116 -67.7336
v 1293.0727 439.8116 -65.3864
v 1291.1469 439.7428 -68.4750
v 1293.7437 439.7428 -66.1284
v 1291.8159 439.6740 -69.2159
v 1294.4151 439.6740 -66.8719
v 1292.4832 439.6053 -69.9567
v 1295.0863 439.6053 -67.6171
v 1293.1482 439.5367 -70.6982
v 1295.7566 439.5367 -68.3645
v 1293.8112 439.4681 -71.4411
v 1296.4253 439.4681 -69.1137
v 1294.4725 439.3996 -72.1857
v 1297.0921 439.3996 -69.8646
v 1295.1321 439.3312 -72.9318
v 1297.7571 439.3312 -70.6168
v 1295.7898 439.2629 -73.6795
v 1298.4204 439.2629 -71.3708
v 1296.4461 439.1946 -74.4291
v 1299.0815 439.1946 -72.1259
v 1297.1014 439.1264 -75.1803
v 1299.7409 439.1264 -72.8818
v 1297.7558 439.0583 -75.9331
v 1300.3987 439.0583 -73.6385
v 1298.4096 438.9902 -76.6870
v 1301.0552 438.9902 -74.3955
v 1299.0628 438.9222 -77.4419
v 1301.7106 438.9222 -75.1531
v 1299.7155 438.8543 -78.1978
v 1302.3651 438.8543 -75.9109
v 1300.3681 438.7864 -78.9543
v 1303.0188 438.7864 -76.6687
v 1301.0204 438.7187 -79.7112
v 1303.6722 438.7187 -77.4269
v 1301.6722 438.6509 -80.4682
v 1304.3254 438.6509 -78.1855
v 1302.3234 438.5832 -81.2256
v 1304.9780 438.5832 -78.9446
v 1302.9742 438.5157 -81.9835
v 1305.6302 438.5157 -79.7041
v 1303.6243 438.4481 -82.7415
v 1306.2821 438.4481 -80.4642
v 1304.2734 438.3807 -83.4997
v 1306.9337 438.3807 -81.2253
v 1304.9209 438.3133 -84.2582
v 1307.5847 438.3133 -81.9878
v 1305.5667 438.2460 -85.0175
v 1308.2350 438.2460 -82.7517
v 1306.2104 438.1788 -85.7778
v 1308.8843 438.1788 -83.5173
v 1306.8513 438.1117 -86.5385
v 1309.5328 438.1117 -84.2855
v 1307.4881 438.0446 -87.3001
v 1310.1797 438.0446 -85.0573
v 1308.1206 437.9776 -88.0636
v 1310.8240 437.9776 -85.8331
v 1308.7482 437.9106 -88.8293
v 1311.4651 437.9106 -86.6133
v 1309.3700 437.8437 -89.5975
v 1312.1025 437.8437 -87.3987
v 1309.9854 437.7769 -90.3688
v 1312.7353 437.7769 -88.1898
v 1310.5937 437.7101 -91.1437
v 1313.3627 437.7101 -88.9871
v 1311.1947 437.6434 -91.9232
v 1313.9835 437.6434 -89.7907
v 1311.7885 437.5768 -92.7077
v 1314.5972 437.5768 -90.6000
v 1312.3749 437.5103 -93.4972
v 1315.2037 437.5103 -91.4154
v 1312.9537 437.4438 -94.2919
v 1315.8024 437.4438 -92.2369
v 1313.5253 437.3774 -95.0922
v 1316.3930 437.3774 -93.0638
v 1314.0895 437.3110 -95.8978
v 1316.9760 437.3110 -93.8960
v 1314.6463 437.2447 -96.7087
v 1317.5510 437.2447 -94.7336
v 1315.1958 437.1785 -97.5248
v 1318.1185 437.1785 -95.5762
v 1315.7376 437.1123 -98.3455
v 1318.6783 437.1123 -96.4243
v 1316.2716 437.0462 -99.1713
v 1319.2301 437.0462 -97.2776
v 1316.7979 436.9802 -100.0021
v 1319.7739 436.9802 -98.1360
v 1317.3163 436.9143 -100.8374
v 1320.3099 436.9143 -98.9998
v 1317.8264 436.8483 -101.6775
v 1320.8376 436.8483 -99.8689
v 1318.3284 436.7825 -102.5226
v 1321.3569 436.7825 -100.7429
v 1318.8225 436.7167 -103.3727
v 1321.8676 436.7167 -101.6216
v 1319.3090 436.6509 -104.2277
v 1322.3699 436.6509 -102.5047
v 1319.7880 436.5852 -105.0873
v 1322.8638 436.5852 -103.3920
v 1320.2598 436.5196 -105.9514
v 1323.3496 436.5196 -104.2834
v 1320.7244 436.4540 -106.8201
v 1323.8273 436.4540 -105.1786
v 1321.1825 436.3885 -107.6933
v 1324.2971 436.3885 -106.0768
v 1321.6344 436.3230 -108.5707
v 1324.7598 436.3230 -106.9778
v 1322.0801 436.2576 -109.4517
v 1325.2156 436.2576 -107.8818
v 1322.5198 436.1923 -110.3363
v 1325.6649 436.1923 -108.7885
v 1322.9539 436.1269 -111.2243
v 1326.1080 436.1269 -109.6978
v 1323.3823 436.0617 -112.1156
v 1326.5449 436.0617 -110.6094
v 1323.8054 435.9964 -113.0099
v 1326.9761 435.9964 -111.5232
v 1324.2233 435.9312 -113.9070
v 1327.4019 435.9312 -112.4393
v 1324.6359 435.8661 -114.8067
v 1327.8223 435.8661 -113.3577
v 1325.0434 435.8010 -115.7093
v 1328.2375 435.8010 -114.2780
v 1325.4462 435.7360 -116.6144
v 1328.6477 435.7360 -115.2000
v 1325.8443 435.6710 -117.5220
v 1329.0529 435.6710 -116.1239
v 1326.2379 435.6060 -118.4316
v 1329.4536 435.6060 -117.0497
v 1326.6270 435.5410 -119.3432
v 1329.8495 435.5410 -117.9775
v 1327.0114 435.4761 -120.2568
v 1330.2408 435.4761 -118.9072
v 1327.3913 435.4112 -121.1722
v 1330.6275 435.4112 -119.8390
v 1327.7663 435.3464 -122.0892
v 1331.0095 435.3464 -120.7731
v 1328.1362 435.2816 -123.0078
v 1331.3866 435.2816 -121.7096
v 1328.5008 435.2169 -123.9281
v 1331.7586 435.2169 -122.6486
v 1328.8599 435.1521 -124.8503
v 1332.1251 435.1521 -123.5899
v 1329.2134 435.0874 -125.7742
v 1332.4862 435.0874 -124.5338
v 1329.5609 435.0228 -126.7000
v 1332.8415 435.0228 -125.4802
v 1329.9027 434.9581 -127.6281
v 1333.1909 434.9581 -126.4288
v 1330.2386 434.8935 -128.5581
v 1333.5343 434.8935 -127.3797
v 1330.5686 434.8289 -129.4904
v 1333.8716 434.8289 -128.3326
v 1330.8930 434.7644 -130.4250
v 1334.2030 434.7644 -129.2873
v 1331.2117 434.6998 -131.3616
v 1334.5285 434.6998 -130.2439
v 1331.5250 434.6353 -132.3004
v 1334.8482 434.6353 -131.2022
v 1331.8329 434.5708 -133.2412
v 1335.1624 434.5708 -132.1620
v 1332.1354 434.5063 -134.1838
v 1335.4710 434.5063 -133.1236
v 1332.4327 434.4419 -135.1283
v 1335.7741 434.4419 -134.0867
v 1332.7249 434.3775 -136.0747
v 1336.0719 434.3775 -135.0512
v 1333.0119 434.3131 -137.0225
v 1336.3645 434.3131 -136.0174
v 1333.2937 434.2487 -137.9718
v 1336.6518 434.2487 -136.9854
v 1333.5700 434.1843 -138.9223
v 1336.9337 434.1843 -137.9552
v 1333.8407 434.1199 -139.8744
v 1337.2100 434.1199 -138.9267
v 1334.1058 434.0555 -140.8282
v 1337.4808 434.0555 -139.8996
v 1334.3650 433.9912 -141.7835
v 1337.7466 433.9912 -140.8740
v 1334.6180 433.9268 -142.7403
v 1338.0074 433.9268 -141.8500
v 1334.8648 433.8625 -143.6987
v 1338.2630 433.8625 -142.8273
v 1335.1053 433.7981 -144.6585
v 1338.5136 433.7981 -143.8061
v 1335.3392 433.7338 -145.6198
v 1338.7590 433.7338 -144.7864
v 1335.5664 433.6695 -146.5824
v 1338.9994 433.6695 -145.7682
v 1335.7868 433.6051 -147.5466
v 1339.2345 433.6051 -146.7513
v 1336.0005 433.5408 -148.5122
v 1339.4643 433.5408 -147.7357
v 1336.2072 433.4764 -149.4792
v 1339.6889 433.4764 -148.7215
v 1336.4071 433.4120 -150.4476
v 1339.9082 433.4120 -149.7084
v 1336.6003 433.3477 -151.4172
v 1340.1222 433.3477 -150.6968
v 1336.7863 433.2833 -152.3876
v 1340.3306 433.2833 -151.6870
v 1336.9649 433.2190 -153.3583
v 1340.5331 433.2190 -152.6794
v 1337.1354 433.1546 -154.3287
v 1340.7291 433.1546 -153.6749
v 1337.2966 433.0902 -155.2985
v 1340.9172 433.0902 -154.6740
v 1337.4479 433.0258 -156.2679
v 1341.0964 433.0258 -155.6766
v 1337.5882 432.9614 -157.2366
v 1341.2654 432.9614 -156.6834
v 1337.7164 432.8970 -158.2043
v 1341.4228 432.8970 -157.6944
v 1337.8314 432.8326 -159.1713
v 1341.5672 432.8326 -158.7098
v 1337.9322 432.7683 -160.1371
v 1341.6972 432.7683 -159.7297
v 1338.0174 432.7039 -161.1013
v 1341.8112 432.7039 -160.7545
v 1338.0858 432.6394 -162.0634
v 1341.9075 432.6394 -161.7842
v 1338.1356 432.5750 -163.0229
v 1341.9842 432.5750 -162.8191
v 1338.1654 432.5106 -163.9797
v 1342.0393 432.5106 -163.8584
v 1338.1740 432.4461 -164.9337
v 1342.0709 432.4461 -164.9017
v 1338.1604 432.3817 -165.8846
v 1342.0771 432.3817 -165.9483
v 1338.1235 432.3172 -166.8321
v 1342.0564 432.3172 -166.9972
v 1338.0624 432.2527 -167.7760
v 1342.0076 432.2527 -168.0472
v 1337.9762 432.1882 -168.7169
v 1341.9297 432.1882 -169.0965
v 1337.8651 432.1237 -169.6554
v 1341.8232 432.1237 -170.1430
v 1337.7292 432.0591 -170.5911
v 1341.6885 432.0591 -171.1858
v 1337.5689 431.9945 -171.5239
v 1341.5261 431.9945 -172.2238
v 1337.3847 431.9299 -172.4539
v 1341.3373 431.9299 -173.2561
v 1337.1774 431.8653 -173.3809
v 1341.1231 431.8653 -174.2818
v 1336.9476 431.8006 -174.3051
v 1340.8851 431.8006 -175.2999
v 1336.6969 431.7359 -175.2256
v 1340.6249 431.7359 -176.3110
v 1336.4259 431.6712 -176.1409
v 1340.3425 431.6712 -177.3156
v 1336.1349 431.6065 -177.0509
v 1340.0390 431.6065 -178.3133
v 1335.8246 431.5417 -177.9543
v 1339.7143 431.5417 -179.3045
v 1335.4948 431.4769 -178.8507
v 1339.3687 431.4769 -180.2886
v 1335.1460 431.4121 -179.7398
v 1339.0024 431.4121 -181.2653
v 1334.7787 431.3472 -180.6199
v 1338.6150 431.3472 -182.2351
v 1334.3923 431.2824 -181.4902
v 1338.2057 431.2824 -183.1976
v 1333.9870 431.2174 -182.3494
v 1337.7739 431.2174 -184.1524
v 1333.5622 431.1525 -183.1965
v 1337.3183 431.1525 -185.0983
v 1333.1175 431.0875 -184.0314
v 1336.8390 431.0875 -186.0342
v 1332.6536 431.0225 -184.8513
v 1336.3340 431.0225 -186.9606
v 1332.1697 430.9575 -185.6544
v 1335.8011 430.9575 -187.8760
v 1331.6648 430.8924 -186.4399
v 1335.2393 430.8924 -188.7778
v 1331.1381 430.8273 -187.2072
v 1334.6477 430.8273 -189.6637
v 1330.5903 430.7622 -187.9545
v 1334.0253 430.7622 -190.5326
v 1330.0210 430.6970 -188.6795
v 1333.3699 430.6970 -191.3822
v 1329.4289 430.6318 -189.3823
v 1332.6818 430.6318 -192.2086
v 1328.8130 430.5665 -190.0637
v 1331.9624 430.5665 -193.0085
v 1328.1749 430.5012 -190.7226
v 1331.2122 430.5012 -193.7812
v 1327.5151 430.4359 -191.3575
v 1330.4308 430.4359 -194.5246
v 1326.8334 430.3706 -191.9686
v 1329.6200 430.3706 -195.2360
v 1326.1302 430.3051 -192.5558
v 1328.7816 430.3051 -195.9139
v 1325.4061 430.2396 -193.1191
v 1327.9175 430.2396 -196.5566
v 1324.6625 430.1741 -193.6584
v 1327.0295 430.1741 -197.1637
v 1323.8989 430.1084 -194.1718
v 1326.1199 430.1084 -197.7355
v 1323.1149 430.0428 -194.6596
v 1325.1923 430.0428 -198.2720
v 1322.3114 429.9770 -195.1224
v 1324.2493 429.9770 -198.7736
v 1321.4904 429.9112 -195.5604
v 1323.2923 429.9112 -199.2419
v 1320.6520 429.8454 -195.9734
v 1322.3238 429.8454 -199.6772
v 1319.7960 429.7794 -196.3611
v 1321.3480 429.7794 -200.0835
v 1318.9240 429.7134 -196.7243
v 1320.3663 429.7134 -200.4629
v 1318.0376 429.6473 -197.0643
v 1319.3801 429.6473 -200.8178
v 1317.1375 429.5812 -197.3826
v 1318.3912 429.5812 -201.1500
v 1316.2247 429.5149 -197.6815
v 1317.4014 429.5149 -201.4624
v 1315.2998 429.4486 -197.9629
v 1316.4125 429.4486 -201.7575
v 1314.3635 429.3822 -198.2301
v 1315.4261 429.3822 -202.0388
v 1313.4170 429.3157 -198.4855
v 1314.4436 429.3157 -202.3095
v 1312.4609 429.2492 -198.7326
v 1313.4663 429.2492 -202.5732
v 1311.4964 429.1826 -198.9743
v 1312.4950 429.1826 -202.8336
v 1310.5239 429.1159 -199.2139
v 1311.5310 429.1159 -203.0939
v 1309.5431 429.0491 -199.4552
v 1310.5767 429.0491 -203.3575
v 1308.5546 428.9822 -199.7042
v 1309.6341 428.9822 -203.6275
v 1307.5589 428.9153 -199.9662
v 1308.7055 428.9153 -203.9072
v 1306.5582 428.8484 -200.2469
v 1307.7924 428.8484 -204.2015
v 1305.5539 428.7814 -200.5502
v 1306.8964 428.7814 -204.5136
v 1304.5478 428.7144 -200.8820
v 1306.0205 428.7144 -204.8475
v 1303.5421 428.6473 -201.2468
v 1305.1670 428.6473 -205.2064
v 1302.5419 428.5802 -201.6494
v 1304.3367 428.5802 -205.5942
v 1301.5508 428.5130 -202.0912
v 1303.5300 428.5130 -206.0127
v 1300.5735 428.4458 -202.5766
v 1302.7481 428.4458 -206.4622
v 1299.6132 428.3786 -203.1070
v 1301.9920 428.3786 -206.9421
v 1298.6745 428.3113 -203.6840
v 1301.2636 428.3113 -207.4535
v 1297.7602 428.2441 -204.3071
v 1300.5639 428.2441 -207.9956
v 1296.8750 428.1768 -204.9773
v 1299.8951 428.1768 -208.5684
v 1296.0221 428.1096 -205.6955
v 1299.2575 428.1096 -209.1677
v 1295.2056 428.0424 -206.4638
v 1298.6551 428.0424 -209.7928
v 1294.4298 427.9752 -207.2806
v 1298.0895 427.9752 -210.4426
v 1293.6996 427.9080 -208.1464
v 1297.5639 427.9080 -211.1162
v 1293.0186 427.8408 -209.0609
v 1297.0815 427.8408 -211.8103
v 1292.3940 427.7737 -210.0238
v 1296.6463 427.7737 -212.5239
v 1291.8304 427.7067 -211.0340
v 1296.2610 427.7067 -213.2534
v 1291.3370 427.6397 -212.0900
v 1295.9302 427.6397 -213.9970
v 1290.9200 427.5727 -213.1871
v 1295.6553 427.5727 -214.7520
v 1290.5879 427.5058 -214.3214
v 1295.4401 427.5058 -215.5150
v 1290.3471 427.4390 -215.4860
v 1295.2859 427.4390 -216.2831
v 1290.2051 427.3722 -216.6727
v 1295.1951 427.3722 -217.0534
v 1290.1645 427.3056 -217.8711
v 1295.1690 427.3056 -217.8230
v 1290.2282 427.2390 -219.0703
v 1295.2098 427.2390 -218.5899
v 1290.3948 427.1725 -220.2590
v 1295.3164 427.1725 -219.3508
v 1290.6627 427.1060 -221.4254
v 1295.4894 427.1060 -220.1042
v 1291.0257 427.0396 -222.5613
v 1295.7251 427.0396 -220.8466
v 1291.4818 426.9732 -223.6590
v 1296.0214 426.9732 -221.5736
v 1292.0220 426.9070 -224.7098
v 1296.3762 426.9070 -222.2840
v 1292.6399 426.8407 -225.7104
v 1296.7859 426.8407 -222.9727
v 1293.3287 426.7746 -226.6561
v 1297.2477 426.7746 -223.6363
v 1294.0815 426.7084 -227.5441
v 1297.7585 426.7084 -224.2720
v 1294.8917 426.6423 -228.3714
v 1298.3153 426.6423 -224.8771
v 1295.7516 426.5762 -229.1357
v 1298.9169 426.5762 -225.4514
v 1296.6540 426.5102 -229.8376
v 1299.5593 426.5102 -225.9938
v 1297.5953 426.4442 -230.4783
v 1300.2378 426.4442 -226.5009
v 1298.5687 426.3783 -231.0559
v 1300.9513 426.3783 -226.9723
v 1299.5658 426.3123 -231.5717
v 1301.6985 426.3123 -227.4094
v 1300.5804 426.2464 -232.0280
v 1302.4774 426.2464 -227.8128
v 1301.6078 426.1805 -232.4298
v 1303.2840 426.1805 -228.1837
v 1302.6460 426.1145 -232.7806
v 1304.1147 426.1145 -228.5219
v 1303.6903 426.0486 -233.0847
v 1304.9683 426.0486 -228.8278
v 1304.7376 425.9827 -233.3461
v 1305.8426 425.9827 -229.1031
v 1305.7860 425.9167 -233.5686
v 1306.7338 425.9167 -229.3494
v 1306.8340 425.8507 -233.7556
v 1307.6402 425.8507 -229.5683
v 1307.8802 425.7847 -233.9109
v 1308.5597 425.7847 -229.7619
v 1308.9234 425.7187 -234.0371
v 1309.4913 425.7187 -229.9321
v 1309.9616 425.6527 -234.1383
v 1310.4351 425.6527 -230.0818
v 1310.9937 425.5866 -234.2184
v 1311.3903 425.5866 -230.2141
v 1312.0179 425.5206 -234.2818
v 1312.3571 425.5206 -230.3324
v 1313.0345 425.4545 -234.3335
v 1313.3338 425.4545 -230.4412
v 1314.0457 425.3884 -234.3784
v 1314.3171 425.3884 -230.5424
v 1315.0527 425.3223 -234.4203
v 1315.3055 425.3223 -230.6367
v 1316.0569 425.2562 -234.4615
v 1316.2970 425.2562 -230.7260
v 1317.0601 425.1901 -234.5026
v 1317.2898 425.1901 -230.8108
v 1318.0625 425.1239 -234.5444
v 1318.2836 425.1239 -230.8916
v 1319.0646 425.0577 -234.5868
v 1319.2780 425.0577 -230.9684
v 1320.0663 424.9914 -234.6301
v 1320.2728 424.9914 -231.0414
v 1321.0676 424.9252 -234.6742
v 1321.2683 424.9252 -231.1108
v 1322.0687 424.8589 -234.7194
v 1322.2641 424.8589 -231.1770
v 1323.0687 424.7926 -234.7654
v 1323.2611 424.7926 -231.2399
v 1324.0670 424.7263 -234.8135
v 1324.2598 424.7263 -231.3010
v 1325.0647 424.6599 -234.8639
v 1325.2591 424.6599 -231.3607
v 1326.0621 424.5935 -234.9166
v 1326.2585 424.5935 -231.4194
v 1327.0594 424.5270 -234.9716
v 1327.2581 424.5270 -231.4773
v 1328.0567 424.4606 -235.0287
v 1328.2575 424.4606 -231.5344
v 1329.0541 424.3941 -235.0863
v 1329.2568 424.3941 -231.5921
v 1330.0527 424.3276 -235.1445
v 1330.2548 424.3276 -231.6503
v 1331.0530 424.2611 -235.2019
v 1331.2512 424.2611 -231.7075
v 1332.0543 424.1945 -235.2580
v 1332.2467 424.1945 -231.7633
v 1333.0570 424.1279 -235.3122
v 1333.2411 424.1279 -231.8170
v 1334.0600 424.0613 -235.3636
v 1334.2354 424.0613 -231.8680
v 1335.0630 423.9947 -235.4129
v 1335.2299 423.9947 -231.9169
v 1336.0669 423.9280 -235.4594
v 1336.2239 423.9280 -231.9630
v 1337.0710 423.8613 -235.5031
v 1337.2178 423.8613 -232.0062
v 1338.0754 423.7946 -235.5438
v 1338.2118 423.7946 -232.0464
v 1339.0796 423.7279 -235.5814
v 1339.2061 423.7279 -232.0837
v 1340.0834 423.6611 -235.6164
v 1340.2011 423.6611 -232.1183
v 1341.0876 423.5944 -235.6490
v 1341.1959 423.5944 -232.1506
v 1342.0922 423.5276 -235.6786
v 1342.1903 423.5276 -232.1799
v 1343.0967 423.4607 -235.7053
v 1343.1850 423.4607 -232.2064
v 1344.1012 423.3939 -235.7292
v 1344.1799 423.3939 -232.2301
v 1345.1060 423.3270 -235.7505
v 1345.1747 423.3270 -232.2512
v 1346.1115 423.2601 -235.7687
v 1346.1688 423.2601 -232.2692
v 1347.1181 423.1931 -235.7834
v 1347.1619 423.1931 -232.2837
v 1348.1258 423.1261 -235.7939
v 1348.1541 423.1261 -232.2940
v 1349.1342 423.0591 -235.7997
v 1349.1455 423.0591 -232.2997
v 1350.1430 422.9920 -235.8004
v 1350.1366 422.9920 -232.3004
v 1351.1516 422.9250 -235.7960
v 1351.1279 422.9250 -232.2961
v 1352.1599 422.8579 -235.7867
v 1352.1193 422.8579 -232.2870
v 1353.1678 422.7907 -235.7727
v 1353.1112 422.7907 -232.2731
v 1354.1746 422.7236 -235.7541
v 1354.1040 422.7236 -232.2549
v 1355.1800 422.6564 -235.7321
v 1355.0981 422.6564 -232.2330
v 1356.1841 422.5892 -235.7071
v 1356.0933 422.5892 -232.2083
v 1357.1876 422.5219 -235.6800
v 1357.0890 422.5219 -232.1814
v 1358.1911 422.4547 -235.6506
v 1358.0847 422.4547 -232.1522
v 1359.1942 422.3874 -235.6190
v 1359.0806 422.3874 -232.1208
v 1360.1970 422.3201 -235.5854
v 1360.0767 422.3201 -232.0875
v 1361.2000 422.2527 -235.5500
v 1361.0724 422.2527 -232.0523
v 1362.2032 422.1853 -235.5122
v 1362.0677 422.1853 -232.0149
v 1363.2067 422.1178 -235.4722
v 1363.0626 422.1178 -231.9752
v 1364.2106 422.0503 -235.4295
v 1364.0569 422.0503 -231.9329
v 1365.2145 421.9828 -235.3840
v 1365.0509 421.9828 -231.8878
v 1366.2184 421.9153 -235.3356
v 1366.0446 421.9153 -231.8399
v 1367.2220 421.8477 -235.2842
v 1367.0384 421.8477 -231.7890
v 1368.2251 421.7801 -235.2301
v 1368.0323 421.7801 -231.7355
v 1369.2282 421.7125 -235.1735
v 1369.0260 421.7125 -231.6793
v 1370.2311 421.6448 -235.1140
v 1370.0196 421.6448 -231.6204
v 1371.2331 421.5771 -235.0522
v 1371.0138 421.5771 -231.5590
v 1372.2345 421.5094 -234.9883
v 1372.0083 421.5094 -231.4956
v 1373.2358 421.4416 -234.9224
v 1373.0027 421.4416 -231.4302
v 1374.2370 421.3738 -234.8546
v 1373.9969 421.3738 -231.3628
v 1375.2382 421.3060 -234.7847
v 1374.9908 421.3060 -231.2935
v 1376.2394 421.2381 -234.7127
v 1375.9845 421.2381 -231.2220
v 1377.2408 421.1702 -234.6385
v 1376.9775 421.1702 -231.1484
v 1378.2428 421.1023 -234.5616
v 1377.9696 421.1023 -231.0722
v 1379.2453 421.0342 -234.4816
v 1378.9607 421.0342 -230.9931
v 1380.2482 420.9662 -234.3980
v 1379.9508 420.9662 -230.9106
v 1381.2515 420.8981 -234.3105
v 1380.9400 420.8981 -230.8244
v 1382.2549 420.8300 -234.2187
v 1381.9282 420.8300 -230.7340
v 1383.2584 420.7618 -234.1223
v 1382.9154 420.7618 -230.6391
v 1384.2619 420.6936 -234.0210
v 1383.9016 420.6936 -230.5396
v 1385.2655 420.6254 -233.9146
v 1384.8868 420.6254 -230.4351
v 1386.2687 420.5571 -233.8026
v 1385.8711 420.5571 -230.3252
v 1387.2711 420.4888 -233.6852
v 1386.8550 420.4888 -230.2100
v 1388.2728 420.4204 -233.5626
v 1387.8384 420.4204 -230.0897
v 1389.2739 420.3520 -233.4348
v 1388.8211 420.3520 -229.9642
v 1390.2744 420.2836 -233.3015
v 1389.8030 420.2836 -229.8334
v 1391.2740 420.2151 -233.1629
v 1390.7843 420.2151 -229.6973
v 1392.2726 420.1466 -233.0191
v 1391.7652 420.1466 -229.5561
v 1393.2705 420.0780 -232.8704
v 1392.7453 420.0780 -229.4100
v 1394.2679 420.0093 -232.7163
v 1393.7244 420.0093 -229.2588
v 1395.2644 419.9407 -232.5570
v 1394.7026 419.9407 -229.1023
v 1396.2603 419.8719 -232.3923
v 1395.6799 419.8719 -228.9407
v 1397.2552 419.8032 -232.2222
v 1396.6562 419.8032 -228.7738
v 1398.2492 419.7343 -232.0468
v 1397.6317 419.7343 -228.6017
v 1399.2423 419.6654 -231.8660
v 1398.6061 419.6654 -228.4243
v 1400.2343 419.5965 -231.6799
v 1399.5797 419.5965 -228.2416
v 1401.2253 419.5276 -231.4885
v 1400.5522 419.5276 -228.0538
v 1402.2155 419.4586 -231.2916
v 1401.5235 419.4586 -227.8607
v 1403.2045 419.3895 -231.0893
v 1402.4938 419.3895 -227.6622
v 1404.1922 419.3204 -230.8817
v 1403.4632 419.3204 -227.4585
v 1405.1788 419.2513 -230.6689
v 1404.4315 419.2513 -227.2495
v 1406.1641 419.1821 -230.4508
v 1405.3989 419.1821 -227.0354
v 1407.1482 419.1129 -230.2277
v 1406.3652 419.1129 -226.8164
v 1408.1313 419.0436 -229.9992
v 1407.3301 419.0436 -226.5922
v 1409.1133 418.9742 -229.7655
v 1408.2936 418.9742 -226.3628
v 1410.0939 418.9048 -229.5265
v 1409.2560 418.9048 -226.1283
v 1411.0734 418.8354 -229.2822
v 1410.2170 418.8354 -225.8886
v 1412.0516 418.7660 -229.0325
v 1411.1764 418.7660 -225.6436
v 1413.0287 418.6964 -228.7772
v 1412.1343 418.6964 -225.3934
v 1414.0043 418.6269 -228.5163
v 1413.0907 418.6269 -225.1376
v 1414.9780 418.5572 -228.2501
v 1414.0461 418.5572 -224.8765
v 1415.9497 418.4876 -227.9789
v 1415.0006 418.4876 -224.6101
v 1416.9196 418.4179 -227.7031
v 1415.9543 418.4179 -224.3388
v 1417.8877 418.3481 -227.4229
v 1416.9073 418.3481 -224.0630
v 1418.8541 418.2783 -227.1386
v 1417.8595 418.2783 -223.7829
v 1419.8187 418.2084 -226.8506
v 1418.8112 418.2084 -223.4987
v 1420.7819 418.1384 -226.5591
v 1419.7623 418.1384 -223.2109
v 1421.7436 418.0684 -226.2644
v 1420.7128 418.0684 -222.9197
v 1422.7041 417.9984 -225.9667
v 1421.6626 417.9984 -222.6253
v 1423.6633 417.9283 -225.6661
v 1422.6118 417.9283 -222.3278
v 1424.6214 417.8581 -225.3627
v 1423.5604 417.8581 -222.0275
v 1425.5786 417.7879 -225.0568
v 1424.5082 417.7879 -221.7245
v 1426.5350 417.7176 -224.7480
v 1425.4550 417.7176 -221.4188
v 1427.4905 417.6473 -224.4365
v 1426.4010 417.6473 -221.1105
v 1428.4452 417.5769 -224.1223
v 1427.3460 417.5769 -220.7994
v 1429.3994 417.5064 -223.8051
v 1428.2897 417.5064 -220.4857
v 1430.3531 417.4359 -223.4845
v 1429.2317 417.4359 -220.1690
v 1431.3059 417.3653 -223.1603
v 1430.1722 417.3653 -219.8490
v 1432.2577 417.2946 -222.8324
v 1431.1113 417.2946 -219.5254
v 1433.2081 417.2239 -222.5008
v 1432.0492 417.2239 -219.1982
v 1434.1569 417.1532 -222.1659
v 1432.9863 417.1532 -218.8675
v 1435.1045 417.0823 -221.8278
v 1433.9223 417.0823 -218.5335
v 1436.0505 417.0114 -221.4864
v 1434.8575 417.0114 -218.1960
v 1436.9947 416.9405 -221.1425
v 1435.7925 416.9405 -217.8554
v 1437.9375 416.8695 -220.7963
v 1436.7271 416.8695 -217.5122
v 1438.8790 416.7984 -220.4480
v 1437.6614 416.7984 -217.1666
v 1439.8197 416.7273 -220.0979
v 1438.5951 416.7273 -216.8191
v 1440.7598 416.6561 -219.7456
v 1439.5277 416.6561 -216.4696
v 1441.6994 416.5848 -219.3913
v 1440.4592 416.5848 -216.1176
v 1442.6385 416.5134 -219.0350
v 1441.3895 416.5134 -215.7631
v 1443.5771 416.4420 -218.6766
v 1442.3185 416.4420 -215.4058
v 1444.5151 416.3706 -218.3158
v 1443.2460 416.3706 -215.0457
v 1445.4526 416.2991 -217.9524
v 1444.1718 416.2991 -214.6828
v 1446.3893 416.2275 -217.5860
v 1445.0961 416.2275 -214.3166
v 1447.3252 416.1559 -217.2166
v 1446.0188 416.1559 -213.9473
v 1448.2607 416.0842 -216.8435
v 1446.9390 416.0842 -213.5748
v 1449.1959 416.0125 -216.4660
v 1447.8563 416.0125 -213.1986
v 1450.1306 415.9406 -216.0829
v 1448.7699 415.9406 -212.8182
v 1451.0648 415.8688 -215.6931
v 1449.6792 415.8688 -212.4329
v 1451.9978 415.7969 -215.2953
v 1450.5836 415.7969 -212.0414
v 1452.9287 415.7249 -214.8889
v 1451.4832 415.7249 -211.6430
v 1453.8571 415.6528 -214.4728
v 1452.3775 415.6528 -211.2369
v 1454.7823 415.5808 -214.0466
v 1453.2664 415.5808 -210.8223
v 1455.7035 415.5087 -213.6097
v 1454.1500 415.5087 -210.3986
v 1456.6208 415.4365 -213.1616
v 1455.0276 415.4365 -209.9657
v 1457.5331 415.3642 -212.7016
v 1455.8991 415.3642 -209.5227
v 1458.4398 415.2919 -212.2300
v 1456.7649 415.2919 -209.0694
v 1459.3409 415.2196 -211.7463
v 1457.6244 415.2196 -208.6056
v 1460.2356 415.1472 -211.2506
v 1458.4777 415.1472 -208.1312
v 1461.1242 415.0748 -210.7428
v 1459.3245 415.0748 -207.6461
v 1462.0060 415.0023 -210.2226
v 1460.1644 415.0023 -207.1501
v 1462.8798 414.9298 -209.6909
v 1460.9985 414.9298 -206.6425
v 1463.7465 414.8572 -209.1484
v 1461.8265 414.8572 -206.1243
v 1464.6056 414.7845 -208.5948
v 1462.6484 414.7845 -205.5954
v 1465.4570 414.7118 -208.0309
v 1463.4648 414.7118 -205.0566
v 1466.3012 414.6390 -207.4567
v 1464.2750 414.6390 -204.5082
v 1467.1378 414.5662 -206.8725
v 1465.0796 414.5662 -203.9502
v 1467.9670 414.4933 -206.2792
v 1465.8786 414.4933 -203.3830
v 1468.7891 414.4204 -205.6767
v 1466.6718 414.4204 -202.8071
v 1469.6037 414.3473 -205.0659
v 1467.4598 414.3473 -202.2221
v 1470.4115 414.2742 -204.4477
v 1468.2428 414.2742 -201.6288
v 1471.2128 414.2010 -203.8222
v 1469.0204 414.2010 -201.0272
v 1472.0079 414.1277 -203.1905
v 1469.7931 414.1277 -200.4178
v 1472.7969 414.0544 -202.5530
v 1470.5611 414.0544 -199.8004
v 1473.5804 413.9809 -201.9108
v 1471.3250 413.9809 -199.1758
v 1474.3590 413.9074 -201.2642
v 1472.0847 413.9074 -198.5447
v 1475.1333 413.8338 -200.6135
v 1472.8403 413.8338 -197.9073
v 1475.9037 413.7602 -199.9589
v 1473.5915 413.7602 -197.2643
v 1476.6706 413.6865 -199.3005
v 1474.3383 413.6865 -196.6157
v 1477.4340 413.6128 -198.6386
v 1475.0807 413.6128 -195.9616
v 1478.1946 413.5389 -197.9728
v 1475.8183 413.5389 -195.3027
v 1478.9526 413.4650 -197.3023
v 1476.5500 413.4650 -194.6390
v 1479.7073 413.3910 -196.6266
v 1477.2754 413.3910 -193.9698
v 1480.4585 413.3169 -195.9457
v 1477.9943 413.3169 -193.2951
v 1481.2058 413.2427 -195.2589
v 1478.7061 413.2427 -192.6145
v 1481.9490 413.1685 -194.5657
v 1479.4101 413.1685 -191.9278
v 1482.6877 413.0942 -193.8651
v 1480.1056 413.0942 -191.2349
v 1483.4209 413.0199 -193.1565
v 1480.7920 413.0199 -190.5354
v 1484.1478 412.9455 -192.4395
v 1481.4690 412.9455 -189.8287
v 1484.8683 412.8711 -191.7131
v 1482.1355 412.8711 -189.1150
v 1485.5815 412.7966 -190.9762
v 1482.7904 412.7966 -188.3941
v 1486.2869 412.7221 -190.2274
v 1483.4321 412.7221 -187.6659
v 1486.9824 412.6475 -189.4652
v 1484.0593 412.6475 -186.9295
v 1487.6669 412.5729 -188.6894
v 1484.6714 412.5729 -186.1844
v 1488.3387 412.4982 -187.8987
v 1485.2670 412.4982 -185.4301
v 1488.9961 412.4235 -187.0924
v 1485.8456 412.4235 -184.6663
v 1489.6376 412.3488 -186.2696
v 1486.4061 412.3488 -183.8932
v 1490.2613 412.2741 -185.4292
v 1486.9474 412.2741 -183.1107
v 1490.8649 412.1993 -184.5713
v 1487.4690 412.1993 -182.3180
v 1491.4470 412.1245 -183.6957
v 1487.9703 412.1245 -181.5158
v 1492.0054 412.0496 -182.8017
v 1488.4500 412.0496 -180.7040
v 1492.5388 411.9747 -181.8890
v 1488.9076 411.9747 -179.8833
v 1493.0444 411.8998 -180.9570
v 1489.3415 411.8998 -179.0539
v 1493.5202 411.8249 -180.0056
v 1489.7509 411.8249 -178.2163
v 1493.9635 411.7500 -179.0341
v 1490.1339 411.7500 -177.3715
v 1494.3703 411.6751 -178.0441
v 1490.4897 411.6751 -176.5182
v 1494.7387 411.6000 -177.0376
v 1490.8183 411.6000 -175.6561
v 1495.0691 411.5250 -176.0153
v 1491.1161 411.5250 -174.7858
v 1495.3599 411.4499 -174.9800
v 1491.3813 411.4499 -173.9064
v 1495.6101 411.3748 -173.9346
v 1491.6139 411.3748 -173.0172
v 1495.8217 411.2998 -172.8826
v 1491.8116 411.2998 -172.1174
v 1495.9979 411.2246 -171.8268
v 1491.9736 411.2246 -171.2075
v 1496.1398 411.1495 -170.7681
v 1492.1002 411.1495 -170.2896
v 1496.2487 411.0744 -169.7078
v 1492.1921 411.0744 -169.3646
v 1496.3259 410.9992 -168.6483
v 1492.2505 410.9992 -168.4328
v 1496.3739 410.9241 -167.5923
v 1492.2776 410.9241 -167.4939
v 1496.3962 410.8489 -166.5409
v 1492.2761 410.8489 -166.5484
v 1496.3944 410.7737 -165.4945
v 1492.2498 410.7737 -165.5973
v 1496.3699 410.6985 -164.4560
v 1492.2034 410.6985 -164.6387
v 1496.3284 410.6233 -163.4279
v 1492.1407 410.6233 -163.6706
v 1496.2757 410.5482 -162.4119
v 1492.0663 410.5482 -162.6911
v 1496.2187 410.4732 -161.4097
v 1491.9857 410.4732 -161.6982
v 1496.1645 410.3982 -160.4216
v 1491.9055 410.3982 -160.6911
v 1496.1199 410.3234 -159.4486
v 1491.8319 410.3234 -159.6684
v 1496.0924 410.2486 -158.4926
v 1491.7730 410.2486 -158.6282
v 1496.0891 410.1740 -157.5543
v 1491.7374 410.1740 -157.5703
v 1496.1168 410.0997 -156.6331
v 1491.7340 410.0997 -156.4969
v 1496.1803 410.0255 -155.7312
v 1491.7701 410.0255 -155.4088
v 1496.2854 409.9515 -154.8525
v 1491.8556 409.9515 -154.3068
v 1496.4370 409.8776 -153.9986
v 1491.9993 409.8776 -153.1960
v 1496.6382 409.8040 -153.1733
v 1492.2090 409.8040 -152.0808
v 1496.8923 409.7306 -152.3796
v 1492.4926 409.7306 -150.9691
v 1497.1983 409.6575 -151.6180
v 1492.8561 409.6575 -149.8705
v 1497.5557 409.5846 -150.8905
v 1493.3035 409.5846 -148.7943
v 1497.9647 409.5120 -150.1984
v 1493.8350 409.5120 -147.7498
v 1498.4232 409.4397 -149.5398
v 1494.4490 409.4397 -146.7499
v 1498.9278 409.3676 -148.9143
v 1495.1406 409.3676 -145.8023
v 1499.4774 409.2958 -148.3227
v 1495.9035 409.2958 -144.9141
v 1500.0684 409.2242 -147.7662
v 1496.7291 409.2242 -144.0890
v 1500.6973 409.1529 -147.2477
v 1497.6124 409.1529 -143.3295
v 1501.3613 409.0819 -146.7686
v 1498.5463 409.0819 -142.6380
v 1502.0596 409.0112 -146.3293
v 1499.5226 409.0112 -142.0177
v 1502.7868 408.9408 -145.9324
v 1500.5356 408.9408 -141.4649
v 1503.5393 408.8706 -145.5837
v 1501.5825 408.8706 -140.9797
v 1504.3142 408.8006 -145.2833
v 1502.6571 408.8006 -140.5632
v 1505.1075 408.7309 -145.0332
v 1503.7554 408.7309 -140.2168
v 1505.9160 408.6614 -144.8337
v 1504.8725 408.6614 -139.9412
v 1506.7358 408.5920 -144.6859
v 1506.0043 408.5920 -139.7372
v 1507.5613 408.5229 -144.5904
v 1507.1486 408.5229 -139.6048
v 1508.3895 408.4540 -144.5490
v 1508.3011 408.4540 -139.5471
v 1509.2181 408.3854 -144.5611
v 1509.4553 408.3854 -139.5641
v 1510.0423 408.3169 -144.6273
v 1510.6073 408.3169 -139.6566
v 1510.8577 408.2487 -144.7474
v 1511.7525 408.2487 -139.8253
v 1511.6609 408.1806 -144.9215
v 1512.8854 408.1806 -140.0708
v 1512.4467 408.1127 -145.1484
v 1514.0025 408.1127 -140.3933
v 1513.2113 408.0451 -145.4287
v 1515.0967 408.0451 -140.7944
v 1513.9532 407.9776 -145.7612
v 1516.1610 407.9776 -141.2716
v 1514.6692 407.9103 -146.1434
v 1517.1887 407.9103 -141.8254
v 1515.3585 407.8433 -146.5738
v 1518.1721 407.8433 -142.4524
v 1516.0178 407.7765 -147.0501
v 1519.1071 407.7765 -143.1490
v 1516.6428 407.7098 -147.5695
v 1519.9892 407.7098 -143.9128
v 1517.2318 407.6434 -148.1313
v 1520.8120 407.6434 -144.7390
v 1517.7824 407.5772 -148.7329
v 1521.5710 407.5772 -145.6215
v 1518.2931 407.5111 -149.3733
v 1522.2617 407.5111 -146.5545
v 1518.7635 407.4452 -150.0509
v 1522.8814 407.4452 -147.5295
v 1519.1930 407.3795 -150.7646
v 1523.4289 407.3795 -148.5393
v 1519.5818 407.3140 -151.5120
v 1523.9058 407.3140 -149.5766
v 1519.9295 407.2486 -152.2909
v 1524.3132 407.2486 -150.6342
v 1520.2378 407.1835 -153.1008
v 1524.6539 407.1835 -151.7032
v 1520.5082 407.1184 -153.9371
v 1524.9342 407.1184 -152.7789
v 1520.7409 407.0535 -154.7959
v 1525.1582 407.0535 -153.8581
v 1520.9379 406.9888 -155.6760
v 1525.3315 406.9888 -154.9355
v 1521.1012 406.9241 -156.5745
v 1525.4601 406.9241 -156.0090
v 1521.2336 406.8596 -157.4907
v 1525.5489 406.8596 -157.0759
v 1521.3389 406.7953 -158.4215
v 1525.6043 406.7953 -158.1352
v 1521.4194 406.7311 -159.3645
v 1525.6306 406.7311 -159.1868
v 1521.4789 406.6670 -160.3192
v 1525.6328 406.6670 -160.2296
v 1521.5207 406.6029 -161.2829
v 1525.6155 406.6029 -161.2646
v 1521.5475 406.5390 -162.2534
v 1525.5820 406.5390 -162.2933
v 1521.5615 406.4753 -163.2288
v 1525.5352 406.4753 -163.3169
v 1521.5641 406.4117 -164.2085
v 1525.4767 406.4117 -164.3360
v 1521.5574 406.3483 -165.1928
v 1525.4089 406.3483 -165.3500
v 1521.5417 406.2850 -166.1803
v 1525.3360 406.2850 -166.3603
v 1521.5148 406.2219 -167.1704
v 1525.2620 406.2219 -167.3676
v 1521.4781 406.1590 -168.1633
v 1525.1895 406.1590 -168.3717
v 1521.4332 406.0963 -169.1571
v 1525.1192 406.0963 -169.3745
v 1521.3808 406.0337 -170.1511
v 1525.0513 406.0337 -170.3769
v 1521.3213 405.9714 -171.1448
v 1524.9856 405.9714 -171.3792
v 1521.2553 405.9093 -172.1381
v 1524.9215 405.9093 -172.3817
v 1521.1836 405.8475 -173.1307
v 1524.8581 405.8475 -173.3845
v 1521.1076 405.7860 -174.1225
v 1524.7936 405.7860 -174.3877
v 1521.0284 405.7250 -175.1137
v 1524.7262 405.7250 -175.3911
v 1520.9470 405.6645 -176.1044
v 1524.6549 405.6645 -176.3945
v 1520.8648 405.6045 -177.0942
v 1524.5779 405.6045 -177.3984
v 1520.7823 405.5450 -178.0821
v 1524.4930 405.5450 -178.4034
v 1520.6949 405.4859 -179.0680
v 1524.4028 405.4859 -179.4094
v 1520.6014 405.4275 -180.0520
v 1524.3072 405.4275 -180.4162
v 1520.4971 405.3699 -181.0337
v 1524.2094 405.3699 -181.4240
v 1520.3812 405.3135 -182.0144
v 1524.1092 405.3135 -182.4313
v 1520.2541 405.2579 -183.0025
v 1524.0079 405.2579 -183.4300
v 1520.1203 405.2036 -184.0372
v 1523.9176 405.2036 -184.3821
v 1520.0236 405.1518 -185.1519
v 1523.8779 405.1518 -185.2452
v 1520.0255 405.0988 -186.2965
v 1523.9157 405.0988 -186.0410
v 1520.1283 405.0454 -187.4265
v 1524.0248 405.0454 -186.8171
v 1520.3295 404.9916 -188.5413
v 1524.2031 404.9916 -187.5785
v 1520.6294 404.9376 -189.6403
v 1524.4498 404.9376 -188.3269
v 1521.0231 404.8834 -190.7078
v 1524.7707 404.8834 -189.0773
v 1521.4729 404.8289 -191.7018
v 1525.1781 404.8289 -189.8749
v 1521.8097 404.7741 -192.4088
v 1525.6353 404.7741 -190.7314
v 1522.0200 404.7190 -193.0202
v 1526.0183 404.7190 -191.7132
v 1522.1921 404.6635 -193.6785
v 1526.3064 404.6635 -192.6838
v 1522.3179 404.6076 -194.3562
v 1526.5158 404.6076 -193.6673
v 1522.3966 404.5512 -195.0455
v 1526.6518 404.5512 -194.6704
v 1522.4243 404.4943 -195.7430
v 1526.7098 404.4943 -195.6970
v 1522.3960 404.4368 -196.5264
v 1526.6888 404.4368 -196.6646
v 1522.3533 404.3787 -197.5217
v 1526.6595 404.3787 -197.6576
v 1522.3190 404.3200 -198.4995
v 1526.6401 404.3200 -198.6753
v 1522.2584 404.2606 -199.4287
v 1526.5922 404.2606 -199.7374
v 1522.1650 404.2004 -200.3405
v 1526.5108 404.2004 -200.8106
v 1522.0324 404.1389 -201.2390
v 1526.3897 404.1389 -201.8888
v 1521.8630 404.0766 -202.1322
v 1526.2249 404.0766 -202.9613
v 1521.6597 404.0127 -203.0207
v 1526.0178 404.0127 -204.0244
v 1521.4283 403.9462 -203.9022
v 1525.7646 403.9462 -205.0775
v 1521.1691 403.8808 -204.7755
v 1525.4652 403.8808 -206.1184
v 1520.8819 403.8155 -205.6405
v 1525.1213 403.8155 -207.1447
v 1520.5674 403.7505 -206.4950
v 1524.7338 403.7505 -208.1564
v 1520.2251 403.6855 -207.3347
v 1524.3016 403.6855 -209.1535
v 1519.8522 403.6206 -208.1591
v 1523.8249 403.6206 -210.1322
v 1519.4477 403.5558 -208.9691
v 1523.3061 403.5558 -211.0884
v 1519.0114 403.4911 -209.7646
v 1522.7472 403.4911 -212.0194
v 1518.5431 403.4264 -210.5458
v 1522.1516 403.4264 -212.9234
v 1518.0432 403.3618 -211.3126
v 1521.5225 403.3618 -213.7996
v 1517.5130 403.2973 -212.0639
v 1520.8630 403.2973 -214.6492
v 1516.9525 403.2329 -212.7992
v 1520.1760 403.2329 -215.4712
v 1516.3614 403.1685 -213.5217
v 1519.4678 403.1685 -216.2638
v 1515.7451 403.1042 -214.2316
v 1518.7414 403.1042 -217.0317
v 1515.1065 403.0399 -214.9263
v 1517.9961 403.0399 -217.7768
v 1514.4446 402.9757 -215.6096
v 1517.2371 402.9757 -218.4971
v 1513.7646 402.9115 -216.2824
v 1516.4663 402.9115 -219.1979
v 1513.0661 402.8473 -216.9445
v 1515.6844 402.8473 -219.8785
v 1512.3519 402.7832 -217.5996
v 1514.8965 402.7832 -220.5422
v 1511.6268 402.7192 -218.2443
v 1514.0997 402.7192 -221.1936
v 1510.8879 402.6552 -218.8803
v 1513.2967 402.6552 -221.8305
v 1510.1364 402.5913 -219.5119
v 1512.4926 402.5913 -222.4551
v 1509.3779 402.5274 -220.1373
v 1511.6850 402.5274 -223.0727
v 1508.6102 402.4636 -220.7568
v 1510.8746 402.4636 -223.6815
v 1507.8350 402.3997 -221.3741
v 1510.0654 402.3997 -224.2844
v 1507.0528 402.3359 -221.9893
v 1509.2573 402.3359 -224.8820
v 1506.2667 402.2721 -222.6048
v 1508.4523 402.2721 -225.4781
v 1505.4790 402.2083 -223.2184
v 1507.6476 402.2083 -226.0745
v 1504.6896 402.1444 -223.8305
v 1506.8437 402.1444 -226.6713
v 1503.8987 402.0805 -224.4411
v 1506.0406 402.0805 -227.2686
v 1503.1071 402.0166 -225.0498
v 1505.2378 402.0166 -227.8672
v 1502.3135 401.9525 -225.6567
v 1504.4355 401.9525 -228.4658
v 1501.5198 401.8884 -226.2620
v 1503.6334 401.8884 -229.0661
v 1500.7250 401.8242 -226.8637
v 1502.8299 401.8242 -229.6664
v 1499.9280 401.7600 -227.4637
v 1502.0268 401.7600 -230.2663
v 1499.1295 401.6958 -228.0617
v 1501.2237 401.6958 -230.8661
v 1498.3298 401.6315 -228.6580
v 1500.4201 401.6315 -231.4653
v 1497.5293 401.5671 -229.2532
v 1499.6156 401.5671 -232.0634
v 1496.7290 401.5027 -229.8465
v 1498.8093 401.5027 -232.6611
v 1495.9271 401.4381 -230.4374
v 1498.0011 401.4381 -233.2567
v 1495.1226 401.3735 -231.0282
v 1497.1936 401.3735 -233.8497
v 1494.3159 401.3088 -231.6200
v 1496.3877 401.3088 -234.4409
v 1493.5093 401.2440 -232.2131
v 1495.5831 401.2440 -235.0326
v 1492.7034 401.1791 -232.8060
v 1494.7780 401.1791 -235.6249
v 1491.8979 401.1142 -233.3989
v 1493.9728 401.1142 -236.2176
v 1491.0927 401.0491 -233.9917
v 1493.1674 401.0491 -236.8105
v 1490.2876 400.9840 -234.5841
v 1492.3616 400.9840 -237.4034
v 1489.4828 400.9188 -235.1760
v 1491.5552 400.9188 -237.9965
v 1488.6786 400.8535 -235.7664
v 1490.7473 400.8535 -238.5896
v 1487.8733 400.7881 -236.3553
v 1489.9382 400.7881 -239.1813
v 1487.0663 400.7227 -236.9445
v 1489.1299 400.7227 -239.7714
v 1486.2582 400.6572 -237.5343
v 1488.3225 400.6572 -240.3607
v 1485.4500 400.5917 -238.1250
v 1487.5161 400.5917 -240.9501
v 1484.6421 400.5262 -238.7161
v 1486.7099 400.5262 -241.5400
v 1483.8346 400.4605 -239.3078
v 1485.9042 400.4605 -242.1304
v 1483.0277 400.3948 -239.8999
v 1485.0986 400.3948 -242.7215
v 1482.2207 400.3290 -240.4924
v 1484.2934 400.3290 -243.3126
v 1481.4143 400.2631 -241.0856
v 1483.4888 400.2631 -243.9045
v 1480.6086 400.1972 -241.6787
v 1482.6839 400.1972 -244.4971
v 1479.8018 400.1312 -242.2729
v 1481.8803 400.1312 -245.0889
v 1478.9945 400.0651 -242.8701
v 1481.0798 400.0651 -245.6811
v 1478.1885 399.9989 -243.4698
v 1480.2812 399.9989 -246.2752
v 1477.3838 399.9327 -244.0717
v 1479.4844 399.9327 -246.8712
v 1476.5805 399.8665 -244.6763
v 1478.6898 399.8665 -247.4693
v 1475.7790 399.8001 -245.2836
v 1477.8973 399.8001 -248.0698
v 1474.9794 399.7337 -245.8937
v 1477.1068 399.7337 -248.6729
v 1474.1827 399.6672 -246.5055
v 1476.3174 399.6672 -249.2791
v 1473.3883 399.6006 -247.1182
v 1475.5281 399.6006 -249.8880
v 1472.5951 399.5340 -247.7320
v 1474.7396 399.5340 -250.4981
v 1471.8029 399.4673 -248.3475
v 1473.9524 399.4673 -251.1096
v 1471.0120 399.4006 -248.9640
v 1473.1660 399.4006 -251.7227
v 1470.2223 399.3338 -249.5816
v 1472.3802 399.3338 -252.3372
v 1469.4338 399.2668 -250.1999
v 1471.5950 399.2668 -252.9530
v 1468.6462 399.1998 -250.8189
v 1470.8100 399.1998 -253.5698
v 1467.8591 399.1327 -251.4385
v 1470.0256 399.1327 -254.1873
v 1467.0726 399.0656 -252.0591
v 1469.2421 399.0656 -254.8056
v 1466.2871 398.9984 -252.6802
v 1468.4588 398.9984 -255.4250
v 1465.5025 398.9312 -253.3014
v 1467.6753 398.9312 -256.0453
v 1464.7185 398.8638 -253.9223
v 1466.8915 398.8638 -256.6661
v 1463.9347 398.7964 -254.5431
v 1466.1074 398.7964 -257.2870
v 1463.1509 398.7289 -255.1636
v 1465.3231 398.7289 -257.9080
v 1462.3674 398.6614 -255.7836
v 1464.5383 398.6614 -258.5290
v 1461.5836 398.5938 -256.4029
v 1463.7529 398.5938 -259.1496
v 1460.7998 398.5261 -257.0216
v 1462.9668 398.5261 -259.7701
v 1460.0159 398.4584 -257.6390
v 1462.1795 398.4584 -260.3902
v 1459.2318 398.3906 -258.2547
v 1461.3906 398.3906 -261.0096
v 1458.4472 398.3227 -258.8683
v 1460.5998 398.3227 -261.6281
v 1457.6619 398.2548 -259.4793
v 1459.8066 398.2548 -262.2451
v 1456.8754 398.1868 -260.0871
v 1459.0106 398.1868 -262.8603
v 1456.0877 398.1188 -260.6912
v 1458.2114 398.1188 -263.4733
v 1455.2977 398.0506 -261.2914
v 1457.4090 398.0506 -264.0830
v 1454.5049 397.9825 -261.8883
v 1456.6040 397.9825 -264.6890
v 1453.7092 397.9143 -262.4820
v 1455.7968 397.9143 -265.2912
v 1452.9108 397.8460 -263.0729
v 1454.9877 397.8460 -265.8901
v 1452.1101 397.7777 -263.6609
v 1454.1764 397.7777 -266.4858
v 1451.3069 397.7093 -264.2462
v 1453.3633 397.7093 -267.0784
v 1450.5014 397.6409 -264.8289
v 1452.5484 397.6409 -267.6679
v 1449.6934 397.5724 -265.4095
v 1451.7322 397.5724 -268.2544
v 1448.8833 397.5038 -265.9885
v 1450.9152 397.5038 -268.8383
v 1448.0715 397.4352 -266.5659
v 1450.0973 397.4352 -269.4201
v 1447.2576 397.3666 -267.1424
v 1449.2791 397.3666 -269.9996
v 1446.4419 397.2979 -267.7189
v 1448.4616 397.2979 -270.5774
v 1445.6251 397.2291 -268.2958
v 1447.6447 397.2291 -271.1543
v 1444.8075 397.1603 -268.8737
v 1446.8291 397.1603 -271.7308
v 1443.9901 397.0915 -269.4527
v 1446.0145 397.0915 -272.3078
v 1443.1733 397.0226 -270.0325
v 1445.2004 397.0226 -272.8856
v 1442.3575 396.9536 -270.6127
v 1444.3863 396.9536 -273.4646
v 1441.5431 396.8845 -271.1922
v 1443.5712 396.8845 -274.0447
v 1440.7296 396.8155 -271.7701
v 1442.7542 396.8155 -274.6250
v 1439.9166 396.7464 -272.3456
v 1441.9349 396.7464 -275.2051
v 1439.1037 396.6772 -272.9177
v 1441.1123 396.6772 -275.7840
v 1438.2902 396.6081 -273.4854
v 1440.2857 396.6081 -276.3607
v 1437.4749 396.5388 -274.0481
v 1439.4552 396.5388 -276.9341
v 1436.6572 396.4696 -274.6059
v 1438.6208 396.4696 -277.5032
v 1435.8372 396.4003 -275.1580
v 1437.7819 396.4003 -278.0681
v 1435.0142 396.3310 -275.7039
v 1436.9384 396.3310 -278.6275
v 1434.1878 396.2617 -276.2436
v 1436.0904 396.2617 -279.1813
v 1433.3579 396.1923 -276.7766
v 1435.2377 396.1923 -279.7289
v 1432.5235 396.1229 -277.3033
v 1434.3811 396.1229 -280.2697
v 1431.6851 396.0535 -277.8240
v 1433.5208 396.0535 -280.8041
v 1430.8427 395.9841 -278.3386
v 1432.6566 395.9841 -281.3319
v 1429.9954 395.9146 -278.8479
v 1431.7899 395.9146 -281.8529
v 1429.1439 395.8451 -279.3531
v 1430.9215 395.8451 -282.3681
v 1428.2887 395.7756 -279.8542
v 1430.0511 395.7756 -282.8780
v 1427.4299 395.7061 -280.3521
v 1429.1798 395.7061 -283.3833
v 1426.5682 395.6366 -280.8474
v 1428.3076 395.6366 -283.8847
v 1425.7040 395.5671 -281.3405
v 1427.4347 395.5671 -284.3827
v 1424.8377 395.4976 -281.8319
v 1426.5614 395.4976 -284.8780
v 1423.9698 395.4281 -282.3219
v 1425.6877 395.4281 -285.3712
v 1423.1004 395.3586 -282.8107
v 1424.8137 395.3586 -285.8626
v 1422.2299 395.2890 -283.2986
v 1423.9396 395.2890 -286.3526
v 1421.3585 395.2194 -283.7859
v 1423.0654 395.2194 -286.8414
v 1420.4863 395.1498 -284.2726
v 1422.1911 395.1498 -287.3294
v 1419.6137 395.0802 -284.7589
v 1421.3167 395.0802 -287.8167
v 1418.7406 395.0106 -285.2449
v 1420.4423 395.0106 -288.3034
v 1417.8673 394.9409 -285.7306
v 1419.5677 394.9409 -288.7898
v 1416.9942 394.8712 -286.2156
v 1418.6925 394.8712 -289.2760
v 1416.1210 394.8015 -286.6997
v 1417.8165 394.8015 -289.7616
v 1415.2475 394.7318 -287.1828
v 1416.9398 394.7318 -290.2465
v 1414.3737 394.6621 -287.6649
v 1416.0625 394.6621 -290.7305
v 1413.4998 394.5923 -288.1456
v 1415.1840 394.5923 -291.2137
v 1412.6253 394.5225 -288.6247
v 1414.3045 394.5225 -291.6956
v 1411.7501 394.4527 -289.1023
v 1413.4241 394.4527 -292.1760
v 1410.8738 394.3828 -289.5786
v 1412.5432 394.3828 -292.6548
v 1409.9966 394.3130 -290.0539
v 1411.6620 394.3130 -293.1323
v 1409.1184 394.2431 -290.5283
v 1410.7805 394.2431 -293.6085
v 1408.2399 394.1733 -291.0018
v 1409.8984 394.1733 -294.0839
v 1407.3609 394.1034 -291.4741
v 1409.0156 394.1034 -294.5582
v 1406.4811 394.0335 -291.9454
v 1408.1325 394.0335 -295.0314
v 1405.6009 393.9636 -292.4159
v 1407.2488 393.9636 -295.5036
v 1404.7203 393.8936 -292.8851
v 1406.3644 393.8936 -295.9750
v 1403.8393 393.8237 -293.3532
v 1405.4792 393.8237 -296.4452
v 1402.9580 393.7538 -293.8198
v 1404.5930 393.7538 -296.9144
v 1402.0758 393.6838 -294.2850
v 1403.7061 393.6838 -297.3821
v 1401.1926 393.6139 -294.7492
v 1402.8189 393.6139 -297.8484
v 1400.3089 393.5440 -295.2121
v 1401.9310 393.5440 -298.3136
v 1399.4246 393.4741 -295.6738
v 1401.0424 393.4741 -298.7775
v 1398.5394 393.4042 -296.1345
v 1400.1535 393.4042 -299.2401
v 1397.6536 393.3344 -296.5943
v 1399.2642 393.3344 -299.7017
v 1396.7671 393.2645 -297.0531
v 1398.3745 393.2645 -300.1621
v 1395.8798 393.1946 -297.5114
v 1397.4848 393.1946 -300.6216
v 1394.9919 393.1248 -297.9692
v 1396.5951 393.1248 -301.0804
v 1394.1033 393.0550 -298.4267
v 1395.7056 393.0550 -301.5385
v 1393.2144 392.9853 -298.8843
v 1394.8162 392.9853 -301.9963
v 1392.3254 392.9156 -299.3419
v 1393.9270 392.9156 -302.4539
v 1391.4359 392.8460 -299.7997
v 1393.0382 392.8460 -302.9114
v 1390.5462 392.7764 -300.2580
v 1392.1499 392.7764 -303.3690
v 1389.6566 392.7068 -300.7169
v 1391.2621 392.7068 -303.8269
v 1388.7670 392.6373 -301.1765
v 1390.3748 392.6373 -304.2854
v 1387.8778 392.5679 -301.6368
v 1389.4879 392.5679 -304.7445
v 1386.9889 392.4985 -302.0978
v 1388.6013 392.4985 -305.2042
v 1386.1004 392.4291 -302.5594
v 1387.7150 392.4291 -305.6647
v 1385.2123 392.3599 -303.0215
v 1386.8290 392.3599 -306.1258
v 1384.3244 392.2907 -303.4844
v 1385.9434 392.2907 -306.5874
v 1383.4369 392.2215 -303.9478
v 1385.0580 392.2215 -307.0497
v 1382.5498 392.1524 -304.4118
v 1384.1729 392.1524 -307.5127
v 1381.6630 392.0834 -304.8763
v 1383.2881 392.0834 -307.9762
v 1380.7764 392.0144 -305.3414
v 1382.4036 392.0144 -308.4402
v 1379.8902 391.9455 -305.8072
v 1381.5194 391.9455 -308.9049
v 1379.0044 391.8767 -306.2734
v 1380.6354 391.8767 -309.3702
v 1378.1190 391.8080 -306.7400
v 1379.7515 391.8080 -309.8360
v 1377.2339 391.7393 -307.2070
v 1378.8676 391.7393 -310.3023
v 1376.3492 391.6708 -307.6742
v 1377.9838 391.6708 -310.7690
v 1375.4648 391.6023 -308.1414
v 1377.0998 391.6023 -311.2360
v 1374.5806 391.5340 -308.6086
v 1376.2157 391.5340 -311.7032
v 1373.6963 391.4657 -309.0759
v 1375.3317 391.4657 -312.1703
v 1372.8118 391.3975 -309.5434
v 1374.4479 391.3975 -312.6374
v 1371.9274 391.3294 -310.0112
v 1373.5645 391.3294 -313.1047
v 1371.0431 391.2614 -310.4794
v 1372.6812 391.2614 -313.5724
v 1370.1589 391.1936 -310.9479
v 1371.7982 391.1936 -314.0403
v 1369.2748 391.1258 -311.4168
v 1370.9154 391.1258 -314.5084
v 1368.3908 391.0582 -311.8861
v 1370.0329 391.0582 -314.9770
v 1367.5072 390.9906 -312.3558
v 1369.1505 390.9906 -315.4461
v 1366.6242 390.9232 -312.8255
v 1368.2678 390.9232 -315.9156
v 1365.7416 390.8559 -313.2950
v 1367.3847 390.8559 -316.3853
v 1364.8591 390.7888 -313.7640
v 1366.5011 390.7888 -316.8549
v 1363.9767 390.7218 -314.2325
v 1365.6170 390.7218 -317.3243
v 1363.0942 390.6550 -314.7004
v 1364.7325 390.6550 -317.7933
v 1362.2115 390.5883 -315.1675
v 1363.8474 390.5883 -318.2616
v 1361.3288 390.5218 -315.6337
v 1362.9617 390.5218 -318.7295
v 1360.4455 390.4555 -316.0990
v 1362.0755 390.4555 -319.1963
v 1359.5619 390.3892 -316.5636
v 1361.1889 390.3892 -319.6625
v 1358.6780 390.3232 -317.0271
v 1360.3015 390.3232 -320.1278
v 1357.7937 390.2574 -317.4894
v 1359.4135 390.2574 -320.5920
v 1356.9089 390.1917 -317.9507
v 1358.5247 390.1917 -321.0554
v 1356.0242 390.1262 -318.4103
v 1357.6347 390.1262 -321.5177
v 1355.1387 390.0609 -318.8681
v 1356.7437 390.0609 -321.9785
v 1354.2522 389.9959 -319.3242
v 1355.8520 389.9959 -322.4381
v 1353.3648 389.9310 -319.7782
v 1354.9596 389.9310 -322.8963
v 1352.4765 389.8663 -320.2305
v 1354.0666 389.8663 -323.3532
v 1351.5880 389.8019 -320.6805
v 1353.1720 389.8019 -323.8091
v 1350.6991 389.7376 -321.1274
v 1352.2753 389.7376 -324.2632
v 1349.8097 389.6736 -321.5708
v 1351.3764 389.6736 -324.7151
v 1348.9200 389.6099 -322.0099
v 1350.4744 389.6099 -325.1645
v 1348.0298 389.5464 -322.4435
v 1349.5685 389.5464 -325.6103
v 1347.1388 389.4832 -322.8708
v 1348.6583 389.4832 -326.0516
v 1346.2465 389.4202 -323.2905
v 1347.7430 389.4202 -326.4873
v 1345.3520 389.3576 -323.7020
v 1346.8230 389.3576 -326.9161
v 1344.4548 389.2951 -324.1050
v 1345.8982 389.2951 -327.3372
v 1343.5547 389.2330 -324.4987
v 1344.9686 389.2330 -327.7500
v 1342.6513 389.1711 -324.8831
v 1344.0343 389.1711 -328.1539
v 1341.7445 389.1096 -325.2577
v 1343.0955 389.1096 -328.5484
v 1340.8341 389.0483 -325.6225
v 1342.1522 389.0483 -328.9333
v 1339.9200 388.9873 -325.9772
v 1341.2046 388.9873 -329.3082
v 1339.0024 388.9267 -326.3218
v 1340.2527 388.9267 -329.6729
v 1338.0811 388.8663 -326.6561
v 1339.2969 388.8663 -330.0272
v 1337.1561 388.8063 -326.9803
v 1338.3373 388.8063 -330.3711
v 1336.2275 388.7465 -327.2944
v 1337.3741 388.7465 -330.7044
v 1335.2958 388.6871 -327.5985
v 1336.4071 388.6871 -331.0274
v 1334.3610 388.6281 -327.8922
v 1335.4364 388.6281 -331.3396
v 1333.4240 388.5693 -328.1754
v 1334.4614 388.5693 -331.6413
v 1332.4846 388.5109 -328.4474
v 1333.4820 388.5109 -331.9312
v 1331.5426 388.4528 -328.7084
v 1332.4986 388.4528 -332.2088
v 1330.5985 388.3950 -328.9582
v 1331.5108 388.3950 -332.4739
v 1329.6523 388.3375 -329.1960
v 1330.5186 388.3375 -332.7256
v 1328.7033 388.2804 -329.4219
v 1329.5229 388.2804 -332.9633
v 1327.7518 388.2236 -329.6358
v 1328.5237 388.2236 -333.1872
v 1326.7976 388.1671 -329.8376
v 1327.5214 388.1671 -333.3968
v 1325.8410 388.1109 -330.0274
v 1326.5162 388.1109 -333.5924
v 1324.8823 388.0551 -330.2043
v 1325.5081 388.0551 -333.7742
v 1323.9212 387.9997 -330.3682
v 1324.4977 387.9997 -333.9420
v 1322.9578 387.9446 -330.5193
v 1323.4853 387.9446 -334.0960
v 1321.9928 387.8898 -330.6575
v 1322.4706 387.8898 -334.2362
v 1321.0261 387.8354 -330.7823
v 1321.4538 387.8354 -334.3621
v 1320.0574 387.7813 -330.8941
v 1320.4359 387.7813 -334.4739
v 1319.0869 387.7276 -330.9930
v 1319.4168 387.7276 -334.5718
v 1318.1149 387.6742 -331.0791
v 1318.3968 387.6742 -334.6559
v 1317.1408 387.6212 -331.1526
v 1317.3768 387.6212 -334.7264
v 1316.1645 387.5685 -331.2143
v 1316.3573 387.5685 -334.7842
v 1315.1859 387.5162 -331.2648
v 1315.3388 387.5162 -334.8299
v 1314.2047 387.4643 -331.3051
v 1314.3219 387.4643 -334.8647
v 1313.2204 387.4128 -331.3364
v 1313.3072 387.4128 -334.8899
v 1312.2330 387.3616 -331.3603
v 1312.2953 387.3616 -334.9072
v 1311.2427 387.3109 -331.3781
v 1311.2860 387.3109 -334.9184
v 1310.2500 387.2605 -331.3914
v 1310.2789 387.2605 -334.9250
v 1309.2552 387.2104 -331.4010
v 1309.2737 387.2104 -334.9283
v 1308.2589 387.1608 -331.4081
v 1308.2700 387.1608 -334.9293
v 1307.2614 387.1115 -331.4132
v 1307.2675 387.1115 -334.9288
v 1306.2632 387.0627 -331.4168
v 1306.2657 387.0627 -334.9275
v 1305.2647 387.0142 -331.4191
v 1305.2643 387.0142 -334.9257
v 1304.2660 386.9662 -331.4202
v 1304.2630 386.9662 -334.9236
v 1303.2673 386.9185 -331.4201
v 1303.2616 386.9185 -334.9212
v 1302.2687 386.8712 -331.4186
v 1302.2602 386.8712 -334.9186
v 1301.2701 386.8244 -331.4158
v 1301.2588 386.8244 -334.9158
v 1300.2718 386.7779 -331.4122
v 1300.2572 386.7779 -334.9122
v 1299.2737 386.7319 -331.4075
v 1299.2553 386.7319 -334.9074
v 1298.2758 386.6862 -331.4017
v 1298.2532 386.6862 -334.9016
v 1297.2782 386.6410 -331.3946
v 1297.2509 386.6410 -334.8945
v 1296.2805 386.5962 -331.3861
v 1296.2487 386.5962 -334.8859
v 1295.2825 386.5518 -331.3764
v 1295.2468 386.5518 -334.8762
v 1294.2844 386.5079 -331.3657
v 1294.2450 386.5079 -334.8655
v 1293.2863 386.4643 -331.3540
v 1293.2432 386.4643 -334.8537
v 1292.2877 386.4211 -331.3412
v 1292.2420 386.4211 -334.8409
v 1291.2887 386.3784 -331.3279
v 1291.2412 386.3784 -334.8276
v 1290.2895 386.3361 -331.3141
v 1290.2406 386.3361 -334.8137
v 1289.2902 386.2943 -331.2999
v 1289.2401 386.2943 -334.7995
v 1288.2910 386.2529 -331.2854
v 1288.2395 386.2529 -334.7850
v 1287.2917 386.2120 -331.2705
v 1287.2390 386.2120 -334.7701
v 1286.2924 386.1715 -331.2553
v 1286.2385 386.1715 -334.7549
v 1285.2934 386.1315 -331.2398
v 1285.2378 386.1315 -334.7393
v 1284.2944 386.0919 -331.2235
v 1284.2371 386.0919 -334.7231
v 1283.2950 386.0526 -331.2070
v 1283.2368 386.0526 -334.7066
v 1282.2954 386.0138 -331.1903
v 1282.2367 386.0138 -334.6898
v 1281.2952 385.9755 -331.1735
v 1281.2371 385.9755 -334.6730
v 1280.2945 385.9375 -331.1570
v 1280.2381 385.9375 -334.6565
v 1279.2929 385.9000 -331.1412
v 1279.2399 385.9000 -334.6408
v 1278.2908 385.8630 -331.1266
v 1278.2422 385.8630 -334.6263
v 1277.2884 385.8264 -331.1134
v 1277.2449 385.8264 -334.6132
v 1276.2858 385.7903 -331.1017
v 1276.2476 385.7903 -334.6015
v 1275.2834 385.7546 -331.0915
v 1275.2501 385.7546 -334.5914
v 1274.2810 385.7194 -331.0827
v 1274.2526 385.7194 -334.5825
v 1273.2784 385.6845 -331.0753
v 1273.2553 385.6845 -334.5752
v 1272.2761 385.6501 -331.0694
v 1272.2576 385.6501 -334.5694
v 1271.2742 385.6161 -331.0647
v 1271.2595 385.6161 -334.5647
v 1270.2724 385.5825 -331.0610
v 1270.2613 385.5825 -334.5610
v 1269.2704 385.5493 -331.0584
v 1269.2633 385.5493 -334.5584
v 1268.2682 385.5165 -331.0570
v 1268.2656 385.5165 -334.5570
v 1267.2663 385.4842 -331.0569
v 1267.2675 385.4842 -334.5569
v 1266.2650 385.4522 -331.0577
v 1266.2688 385.4522 -334.5577
v 1265.2640 385.4206 -331.0590
v 1265.2698 385.4206 -334.5590
v 1264.2629 385.3894 -331.0610
v 1264.2709 385.3894 -334.5610
v 1263.2625 385.3587 -331.0636
v 1263.2713 385.3587 -334.5636
v 1262.2626 385.3283 -331.0661
v 1262.2712 385.3283 -334.5661
v 1261.2630 385.2984 -331.0685
v 1261.2708 385.2984 -334.5685
v 1260.2634 385.2688 -331.0706
v 1260.2704 385.2688 -334.5706
v 1259.2636 385.2396 -331.0725
v 1259.2703 385.2396 -334.5724
v 1258.2636 385.2108 -331.0744
v 1258.2702 385.2108 -334.5744
v 1257.2639 385.1823 -331.0762
v 1257.2699 385.1823 -334.5762
v 1256.2638 385.1542 -331.0778
v 1256.2700 385.1542 -334.5778
v 1255.2631 385.1265 -331.0798
v 1255.2707 385.1265 -334.5798
v 1254.2623 385.0990 -331.0822
v 1254.2716 385.0990 -334.5822
v 1253.2612 385.0720 -331.0851
v 1253.2726 385.0720 -334.5851
v 1252.2602 385.0455 -331.0887
v 1252.2737 385.0455 -334.5887
v 1251.2589 385.0192 -331.0929
v 1251.2750 385.0192 -334.5928
v 1250.2570 384.9934 -331.0979
v 1250.2769 384.9934 -334.5979
v 1249.2545 384.9680 -331.1043
v 1249.2795 384.9680 -334.6042
v 1248.2516 384.9429 -331.1122
v 1248.2825 384.9429 -334.6121
v 1247.2479 384.9182 -331.1220
v 1247.2863 384.9182 -334.6218
v 1246.2432 384.8938 -331.1342
v 1246.2911 384.8938 -334.6339
v 1245.2374 384.8699 -331.1495
v 1245.2973 384.8699 -334.6490
v 1244.2301 384.8462 -331.1687
v 1244.3049 384.8462 -334.6679
v 1243.2219 384.8229 -331.1926
v 1243.3138 384.8229 -334.6914
v 1242.2134 384.8000 -331.2217
v 1242.3232 384.8000 -334.7200
v 1241.2053 384.7775 -331.2559
v 1241.3327 384.7775 -334.7536
v 1240.1977 384.7553 -331.2951
v 1240.3420 384.7553 -334.7921
v 1239.1907 384.7336 -331.3390
v 1239.3509 384.7336 -334.8354
v 1238.1846 384.7123 -331.3872
v 1238.3594 384.7123 -334.8830
v 1237.1792 384.6914 -331.4392
v 1237.3675 384.6914 -334.9350
v 1236.1746 384.6709 -331.4946
v 1236.3753 384.6709 -334.9908
v 1235.1703 384.6508 -331.5533
v 1235.3830 384.6508 -335.0500
v 1234.1660 384.6312 -331.6154
v 1234.3914 384.6312 -335.1128
v 1233.1612 384.6119 -331.6813
v 1233.4005 384.6119 -335.1792
v 1232.1558 384.5930 -331.7516
v 1232.4110 384.5930 -335.2497
v 1231.1495 384.5745 -331.8268
v 1231.4231 384.5745 -335.3247
v 1230.1423 384.5564 -331.9080
v 1230.4369 384.5564 -335.4051
v 1229.1342 384.5386 -331.9958
v 1229.4529 384.5386 -335.4914
v 1228.1248 384.5212 -332.0916
v 1228.4714 384.5212 -335.5847
v 1227.1147 384.5041 -332.1961
v 1227.4925 384.5041 -335.6860
v 1226.1041 384.4875 -332.3103
v 1226.5162 384.4875 -335.7963
v 1225.0940 384.4712 -332.4350
v 1225.5419 384.4712 -335.9166
v 1224.0853 384.4552 -332.5701
v 1224.5687 384.4552 -336.0469
v 1223.0780 384.4397 -332.7153
v 1223.5970 384.4397 -336.1870
v 1222.0719 384.4246 -332.8711
v 1222.6270 384.4246 -336.3372
v 1221.0678 384.4098 -333.0372
v 1221.6584 384.4098 -336.4975
v 1220.0657 384.3954 -333.2135
v 1220.6912 384.3954 -336.6676
v 1219.0656 384.3812 -333.3998
v 1219.7255 384.3812 -336.8475
v 1218.0677 384.3675 -333.5958
v 1218.7613 384.3675 -337.0369
v 1217.0718 384.3540 -333.8017
v 1217.7991 384.3540 -337.2358
v 1216.0783 384.3408 -334.0172
v 1216.8383 384.3408 -337.4442
v 1215.0881 384.3280 -334.2416
v 1215.8784 384.3280 -337.6617
v 1214.1010 384.3155 -334.4740
v 1214.9190 384.3155 -337.8877
v 1213.1170 384.3033 -334.7140
v 1213.9601 384.3033 -338.1212
v 1212.1357 384.2913 -334.9608
v 1213.0019 384.2913 -338.3616
v 1211.1569 384.2797 -335.2141
v 1212.0443 384.2797 -338.6083
v 1210.1803 384.2683 -335.4732
v 1211.0876 384.2683 -338.8609
v 1209.2061 384.2573 -335.7379
v 1210.1316 384.2573 -339.1192
v 1208.2337 384.2466 -336.0075
v 1209.1764 384.2466 -339.3825
v 1207.2624 384.2362 -336.2823
v 1208.2229 384.2362 -339.6508
v 1206.2927 384.2261 -336.5623
v 1207.2710 384.2261 -339.9245
v 1205.3246 384.2164 -336.8472
v 1206.3202 384.2164 -340.2034
v 1204.3581 384.2070 -337.1369
v 1205.3709 384.2070 -340.4874
v 1203.3933 384.1979 -337.4314
v 1204.4229 384.1979 -340.7765
v 1202.4301 384.1890 -337.7305
v 1203.4762 384.1890 -341.0705
v 1201.4688 384.1805 -338.0341
v 1202.5305 384.1805 -341.3692
v 1200.5097 384.1723 -338.3418
v 1201.5852 384.1723 -341.6725
v 1199.5527 384.1643 -338.6529
v 1200.6403 384.1643 -341.9796
v 1198.5975 384.1567 -338.9670
v 1199.6955 384.1567 -342.2903
v 1197.6442 384.1494 -339.2835
v 1198.7508 384.1494 -342.6039
v 1196.6924 384.1423 -339.6019
v 1197.8059 384.1423 -342.9201
v 1195.7422 384.1356 -339.9217
v 1196.8606 384.1356 -343.2382
v 1194.7931 384.1292 -340.2424
v 1195.9149 384.1292 -343.5577
v 1193.8449 384.1230 -340.5637
v 1194.9690 384.1230 -343.8783
v 1192.8974 384.1172 -340.8853
v 1194.0226 384.1172 -344.1995
v 1191.9504 384.1117 -341.2069
v 1193.0758 384.1117 -344.5210
v 1191.0037 384.1066 -341.5283
v 1192.1287 384.1066 -344.8426
v 1190.0574 384.1017 -341.8494
v 1191.1811 384.1017 -345.1641
v 1189.1110 384.0970 -342.1700
v 1190.2331 384.0970 -345.4852
v 1188.1646 384.0927 -342.4901
v 1189.2849 384.0927 -345.8059
v 1187.2181 384.0887 -342.8095
v 1188.3365 384.0887 -346.1260
v 1186.2711 384.0849 -343.1286
v 1187.3882 384.0849 -346.4455
v 1185.3239 384.0814 -343.4474
v 1186.4399 384.0814 -346.7647
v 1184.3765 384.0782 -343.7660
v 1185.4915 384.0782 -347.0836
v 1183.4291 384.0752 -344.0842
v 1184.5431 384.0752 -347.4022
v 1182.4816 384.0725 -344.4022
v 1183.5945 384.0725 -347.7206
v 1181.5342 384.0700 -344.7197
v 1182.6455 384.0700 -348.0386
v 1180.5867 384.0678 -345.0367
v 1181.6964 384.0678 -348.3561
v 1179.6393 384.0659 -345.3531
v 1180.7468 384.0659 -348.6733
v 1178.6922 384.0643 -345.6686
v 1179.7964 384.0643 -348.9899
v 1177.7453 384.0628 -345.9829
v 1178.8452 384.0628 -349.3055
v 1176.7984 384.0617 -346.2955
v 1177.8929 384.0617 -349.6200
v 1175.8514 384.0607 -346.6064
v 1176.9396 384.0607 -349.9329
v 1174.9044 384.0600 -346.9151
v 1175.9851 384.0600 -350.2441
v 1173.9575 384.0595 -347.2212
v 1175.0291 384.0595 -350.5531
v 1173.0102 384.0592 -347.5243
v 1174.0715 384.0592 -350.8595
v 1172.0622 384.0591 -347.8243
v 1173.1128 384.0591 -351.1629
v 1171.1134 384.0592 -348.1212
v 1172.1529 384.0592 -351.4632
v 1170.1635 384.0595 -348.4149
v 1171.1921 384.0595 -351.7604
v 1169.2126 384.0601 -348.7056
v 1170.2304 384.0601 -352.0543
v 1168.2605 384.0608 -348.9933
v 1169.2681 384.0608 -352.3452
v 1167.3073 384.0617 -349.2783
v 1168.3051 384.0617 -352.6331
v 1166.3532 384.0629 -349.5606
v 1167.3415 384.0629 -352.9182
v 1165.3983 384.0643 -349.8402
v 1166.3770 384.0643 -353.2006
v 1164.4427 384.0659 -350.1170
v 1165.4116 384.0659 -353.4803
v 1163.4864 384.0677 -350.3910
v 1164.4452 384.0677 -353.7571
v 1162.5292 384.0697 -350.6621
v 1163.4781 384.0697 -354.0310
v 1161.5710 384.0718 -350.9305
v 1162.5106 384.0718 -354.3020
v 1160.6119 384.0742 -351.1964
v 1161.5424 384.0742 -354.5704
v 1159.6518 384.0768 -351.4598
v 1160.5737 384.0768 -354.8362
v 1158.6907 384.0795 -351.7210
v 1159.6048 384.0795 -355.0995
v 1157.7287 384.0824 -351.9801
v 1158.6357 384.0824 -355.3606
v 1156.7658 384.0855 -352.2374
v 1157.6664 384.0855 -355.6196
v 1155.8020 384.0888 -352.4932
v 1156.6971 384.0888 -355.8768
v 1154.8373 384.0923 -352.7476
v 1155.7280 384.0923 -356.1324
v 1153.8717 384.0960 -353.0011
v 1154.7591 384.0960 -356.3867
v 1152.9056 384.0999 -353.2539
v 1153.7904 384.0999 -356.6402
v 1151.9389 384.1040 -353.5062
v 1152.8219 384.1040 -356.8929
v 1150.9714 384.1082 -353.7583
v 1151.8540 384.1082 -357.1451
v 1150.0033 384.1126 -354.0106
v 1150.8868 384.1126 -357.3973
v 1149.0352 384.1172 -354.2633
v 1149.9197 384.1172 -357.6497
v 1148.0672 384.1219 -354.5163
v 1148.9528 384.1219 -357.9024
v 1147.0991 384.1269 -354.7697
v 1147.9860 384.1269 -358.1555
v 1146.1309 384.1319 -355.0235
v 1147.0196 384.1319 -358.4088
v 1145.1628 384.1371 -355.2780
v 1146.0534 384.1371 -358.6628
v 1144.1950 384.1425 -355.5329
v 1145.0871 384.1425 -358.9172
v 1143.2275 384.1481 -355.7881
v 1144.1208 384.1481 -359.1722
v 1142.2600 384.1538 -356.0437
v 1143.1546 384.1538 -359.4274
v 1141.2925 384.1596 -356.2997
v 1142.1887 384.1596 -359.6830
v 1140.3253 384.1656 -356.5562
v 1141.2227 384.1656 -359.9392
v 1139.3584 384.1717 -356.8127
v 1140.2565 384.1717 -360.1956
v 1138.3915 384.1780 -357.0695
v 1139.2904 384.1780 -360.4522
v 1137.4247 384.1844 -357.3266
v 1138.3244 384.1844 -360.7090
v 1136.4578 384.1909 -357.5839
v 1137.3585 384.1909 -360.9660
v 1135.4910 384.1976 -357.8415
v 1136.3928 384.1976 -361.2233
v 1134.5244 384.2044 -358.0994
v 1135.4270 384.2044 -361.4810
v 1133.5579 384.2114 -358.3575
v 1134.4612 384.2114 -361.7389
v 1132.5917 384.2185 -358.6157
v 1133.4952 384.2185 -361.9971
v 1131.6258 384.2258 -358.8737
v 1132.5288 384.2258 -362.2552
v 1130.6600 384.2331 -359.1316
v 1131.5623 384.2331 -362.5133
v 1129.6943 384.2407 -359.3891
v 1130.5956 384.2407 -362.7711
v 1128.7288 384.2483 -359.6462
v 1129.6284 384.2483 -363.0286
v 1127.7633 384.2561 -359.9027
v 1128.6609 384.2561 -363.2857
v 1126.7977 384.2640 -360.1586
v 1127.6933 384.2640 -363.5421
v 1125.8319 384.2721 -360.4140
v 1126.7256 384.2721 -363.7979
v 1124.8658 384.2802 -360.6688
v 1125.7578 384.2802 -364.0532
v 1123.8996 384.2886 -360.9233
v 1124.7899 384.2886 -364.3081
v 1122.9334 384.2970 -361.1771
v 1123.8218 384.2970 -364.5625
v 1121.9672 384.3055 -361.4304
v 1122.8534 384.3055 -364.8164
v 1121.0010 384.3142 -361.6829
v 1121.8845 384.3142 -365.0695
v 1120.0347 384.3231 -361.9346
v 1120.9154 384.3231 -365.3219
v 1119.0682 384.3320 -362.1854
v 1119.9461 384.3320 -365.5736
v 1118.1018 384.3411 -362.4354
v 1118.9762 384.3411 -365.8244
v 1117.1352 384.3502 -362.6842
v 1118.0059 384.3502 -366.0742
v 1116.1684 384.3595 -362.9320
v 1117.0353 384.3595 -366.3230
v 1115.2019 384.3689 -363.1784
v 1116.0638 384.3689 -366.5706
v 1114.2357 384.3783 -363.4231
v 1115.0912 384.3783 -366.8169
v 1113.2699 384.3879 -363.6654
v 1114.1172 384.3879 -367.0613
v 1112.3044 384.3975 -363.9050
v 1113.1417 384.3975 -367.3034
v 1111.3391 384.4073 -364.1412
v 1112.1643 384.4073 -367.5425
v 1110.3743 384.4171 -364.3732
v 1111.1846 384.4171 -367.7781
v 1109.4096 384.4271 -364.6003
v 1110.2026 384.4271 -368.0093
v 1108.4446 384.4371 -364.8221
v 1109.2186 384.4371 -368.2355
v 1107.4789 384.4471 -365.0381
v 1108.2326 384.4471 -368.4560
v 1106.5127 384.4573 -365.2481
v 1107.2447 384.4573 -368.6707
v 1105.5460 384.4676 -365.4515
v 1106.2544 384.4676 -368.8791
v 1104.5783 384.4779 -365.6479
v 1105.2623 384.4779 -369.0805
v 1103.6095 384.4882 -365.8373
v 1104.2684 384.4882 -369.2748
v 1102.6398 384.4987 -366.0195
v 1103.2728 384.4987 -369.4618
v 1101.6690 384.5092 -366.1942
v 1102.2754 384.5092 -369.6413
v 1100.6971 384.5197 -366.3613
v 1101.2765 384.5197 -369.8130
v 1099.7236 384.5304 -366.5207
v 1100.2766 384.5304 -369.9768
v 1098.7482 384.5411 -366.6731
v 1099.2762 384.5411 -370.1330
v 1097.7717 384.5518 -366.8186
v 1098.2747 384.5518 -370.2822
v 1096.7941 384.5627 -366.9569
v 1097.2723 384.5627 -370.4241
v 1095.8150 384.5735 -367.0884
v 1096.2693 384.5735 -370.5588
v 1094.8346 384.5844 -367.2134
v 1095.2659 384.5844 -370.6867
v 1093.8531 384.5954 -367.3320
v 1094.2621 384.5954 -370.8081
v 1092.8708 384.6064 -367.4445
v 1093.2576 384.6064 -370.9230
v 1091.8877 384.6175 -367.5506
v 1092.2523 384.6175 -371.0315
v 1090.9035 384.6286 -367.6505
v 1091.2469 384.6286 -371.1336
v 1089.9186 384.6398 -367.7447
v 1090.2411 384.6398 -371.2299
v 1088.9333 384.6510 -367.8328
v 1089.2344 384.6510 -371.3198
v 1087.9473 384.6623 -367.9149
v 1088.2276 384.6623 -371.4037
v 1086.9605 384.6736 -367.9913
v 1087.2204 384.6736 -371.4817
v 1085.9735 384.6850 -368.0619
v 1086.2127 384.6850 -371.5537
v 1084.9863 384.6964 -368.1265
v 1085.2043 384.6964 -371.6198
v 1083.9991 384.7079 -368.1851
v 1084.1952 384.7079 -371.6796
v 1083.0116 384.7194 -368.2373
v 1083.1856 384.7194 -371.7330
v 1082.0240 384.7310 -368.2834
v 1082.1756 384.7310 -371.7801
v 1081.0366 384.7427 -368.3229
v 1081.1648 384.7427 -371.8206
v 1080.0495 384.7544 -368.3558
v 1080.1532 384.7544 -371.8543
v 1079.0624 384.7661 -368.3815
v 1079.1412 384.7661 -371.8806
v 1078.0747 384.7779 -368.4002
v 1078.1295 384.7779 -371.8998
v 1077.0861 384.7897 -368.4125
v 1077.1184 384.7897 -371.9123
v 1076.0969 384.8015 -368.4185
v 1076.1078 384.8015 -371.9185
v 1075.1070 384.8134 -368.4187
v 1075.0978 384.8134 -371.9187
v 1074.1164 384.8254 -368.4133
v 1074.0886 384.8254 -371.9132
v 1073.1248 384.8374 -368.4029
v 1073.0804 384.8374 -371.9026
v 1072.1327 384.8494 -368.3882
v 1072.0728 384.8494 -371.8877
v 1071.1407 384.8616 -368.3690
v 1071.0652 384.8616 -371.8682
v 1070.1487 384.8737 -368.3454
v 1070.0579 384.8737 -371.8442
v 1069.1566 384.8860 -368.3175
v 1069.0508 384.8860 -371.8159
v 1068.1647 384.8983 -368.2854
v 1068.0438 384.8983 -371.7833
v 1067.1732 384.9106 -368.2489
v 1067.0368 384.9106 -371.7463
v 1066.1822 384.9230 -368.2080
v 1066.0296 384.9230 -371.7047
v 1065.1915 384.9354 -368.1625
v 1065.0225 384.9354 -371.6584
v 1064.2016 384.9479 -368.1122
v 1064.0151 384.9479 -371.6073
v 1063.2128 384.9605 -368.0569
v 1063.0072 384.9605 -371.5509
v 1062.2253 384.9731 -367.9959
v 1061.9986 384.9731 -371.4886
v 1061.2390 384.9857 -367.9288
v 1060.9897 384.9857 -371.4199
v 1060.2539 384.9985 -367.8551
v 1059.9805 384.9985 -371.3445
v 1059.2704 385.0113 -367.7746
v 1058.9709 385.0113 -371.2617
v 1058.2885 385.0241 -367.6864
v 1057.9611 385.0241 -371.1711
v 1057.3083 385.0369 -367.5902
v 1056.9512 385.0369 -371.0720
v 1056.3292 385.0499 -367.4854
v 1055.9420 385.0499 -370.9639
v 1055.3505 385.0629 -367.3723
v 1054.9343 385.0629 -370.8475
v 1054.3729 385.0759 -367.2511
v 1053.9274 385.0759 -370.7226
v 1053.3967 385.0890 -367.1216
v 1052.9212 385.0890 -370.5891
v 1052.4217 385.1022 -366.9835
v 1051.9163 385.1022 -370.4468
v 1051.4475 385.1155 -366.8371
v 1050.9130 385.1155 -370.2961
v 1050.4740 385.1287 -366.6825
v 1049.9115 385.1287 -370.1370
v 1049.5018 385.1421 -366.5203
v 1048.9113 385.1421 -369.9701
v 1048.5315 385.1555 -366.3500
v 1047.9120 385.1555 -369.7947
v 1047.5627 385.1689 -366.1715
v 1046.9142 385.1689 -369.6109
v 1046.5951 385.1824 -365.9848
v 1045.9183 385.1824 -369.4188
v 1045.6285 385.1959 -365.7903
v 1044.9245 385.1959 -369.2188
v 1044.6630 385.2095 -365.5881
v 1043.9326 385.2095 -369.0111
v 1043.6988 385.2232 -365.3785
v 1042.9427 385.2232 -368.7959
v 1042.7357 385.2368 -365.1618
v 1041.9548 385.2368 -368.5735
v 1041.7742 385.2506 -364.9380
v 1040.9686 385.2506 -368.3441
v 1040.8141 385.2644 -364.7073
v 1039.9843 385.2644 -368.1075
v 1039.8555 385.2782 -364.4698
v 1039.0017 385.2782 -367.8641
v 1038.8990 385.2921 -364.2255
v 1038.0207 385.2921 -367.6136
v 1037.9446 385.3061 -363.9744
v 1037.0411 385.3061 -367.3558
v 1036.9924 385.3201 -363.7161
v 1036.0633 385.3201 -367.0906
v 1036.0427 385.3342 -363.4507
v 1035.0870 385.3342 -366.8178
v 1035.0955 385.3483 -363.1777
v 1034.1127 385.3483 -366.5369
v 1034.1503 385.3625 -362.8971
v 1033.1409 385.3625 -366.2484
v 1033.2070 385.3767 -362.6089
v 1032.1717 385.3767 -365.9523
v 1032.2661 385.3910 -362.3136
v 1031.2047 385.3910 -365.6488
v 1031.3274 385.4054 -362.0108
v 1030.2401 385.4054 -365.3376
v 1030.3913 385.4197 -361.7008
v 1029.2779 385.4197 -365.0190
v 1029.4576 385.4341 -361.3833
v 1028.3183 385.4341 -364.6927
v 1028.5261 385.4486 -361.0587
v 1027.3615 385.4486 -364.3593
v 1027.5972 385.4632 -360.7269
v 1026.4071 385.4632 -364.0184
v 1026.6712 385.4778 -360.3880
v 1025.4552 385.4778 -363.6700
v 1025.7476 385.4924 -360.0416
v 1024.5064 385.4924 -363.3142
v 1024.8260 385.5071 -359.6882
v 1023.5609 385.5071 -362.9515
v 1023.9065 385.5219 -359.3278
v 1022.6184 385.5219 -362.5822
v 1022.9888 385.5367 -358.9610
v 1021.6792 385.5367 -362.2068
v 1022.0726 385.5515 -358.5879
v 1020.7432 385.5515 -361.8256
v 1021.1577 385.5664 -358.2092
v 1019.8103 385.5664 -361.4394
v 1020.2438 385.5813 -357.8251
v 1018.8806 385.5813 -361.0487
v 1019.3305 385.5962 -357.4365
v 1017.9536 385.5962 -360.6543
v 1018.4178 385.6113 -357.0438
v 1017.0291 385.6113 -360.2565
v 1017.5053 385.6263 -356.6475
v 1016.1073 385.6263 -359.8562
v 1016.5926 385.6414 -356.2486
v 1015.1874 385.6414 -359.4541
v 1015.6803 385.6565 -355.8475
v 1014.2689 385.6565 -359.0503
v 1014.7680 385.6716 -355.4445
v 1013.3517 385.6716 -358.6451
v 1013.8555 385.6868 -355.0400
v 1012.4357 385.6868 -358.2391
v 1012.9426 385.7021 -354.6344
v 1011.5209 385.7021 -357.8326
v 1012.0293 385.7173 -354.2282
v 1010.6069 385.7173 -357.4261
v 1011.1156 385.7326 -353.8217
v 1009.6932 385.7326 -357.0197
v 1010.2012 385.7480 -353.4151
v 1008.7801 385.7480 -356.6136
v 1009.2855 385.7633 -353.0087
v 1007.8678 385.7633 -356.2087
v 1008.3685 385.7787 -352.6031
v 1006.9557 385.7787 -355.8053
v 1007.4501 385.7942 -352.1988
v 1006.0436 385.7942 -355.4038
v 1006.5299 385.8097 -351.7963
v 1005.1315 385.8097 -355.0048
v 1005.6075 385.8252 -351.3958
v 1004.2194 385.8252 -354.6088
v 1004.6824 385.8407 -350.9982
v 1003.3071 385.8407 -354.2166
v 1003.7545 385.8563 -350.6040
v 1002.3943 385.8563 -353.8289
v 1002.8236 385.8719 -350.2141
v 1001.4806 385.8719 -353.4462
v 1001.8892 385.8876 -349.8290
v 1000.5660 385.8876 -353.0693
v 1000.9515 385.9033 -349.4496
v 999.6499 385.9033 -352.6986
v 1000.0105 385.9190 -349.0764
v 998.7320 385.9190 -352.3345
v 999.0661 385.9347 -348.7098
v 997.8122 385.9347 -351.9774
v 998.1182 385.9505 -348.3502
v 996.8904 385.9505 -351.6278
v 997.1668 385.9663 -347.9983
v 995.9663 385.9663 -351.2860
v 996.2126 385.9821 -347.6544
v 995.0393 385.9821 -350.9519
v 995.2556 385.9979 -347.3183
v 994.1095 385.9979 -350.6253
v 994.2962 386.0137 -346.9902
v 993.1768 386.0137 -350.3064
v 993.3346 386.0296 -346.6698
v 992.2412 386.0296 -349.9947
v 992.3707 386.0454 -346.3570
v 991.3030 386.0454 -349.6902
v 991.4049 386.0613 -346.0517
v 990.3620 386.0613 -349.3927
v 990.4374 386.0772 -345.7535
v 989.4184 386.0772 -349.1019
v 989.4682 386.0931 -345.4622
v 988.4724 386.0931 -348.8176
v 988.4971 386.1090 -345.1777
v 987.5244 386.1090 -348.5399
v 987.5240 386.1249 -344.8998
v 986.5746 386.1249 -348.2686
v 986.5485 386.1408 -344.6286
v 985.6234 386.1408 -348.0041
v 985.5708 386.1568 -344.3645
v 984.6704 386.1568 -347.7467
v 984.5915 386.1727 -344.1076
v 983.7155 386.1727 -347.4962
v 983.6098 386.1886 -343.8575
v 982.7592 386.1886 -347.2526
v 982.6256 386.2046 -343.6151
v 981.8018 386.2046 -347.0168
v 981.6394 386.2205 -343.3803
v 980.8426 386.2205 -346.7885
v 980.6512 386.2364 -343.1535
v 979.8818 386.2364 -346.5679
v 979.6609 386.2523 -342.9345
v 978.9194 386.2523 -346.3551
v 978.6690 386.2682 -342.7238
v 977.9553 386.2682 -346.1503
v 977.6756 386.2841 -342.5210
v 976.9894 386.2841 -345.9531
v 976.6809 386.3000 -342.3263
v 976.0216 386.3000 -345.7637
v 975.6849 386.3159 -342.1392
v 975.0522 386.3159 -345.5816
v 974.6874 386.3318 -341.9599
v 974.0816 386.3318 -345.4071
v 973.6882 386.3478 -341.7883
v 973.1098 386.3478 -345.2402
v 972.6877 386.3636 -341.6249
v 972.1368 386.3636 -345.0813
v 971.6861 386.3795 -341.4692
v 971.1624 386.3795 -344.9299
v 970.6831 386.3954 -341.3215
v 970.1869 386.3954 -344.7862
v 969.6791 386.4112 -341.1818
v 969.2103 386.4112 -344.6503
v 968.6739 386.4271 -341.0500
v 968.2328 386.4271 -344.5221
v 967.6675 386.4430 -340.9262
v 967.2544 386.4430 -344.4018
v 966.6607 386.4588 -340.8107
v 966.2745 386.4588 -344.2893
v 965.6539 386.4746 -340.7026
v 965.2929 386.4746 -344.1840
v 964.6469 386.4904 -340.6018
v 964.3101 386.4904 -344.0856
v 963.6396 386.5061 -340.5079
v 963.3262 386.5061 -343.9939
v 962.6321 386.5218 -340.4207
v 962.3413 386.5218 -343.9086
v 961.6249 386.5375 -340.3400
v 961.3550 386.5375 -343.8296
v 960.6186 386.5532 -340.2649
v 960.3670 386.5532 -343.7559
v 959.6129 386.5689 -340.1950
v 959.3776 386.5689 -343.6871
v 958.6080 386.5846 -340.1295
v 958.3868 386.5846 -343.6225
v 957.6039 386.6002 -340.0678
v 957.3948 386.6002 -343.5615
v 956.6006 386.6158 -340.0093
v 956.4015 386.6158 -343.5036
v 955.5982 386.6314 -339.9535
v 955.4070 386.6314 -343.4483
v 954.5969 386.6469 -339.8997
v 954.4112 386.6469 -343.3947
v 953.5964 386.6624 -339.8471
v 953.4144 386.6624 -343.3424
v 952.5963 386.6778 -339.7955
v 952.4172 386.6778 -343.2909
v 951.5964 386.6933 -339.7445
v 951.4197 386.6933 -343.2404
v 950.5973 386.7086 -339.6937
v 950.4214 386.7086 -343.1908
v 949.5991 386.7240 -339.6424
v 949.4220 386.7240 -343.1416
v 948.6023 386.7393 -339.5902
v 948.4214 386.7393 -343.0921
v 947.6071 386.7545 -339.5362
v 947.4194 386.7545 -343.0415
v 946.6141 386.7698 -339.4795
v 946.4154 386.7698 -342.9888
v 945.6236 386.7849 -339.4189
v 945.4094 386.7849 -342.9327
v 944.6355 386.8000 -339.3532
v 944.4016 386.8000 -342.8717
v 943.6497 386.8151 -339.2813
v 943.3925 386.8151 -342.8050
v 942.6660 386.8300 -339.2024
v 942.3823 386.8300 -342.7313
v 941.6841 386.8450 -339.1157
v 941.3715 386.8450 -342.6500
v 940.7037 386.8599 -339.0207
v 940.3607 386.8599 -342.5607
v 939.7246 386.8747 -338.9172
v 939.3503 386.8747 -342.4628
v 938.7469 386.8894 -338.8051
v 938.3404 386.8894 -342.3563
v 937.7707 386.9041 -338.6842
v 937.3309 386.9041 -342.2409
v 936.7965 386.9187 -338.5544
v 936.3217 386.9187 -342.1162
v 935.8250 386.9332 -338.4151
v 935.3125 386.9332 -341.9815
v 934.8568 386.9477 -338.2659
v 934.3030 386.9477 -341.8359
v 933.8917 386.9621 -338.1055
v 933.2941 386.9621 -341.6783
v 932.9295 386.9764 -337.9337
v 932.2864 386.9764 -341.5084
v 931.9710 386.9907 -337.7501
v 931.2796 386.9907 -341.3256
v 931.0163 387.0049 -337.5541
v 930.2740 387.0049 -341.1291
v 930.0661 387.0189 -337.3450
v 929.2697 387.0189 -340.9179
v 929.1207 387.0329 -337.1220
v 928.2672 387.0329 -340.6913
v 928.1796 387.0468 -336.8844
v 927.2680 387.0468 -340.4487
v 927.2420 387.0607 -336.6324
v 926.2729 387.0607 -340.1903
v 926.3086 387.0744 -336.3665
v 925.2819 387.0744 -339.9160
v 925.3796 387.0880 -336.0865
v 924.2951 387.0880 -339.6254
v 924.4549 387.1015 -335.7923
v 923.3132 387.1015 -339.3187
v 923.5343 387.1150 -335.4841
v 922.3368 387.1150 -338.9963
v 922.6174 387.1283 -335.1620
v 921.3665 387.1283 -338.6588
v 921.7045 387.1415 -334.8269
v 920.4021 387.1415 -338.3069
v 920.7971 387.1546 -334.4793
v 919.4425 387.1546 -337.9402
v 919.8951 387.1676 -334.1184
v 918.4886 387.1676 -337.5582
v 918.9981 387.1804 -333.7445
v 917.5409 387.1804 -337.1617
v 918.1064 387.1932 -333.3577
v 916.5996 387.1932 -336.7507
v 917.2201 387.2058 -332.9581
v 915.6649 387.2058 -336.3255
v 916.3398 387.2183 -332.5461
v 914.7366 387.2183 -335.8860
v 915.4654 387.2306 -332.1212
v 913.8153 387.2306 -335.4323
v 914.5966 387.2428 -331.6837
v 912.9015 387.2428 -334.9651
v 913.7339 387.2549 -331.2340
v 911.9948 387.2549 -334.4845
v 912.8773 387.2668 -330.7720
v 911.0955 387.2668 -333.9907
v 912.0267 387.2785 -330.2979
v 910.2040 387.2785 -333.4843
v 911.1824 387.2902 -329.8122
v 909.3198 387.2902 -332.9653
v 910.3440 387.3017 -329.3143
v 908.4441 387.3017 -332.4343
v 909.5111 387.3130 -328.8054
v 907.5760 387.3130 -331.8924
v 908.6849 387.3242 -328.2856
v 906.7152 387.3242 -331.3393
v 907.8649 387.3352 -327.7549
v 905.8620 387.3352 -330.7756
v 907.0513 387.3461 -327.2136
v 905.0163 387.3461 -330.2016
v 906.2438 387.3567 -326.6619
v 904.1781 387.3567 -329.6178
v 905.4420 387.3673 -326.0998
v 903.3479 387.3673 -329.0247
v 904.6457 387.3776 -325.5285
v 902.5248 387.3776 -328.4233
v 903.8553 387.3879 -324.9479
v 901.7088 387.3879 -327.8132
v 903.0700 387.3979 -324.3585
v 900.8999 387.3979 -327.1956
v 902.2897 387.4078 -323.7607
v 900.0978 387.4078 -326.5709
v 901.5143 387.4175 -323.1549
v 899.3021 387.4175 -325.9395
v 900.7434 387.4269 -322.5417
v 898.5127 387.4269 -325.3021
v 899.9769 387.4363 -321.9216
v 897.7289 387.4363 -324.6591
v 899.2150 387.4454 -321.2951
v 896.9502 387.4454 -324.0105
v 898.4576 387.4544 -320.6625
v 896.1767 387.4544 -323.3565
v 897.7046 387.4632 -320.0239
v 895.4081 387.4632 -322.6973
v 896.9560 387.4718 -319.3795
v 894.6444 387.4718 -322.0333
v 896.2117 387.4802 -318.7298
v 893.8851 387.4802 -321.3646
v 895.4723 387.4884 -318.0748
v 893.1301 387.4884 -320.6906
v 894.7374 387.4963 -317.4144
v 892.3798 387.4963 -320.0119
v 894.0067 387.5041 -316.7486
v 891.6341 387.5041 -319.3287
v 893.2802 387.5117 -316.0777
v 890.8929 387.5117 -318.6414
v 892.5577 387.5190 -315.4018
v 890.1561 387.5190 -317.9498
v 891.8389 387.5262 -314.7210
v 889.4236 387.5262 -317.2547
v 891.1234 387.5331 -314.0355
v 888.6953 387.5331 -316.5563
v 890.4106 387.5398 -313.3455
v 887.9712 387.5398 -315.8554
v 889.6996 387.5462 -312.6517
v 887.2508 387.5462 -315.1524
v 888.9897 387.5524 -311.9542
v 886.5341 387.5524 -314.4482
v 888.2799 387.5584 -311.2538
v 885.8203 387.5584 -313.7439
v 887.5694 387.5641 -310.5513
v 885.1086 387.5641 -313.0402
v 886.8575 387.5696 -309.8475
v 884.3982 387.5696 -312.3379
v 886.1437 387.5748 -309.1434
v 883.6882 387.5748 -311.6375
v 885.4275 387.5798 -308.4397
v 882.9778 387.5798 -310.9395
v 884.7088 387.5845 -307.7372
v 882.2663 387.5845 -310.2441
v 883.9874 387.5890 -307.0366
v 881.5530 387.5890 -309.5513
v 883.2637 387.5932 -306.3383
v 880.8375 387.5932 -308.8609
v 882.5377 387.5971 -305.6423
v 880.1198 387.5971 -308.1729
v 881.8095 387.6007 -304.9488
v 879.3997 387.6007 -307.4871
v 881.0794 387.6040 -304.2579
v 878.6772 387.6040 -306.8034
v 880.3478 387.6071 -303.5694
v 877.9523 387.6071 -306.1212
v 879.6151 387.6098 -302.8833
v 877.2252 387.6098 -305.4403
v 878.8819 387.6122 -302.1993
v 876.4959 387.6122 -304.7601
v 878.1488 387.6143 -301.5171
v 875.7649 387.6143 -304.0798
v 877.4165 387.6161 -300.8360
v 875.0325 387.6161 -303.3990
v 876.6859 387.6177 -300.1561
v 874.2990 387.6177 -302.7165
v 875.9580 387.6190 -299.4762
v 873.5652 387.6190 -302.0312
v 875.2335 387.6199 -298.7959
v 872.8319 387.6199 -301.3426
v 874.5139 387.6205 -298.1144
v 872.0994 387.6205 -300.6489
v 873.8001 387.6207 -297.4303
v 871.3693 387.6207 -299.9493
v 873.0924 387.6207 -296.7427
v 870.6429 387.6207 -299.2434
v 872.3914 387.6202 -296.0505
v 869.9209 387.6202 -298.5305
v 871.6974 387.6195 -295.3530
v 869.2045 387.6195 -297.8105
v 871.0105 387.6185 -294.6497
v 868.4943 387.6185 -297.0834
v 870.3307 387.6171 -293.9400
v 867.7909 387.6171 -296.3490
v 869.6580 387.6155 -293.2237
v 867.0947 387.6155 -295.6076
v 868.9922 387.6134 -292.5007
v 866.4059 387.6134 -294.8598
v 868.3333 387.6111 -291.7713
v 865.7244 387.6111 -294.1054
v 867.6815 387.6083 -291.0357
v 865.0501 387.6083 -293.3443
v 867.0368 387.6053 -290.2937
v 864.3834 387.6053 -292.5769
v 866.3989 387.6018 -289.5451
v 863.7243 387.6018 -291.8035
v 865.7672 387.5981 -288.7900
v 863.0729 387.5981 -291.0249
v 865.1416 387.5941 -288.0281
v 862.4283 387.5941 -290.2424
v 864.5222 387.5898 -287.2595
v 861.7892 387.5898 -289.4568
v 863.9084 387.5851 -286.4847
v 861.1553 387.5851 -288.6687
v 863.2995 387.5800 -285.7037
v 860.5261 387.5800 -287.8792
v 862.6945 387.5746 -284.9174
v 859.9007 387.5746 -287.0889
v 862.0926 387.5688 -284.1261
v 859.2784 387.5688 -286.2987
v 861.4927 387.5627 -283.3307
v 858.6581 387.5627 -285.5093
v 860.8942 387.5563 -282.5319
v 858.0393 387.5563 -284.7214
v 860.2958 387.5495 -281.7302
v 857.4209 387.5495 -283.9359
v 859.6966 387.5424 -280.9262
v 856.8020 387.5424 -283.1536
v 859.0954 387.5350 -280.1205
v 856.1820 387.5350 -282.3755
v 858.4903 387.5272 -279.3136
v 855.5601 387.5272 -281.6030
v 857.8795 387.5190 -278.5064
v 854.9352 387.5190 -280.8377
v 857.2612 387.5105 -277.6999
v 854.3064 387.5105 -280.0811
v 856.6323 387.5015 -276.8945
v 853.6731 387.5015 -279.3359
v 855.9898 387.4922 -276.0923
v 853.0332 387.4922 -278.6045
v 855.3318 387.4826 -275.2958
v 852.3850 387.4826 -277.8882
v 854.6561 387.4727 -274.5071
v 851.7270 387.4727 -277.1889
v 853.9611 387.4624 -273.7290
v 851.0574 387.4624 -276.5078
v 853.2455 387.4518 -272.9636
v 850.3754 387.4518 -275.8462
v 852.5081 387.4408 -272.2131
v 849.6799 387.4408 -275.2054
v 851.7481 387.4295 -271.4800
v 848.9703 387.4295 -274.5864
v 850.9640 387.4178 -270.7654
v 848.2475 387.4178 -273.9914
v 850.1544 387.4058 -270.0726
v 847.5107 387.4058 -273.4227
v 849.3188 387.3934 -269.4035
v 846.7602 387.3934 -272.8813
v 848.4555 387.3807 -268.7621
v 845.9965 387.3807 -272.3692
v 847.5638 387.3676 -268.1513
v 845.2204 387.3676 -271.8872
v 846.6433 387.3543 -267.5752
v 844.4317 387.3543 -271.4378
v 845.6964 387.3407 -267.0374
v 843.6294 387.3407 -271.0210
v 844.7250 387.3268 -266.5404
v 842.8134 387.3268 -270.6375
v 843.7291 387.3127 -266.0852
v 841.9865 387.3127 -270.2888
v 842.7103 387.2982 -265.6759
v 841.1487 387.2982 -269.9768
v 841.6724 387.2835 -265.3138
v 840.3001 387.2835 -269.7011
v 840.6180 387.2685 -265.0012
v 839.4407 387.2685 -269.4628
v 839.5504 387.2532 -264.7378
v 838.5721 387.2532 -269.2611
v 838.4709 387.2376 -264.5249
v 837.6961 387.2376 -269.0973
v 837.3835 387.2218 -264.3626
v 836.8127 387.2218 -268.9710
v 836.2919 387.2056 -264.2507
v 835.9224 387.2056 -268.8820
v 835.1980 387.1893 -264.1877
v 835.0273 387.1893 -268.8292
v 834.1028 387.1726 -264.1733
v 834.1302 387.1726 -268.8130
v 833.0090 387.1557 -264.2073
v 833.2321 387.1557 -268.8331
v 831.9194 387.1385 -264.2890
v 832.3338 387.1385 -268.8892
v 830.8372 387.1210 -264.4171
v 831.4352 387.1210 -268.9808
v 829.7627 387.1032 -264.5897
v 830.5387 387.1032 -269.1063
v 828.6977 387.0851 -264.8069
v 829.6460 387.0851 -269.2660
v 827.6454 387.0667 -265.0664
v 828.7563 387.0667 -269.4590
v 826.6068 387.0480 -265.3664
v 827.8709 387.0480 -269.6842
v 825.5825 387.0291 -265.7056
v 826.9915 387.0291 -269.9404
v 824.5735 387.0098 -266.0829
v 826.1196 387.0098 -270.2270
v 823.5798 386.9902 -266.4974
v 825.2572 386.9902 -270.5428
v 822.6038 386.9703 -266.9490
v 824.4048 386.9703 -270.8887
v 821.6466 386.9501 -267.4341
v 823.5627 386.9501 -271.2645
v 820.7077 386.9296 -267.9519
v 822.7336 386.9296 -271.6703
v 819.7877 386.9087 -268.5015
v 821.9187 386.9087 -272.1056
v 818.8890 386.8875 -269.0820
v 821.1185 386.8875 -272.5705
v 818.0127 386.8661 -269.6909
v 820.3322 386.8661 -273.0645
v 817.1602 386.8444 -270.3258
v 819.5594 386.8444 -273.5872
v 816.3316 386.8224 -270.9829
v 818.7986 386.8224 -274.1374
v 815.5261 386.8002 -271.6592
v 818.0488 386.8002 -274.7132
v 814.7431 386.7777 -272.3505
v 817.3078 386.7777 -275.3134
v 813.9813 386.7548 -273.0518
v 816.5724 386.7548 -275.9359
v 813.2365 386.7317 -273.7586
v 815.8408 386.7317 -276.5769
v 812.5056 386.7082 -274.4683
v 815.1113 386.7082 -277.2331
v 811.7853 386.6845 -275.1775
v 814.3814 386.6845 -277.9009
v 811.0721 386.6605 -275.8842
v 813.6496 386.6605 -278.5769
v 810.3628 386.6363 -276.5865
v 812.9144 386.6363 -279.2578
v 809.6543 386.6119 -277.2833
v 812.1751 386.6119 -279.9407
v 808.9449 386.5872 -277.9733
v 811.4305 386.5872 -280.6236
v 808.2325 386.5622 -278.6552
v 810.6796 386.5622 -281.3047
v 807.5151 386.5370 -279.3284
v 809.9224 386.5370 -281.9820
v 806.7914 386.5114 -279.9927
v 809.1587 386.5114 -282.6543
v 806.0607 386.4856 -280.6475
v 808.3886 386.4856 -283.3207
v 805.3223 386.4594 -281.2924
v 807.6121 386.4594 -283.9807
v 804.5756 386.4329 -281.9274
v 806.8294 386.4329 -284.6338
v 803.8204 386.4061 -282.5527
v 806.0411 386.4061 -285.2795
v 803.0567 386.3790 -283.1684
v 805.2477 386.3790 -285.9180
v 802.2853 386.3517 -283.7755
v 804.4487 386.3517 -286.5487
v 801.5069 386.3239 -284.3752
v 803.6443 386.3239 -287.1710
v 800.7220 386.2958 -284.9679
v 802.8349 386.2958 -287.7852
v 799.9309 386.2674 -285.5539
v 802.0208 386.2674 -288.3918
v 799.1340 386.2386 -286.1334
v 801.2025 386.2386 -288.9914
v 798.3319 386.2095 -286.7063
v 800.3799 386.2095 -289.5844
v 797.5249 386.1801 -287.2726
v 799.5530 386.1801 -290.1710
v 796.7135 386.1504 -287.8320
v 798.7214 386.1504 -290.7516
v 795.8976 386.1204 -288.3841
v 797.8850 386.1204 -291.3259
v 795.0771 386.0900 -288.9287
v 797.0437 386.0900 -291.8937
v 794.2525 386.0593 -289.4660
v 796.1972 386.0593 -292.4546
v 793.4233 386.0282 -289.9955
v 795.3455 386.0282 -293.0082
v 792.5894 385.9967 -290.5172
v 794.4889 385.9967 -293.5544
v 791.7506 385.9649 -291.0313
v 793.6276 385.9649 -294.0931
v 790.9070 385.9328 -291.5375
v 792.7616 385.9328 -294.6243
v 790.0590 385.9004 -292.0360
v 791.8910 385.9004 -295.1480
v 789.2069 385.8678 -292.5264
v 791.0154 385.8678 -295.6644
v 788.3508 385.8349 -293.0081
v 790.1342 385.8349 -296.1729
v 787.4910 385.8017 -293.4807
v 789.2473 385.8017 -296.6734
v 786.6280 385.7682 -293.9431
v 788.3532 385.7682 -297.1653
v 785.7614 385.7345 -294.3943
v 787.4516 385.7345 -297.6473
v 784.8911 385.7004 -294.8336
v 786.5420 385.7004 -298.1184
v 784.0167 385.6662 -295.2597
v 785.6239 385.6662 -298.5773
v 783.1377 385.6317 -295.6723
v 784.6974 385.6317 -299.0226
v 782.2536 385.5970 -296.0708
v 783.7628 385.5970 -299.4535
v 781.3647 385.5621 -296.4546
v 782.8197 385.5621 -299.8690
v 780.4702 385.5271 -296.8234
v 781.8688 385.5271 -300.2681
v 779.5703 385.4919 -297.1771
v 780.9104 385.4919 -300.6504
v 778.6654 385.4565 -297.5150
v 779.9443 385.4565 -301.0153
v 777.7550 385.4209 -297.8371
v 778.9714 385.4209 -301.3620
v 776.8392 385.3852 -298.1437
v 777.9922 385.3852 -301.6905
v 775.9181 385.3493 -298.4343
v 777.0070 385.3493 -302.0005
v 774.9913 385.3134 -298.7096
v 776.0171 385.3134 -302.2920
v 774.0597 385.2773 -298.9697
v 775.0225 385.2773 -302.5655
v 773.1232 385.2411 -299.2147
v 774.0238 385.2411 -302.8209
v 772.1815 385.2047 -299.4450
v 773.0222 385.2047 -303.0587
v 771.2349 385.1681 -299.6616
v 772.0182 385.1681 -303.2798
v 770.2842 385.1314 -299.8646
v 771.0120 385.1314 -303.4850
v 769.3301 385.0946 -300.0545
v 770.0034 385.0946 -303.6750
v 768.3726 385.0577 -300.2310
v 768.9928 385.0577 -303.8497
v 767.4112 385.0206 -300.3948
v 767.9814 385.0206 -304.0100
v 766.4463 384.9834 -300.5466
v 766.9694 384.9834 -304.1570
v 765.4786 384.9461 -300.6869
v 765.9567 384.9461 -304.2914
v 764.5087 384.9087 -300.8157
v 764.9430 384.9087 -304.4138
v 763.5363 384.8711 -300.9333
v 763.9289 384.8711 -304.5242
v 762.5609 384.8335 -301.0405
v 762.9155 384.8335 -304.6237
v 761.5829 384.7956 -301.1381
v 761.9027 384.7956 -304.7133
v 760.6029 384.7575 -301.2266
v 760.8901 384.7575 -304.7938
v 759.6214 384.7194 -301.3065
v 759.8777 384.7194 -304.8658
v 758.6382 384.6810 -301.3781
v 758.8657 384.6810 -304.9297
v 757.6538 384.6424 -301.4418
v 757.8540 384.6424 -304.9861
v 756.6684 384.6037 -301.4979
v 756.8424 384.6037 -305.0355
v 755.6826 384.5648 -301.5465
v 755.8304 384.5648 -305.0778
v 754.6966 384.5258 -301.5875
v 754.8181 384.5258 -305.1132
v 753.7110 384.4866 -301.6207
v 753.8049 384.4866 -305.1414
v 752.7259 384.4472 -301.6455
v 752.7908 384.4472 -305.1618
v 751.7406 384.4076 -301.6618
v 751.7766 384.4076 -305.1742
v 750.7552 384.3679 -301.6696
v 750.7624 384.3679 -305.1787
v 749.7700 384.3280 -301.6690
v 749.7479 384.3280 -305.1751
v 748.7847 384.2879 -301.6598
v 748.7336 384.2879 -305.1634
v 747.7995 384.2477 -301.6421
v 747.7195 384.2477 -305.1436
v 746.8136 384.2072 -301.6161
v 746.7063 384.2072 -305.1157
v 745.8269 384.1667 -301.5826
v 745.6945 384.1667 -305.0805
v 744.8395 384.1260 -301.5420
v 744.6837 384.1260 -305.0386
v 743.8512 384.0852 -301.4947
v 743.6745 384.0852 -304.9903
v 742.8616 384.0441 -301.4420
v 742.6670 384.0441 -304.9366
v 741.8708 384.0030 -301.3845
v 741.6613 384.0030 -304.8782
v 740.8788 383.9616 -301.3231
v 740.6572 383.9616 -304.8161
v 739.8859 383.9201 -301.2586
v 739.6543 383.9201 -304.7509
v 738.8922 383.8784 -301.1914
v 738.6526 383.8784 -304.6832
v 737.8981 383.8366 -301.1222
v 737.6515 383.8366 -304.6135
v 736.9044 383.7947 -301.0510
v 736.6503 383.7947 -304.5417
v 735.9111 383.7527 -300.9775
v 735.6491 383.7527 -304.4677
v 734.9186 383.7104 -300.9018
v 734.6474 383.7104 -304.3913
v 733.9270 383.6681 -300.8233
v 733.6453 383.6681 -304.3120
v 732.9364 383.6256 -300.7418
v 732.6427 383.6256 -304.2294
v 731.9469 383.5830 -300.6566
v 731.6396 383.5830 -304.1431
v 730.9587 383.5403 -300.5675
v 730.6360 383.5403 -304.0526
v 729.9717 383.4975 -300.4737
v 729.6320 383.4975 -303.9572
v 728.9858 383.4545 -300.3751
v 728.6280 383.4545 -303.8568
v 728.0013 383.4114 -300.2712
v 727.6237 383.4114 -303.7508
v 727.0179 383.3682 -300.1616
v 726.6195 383.3682 -303.6388
v 726.0360 383.3248 -300.0460
v 725.6154 383.3248 -303.5207
v 725.0550 383.2813 -299.9240
v 724.6118 383.2813 -303.3958
v 724.0743 383.2377 -299.7952
v 723.6096 383.2377 -303.2652
v 723.0944 383.1939 -299.6597
v 722.6082 383.1939 -303.1292
v 722.1152 383.1501 -299.5175
v 721.6077 383.1501 -302.9878
v 721.1366 383.1061 -299.3687
v 720.6084 383.1061 -302.8414
v 720.1584 383.0619 -299.2135
v 719.6102 383.0619 -302.6904
v 719.1803 383.0177 -299.0521
v 718.6137 383.0177 -302.5351
v 718.2024 382.9733 -298.8855
v 717.6184 382.9733 -302.3762
v 717.2257 382.9289 -298.7135
v 716.6233 382.9289 -302.2136
v 716.2502 382.8842 -298.5362
v 715.6287 382.8842 -302.0471
v 715.2760 382.8395 -298.3536
v 714.6345 382.8395 -301.8763
v 714.3031 382.7946 -298.1655
v 713.6407 382.7946 -301.7012
v 713.3321 382.7496 -297.9721
v 712.6469 382.7496 -301.5213
v 712.3639 382.7045 -297.7729
v 711.6528 382.7045 -301.3357
v 711.3991 382.6594 -297.5674
v 710.6577 382.6594 -301.1432
v 710.4386 382.6141 -297.3544
v 709.6618 382.6141 -300.9422
v 709.4828 382.5687 -297.1332
v 708.6654 382.5687 -300.7310
v 708.5331 382.5232 -296.9027
v 707.6678 382.5232 -300.5079
v 707.5900 382.4776 -296.6608
v 706.6702 382.4776 -300.2702
v 706.6533 382.4319 -296.4067
v 705.6735 382.4319 -300.0167
v 705.7238 382.3861 -296.1388
v 704.6784 382.3861 -299.7451
v 704.8015 382.3403 -295.8562
v 703.6862 382.3403 -299.4543
v 703.8870 382.2943 -295.5578
v 702.6977 382.2943 -299.1428
v 702.9807 382.2483 -295.2428
v 701.7139 382.2483 -298.8093
v 702.0826 382.2022 -294.9101
v 700.7365 382.2022 -298.4530
v 701.1943 382.1560 -294.5600
v 699.7652 382.1560 -298.0730
v 700.3163 382.1097 -294.1909
v 698.8023 382.1097 -297.6670
v 699.4486 382.0632 -293.8016
v 697.8488 382.0632 -297.2365
v 698.5914 382.0168 -293.3909
v 696.9066 382.0168 -296.7806
v 697.7433 381.9703 -292.9592
v 695.9775 381.9703 -296.3012
v 696.9048 381.9237 -292.5068
v 695.0616 381.9237 -295.7986
v 696.0753 381.8770 -292.0343
v 694.1599 381.8770 -295.2743
v 695.2535 381.8303 -291.5419
v 693.2733 381.8303 -294.7302
v 694.4393 381.7836 -291.0316
v 692.4012 381.7836 -294.1685
v 693.6321 381.7366 -290.5039
v 691.5435 381.7366 -293.5907
v 692.8310 381.6897 -289.9590
v 690.6990 381.6897 -293.0013
v 692.0355 381.6426 -289.3981
v 689.8664 381.6426 -292.4023
v 691.2444 381.5954 -288.8231
v 689.0440 381.5954 -291.7965
v 690.4567 381.5482 -288.2355
v 688.2307 381.5482 -291.1861
v 689.6708 381.5009 -287.6371
v 687.4248 381.5009 -290.5739
v 688.8855 381.4534 -287.0294
v 686.6248 381.4534 -289.9624
v 688.0995 381.4059 -286.4152
v 685.8280 381.4059 -289.3540
v 687.3134 381.3582 -285.7964
v 685.0320 381.3582 -288.7492
v 686.5263 381.3105 -285.1742
v 684.2359 381.3105 -288.1495
v 685.7370 381.2626 -284.5492
v 683.4389 381.2626 -287.5565
v 684.9445 381.2147 -283.9234
v 682.6396 381.2147 -286.9717
v 684.1490 381.1666 -283.2979
v 681.8367 381.1666 -286.3955
v 683.3497 381.1185 -282.6744
v 681.0293 381.1185 -285.8281
v 682.5450 381.0703 -282.0543
v 680.2192 381.0703 -285.2688
v 681.7326 381.0220 -281.4383
v 679.4063 381.0220 -284.7199
v 680.9109 380.9736 -280.8271
v 678.5907 380.9736 -284.1833
v 680.0761 380.9251 -280.2217
v 677.7736 380.9251 -283.6625
v 679.2237 380.8764 -279.6259
v 676.9555 380.8764 -283.1612
v 678.3508 380.8277 -279.0436
v 676.1357 380.8277 -282.6829
v 677.4534 380.7789 -278.4784
v 675.3145 380.7789 -282.2324
v 676.5275 380.7300 -277.9359
v 674.4917 380.7300 -281.8150
v 675.5717 380.6810 -277.4233
v 673.6656 380.6810 -281.4345
v 674.5851 380.6320 -276.9467
v 672.8358 380.6320 -281.0942
v 673.5681 380.5830 -276.5134
v 672.0014 380.5830 -280.7974
v 672.5211 380.5339 -276.1283
v 671.1642 380.5339 -280.5465
v 671.4441 380.4848 -275.8005
v 670.3268 380.4848 -280.3438
v 670.3427 380.4357 -275.5364
v 669.4876 380.4357 -280.1903
v 669.2236 380.3867 -275.3408
v 668.6456 380.3867 -280.0865
v 668.0883 380.3376 -275.2149
v 667.8054 380.3376 -280.0323
v 666.9385 380.2885 -275.1646
v 666.9729 380.2885 -280.0303
v 665.7810 380.2395 -275.1939
v 666.1503 380.2395 -280.0813
v 664.6247 380.1905 -275.3069
v 665.3380 380.1905 -280.1864
v 663.4779 380.1416 -275.5029
v 664.5378 380.1416 -280.3446
v 662.3464 380.0927 -275.7830
v 663.7538 380.0927 -280.5557
v 661.2362 380.0439 -276.1465
v 662.9888 380.0439 -280.8189
v 660.1546 379.9951 -276.5928
v 662.2442 379.9951 -281.1344
v 659.1107 379.9464 -277.1172
v 661.5206 379.9464 -281.5017
v 658.1097 379.8978 -277.7144
v 660.8208 379.8978 -281.9192
v 657.1562 379.8493 -278.3772
v 660.1482 379.8493 -282.3868
v 656.2510 379.8009 -279.1013
v 659.5062 379.8009 -282.9003
v 655.3972 379.7525 -279.8845
v 658.9002 379.7525 -283.4561
v 654.5984 379.7042 -280.7221
v 658.3317 379.7042 -284.0523
v 653.8568 379.6559 -281.6114
v 657.8037 379.6559 -284.6855
v 653.1775 379.6077 -282.5463
v 657.3178 379.6077 -285.3541
v 652.5618 379.5596 -283.5207
v 656.8744 379.5596 -286.0559
v 652.0101 379.5114 -284.5321
v 656.4766 379.5114 -286.7851
v 651.5252 379.4633 -285.5757
v 656.1257 379.4633 -287.5403
v 651.1072 379.4152 -286.6462
v 655.8222 379.4152 -288.3177
v 650.7572 379.3670 -287.7420
v 655.5686 379.3670 -289.1118
v 650.4782 379.3188 -288.8552
v 655.3651 379.3188 -289.9234
v 650.2676 379.2706 -289.9819
v 655.2112 379.2706 -290.7472
v 650.1276 379.2224 -291.1202
v 655.1090 379.2224 -291.5783
v 650.0577 379.1740 -292.2649
v 655.0579 379.1740 -292.4142
v 650.0607 379.1255 -293.4138
v 655.0575 379.1255 -293.2494
v 650.1387 379.0768 -294.5592
v 655.1073 379.0768 -294.0838
v 650.2901 379.0280 -295.6964
v 655.2059 379.0280 -294.9148
v 650.5155 378.9791 -296.8222
v 655.3531 378.9791 -295.7371
v 650.8144 378.9300 -297.9300
v 655.5494 378.9300 -296.5501
v 651.1858 378.8807 -299.0183
v 655.7922 378.8807 -297.3478
v 651.6323 378.8313 -300.0816
v 656.0828 378.8313 -298.1252
v 652.1506 378.7817 -301.1101
v 656.4219 378.7817 -298.8834
v 652.7380 378.7318 -302.0998
v 656.8079 378.7318 -299.6189
v 653.3900 378.6819 -303.0415
v 657.2433 378.6819 -300.3328
v 654.0969 378.6317 -303.9325
v 657.7271 378.6317 -301.0266
v 654.8536 378.5813 -304.7742
v 658.2576 378.5813 -301.6954
v 655.6525 378.5307 -305.5635
v 658.8348 378.5307 -302.3403
v 656.4844 378.4798 -306.3005
v 659.4560 378.4798 -302.9624
v 657.3420 378.4288 -306.9876
v 660.1178 378.4288 -303.5623
v 658.2184 378.3776 -307.6288
v 660.8165 378.3776 -304.1417
v 659.1086 378.3262 -308.2293
v 661.5475 378.3262 -304.7020
v 660.0084 378.2746 -308.7938
v 662.3077 378.2746 -305.2455
v 660.9131 378.2228 -309.3276
v 663.0938 378.2228 -305.7751
v 661.8177 378.1708 -309.8355
v 663.9038 378.1708 -306.2942
v 662.7190 378.1187 -310.3244
v 664.7327 378.1187 -306.8075
v 663.6157 378.0664 -310.7994
v 665.5763 378.0664 -307.3174
v 664.5055 378.0139 -311.2658
v 666.4313 378.0139 -307.8285
v 665.3898 377.9613 -311.7294
v 667.2917 377.9613 -308.3425
v 666.2699 377.9085 -312.1929
v 668.1545 377.9085 -308.8598
v 667.1443 377.8556 -312.6594
v 669.0190 377.8556 -309.3810
v 668.0130 377.8025 -313.1321
v 669.8833 377.8025 -309.9060
v 668.8754 377.7492 -313.6111
v 670.7480 377.7492 -310.4352
v 669.7306 377.6958 -314.0988
v 671.6110 377.6958 -310.9707
v 670.5805 377.6422 -314.5960
v 672.4707 377.6422 -311.5109
v 671.4240 377.5883 -315.1021
v 673.3277 377.5883 -312.0568
v 672.2598 377.5344 -315.6174
v 674.1824 377.5344 -312.6094
v 673.0870 377.4802 -316.1431
v 675.0342 377.4802 -313.1695
v 673.9047 377.4258 -316.6796
v 675.8828 377.4258 -313.7378
v 674.7133 377.3713 -317.2285
v 676.7260 377.3713 -314.3153
v 675.5142 377.3166 -317.7891
v 677.5631 377.3166 -314.9012
v 676.3073 377.2617 -318.3594
v 678.3932 377.2617 -315.4981
v 677.0928 377.2065 -318.9399
v 679.2156 377.2065 -316.1059
v 677.8711 377.1512 -319.5307
v 680.0297 377.1512 -316.7240
v 678.6423 377.0957 -320.1316
v 680.8357 377.0957 -317.3519
v 679.4056 377.0399 -320.7428
v 681.6342 377.0399 -317.9889
v 680.1606 376.9840 -321.3645
v 682.4257 376.9840 -318.6345
v 680.9076 376.9279 -321.9968
v 683.2095 376.9279 -319.2883
v 681.6475 376.8715 -322.6388
v 683.9858 376.8715 -319.9498
v 682.3804 376.8151 -323.2896
v 684.7543 376.8151 -320.6194
v 683.1072 376.7584 -323.9492
v 685.5147 376.7584 -321.2964
v 683.8296 376.7014 -324.6175
v 686.2665 376.7014 -321.9791
v 684.5498 376.6442 -325.2938
v 687.0100 376.6442 -322.6653
v 685.2703 376.5867 -325.9770
v 687.7459 376.5867 -323.3527
v 685.9936 376.5290 -326.6650
v 688.4757 376.5290 -324.0388
v 686.7225 376.4710 -327.3562
v 689.2007 376.4710 -324.7210
v 687.4607 376.4128 -328.0483
v 689.9222 376.4128 -325.3955
v 688.2113 376.3544 -328.7376
v 690.6434 376.3544 -326.0596
v 688.9751 376.2956 -329.4205
v 691.3678 376.2956 -326.7116
v 689.7525 376.2365 -330.0951
v 692.0984 376.2365 -327.3486
v 690.5448 376.1772 -330.7590
v 692.8373 376.1772 -327.9690
v 691.3527 376.1175 -331.4092
v 693.5859 376.1175 -328.5715
v 692.1768 376.0576 -332.0432
v 694.3453 376.0576 -329.1558
v 693.0158 375.9972 -332.6590
v 695.1175 375.9972 -329.7211
v 693.8677 375.9366 -333.2578
v 695.9036 375.9366 -330.2655
v 694.7322 375.8755 -333.8388
v 696.7039 375.8755 -330.7885
v 695.6075 375.8142 -334.4013
v 697.5188 375.8142 -331.2907
v 696.4914 375.7525 -334.9454
v 698.3488 375.7525 -331.7735
v 697.3809 375.6905 -335.4722
v 699.1938 375.6905 -332.2391
v 698.2738 375.6281 -335.9841
v 700.0527 375.6281 -332.6898
v 699.1684 375.5652 -336.4824
v 700.9241 375.5652 -333.1287
v 700.0624 375.5019 -336.9692
v 701.8069 375.5019 -333.5593
v 700.9527 375.4384 -337.4474
v 702.7004 375.4384 -333.9852
v 701.8370 375.3746 -337.9204
v 703.6029 375.3746 -334.4106
v 702.7146 375.3105 -338.3897
v 704.5115 375.3105 -334.8407
v 703.5839 375.2461 -338.8590
v 705.4244 375.2461 -335.2786
v 704.4424 375.1814 -339.3312
v 706.3405 375.1814 -335.7275
v 705.2875 375.1165 -339.8098
v 707.2586 375.1165 -336.1912
v 706.1170 375.0513 -340.2977
v 708.1766 375.0513 -336.6732
v 706.9280 374.9860 -340.7980
v 709.0927 374.9860 -337.1774
v 707.7180 374.9205 -341.3137
v 710.0043 374.9205 -337.7073
v 708.4837 374.8548 -341.8467
v 710.9094 374.8548 -338.2667
v 709.2201 374.7891 -342.3986
v 711.8058 374.7891 -338.8608
v 709.9232 374.7232 -342.9712
v 712.6890 374.7232 -339.4950
v 710.5903 374.6573 -343.5651
v 713.5527 374.6573 -340.1744
v 711.2179 374.5914 -344.1815
v 714.3908 374.5914 -340.9025
v 711.8028 374.5255 -344.8213
v 715.1965 374.5255 -341.6819
v 712.3421 374.4595 -345.4846
v 715.9627 374.4595 -342.5138
v 712.8334 374.3935 -346.1703
v 716.6820 374.3935 -343.3993
v 713.2761 374.3275 -346.8769
v 717.3447 374.3275 -344.3381
v 713.6680 374.2616 -347.6020
v 717.9441 374.2616 -345.3278
v 714.0059 374.1957 -348.3424
v 718.4730 374.1957 -346.3663
v 714.2877 374.1299 -349.0961
v 718.9238 374.1299 -347.4488
v 714.5120 374.0642 -349.8616
v 719.2892 374.0642 -348.5683
v 714.6781 373.9984 -350.6363
v 719.5645 373.9984 -349.7172
v 714.7851 373.9326 -351.4190
v 719.7453 373.9326 -350.8869
v 714.8329 373.8670 -352.2071
v 719.8303 373.8670 -352.0682
v 714.8213 373.8014 -352.9994
v 719.8187 373.8014 -353.2508
v 714.7505 373.7360 -353.7948
v 719.7143 373.7360 -354.4240
v 714.6197 373.6705 -354.5882
v 719.5233 373.6705 -355.5820
v 714.4305 373.6050 -355.3732
v 719.2489 373.6050 -356.7208
v 714.1848 373.5396 -356.1431
v 718.8929 373.5396 -357.8363
v 713.8838 373.4742 -356.8935
v 718.4571 373.4742 -358.9227
v 713.5291 373.4088 -357.6208
v 717.9444 373.4088 -359.9740
v 713.1234 373.3435 -358.3202
v 717.3575 373.3435 -360.9858
v 712.6700 373.2782 -358.9866
v 716.6972 373.2782 -361.9539
v 712.1729 373.2130 -359.6172
v 715.9634 373.2130 -362.8710
v 711.6333 373.1477 -360.2095
v 715.1598 373.1477 -363.7297
v 711.0517 373.0824 -360.7626
v 714.2931 373.0824 -364.5221
v 710.4311 373.0171 -361.2745
v 713.3697 373.0171 -365.2446
v 709.7754 372.9518 -361.7413
v 712.3938 372.9518 -365.8940
v 709.0873 372.8865 -362.1605
v 711.3713 372.8865 -366.4660
v 708.3678 372.8211 -362.5308
v 710.3104 372.8211 -366.9564
v 707.6168 372.7557 -362.8522
v 709.2220 372.7557 -367.3631
v 706.8346 372.6903 -363.1257
v 708.1169 372.6903 -367.6876
v 706.0247 372.6248 -363.3519
v 707.0023 372.6248 -367.9348
v 705.1912 372.5594 -363.5310
v 705.8827 372.5594 -368.1093
v 704.3344 372.4940 -363.6643
v 704.7664 372.4940 -368.2153
v 703.4545 372.4285 -363.7548
v 703.6608 372.4285 -368.2612
v 702.5545 372.3629 -363.8054
v 702.5689 372.3629 -368.2562
v 701.6383 372.2973 -363.8204
v 701.4912 372.2973 -368.2085
v 700.7089 372.2316 -363.8034
v 700.4276 372.2316 -368.1247
v 699.7687 372.1659 -363.7586
v 699.3770 372.1659 -368.0109
v 698.8182 372.1001 -363.6893
v 698.3402 372.1001 -367.8723
v 697.8592 372.0342 -363.6007
v 697.3156 372.0342 -367.7150
v 696.8951 371.9682 -363.4957
v 696.2998 371.9682 -367.5422
v 695.9271 371.9021 -363.3770
v 695.2916 371.9021 -367.3566
v 694.9554 371.8360 -363.2467
v 694.2906 371.8360 -367.1607
v 693.9811 371.7697 -363.1073
v 693.2949 371.7697 -366.9567
v 693.0054 371.7034 -362.9600
v 692.3033 371.7034 -366.7454
v 692.0286 371.6370 -362.8057
v 691.3149 371.6370 -366.5289
v 691.0517 371.5706 -362.6425
v 690.3288 371.5706 -366.3099
v 690.0742 371.5041 -362.4715
v 689.3450 371.5041 -366.0895
v 689.0965 371.4375 -362.2936
v 688.3629 371.4375 -365.8685
v 688.1197 371.3710 -362.1096
v 687.3813 371.3710 -365.6474
v 687.1444 371.3043 -361.9195
v 686.3995 371.3043 -365.4254
v 686.1688 371.2376 -361.7229
v 685.4195 371.2376 -365.2028
v 685.1918 371.1707 -361.5216
v 684.4418 371.1707 -364.9813
v 684.2144 371.1038 -361.3169
v 683.4649 371.1038 -364.7613
v 683.2366 371.0368 -361.1096
v 682.4885 371.0368 -364.5429
v 682.2586 370.9698 -360.9003
v 681.5124 370.9698 -364.3263
v 681.2802 370.9026 -360.6896
v 680.5366 370.9026 -364.1116
v 680.3012 370.8354 -360.4782
v 679.5611 370.8354 -363.8990
v 679.3226 370.7682 -360.2671
v 678.5846 370.7682 -363.6884
v 678.3456 370.7009 -360.0564
v 677.6066 370.7009 -363.4774
v 677.3692 370.6335 -359.8451
v 676.6283 370.6335 -363.2657
v 676.3926 370.5661 -359.6333
v 675.6502 370.5661 -363.0537
v 675.4164 370.4986 -359.4212
v 674.6721 370.4986 -362.8411
v 674.4405 370.4310 -359.2085
v 673.6939 370.4310 -362.6279
v 673.4649 370.3634 -358.9951
v 672.7157 370.3634 -362.4139
v 672.4896 370.2957 -358.7810
v 671.7375 370.2957 -362.1992
v 671.5143 370.2280 -358.5658
v 670.7597 370.2280 -361.9835
v 670.5390 370.1602 -358.3503
v 669.7822 370.1602 -361.7675
v 669.5641 370.0923 -358.1340
v 668.8046 370.0923 -361.5506
v 668.5894 370.0244 -357.9169
v 667.8270 370.0244 -361.3328
v 667.6154 369.9564 -357.6990
v 666.8493 369.9564 -361.1142
v 666.6420 369.8884 -357.4800
v 665.8716 369.8884 -360.8942
v 665.6688 369.8203 -357.2598
v 664.8941 369.8203 -360.6730
v 664.6959 369.7521 -357.0383
v 663.9168 369.7521 -360.4505
v 663.7233 369.6840 -356.8156
v 662.9399 369.6840 -360.2268
v 662.7510 369.6158 -356.5916
v 661.9632 369.6158 -360.0018
v 661.7792 369.5475 -356.3664
v 660.9867 369.5475 -359.7755
v 660.8075 369.4793 -356.1399
v 660.0106 369.4793 -359.5480
v 659.8363 369.4109 -355.9122
v 659.0346 369.4109 -359.3191
v 658.8659 369.3426 -355.6825
v 658.0586 369.3426 -359.0890
v 657.8962 369.2742 -355.4510
v 657.0826 369.2742 -358.8579
v 656.9281 369.2058 -355.2174
v 656.1058 369.2058 -358.6251
v 655.9619 369.1373 -354.9808
v 655.1285 369.1373 -358.3898
v 654.9971 369.0688 -354.7409
v 654.1513 369.0688 -358.1517
v 654.0337 369.0003 -354.4974
v 653.1744 369.0003 -357.9106
v 653.0718 368.9317 -354.2500
v 652.1978 368.9317 -357.6662
v 652.1123 368.8631 -353.9987
v 651.2209 368.8631 -357.4178
v 651.1553 368.7945 -353.7426
v 650.2439 368.7945 -357.1645
v 650.2008 368.7258 -353.4811
v 649.2673 368.7258 -356.9059
v 649.2490 368.6571 -353.2139
v 648.2912 368.6571 -356.6415
v 648.3009 368.5884 -352.9405
v 647.3152 368.5884 -356.3701
v 647.3573 368.5197 -352.6601
v 646.3391 368.5197 -356.0906
v 646.4186 368.4509 -352.3713
v 645.3636 368.4509 -355.8014
v 645.4843 368.3821 -352.0732
v 644.3898 368.3821 -355.5018
v 644.5547 368.3133 -351.7653
v 643.4181 368.3133 -355.1912
v 643.6300 368.2443 -351.4470
v 642.4488 368.2443 -354.8688
v 642.7104 368.1755 -351.1179
v 641.4826 368.1755 -354.5339
v 641.7961 368.1065 -350.7773
v 640.5199 368.1065 -354.1860
v 640.8867 368.0376 -350.4250
v 639.5616 368.0376 -353.8249
v 639.9824 367.9686 -350.0609
v 638.6081 367.9686 -353.4505
v 639.0841 367.8996 -349.6853
v 637.6590 367.8996 -353.0622
v 638.1928 367.8306 -349.2979
v 636.7142 367.8306 -352.6589
v 637.3080 367.7615 -348.8975
v 635.7756 367.7615 -352.2402
v 636.4298 367.6924 -348.4846
v 634.8432 367.6924 -351.8062
v 635.5587 367.6233 -348.0591
v 633.9176 367.6233 -351.3556
v 634.6943 367.5542 -347.6208
v 633.0000 367.5542 -350.8885
v 633.8373 367.4851 -347.1690
v 632.0901 367.4851 -350.4055
v 632.9879 367.4159 -346.7034
v 631.1887 367.4159 -349.9068
v 632.1456 367.3467 -346.2237
v 630.2964 367.3467 -349.3931
v 631.3111 367.2775 -345.7310
v 629.4126 367.2775 -348.8646
v 630.4846 367.2082 -345.2245
v 628.5383 367.2082 -348.3210
v 629.6653 367.1390 -344.7046
v 627.6738 367.1390 -347.7637
v 628.8539 367.0698 -344.1719
v 626.8187 367.0698 -347.1925
v 628.0497 367.0005 -343.6260
v 625.9739 367.0005 -346.6084
v 627.2522 366.9312 -343.0670
v 625.1390 366.9312 -346.0136
v 626.4619 366.8618 -342.4948
v 624.3127 366.8618 -345.4095
v 625.6783 366.7925 -341.9103
v 623.4947 366.7925 -344.7972
v 624.9008 366.7231 -341.3141
v 622.6845 366.7231 -344.1779
v 624.1286 366.6538 -340.7070
v 621.8818 366.6538 -343.5530
v 623.3601 366.5844 -340.0898
v 621.0862 366.5844 -342.9241
v 622.5947 366.5149 -339.4643
v 620.2962 366.5149 -342.2928
v 621.8313 366.4455 -338.8315
v 619.5110 366.4455 -341.6600
v 621.0684 366.3760 -338.1925
v 618.7300 366.3760 -341.0278
v 620.3044 366.3066 -337.5487
v 617.9521 366.3066 -340.3978
v 619.5375 366.2371 -336.9017
v 617.1764 366.2371 -339.7720
v 618.7660 366.1676 -336.2531
v 616.4015 366.1676 -339.1523
v 617.9879 366.0981 -335.6048
v 615.6265 366.0981 -338.5409
v 617.2008 366.0287 -334.9587
v 614.8502 366.0287 -337.9403
v 616.4026 365.9592 -334.3172
v 614.0714 365.9592 -337.3528
v 615.5911 365.8897 -333.6827
v 613.2890 365.8897 -336.7811
v 614.7639 365.8202 -333.0583
v 612.5017 365.8202 -336.2279
v 613.9184 365.7507 -332.4474
v 611.7091 365.7507 -335.6950
v 613.0537 365.6811 -331.8549
v 610.9090 365.6811 -335.1843
v 612.1705 365.6116 -331.2836
v 610.0997 365.6116 -334.6960
v 611.2683 365.5421 -330.7360
v 609.2808 365.5421 -334.2316
v 610.3474 365.4725 -330.2143
v 608.4522 365.4725 -333.7920
v 609.4076 365.4030 -329.7206
v 607.6140 365.4030 -333.3785
v 608.4495 365.3335 -329.2570
v 606.7663 365.3335 -332.9920
v 607.4745 365.2640 -328.8259
v 605.9086 365.2640 -332.6335
v 606.4831 365.1945 -328.4288
v 605.0427 365.1945 -332.3027
v 605.4747 365.1250 -328.0688
v 604.1698 365.1250 -332.0005
v 604.4512 365.0555 -327.7478
v 603.2896 365.0555 -331.7274
v 603.4146 364.9860 -327.4676
v 602.4020 364.9860 -331.4844
v 602.3682 364.9166 -327.2294
v 601.5061 364.9166 -331.2711
v 601.3164 364.8471 -327.0331
v 600.6002 364.8471 -331.0871
v 600.2621 364.7776 -326.8760
v 599.6844 364.7776 -330.9306
v 599.2063 364.7081 -326.7552
v 598.7601 364.7081 -330.8021
v 598.1508 364.6386 -326.6686
v 597.8281 364.6386 -330.7005
v 597.0976 364.5692 -326.6141
v 596.8886 364.5692 -330.6247
v 596.0481 364.4997 -326.5886
v 595.9421 364.4997 -330.5727
v 595.0024 364.4303 -326.5896
v 594.9904 364.4303 -330.5429
v 593.9595 364.3608 -326.6150
v 594.0356 364.3608 -330.5342
v 592.9205 364.2913 -326.6637
v 593.0774 364.2913 -330.5464
v 591.8874 364.2219 -326.7331
v 592.1145 364.2219 -330.5775
v 590.8608 364.1525 -326.8200
v 591.1469 364.1525 -330.6258
v 589.8405 364.0831 -326.9215
v 590.1748 364.0831 -330.6888
v 588.8263 364.0137 -327.0347
v 589.1985 364.0137 -330.7646
v 587.8183 363.9443 -327.1565
v 588.2176 363.9443 -330.8509
v 586.8163 363.8750 -327.2839
v 587.2321 363.8750 -330.9451
v 585.8191 363.8056 -327.4141
v 586.2426 363.8056 -331.0447
v 584.8255 363.7363 -327.5449
v 585.2499 363.7363 -331.1476
v 583.8349 363.6671 -327.6743
v 584.2543 363.6671 -331.2523
v 582.8469 363.5978 -327.8010
v 583.2558 363.5978 -331.3572
v 581.8611 363.5286 -327.9229
v 582.2543 363.5286 -331.4606
v 580.8769 363.4594 -328.0388
v 581.2504 363.4594 -331.5612
v 579.8932 363.3902 -328.1476
v 580.2448 363.3902 -331.6577
v 578.9095 363.3210 -328.2489
v 579.2381 363.3210 -331.7497
v 577.9253 363.2519 -328.3423
v 578.2306 363.2519 -331.8368
v 576.9406 363.1828 -328.4278
v 577.2226 363.1828 -331.9189
v 575.9550 363.1137 -328.5053
v 576.2143 363.1137 -331.9958
v 574.9683 363.0447 -328.5755
v 575.2062 363.0447 -332.0674
v 573.9805 362.9756 -328.6399
v 574.1984 362.9756 -332.1331
v 572.9926 362.9066 -328.6987
v 573.1899 362.9066 -332.1932
v 572.0049 362.8377 -328.7515
v 572.1806 362.8377 -332.2471
v 571.0169 362.7687 -328.7981
v 571.1710 362.7687 -332.2947
v 570.0288 362.6998 -328.8386
v 570.1610 362.6998 -332.3361
v 569.0404 362.6310 -328.8728
v 569.1507 362.6310 -332.3711
v 568.0515 362.5621 -328.9009
v 568.1406 362.5621 -332.3998
v 567.0622 362.4933 -328.9232
v 567.1305 362.4933 -332.4225
v 566.0722 362.4244 -328.9396
v 566.1210 362.4244 -332.4392
v 565.0811 362.3555 -328.9508
v 565.1123 362.3555 -332.4507
v 564.0896 362.2867 -328.9573
v 564.1040 362.2867 -332.4572
v 563.0976 362.2179 -328.9590
v 563.0961 362.2179 -332.4590
v 562.1055 362.1492 -328.9564
v 562.0882 362.1492 -332.4564
v 561.1136 362.0804 -328.9492
v 561.0802 362.0804 -332.4490
v 560.1222 362.0117 -328.9374
v 560.0719 362.0117 -332.4371
v 559.1314 361.9429 -328.9207
v 559.0631 361.9429 -332.4200
v 558.1410 361.8742 -328.8988
v 558.0541 361.8742 -332.3977
v 557.1515 361.8055 -328.8715
v 557.0445 361.8055 -332.3698
v 556.1627 361.7369 -328.8383
v 556.0345 361.7369 -332.3360
v 555.1747 361.6683 -328.7990
v 555.0244 361.6683 -332.2958
v 554.1872 361.5997 -328.7534
v 554.0141 361.5997 -332.2492
v 553.2003 361.5311 -328.7012
v 553.0040 361.5311 -332.1957
v 552.2139 361.4625 -328.6426
v 551.9941 361.4625 -332.1357
v 551.2282 361.3940 -328.5771
v 550.9844 361.3940 -332.0687
v 550.2427 361.3254 -328.5050
v 549.9755 361.3254 -331.9948
v 549.2575 361.2569 -328.4262
v 548.9672 361.2569 -331.9142
v 548.2729 361.1884 -328.3410
v 547.9594 361.1884 -331.8270
v 547.2890 361.1199 -328.2493
v 546.9521 361.1199 -331.7330
v 546.3059 361.0515 -328.1508
v 545.9454 361.0515 -331.6322
v 545.3233 360.9831 -328.0457
v 544.9395 360.9831 -331.5246
v 544.3413 360.9148 -327.9341
v 543.9345 360.9148 -331.4104
v 543.3602 360.8464 -327.8160
v 542.9302 360.8464 -331.2895
v 542.3800 360.7780 -327.6913
v 541.9265 360.7780 -331.1618
v 541.4007 360.7097 -327.5599
v 540.9237 360.7097 -331.0273
v 540.4225 360.6414 -327.4220
v 539.9218 360.6414 -330.8860
v 539.4456 360.5731 -327.2773
v 538.9204 360.5731 -330.7377
v 538.4704 360.5049 -327.1256
v 537.9196 360.5049 -330.5821
v 537.4966 360.4366 -326.9668
v 536.9198 360.4366 -330.4190
v 536.5245 360.3685 -326.8005
v 535.9207 360.3685 -330.2481
v 535.5543 360.3003 -326.6266
v 534.9226 360.3003 -330.0691
v 534.5858 360.2322 -326.4447
v 533.9257 360.2322 -329.8820
v 533.6192 360.1640 -326.2549
v 532.9300 360.1640 -329.6864
v 532.6544 360.0959 -326.0568
v 531.9361 360.0959 -329.4824
v 531.6913 360.0278 -325.8507
v 530.9437 360.0278 -329.2700
v 530.7307 359.9598 -325.6362
v 529.9527 359.9598 -329.0487
v 529.7720 359.8917 -325.4132
v 528.9638 359.8917 -328.8186
v 528.8154 359.8237 -325.1817
v 527.9768 359.8237 -328.5798
v 527.8607 359.7557 -324.9415
v 526.9923 359.7557 -328.3321
v 526.9075 359.6877 -324.6930
v 526.0104 359.6877 -328.0761
v 525.9562 359.6198 -324.4365
v 525.0310 359.6198 -327.8120
v 525.0063 359.5519 -324.1719
v 524.0545 359.5519 -327.5400
v 524.0575 359.4839 -323.8999
v 523.0810 359.4839 -327.2609
v 523.1097 359.4160 -323.6209
v 522.1103 359.4160 -326.9752
v 522.1630 359.3482 -323.3354
v 521.1424 359.3482 -326.6833
v 521.2178 359.2803 -323.0442
v 520.1764 359.2803 -326.3856
v 520.2745 359.2125 -322.7468
v 519.2124 359.2125 -326.0818
v 519.3327 359.1446 -322.4438
v 518.2504 359.1446 -325.7723
v 518.3927 359.0768 -322.1349
v 517.2905 359.0768 -325.4568
v 517.4543 359.0090 -321.8205
v 516.3327 359.0090 -325.1359
v 516.5177 358.9412 -321.5006
v 515.3769 358.9412 -324.8095
v 515.5825 358.8734 -321.1752
v 514.4232 358.8734 -324.4776
v 514.6484 358.8057 -320.8444
v 513.4721 358.8057 -324.1408
v 513.7152 358.7379 -320.5088
v 512.5234 358.7379 -323.7997
v 512.7827 358.6702 -320.1687
v 511.5770 358.6702 -323.4545
v 511.8508 358.6024 -319.8247
v 510.6327 358.6024 -323.1059
v 510.9195 358.5348 -319.4770
v 509.6904 358.5348 -322.7542
v 509.9882 358.4670 -319.1262
v 508.7502 358.4670 -322.3999
v 509.0573 358.3993 -318.7728
v 507.8113 358.3993 -322.0435
v 508.1268 358.3316 -318.4171
v 506.8737 358.3316 -321.6851
v 507.1963 358.2639 -318.0593
v 505.9375 358.2639 -321.3250
v 506.2658 358.1963 -317.6997
v 505.0024 358.1963 -320.9637
v 505.3352 358.1286 -317.3389
v 504.0682 358.1286 -320.6015
v 504.4048 358.0610 -316.9770
v 503.1347 358.0610 -320.2385
v 503.4747 357.9933 -316.6143
v 502.2014 357.9933 -319.8745
v 502.5450 357.9257 -316.2507
v 501.2685 357.9257 -319.5096
v 501.6157 357.8581 -315.8862
v 500.3359 357.8581 -319.1438
v 500.6868 357.7905 -315.5207
v 499.4037 357.7905 -318.7770
v 499.7583 357.7229 -315.1543
v 498.4719 357.7229 -318.4093
v 498.8305 357.6553 -314.7871
v 497.5400 357.6553 -318.0405
v 497.9039 357.5877 -314.4187
v 496.6081 357.5877 -317.6700
v 496.9780 357.5201 -314.0488
v 495.6768 357.5201 -317.2979
v 496.0528 357.4525 -313.6773
v 494.7460 357.4525 -316.9242
v 495.1282 357.3850 -313.3043
v 493.8158 357.3850 -316.5489
v 494.2045 357.3174 -312.9297
v 492.8861 357.3174 -316.1719
v 493.2817 357.2498 -312.5534
v 491.9570 357.2498 -315.7931
v 492.3592 357.1823 -312.1752
v 491.0290 357.1823 -315.4126
v 491.4370 357.1147 -311.7955
v 490.1019 357.1147 -315.0308
v 490.5154 357.0472 -311.4143
v 489.1753 357.0472 -314.6476
v 489.5944 356.9797 -311.0318
v 488.2494 356.9797 -314.2630
v 488.6740 356.9122 -310.6479
v 487.3239 356.9122 -313.8770
v 487.7545 356.8447 -310.2625
v 486.3988 356.8447 -313.4893
v 486.8360 356.7772 -309.8756
v 485.4742 356.7772 -313.0998
v 485.9185 356.7097 -309.4870
v 484.5501 356.7097 -312.7084
v 485.0018 356.6422 -309.0965
v 483.6268 356.6422 -312.3151
v 484.0858 356.5747 -308.7041
v 482.7044 356.5747 -311.9199
v 483.1709 356.5072 -308.3099
v 481.7826 356.5072 -311.5228
v 482.2568 356.4397 -307.9138
v 480.8616 356.4397 -311.1237
v 481.3437 356.3722 -307.5157
v 479.9413 356.3722 -310.7225
v 480.4317 356.3047 -307.1156
v 479.0218 356.3047 -310.3191
v 479.5209 356.2371 -306.7134
v 478.1031 356.2371 -309.9134
v 478.6113 356.1696 -306.3090
v 477.1852 356.1696 -309.5053
v 477.7028 356.1021 -305.9023
v 476.2683 356.1021 -309.0948
v 476.7955 356.0346 -305.4931
v 475.3525 356.0346 -308.6818
v 475.8890 355.9671 -305.0815
v 474.4380 355.9671 -308.2665
v 474.9833 355.8995 -304.6675
v 473.5247 355.8995 -307.8491
v 474.0782 355.8320 -304.2514
v 472.6127 355.8320 -307.4298
v 473.1739 355.7645 -303.8332
v 471.7017 355.7645 -307.0086
v 472.2705 355.6969 -303.4132
v 470.7915 355.6969 -306.5854
v 471.3682 355.6293 -302.9913
v 469.8821 355.6293 -306.1601
v 470.4670 355.5617 -302.5674
v 468.9735 355.5617 -305.7327
v 469.5669 355.4941 -302.1414
v 468.0659 355.4941 -305.3032
v 468.6681 355.4266 -301.7134
v 467.1591 355.4266 -304.8713
v 467.7707 355.3590 -301.2831
v 466.2530 355.3590 -304.4369
v 466.8750 355.2914 -300.8505
v 465.3478 355.2914 -303.9997
v 465.9809 355.2237 -300.4152
v 464.4438 355.2237 -303.5596
v 465.0884 355.1561 -299.9771
v 463.5409 355.1561 -303.1164
v 464.1980 355.0885 -299.5363
v 462.6389 355.0885 -302.6699
v 463.3101 355.0208 -299.0923
v 461.7381 355.0208 -302.2195
v 462.4246 354.9531 -298.6448
v 460.8387 354.9531 -301.7649
v 461.5417 354.8855 -298.1934
v 459.9409 354.8855 -301.3059
v 460.6612 354.8178 -297.7379
v 459.0452 354.8178 -300.8425
v 459.7831 354.7501 -297.2780
v 458.1516 354.7501 -300.3745
v 458.9075 354.6824 -296.8139
v 457.2602 354.6824 -299.9020
v 458.0343 354.6147 -296.3452
v 456.3713 354.6147 -299.4249
v 457.1632 354.5469 -295.8719
v 455.4852 354.5469 -298.9435
v 456.2938 354.4791 -295.3943
v 454.6017 354.4791 -298.4581
v 455.4263 354.4114 -294.9126
v 453.7208 354.4114 -297.9690
v 454.5607 354.3436 -294.4272
v 452.8420 354.3436 -297.4762
v 453.6976 354.2759 -293.9382
v 451.9651 354.2759 -296.9793
v 452.8367 354.2081 -293.4451
v 451.0906 354.2081 -296.4784
v 451.9776 354.1403 -292.9481
v 450.2185 354.1403 -295.9739
v 451.1207 354.0725 -292.4474
v 449.3487 354.0725 -295.4657
v 450.2656 354.0046 -291.9430
v 448.4812 354.0046 -294.9540
v 449.4125 353.9368 -291.4351
v 447.6159 353.9368 -294.4388
v 448.5611 353.8689 -290.9235
v 446.7530 353.8689 -293.9203
v 447.7110 353.8011 -290.4085
v 445.8926 353.8011 -293.3991
v 446.8620 353.7332 -289.8904
v 445.0344 353.7332 -292.8754
v 446.0139 353.6653 -289.3695
v 444.1783 353.6653 -292.3495
v 445.1668 353.5974 -288.8462
v 443.3239 353.5974 -291.8218
v 444.3207 353.5295 -288.3208
v 442.4709 353.5295 -291.2921
v 443.4756 353.4615 -287.7934
v 441.6194 353.4615 -290.7606
v 442.6314 353.3936 -287.2640
v 440.7692 353.3936 -290.2275
v 441.7878 353.3256 -286.7328
v 439.9204 353.3256 -289.6930
v 440.9451 353.2576 -286.2002
v 439.0724 353.2576 -289.1571
v 440.1037 353.1897 -285.6662
v 438.2252 353.1897 -288.6194
v 439.2635 353.1217 -285.1306
v 437.3790 353.1217 -288.0799
v 438.4245 353.0537 -284.5932
v 436.5338 353.0537 -287.5386
v 437.5866 352.9856 -284.0542
v 435.6898 352.9856 -286.9956
v 436.7500 352.9176 -283.5134
v 434.8467 352.9176 -286.4507
v 435.9147 352.8495 -282.9708
v 434.0048 352.8495 -285.9038
v 435.0807 352.7814 -282.4264
v 433.1641 352.7814 -285.3550
v 434.2479 352.7133 -281.8800
v 432.3247 352.7133 -284.8042
v 433.4163 352.6452 -281.3317
v 431.4865 352.6452 -284.2516
v 432.5862 352.5771 -280.7817
v 430.6494 352.5771 -283.6970
v 431.7575 352.5090 -280.2297
v 429.8136 352.5090 -283.1402
v 430.9301 352.4408 -279.6757
v 428.9792 352.4408 -282.5815
v 430.1039 352.3727 -279.1195
v 428.1463 352.3727 -282.0209
v 429.2783 352.3045 -278.5612
v 427.3152 352.3045 -281.4588
v 428.4533 352.2364 -278.0012
v 426.4855 352.2364 -280.8956
v 427.6284 352.1682 -277.4395
v 425.6571 352.1682 -280.3316
v 426.8033 352.1000 -276.8765
v 424.8302 352.1000 -279.7673
v 425.9776 352.0318 -276.3128
v 424.0042 352.0318 -279.2033
v 425.1514 351.9636 -275.7487
v 423.1786 351.9636 -278.6397
v 424.3246 351.8954 -275.1847
v 422.3532 351.8954 -278.0767
v 423.4973 351.8272 -274.6211
v 421.5276 351.8272 -277.5143
v 422.6697 351.7589 -274.0581
v 420.7017 351.7589 -276.9523
v 421.8419 351.6907 -273.4955
v 419.8752 351.6907 -276.3907
v 421.0139 351.6225 -272.9333
v 419.0486 351.6225 -275.8294
v 420.1857 351.5542 -272.3716
v 418.2216 351.5542 -275.2686
v 419.3577 351.4860 -271.8105
v 417.3940 351.4860 -274.7076
v 418.5302 351.4177 -271.2495
v 416.5660 351.4177 -274.1464
v 417.7031 351.3494 -270.6885
v 415.7379 351.3494 -273.5848
v 416.8764 351.2811 -270.1274
v 414.9099 351.2811 -273.0227
v 416.0502 351.2129 -269.5659
v 414.0819 351.2129 -272.4600
v 415.2251 351.1446 -269.0043
v 413.2536 351.1446 -271.8962
v 414.4015 351.0763 -268.4419
v 412.4255 351.0763 -271.3308
v 413.5790 351.0081 -267.8784
v 411.5982 351.0081 -270.7639
v 412.7580 350.9398 -267.3136
v 410.7714 350.9398 -270.1952
v 411.9385 350.8715 -266.7474
v 409.9455 350.8715 -269.6245
v 411.1210 350.8033 -266.1797
v 409.1203 350.8033 -269.0514
v 410.3059 350.7350 -265.6100
v 408.2961 350.7350 -268.4754
v 409.4929 350.6668 -265.0378
v 407.4736 350.6668 -267.8965
v 408.6822 350.5985 -264.4631
v 406.6528 350.5985 -267.3146
v 407.8742 350.5302 -263.8857
v 405.8336 350.5302 -266.7293
v 407.0692 350.4620 -263.3055
v 405.0161 350.4620 -266.1401
v 406.2676 350.3938 -262.7221
v 404.2008 350.3938 -265.5466
v 405.4695 350.3255 -262.1349
v 403.3880 350.3255 -264.9487
v 404.6751 350.2573 -261.5439
v 402.5778 350.2573 -264.3460
v 403.8848 350.1891 -260.9488
v 401.7706 350.1891 -263.7381
v 403.0986 350.1209 -260.3490
v 400.9668 350.1209 -263.1249
v 402.3168 350.0528 -259.7447
v 400.1664 350.0528 -262.5062
v 401.5398 349.9846 -259.1351
v 399.3700 349.9846 -261.8815
v 400.7672 349.9165 -258.5204
v 398.5778 349.9165 -261.2511
v 399.9994 349.8484 -257.9001
v 397.7899 349.8484 -260.6146
v 399.2364 349.7803 -257.2744
v 397.0067 349.7803 -259.9722
v 398.4786 349.7123 -256.6432
v 396.2280 349.7123 -259.3237
v 397.7261 349.6442 -256.0063
v 395.4540 349.6442 -258.6687
v 396.9787 349.5762 -255.3632
v 394.6856 349.5762 -258.0074
v 396.2364 349.5082 -254.7144
v 393.9222 349.5082 -257.3402
v 395.4997 349.4401 -254.0597
v 393.1642 349.4401 -256.6666
v 394.7682 349.3721 -253.3990
v 392.4117 349.3721 -255.9869
v 394.0419 349.3042 -252.7324
v 391.6647 349.3042 -255.3012
v 393.3212 349.2362 -252.0599
v 390.9233 349.2362 -254.6095
v 392.6055 349.1683 -251.3814
v 390.1878 349.1683 -253.9122
v 391.8949 349.1005 -250.6973
v 389.4578 349.1005 -253.2094
v 391.1893 349.0326 -250.0075
v 388.7334 349.0326 -252.5012
v 390.4885 348.9647 -249.3122
v 388.0145 348.9647 -251.7880
v 389.7926 348.8970 -248.6118
v 387.3010 348.8970 -251.0698
v 389.1017 348.8292 -247.9064
v 386.5926 348.8292 -250.3466
v 388.4156 348.7614 -247.1959
v 385.8895 348.7614 -249.6185
v 387.7341 348.6937 -246.4805
v 385.1916 348.6937 -248.8859
v 387.0575 348.6260 -245.7604
v 384.4989 348.6260 -248.1486
v 386.3853 348.5583 -245.0355
v 383.8114 348.5583 -247.4072
v 385.7174 348.4907 -244.3060
v 383.1288 348.4907 -246.6617
v 385.0534 348.4231 -243.5719
v 382.4513 348.4231 -245.9126
v 384.3925 348.3555 -242.8332
v 381.7787 348.3555 -245.1609
v 383.7342 348.2879 -242.0906
v 381.1104 348.2879 -244.4069
v 383.0783 348.2203 -241.3445
v 380.4458 348.2203 -243.6510
v 382.4243 348.1528 -240.5955
v 379.7844 348.1528 -242.8935
v 381.7721 348.0854 -239.8439
v 379.1258 348.0854 -242.1346
v 381.1211 348.0180 -239.0900
v 378.4697 348.0180 -241.3747
v 380.4714 347.9507 -238.3344
v 377.8154 347.9507 -240.6138
v 379.8228 347.8834 -237.5771
v 377.1630 347.8834 -239.8522
v 379.1747 347.8161 -236.8184
v 376.5121 347.8161 -239.0902
v 378.5275 347.7488 -236.0591
v 375.8620 347.7488 -238.3273
v 377.8817 347.6816 -235.2989
v 375.2129 347.6816 -237.5633
v 377.2370 347.6144 -234.5381
v 374.5647 347.6144 -236.7983
v 376.5939 347.5473 -233.7764
v 373.9175 347.5473 -236.0318
v 375.9524 347.4802 -233.0138
v 373.2716 347.4802 -235.2639
v 375.3132 347.4131 -232.2505
v 372.6267 347.4131 -234.4939
v 374.6768 347.3461 -231.4862
v 371.9834 347.3461 -233.7212
v 374.0433 347.2792 -230.7202
v 371.3423 347.2792 -232.9461
v 373.4126 347.2123 -229.9522
v 370.7038 347.2123 -232.1685
v 372.7849 347.1454 -229.1821
v 370.0678 347.1454 -231.3884
v 372.1605 347.0786 -228.4101
v 369.4345 347.0786 -230.6055
v 371.5396 347.0119 -227.6360
v 368.8042 347.0119 -229.8194
v 370.9224 346.9452 -226.8592
v 368.1773 346.9452 -229.0304
v 370.3087 346.8786 -226.0796
v 367.5539 346.8786 -228.2386
v 369.6982 346.8120 -225.2971
v 366.9342 346.8120 -227.4443
v 369.0911 346.7455 -224.5123
v 366.3177 346.7455 -226.6472
v 368.4877 346.6790 -223.7247
v 365.7048 346.6790 -225.8473
v 367.8874 346.6126 -222.9341
v 365.0956 346.6126 -225.0450
v 367.2901 346.5462 -222.1408
v 364.4900 346.5462 -224.2407
v 366.6956 346.4799 -221.3449
v 363.8876 346.4799 -223.4343
v 366.1040 346.4137 -220.5469
v 363.2883 346.4137 -222.6257
v 365.5156 346.3475 -219.7466
v 362.6919 346.3475 -221.8146
v 364.9300 346.2814 -218.9438
v 362.0989 346.2814 -221.0017
v 364.3467 346.2154 -218.1386
v 361.5089 346.2154 -220.1873
v 363.7661 346.1494 -217.3315
v 360.9216 346.1494 -219.3709
v 363.1879 346.0835 -216.5223
v 360.3371 346.0835 -218.5529
v 362.6116 346.0176 -215.7108
v 359.7554 346.0176 -217.7337
v 362.0369 345.9519 -214.8972
v 359.1762 345.9519 -216.9137
v 361.4634 345.8861 -214.0818
v 358.5991 345.8861 -216.0933
v 360.8906 345.8204 -213.2650
v 358.0237 345.8204 -215.2726
v 360.3185 345.7548 -212.4470
v 357.4495 345.7548 -214.4517
v 359.7468 345.6893 -211.6279
v 356.8764 345.6893 -213.6308
v 359.1751 345.6239 -210.8084
v 356.3040 345.6239 -212.8099
v 358.6038 345.5585 -209.9884
v 355.7319 345.5585 -211.9889
v 358.0327 345.4932 -209.1682
v 355.1602 345.4932 -211.1679
v 357.4616 345.4279 -208.3476
v 354.5887 345.4279 -210.3469
v 356.8904 345.3628 -207.5269
v 354.0175 345.3628 -209.5260
v 356.3193 345.2977 -206.7062
v 353.4463 345.2977 -208.7051
v 355.7484 345.2326 -205.8855
v 352.8750 345.2326 -207.8839
v 355.1777 345.1677 -205.0647
v 352.3040 345.1677 -207.0627
v 354.6070 345.1028 -204.2438
v 351.7330 345.1028 -206.2414
v 354.0366 345.0380 -203.4230
v 351.1621 345.0380 -205.4199
v 353.4667 344.9733 -202.6023
v 350.5913 344.9733 -204.5978
v 352.8974 344.9086 -201.7816
v 350.0206 344.9086 -203.7751
v 352.3291 344.8441 -200.9607
v 349.4505 344.8441 -202.9517
v 351.7616 344.7796 -200.1394
v 348.8811 344.7796 -202.1276
v 351.1951 344.7153 -199.3177
v 348.3124 344.7153 -201.3027
v 350.6297 344.6510 -198.4956
v 347.7445 344.6510 -200.4769
v 350.0656 344.5867 -197.6730
v 347.1775 344.5867 -199.6500
v 349.5031 344.5226 -196.8498
v 346.6117 344.5226 -198.8219
v 348.9418 344.4586 -196.0254
v 346.0474 344.4586 -197.9931
v 348.3814 344.3946 -195.1998
v 345.4845 344.3946 -197.1639
v 347.8217 344.3308 -194.3732
v 344.9229 344.3308 -196.3346
v 347.2622 344.2670 -193.5457
v 344.3621 344.2670 -195.5052
v 346.7029 344.2033 -192.7174
v 343.8022 344.2033 -194.6760
v 346.1431 344.1396 -191.8882
v 343.2429 344.1396 -193.8476
v 345.5821 344.0761 -191.0585
v 342.6837 344.0761 -193.0204
v 345.0199 344.0127 -190.2289
v 342.1239 344.0127 -192.1944
v 344.4562 343.9493 -189.3996
v 341.5633 343.9493 -191.3697
v 343.8909 343.8861 -188.5710
v 341.0014 343.8861 -190.5461
v 343.3239 343.8230 -187.7432
v 340.4383 343.8230 -189.7239
v 342.7551 343.7599 -186.9164
v 339.8736 343.7599 -188.9030
v 342.1849 343.6969 -186.0909
v 339.3070 343.6969 -188.0829
v 341.6134 343.6340 -185.2668
v 338.7388 343.6340 -187.2636
v 341.0408 343.5712 -184.4439
v 338.1692 343.5712 -186.4448
v 340.4672 343.5085 -183.6220
v 337.5981 343.5085 -185.6266
v 339.8931 343.4458 -182.8012
v 337.0259 343.4458 -184.8086
v 339.3186 343.3833 -181.9813
v 336.4527 343.3833 -183.9905
v 338.7438 343.3209 -181.1620
v 335.8789 343.3209 -183.1725
v 338.1687 343.2586 -180.3429
v 335.3047 343.2586 -182.3547
v 337.5935 343.1963 -179.5243
v 334.7301 343.1963 -181.5370
v 337.0181 343.1342 -178.7060
v 334.1551 343.1342 -180.7193
v 336.4426 343.0722 -177.8878
v 333.5800 343.0722 -179.9016
v 335.8667 343.0103 -177.0694
v 333.0049 343.0103 -179.0843
v 335.2903 342.9484 -176.2511
v 332.4296 342.9484 -178.2676
v 334.7133 342.8867 -175.4330
v 331.8539 342.8867 -177.4513
v 334.1355 342.8250 -174.6151
v 331.2777 342.8250 -176.6357
v 333.5570 342.7635 -173.7976
v 330.7009 342.7635 -175.8206
v 332.9779 342.7021 -172.9806
v 330.1234 342.7021 -175.0059
v 332.3981 342.6408 -172.1642
v 329.5452 342.6408 -174.1918
v 331.8178 342.5796 -171.3483
v 328.9663 342.5796 -173.3779
v 331.2370 342.5184 -170.5330
v 328.3867 342.5184 -172.5641
v 330.6562 342.4574 -169.7182
v 327.8066 342.4574 -171.7504
v 330.0751 342.3966 -168.9037
v 327.2261 342.3966 -170.9368
v 329.4938 342.3358 -168.0894
v 326.6454 342.3358 -170.1233
v 328.9125 342.2751 -167.2755
v 326.0643 342.2751 -169.3096
v 328.3313 342.2145 -166.4617
v 325.4831 342.2145 -168.4959
v 327.7501 342.1541 -165.6480
v 324.9019 342.1541 -167.6821
v 327.1689 342.0937 -164.8341
v 324.3208 342.0937 -166.8685
v 326.5873 342.0335 -164.0201
v 323.7397 342.0335 -166.0551
v 326.0057 341.9733 -163.2064
v 323.1583 341.9733 -165.2417
v 325.4240 341.9133 -162.3927
v 322.5769 341.9133 -164.4284
v 324.8419 341.8533 -161.5788
v 321.9956 341.8533 -163.6155
v 324.2594 341.7935 -160.7651
v 321.4138 341.7935 -162.8030
v 323.6766 341.7338 -159.9517
v 320.8318 341.7338 -161.9906
v 323.0934 341.6742 -159.1384
v 320.2495 341.6742 -161.1785
v 322.5101 341.6148 -158.3256
v 319.6668 341.6148 -160.3665
v 321.9266 341.5554 -157.5129
v 319.0838 341.5554 -159.5546
v 321.3431 341.4961 -156.7007
v 318.5004 341.4961 -158.7425
v 320.7600 341.4370 -155.8888
v 317.9169 341.4370 -157.9299
v 320.1774 341.3780 -155.0769
v 317.3334 341.3780 -157.1169
v 319.5953 341.3190 -154.2650
v 316.7501 341.3190 -156.3034
v 319.0140 341.2602 -153.4530
v 316.1673 341.2602 -155.4892
v 318.4333 341.2015 -152.6406
v 315.5849 341.2015 -154.6745
v 317.8535 341.1429 -151.8279
v 315.0032 341.1429 -153.8591
v 317.2746 341.0844 -151.0146
v 314.4223 341.0844 -153.0430
v 316.6966 341.0261 -150.2009
v 313.8421 341.0261 -152.2262
v 316.1194 340.9678 -149.3865
v 313.2628 340.9678 -151.4088
v 315.5429 340.9097 -148.5713
v 312.6846 340.9097 -150.5911
v 314.9667 340.8517 -147.7552
v 312.1072 340.8517 -149.7734
v 314.3905 340.7938 -146.9384
v 311.5305 340.7938 -148.9560
v 313.8137 340.7360 -146.1208
v 310.9544 340.7360 -148.1393
v 313.2356 340.6784 -145.3025
v 310.3785 340.6784 -147.3242
v 312.6555 340.6208 -144.4840
v 309.8022 340.6208 -146.5109
v 312.0730 340.5634 -143.6659
v 309.2246 340.5634 -145.6999
v 311.4876 340.5061 -142.8485
v 308.6456 340.5061 -144.8913
v 310.8988 340.4489 -142.0324
v 308.0642 340.4489 -144.0854
v 310.3068 340.3918 -141.2182
v 307.4801 340.3918 -143.2821
v 309.7112 340.3348 -140.4059
v 306.8931 340.3348 -142.4815
v 309.1120 340.2779 -139.5959
v 306.3029 340.2779 -141.6838
v 308.5089 340.2211 -138.7883
v 305.7094 340.2211 -140.8890
v 307.9019 340.1645 -137.9832
v 305.1124 340.1645 -140.0972
v 307.2908 340.1080 -137.1810
v 304.5116 340.1080 -139.3085
v 306.6761 340.0516 -136.3819
v 303.9069 340.0516 -138.5225
v 306.0574 339.9954 -135.5855
v 303.2988 339.9954 -137.7395
v 305.4346 339.9392 -134.7920
v 302.6868 339.9392 -136.9599
v 304.8079 339.8832 -134.0017
v 302.0708 339.8832 -136.1831
v 304.1774 339.8272 -133.2146
v 301.4511 339.8272 -135.4093
v 303.5429 339.7714 -132.4304
v 300.8276 339.7714 -134.6388
v 302.9043 339.7158 -131.6492
v 300.2005 339.7158 -133.8717
v 302.2612 339.6602 -130.8711
v 299.5695 339.6602 -133.1082
v 301.6139 339.6047 -130.0966
v 298.9343 339.6047 -132.3482
v 300.9626 339.5493 -129.3256
v 298.2951 339.5493 -131.5915
v 300.3069 339.4940 -128.5579
v 297.6519 339.4940 -130.8385
v 299.6470 339.4389 -127.7940
v 297.0045 339.4389 -130.0890
v 298.9833 339.3838 -127.0339
v 296.3528 339.3838 -129.3427
v 298.3161 339.3289 -126.2776
v 295.6969 339.3289 -128.5993
v 297.6456 339.2741 -125.5249
v 295.0373 339.2741 -127.8586
v 296.9722 339.2194 -124.7756
v 294.3738 339.2194 -127.1204
v 296.2964 339.1647 -124.0297
v 293.7068 339.1647 -126.3843
v 295.6187 339.1103 -123.2869
v 293.0366 339.1103 -125.6497
v 294.9391 339.0559 -122.5465
v 292.3638 339.0559 -124.9166
v 294.2579 339.0016 -121.8083
v 291.6886 339.0016 -124.1851
v 293.5752 338.9475 -121.0721
v 291.0114 338.9475 -123.4548
v 292.8911 338.8935 -120.3377
v 290.3323 338.8935 -122.7257
v 292.2058 338.8395 -119.6047
v 289.6517 338.8395 -121.9978
v 291.5188 338.7857 -118.8730
v 288.9698 338.7857 -121.2715
v 290.8300 338.7320 -118.1427
v 288.2864 338.7320 -120.5468
v 290.1398 338.6784 -117.4139
v 287.6013 338.6784 -119.8235
v 289.4482 338.6248 -116.6869
v 286.9144 338.6248 -119.1014
v 288.7554 338.5714 -115.9613
v 286.2261 338.5714 -118.3805
v 288.0615 338.5181 -115.2371
v 285.5363 338.5181 -117.6606
v 287.3668 338.4649 -114.5143
v 284.8451 338.4649 -116.9415
v 286.6713 338.4118 -113.7927
v 284.1527 338.4118 -116.2231
v 285.9751 338.3588 -113.0722
v 283.4592 338.3588 -115.5053
v 285.2784 338.3059 -112.3525
v 282.7648 338.3059 -114.7880
v 284.5810 338.2531 -111.6333
v 282.0699 338.2531 -114.0714
v 283.8825 338.2005 -110.9148
v 281.3743 338.2005 -113.3559
v 283.1831 338.1479 -110.1970
v 280.6779 338.1479 -112.6412
v 282.4829 338.0954 -109.4802
v 279.9806 338.0954 -111.9274
v 281.7818 338.0430 -108.7642
v 279.2824 338.0430 -111.2143
v 281.0798 337.9907 -108.0489
v 278.5835 337.9907 -110.5022
v 280.3768 337.9386 -107.3345
v 277.8837 337.9386 -109.7911
v 279.6729 337.8865 -106.6212
v 277.1829 337.8865 -109.0808
v 278.9684 337.8345 -105.9088
v 276.4811 337.8345 -108.3712
v 278.2631 337.7826 -105.1971
v 275.7786 337.7826 -107.6623
v 277.5568 337.7308 -104.4861
v 275.0753 337.7308 -106.9544
v 276.8496 337.6790 -103.7761
v 274.3711 337.6790 -106.2474
v 276.1418 337.6274 -103.0670
v 273.6660 337.6274 -105.5410
v 275.4332 337.5758 -102.3587
v 272.9602 337.5758 -104.8354
v 274.7236 337.5243 -101.6509
v 272.2537 337.5243 -104.1307
v 274.0130 337.4730 -100.9441
v 271.5464 337.4730 -103.4272
v 273.3015 337.4217 -100.2383
v 270.8380 337.4217 -102.7244
v 272.5893 337.3705 -99.5333
v 270.1287 337.3705 -102.0225
v 271.8762 337.3194 -98.8293
v 269.4186 337.3194 -101.3214
v 271.1625 337.2684 -98.1263
v 268.7075 337.2684 -100.6209
v 270.4486 337.2175 -97.4244
v 267.9952 337.2175 -99.9205
v 269.7354 337.1666 -96.7234
v 267.2819 337.1666 -99.2198
v 269.0233 337.1158 -96.0228
v 266.5677 337.1158 -98.5184
v 268.3129 337.0651 -95.3222
v 265.8531 337.0651 -97.8156
v 267.6051 337.0145 -94.6214
v 265.1383 337.0145 -97.1106
v 266.9008 336.9639 -93.9199
v 264.4241 336.9639 -96.4024
v 266.2003 336.9134 -93.2167
v 263.7115 336.9134 -95.6903
v 265.5041 336.8629 -92.5111
v 263.0012 336.8629 -94.9742
v 264.8122 336.8126 -91.8026
v 262.2940 336.8126 -94.2538
v 264.1254 336.7623 -91.0911
v 261.5901 336.7623 -93.5281
v 263.4446 336.7121 -90.3763
v 260.8900 336.7121 -92.7965
v 262.7700 336.6620 -89.6572
v 260.1949 336.6620 -92.0585
v 262.1015 336.6119 -88.9334
v 259.5055 336.6119 -91.3144
v 261.4397 336.5620 -88.2049
v 258.8220 336.5620 -90.5635
v 260.7850 336.5120 -87.4713
v 258.1450 336.5120 -89.8054
v 260.1381 336.4621 -86.7324
v 257.4747 336.4621 -89.0399
v 259.4995 336.4123 -85.9876
v 256.8118 336.4123 -88.2667
v 258.8693 336.3625 -85.2361
v 256.1572 336.3625 -87.4861
v 258.2469 336.3128 -84.4777
v 255.5111 336.3128 -86.6989
v 257.6324 336.2631 -83.7125
v 254.8736 336.2631 -85.9051
v 257.0260 336.2135 -82.9415
v 254.2439 336.2135 -85.1044
v 256.4289 336.1639 -82.1645
v 253.6226 336.1639 -84.2959
v 255.8405 336.1144 -81.3806
v 253.0107 336.1144 -83.4807
v 255.2602 336.0650 -80.5897
v 252.4082 336.0650 -82.6595
v 254.6881 336.0155 -79.7927
v 251.8143 336.0155 -81.8322
v 254.1246 335.9662 -78.9895
v 251.2295 335.9662 -80.9985
v 253.5690 335.9169 -78.1803
v 250.6535 335.9169 -80.1592
v 253.0211 335.8677 -77.3647
v 250.0871 335.8677 -79.3144
v 252.4794 335.8184 -76.5425
v 249.5298 335.8184 -78.4660
v 251.9433 335.7693 -75.7148
v 248.9804 335.7693 -77.6143
v 251.4124 335.7201 -74.8819
v 248.4382 335.7201 -76.7597
v 250.8856 335.6710 -74.0439
v 247.9028 335.6710 -75.9032
v 250.3622 335.6220 -73.2019
v 247.3726 335.6220 -75.0454
v 249.8421 335.5730 -72.3565
v 246.8470 335.5730 -74.1860
v 249.3243 335.5240 -71.5077
v 246.3254 335.5240 -73.3262
v 248.8083 335.4752 -70.6563
v 245.8067 335.4752 -72.4660
v 248.2941 335.4264 -69.8031
v 245.2903 335.4264 -71.6052
v 247.7816 335.3776 -68.9483
v 244.7757 335.3776 -70.7440
v 247.2705 335.3289 -68.0921
v 244.2626 335.3289 -69.8823
v 246.7609 335.2802 -67.2347
v 243.7506 335.2802 -69.0203
v 246.2525 335.2316 -66.3762
v 243.2399 335.2316 -68.1579
v 245.7447 335.1831 -65.5166
v 242.7305 335.1831 -67.2955
v 245.2374 335.1345 -64.6562
v 242.2220 335.1345 -66.4331
v 244.7303 335.0861 -63.7952
v 241.7142 335.0861 -65.5708
v 244.2233 335.0376 -62.9336
v 241.2068 335.0376 -64.7087
v 243.7161 334.9892 -62.0716
v 240.6998 334.9892 -63.8470
v 243.2082 334.9409 -61.2091
v 240.1929 334.9409 -62.9860
v 242.6996 334.8926 -60.3466
v 239.6855 334.8926 -62.1258
v 242.1901 334.8442 -59.4844
v 239.1776 334.8442 -61.2661
v 241.6799 334.7960 -58.6225
v 238.6689 334.7960 -60.4070
v 241.1688 334.7477 -57.7612
v 238.1595 334.7477 -59.5483
v 240.6572 334.6995 -56.9004
v 237.6492 334.6995 -58.6899
v 240.1450 334.6513 -56.0402
v 237.1382 334.6513 -57.8316
v 239.6326 334.6031 -55.1807
v 236.6265 334.6031 -56.9732
v 239.1203 334.5550 -54.3217
v 236.1143 334.5550 -56.1145
v 238.6084 334.5068 -53.4634
v 235.6017 334.5068 -55.2551
v 238.0975 334.4586 -52.6054
v 235.0894 334.4586 -54.3947
v 237.5876 334.4104 -51.7474
v 234.5776 334.4104 -53.5334
v 237.0791 334.3622 -50.8891
v 234.0667 334.3622 -52.6710
v 236.5721 334.3140 -50.0305
v 233.5568 334.3140 -51.8075
v 236.0668 334.2658 -49.1714
v 233.0481 334.2658 -50.9426
v 235.5635 334.2176 -48.3116
v 232.5411 334.2176 -50.0764
v 235.0620 334.1693 -47.4506
v 232.0359 334.1693 -49.2093
v 234.5621 334.1210 -46.5886
v 231.5325 334.1210 -48.3411
v 234.0641 334.0727 -45.7256
v 231.0309 334.0727 -47.4719
v 233.5678 334.0244 -44.8615
v 230.5311 334.0244 -46.6017
v 233.0732 333.9760 -43.9965
v 230.0330 333.9760 -45.7305
v 232.5804 333.9276 -43.1304
v 229.5367 333.9276 -44.8583
v 232.0892 333.8792 -42.2631
v 229.0423 333.8792 -43.9854
v 231.5993 333.8307 -41.3947
v 228.5495 333.8307 -43.1119
v 231.1107 333.7822 -40.5253
v 228.0582 333.7822 -42.2377
v 230.6233 333.7336 -39.6550
v 227.5684 333.7336 -41.3630
v 230.1370 333.6849 -38.7838
v 227.0799 333.6849 -40.4879
v 229.6515 333.6363 -37.9116
v 226.5926 333.6363 -39.6126
v 229.1665 333.5875 -37.0385
v 226.1065 333.5875 -38.7374
v 228.6817 333.5386 -36.1648
v 225.6208 333.5386 -37.8622
v 228.1973 333.4898 -35.2908
v 225.1358 333.4898 -36.9869
v 227.7129 333.4408 -34.4162
v 224.6511 333.4408 -36.1119
v 227.2284 333.3918 -33.5414
v 224.1666 333.3918 -35.2371
v 226.7438 333.3428 -32.6664
v 223.6823 333.3428 -34.3625
v 226.2588 333.2936 -31.7912
v 223.1978 333.2936 -33.4884
v 225.7733 333.2444 -30.9159
v 222.7132 333.2444 -32.6147
v 225.2870 333.1951 -30.0406
v 222.2282 333.1951 -31.7417
v 224.7999 333.1457 -29.1656
v 221.7425 333.1457 -30.8693
v 224.3119 333.0962 -28.2908
v 221.2562 333.0962 -29.9975
v 223.8227 333.0466 -27.4162
v 220.7691 333.0466 -29.1266
v 223.3324 332.9970 -26.5420
v 220.2810 332.9970 -28.2564
v 222.8408 332.9472 -25.6684
v 219.7918 332.9472 -27.3870
v 222.3480 332.8974 -24.7956
v 219.3013 332.8974 -26.5183
v 221.8542 332.8474 -23.9236
v 218.8096 332.8474 -25.6500
v 221.3593 332.7974 -23.0521
v 218.3169 332.7974 -24.7823
v 220.8634 332.7472 -22.1815
v 217.8229 332.7472 -23.9150
v 220.3670 332.6969 -21.3117
v 217.3280 332.6969 -23.0478
v 219.8699 332.6465 -20.4424
v 216.8323 332.6465 -22.1810
v 219.3722 332.5960 -19.5736
v 216.3358 332.5960 -21.3143
v 218.8742 332.5453 -18.7054
v 215.8387 332.5453 -20.4477
v 218.3758 332.4946 -17.8377
v 215.3410 332.4946 -19.5811
v 217.8775 332.4436 -16.9705
v 214.8428 332.4436 -18.7142
v 217.3794 332.3926 -16.1035
v 214.3446 332.3926 -17.8470
v 216.8812 332.3414 -15.2363
v 213.8465 332.3414 -16.9800
v 216.3830 332.2900 -14.3694
v 213.3482 332.2900 -16.1129
v 215.8850 332.2385 -13.5023
v 212.8501 332.2385 -15.2457
v 215.3868 332.1869 -12.6351
v 212.3520 332.1869 -14.3787
v 214.8883 332.1351 -11.7676
v 211.8540 332.1351 -13.5121
v 214.3893 332.0831 -10.9001
v 211.3559 332.0831 -12.6460
v 213.8897 332.0310 -10.0325
v 210.8574 332.0310 -11.7804
v 213.3893 331.9787 -9.1652
v 210.3583 331.9787 -10.9153
v 212.8882 331.9262 -8.2981
v 209.8587 331.9262 -10.0509
v 212.3862 331.8735 -7.4314
v 209.3582 331.8735 -9.1868
v 211.8836 331.8207 -6.5653
v 208.8571 331.8207 -8.3232
v 211.3803 331.7675 -5.6996
v 208.3551 331.7675 -7.4598
v 210.8765 331.7142 -4.8344
v 207.8525 331.7142 -6.5967
v 210.3722 331.6607 -3.9697
v 207.3492 331.6607 -5.7337
v 209.8676 331.6070 -3.1055
v 206.8454 331.6070 -4.8708
v 209.3626 331.5530 -2.2415
v 206.3412 331.5530 -4.0081
v 208.8575 331.4988 -1.3778
v 205.8366 331.4988 -3.1454
v 208.3522 331.4444 -0.5145
v 205.3316 331.4444 -2.2826
v 207.8469 331.3896 0.3486
v 204.8265 331.3896 -1.4197
v 207.3414 331.3347 1.2119
v 204.3214 331.3347 -0.5571
v 206.8354 331.2796 2.0753
v 203.8161 331.2796 0.3050
v 206.3291 331.2242 2.9385
v 203.3106 331.2242 1.1669
v 205.8224 331.1686 3.8016
v 202.8044 331.1686 2.0284
v 205.3161 331.1128 4.6648
v 202.2972 331.1128 2.8895
v 204.8100 331.0567 5.5285
v 201.7892 331.0567 3.7495
v 204.3037 331.0004 6.3926
v 201.2800 331.0004 4.6083
v 203.7970 330.9438 7.2569
v 200.7693 330.9438 5.4660
v 203.2900 330.8871 8.1213
v 200.2572 330.8871 6.3224
v 202.7821 330.8301 8.9860
v 199.7435 330.8301 7.1772
v 202.2730 330.7729 9.8509
v 199.2281 330.7729 8.0299
v 201.7621 330.7154 10.7160
v 198.7106 330.7154 8.8801
v 201.2483 330.6578 11.5814
v 198.1907 330.6578 9.7268
v 200.7305 330.5999 12.4469
v 197.6678 330.5999 10.5692
v 200.2076 330.5418 13.3118
v 197.1409 330.5418 11.4063
v 199.6782 330.4835 14.1760
v 196.6093 330.4835 12.2373
v 199.1407 330.4250 15.0385
v 196.0718 330.4250 13.0608
v 198.5939 330.3663 15.8985
v 195.5273 330.3663 13.8763
v 198.0363 330.3073 16.7551
v 194.9747 330.3073 14.6826
v 197.4673 330.2482 17.6065
v 194.4124 330.2482 15.4796
v 196.8866 330.1888 18.4517
v 193.8398 330.1888 16.2673
v 196.2932 330.1292 19.2908
v 193.2569 330.1292 17.0446
v 195.6861 330.0693 20.1225
v 192.6626 330.0693 17.8106
v 195.0651 330.0092 20.9461
v 192.0567 330.0092 18.5650
v 194.4287 329.9489 21.7613
v 191.4392 329.9489 19.3063
v 193.7761 329.8883 22.5666
v 190.8092 329.8883 20.0334
v 193.1066 329.8276 23.3611
v 190.1663 329.8276 20.7458
v 192.4187 329.7667 24.1444
v 189.5107 329.7667 21.4415
v 191.7113 329.7056 24.9138
v 188.8414 329.7056 22.1197
v 190.9845 329.6443 25.6675
v 188.1580 329.6443 22.7810
v 190.2374 329.5827 26.4045
v 187.4611 329.5827 23.4239
v 189.4700 329.5208 27.1228
v 186.7497 329.5208 24.0482
v 188.6830 329.4588 27.8214
v 186.0242 329.4588 24.6536
v 187.8753 329.3965 28.4997
v 185.2853 329.3965 25.2388
v 187.0466 329.3341 29.1562
v 184.5333 329.3341 25.8026
v 186.1974 329.2714 29.7889
v 183.7679 329.2714 26.3444
v 185.3278 329.2085 30.3966
v 182.9896 329.2085 26.8634
v 184.4369 329.1454 30.9783
v 182.1994 329.1454 27.3580
v 183.5250 329.0820 31.5313
v 181.3973 329.0820 27.8269
v 182.5929 329.0184 32.0540
v 180.5831 329.0184 28.2697
v 181.6413 328.9545 32.5444
v 179.7572 328.9545 28.6853
v 180.6712 328.8905 33.0010
v 178.9196 328.8905 29.0732
v 179.6836 328.8262 33.4223
v 178.0715 328.8262 29.4323
v 178.6802 328.7617 33.8064
v 177.2125 328.7617 29.7620
v 177.6632 328.6969 34.1527
v 176.3425 328.6969 30.0625
v 176.6337 328.6318 34.4608
v 175.4633 328.6318 30.3333
v 175.5929 328.5665 34.7297
v 174.5757 328.5665 30.5735
v 174.5434 328.5009 34.9588
v 173.6795 328.5009 30.7834
v 173.4870 328.4349 35.1486
v 172.7755 328.4349 30.9629
v 172.4263 328.3687 35.2987
v 171.8641 328.3687 31.1120
v 171.3622 328.3021 35.4108
v 170.9466 328.3021 31.2316
v 170.2976 328.2353 35.4843
v 170.0226 328.2353 31.3212
v 169.2361 328.1681 35.5223
v 169.0908 328.1681 31.3830
v 168.1776 328.1006 35.5272
v 168.1534 328.1006 31.4184
v 167.1233 328.0327 35.5006
v 167.2108 328.0327 31.4282
v 166.0758 327.9644 35.4460
v 166.2619 327.9644 31.4138
v 165.0342 327.8957 35.3672
v 165.3090 327.8957 31.3774
v 163.9981 327.8267 35.2656
v 164.3531 327.8267 31.3196
v 162.9680 327.7573 35.1441
v 163.3946 327.7573 31.2424
v 161.9430 327.6876 35.0040
v 162.4349 327.6876 31.1469
v 160.9239 327.6175 34.8469
v 161.4735 327.6175 31.0339
v 159.9098 327.5470 34.6750
v 160.5113 327.5470 30.9054
v 158.8991 327.4761 34.4889
v 159.5501 327.4761 30.7619
v 157.8932 327.4048 34.2897
v 158.5891 327.4048 30.6028
v 156.8930 327.3331 34.0817
v 157.6271 327.3331 30.4275
v 155.8960 327.2611 33.8670
v 156.6659 327.2611 30.2380
v 154.9021 327.1886 33.6456
v 155.7061 327.1886 30.0337
v 153.9117 327.1156 33.4201
v 154.7465 327.1156 29.8159
v 152.9243 327.0422 33.1916
v 153.7876 327.0422 29.5853
v 151.9400 326.9684 32.9618
v 152.8286 326.9684 29.3430
v 150.9579 326.8939 32.7323
v 151.8697 326.8939 29.0908
v 149.9765 326.8189 32.5033
v 150.9121 326.8189 28.8300
v 148.9974 326.7431 32.2752
v 149.9541 326.7431 28.5606
v 148.0217 326.6662 32.0479
v 148.9933 326.6662 28.2878
v 147.0485 326.5881 31.8219
v 148.0302 326.5881 28.0131
v 146.0777 326.5090 31.5992
v 147.0640 326.5090 27.7382
v 145.1106 326.4288 31.3811
v 146.0927 326.4288 27.4639
v 144.1481 326.3481 31.1715
v 145.1140 326.3481 27.1932
v 143.1915 326.2673 30.9731
v 144.1255 326.2673 26.9283
v 142.2436 326.1866 30.7914
v 143.1226 326.1866 26.6736
v 141.3030 326.1059 30.6308
v 142.1052 326.1059 26.4362
v 140.3719 326.0255 30.4914
v 141.0707 326.0255 26.2232
v 139.4546 325.9452 30.3790
v 140.0145 325.9452 26.0430
v 138.5505 325.8653 30.2989
v 138.9376 325.8653 25.9050
v 137.6634 325.7855 30.2559
v 137.8387 325.7855 25.8166
v 136.7948 325.7061 30.2572
v 136.7203 325.7061 25.7897
v 135.9473 325.6267 30.3065
v 135.5863 325.6267 25.8321
v 135.1277 325.5475 30.4095
v 134.4413 325.5475 25.9557
v 134.3332 325.4686 30.5696
v 133.2983 325.4686 26.1702
v 133.5651 325.3900 30.7865
v 132.1686 325.3900 26.4807
v 132.8272 325.3115 31.0625
v 131.0628 325.3115 26.8907
v 132.1137 325.2335 31.4010
v 129.9998 325.2335 27.3975
v 131.4176 325.1558 31.8040
v 128.9936 325.1558 27.9861
v 130.7331 325.0787 32.2734
v 128.0506 325.0787 28.6394
v 130.0580 325.0026 32.8041
v 127.1685 325.0026 29.3373
v 129.3907 324.9274 33.3911
v 126.3421 324.9274 30.0648
v 128.7227 324.8532 34.0305
v 125.5666 324.8532 30.8028
v 128.0436 324.7797 34.7111
v 124.8339 324.7797 31.5367
v 127.3484 324.7066 35.4205
v 124.1296 324.7066 32.2553
v 126.6311 324.6334 36.1474
v 123.4428 324.6334 32.9514
v 125.8815 324.5600 36.8836
v 122.7673 324.5600 33.6148
v 125.0936 324.4865 37.6118
v 122.0908 324.4865 34.2400
v 124.2598 324.4128 38.2876
v 121.4130 324.4128 34.8610
v 123.4344 324.3387 38.9369
v 120.6859 324.3387 35.4605
v 122.6291 324.2657 39.5470
v 119.9162 324.2657 36.0742
v 121.8708 324.2288 40.1253
v 119.1071 324.2288 36.7268
v 121.1917 324.1918 40.6822
v 118.2711 324.1918 37.4454
v 120.6137 324.1548 41.2302
v 117.4433 324.1548 38.2562
v 120.1309 324.1176 41.7931
v 116.6752 324.1176 39.1649
v 119.7219 324.0803 42.3987
v 116.0028 324.0803 40.1540
v 119.3693 324.0430 43.0729
v 115.4419 324.0430 41.1917
v 119.0559 324.0056 43.8352
v 115.0260 324.0056 42.1389
v 118.9217 323.9681 44.1976
v 114.7875 323.9681 42.6742
v 118.8357 323.9305 44.5285
v 114.5744 323.9305 43.2687
v 118.7485 323.8929 44.9460
v 114.4119 323.8929 43.7811
f 1 2 4 3
f 3 4 6 5
f 5 6 8 7
f 7 8 10 9
f 9 10 12 11
f 11 12 14 13
f 13 14 16 15
f 15 16 18 17
f 17 18 20 19
f 19 20 22 21
f 21 22 24 23
f 23 24 26 25
f 25 26 28 27
f 27 28 30 29
f 29 30 32 31
f 31 32 34 33
f 33 34 36 35
f 35 36 38 37
f 37 38 40 39
f 39 40 42 41
f 41 42 44 43
f 43 44 46 45
f 45 46 48 47
f 47 48 50 49
f 49 50 52 51
f 51 52 54 53
f 53 54 56 55
f 55 56 58 57
f 57 58 60 59
f 59 60 62 61
f 61 62 64 63
f 63 64 66 65
f 65 66 68 67
f 67 68 70 69
f 69 70 72 71
f 71 72 74 73
f 73 74 76 75
f 75 76 78 77
f 77 78 80 79
f 79 80 82 81
f 81 82 84 83
f 83 84 86 85
f 85 86 88 87
f 87 88 90 89
f 89 90 92 91
f 91 92 94 93
f 93 94 96 95
f 95 96 98 97
f 97 98 100 99
f 99 100 102 101
f 101 102 104 103
f 103 104 106 105
f 105 106 108 107
f 107 108 110 109
f 109 110 112 111
f 111 112 114 113
f 113 114 116 115
f 115 116 118 117
f 117 118 120 119
f 119 120 122 121
f 121 122 124 123
f 123 124 126 125
f 125 126 128 127
f 127 128 130 129
f 129 130 132 131
f 131 132 134 133
f 133 134 136 135
f 135 136 138 137
f 137 138 140 139
f 139 140 142 141
f 141 142 144 143
f 143 144 146 145
f 145 146 148 147
f 147 148 150 149
f 149 150 152 151
f 151 152 154 153
f 153 154 156 155
f 155 156 158 157
f 157 158 160 159
f 159 160 162 161
f 161 162 164 163
f 163 164 166 165
f 165 166 168 167
f 167 168 170 169
f 169 170 172 171
f 171 172 174 173
f 173 174 176 175
f 175 176 178 177
f 177 178 180 179
f 179 180 182 181
f 181 182 184 183
f 183 184 186 185
f 185 186 188 187
f 187 188 190 189
f 189 190 192 191
f 191 192 194 193
f 193 194 196 195
f 195 196 198 197
f 197 198 200 199
f 199 200 202 201
f 201 202 204 203
f 203 204 206 205
f 205 206 208 207
f 207 208 210 209
f 209 210 212 211
f 211 212 214 213
f 213 214 216 215
f 215 216 218 217
f 217 218 220 219
f 219 220 222 221
f 221 222 224 223
f 223 224 226 225
f 225 226 228 227
f 227 228 230 229
f 229 230 232 231
f 231 232 234 233
f 233 234 236 235
f 235 236 238 237
f 237 238 240 239
f 239 240 242 241
f 241 242 244 243
f 243 244 246 245
f 245 246 248 247
f 247 248 250 249
f 249 250 252 251
f 251 252 254 253
f 253 254 256 255
f 255 256 258 257
f 257 258 260 259
f 259 260 262 261
f 261 262 264 263
f 263 264 266 265
f 265 266 268 267
f 267 268 270 269
f 269 270 272 271
f 271 272 274 273
f 273 274 276 275
f 275 276 278 277
f 277 278 280 279
f 279 280 282 281
f 281 282 284 283
f 283 284 286 285
f 285 286 288 287
f 287 288 290 289
f 289 290 292 291
f 291 292 294 293
f 293 294 296 295
f 295 296 298 297
f 297 298 300 299
f 299 300 302 301
f 301 302 304 303
f 303 304 306 305
f 305 306 308 307
f 307 308 310 309
f 309 310 312 311
f 311 312 314 313
f 313 314 316 315
f 315 316 318 317
f 317 318 320 319
f 319 320 322 321
f 321 322 324 323
f 323 324 326 325
f 325 326 328 327
f 327 328 330 329
f 329 330 332 331
f 331 332 334 333
f 333 334 336 335
f 335 336 338 337
f 337 338 340 339
f 339 340 342 341
f 341 342 344 343
f 343 344 346 345
f 345 346 348 347
f 347 348 350 349
f 349 350 352 351
f 351 352 354 353
f 353 354 356 355
f 355 356 358 357
f 357 358 360 359
f 359 360 362 361
f 361 362 364 363
f 363 364 366 365
f 365 366 368 367
f 367 368 370 369
f 369 370 372 371
f 371 372 374 373
f 373 374 376 375
f 375 376 378 377
f 377 378 380 379
f 379 380 382 381
f 381 382 384 383
f 383 384 386 385
f 385 386 388 387
f 387 388 390 389
f 389 390 392 391
f 391 392 394 393
f 393 394 396 395
f 395 396 398 397
f 397 398 400 399
f 399 400 402 401
f 401 402 404 403
f 403 404 406 405
f 405 406 408 407
f 407 408 410 409
f 409 410 412 411
f 411 412 414 413
f 413 414 416 415
f 415 416 418 417
f 417 418 420 419
f 419 420 422 421
f 421 422 424 423
f 423 424 426 425
f 425 426 428 427
f 427 428 430 429
f 429 430 432 431
f 431 432 434 433
f 433 434 436 435
f 435 436 438 437
f 437 438 440 439
f 439 440 442 441
f 441 442 444 443
f 443 444 446 445
f 445 446 448 447
f 447 448 450 449
f 449 450 452 451
f 451 452 454 453
f 453 454 456 455
f 455 456 458 457
f 457 458 460 459
f 459 460 462 461
f 461 462 464 463
f 463 464 466 465
f 465 466 468 467
f 467 468 470 469
f 469 470 472 471
f 471 472 474 473
f 473 474 476 475
f 475 476 478 477
f 477 478 480 479
f 479 480 482 481
f 481 482 484 483
f 483 484 486 485
f 485 486 488 487
f 487 488 490 489
f 489 490 492 491
f 491 492 494 493
f 493 494 496 495
f 495 496 498 497
f 497 498 500 499
f 499 500 502 501
f 501 502 504 503
f 503 504 506 505
f 505 506 508 507
f 507 508 510 509
f 509 510 512 511
f 511 512 514 513
f 513 514 516 515
f 515 516 518 517
f 517 518 520 519
f 519 520 522 521
f 521 522 524 523
f 523 524 526 525
f 525 526 528 527
f 527 528 530 529
f 529 530 532 531
f 531 532 534 533
f 533 534 536 535
f 535 536 538 537
f 537 538 540 539
f 539 540 542 541
f 541 542 544 543
f 543 544 546 545
f 545 546 548 547
f 547 548 550 549
f 549 550 552 551
f 551 552 554 553
f 553 554 556 555
f 555 556 558 557
f 557 558 560 559
f 559 560 562 561
f 561 562 564 563
f 563 564 566 565
f 565 566 568 567
f 567 568 570 569
f 569 570 572 571
f 571 572 574 573
f 573 574 576 575
f 575 576 578 577
f 577 578 580 579
f 579 580 582 581
f 581 582 584 583
f 583 584 586 585
f 585 586 588 587
f 587 588 590 589
f 589 590 592 591
f 591 592 594 593
f 593 594 596 595
f 595 596 598 597
f 597 598 600 599
f 599 600 602 601
f 601 602 604 603
f 603 604 606 605
f 605 606 608 607
f 607 608 610 609
f 609 610 612 611
f 611 612 614 613
f 613 614 616 615
f 615 616 618 617
f 617 618 620 619
f 619 620 622 621
f 621 622 624 623
f 623 624 626 625
f 625 626 628 627
f 627 628 630 629
f 629 630 632 631
f 631 632 634 633
f 633 634 636 635
f 635 636 638 637
f 637 638 640 639
f 639 640 642 641
f 641 642 644 643
f 643 644 646 645
f 645 646 648 647
f 647 648 650 649
f 649 650 652 651
f 651 652 654 653
f 653 654 656 655
f 655 656 658 657
f 657 658 660 659
f 659 660 662 661
f 661 662 664 663
f 663 664 666 665
f 665 666 668 667
f 667 668 670 669
f 669 670 672 671
f 671 672 674 673
f 673 674 676 675
f 675 676 678 677
f 677 678 680 679
f 679 680 682 681
f 681 682 684 683
f 683 684 686 685
f 685 686 688 687
f 687 688 690 689
f 689 690 692 691
f 691 692 694 693
f 693 694 696 695
f 695 696 698 697
f 697 698 700 699
f 699 700 702 701
f 701 702 704 703
f 703 704 706 705
f 705 706 708 707
f 707 708 710 709
f 709 710 712 711
f 711 712 714 713
f 713 714 716 715
f 715 716 718 717
f 717 718 720 719
f 719 720 722 721
f 721 722 724 723
f 723 724 726 725
f 725 726 728 727
f 727 728 730 729
f 729 730 732 731
f 731 732 734 733
f 733 734 736 735
f 735 736 738 737
f 737 738 740 739
f 739 740 742 741
f 741 742 744 743
f 743 744 746 745
f 745 746 748 747
f 747 748 750 749
f 749 750 752 751
f 751 752 754 753
f 753 754 756 755
f 755 756 758 757
f 757 758 760 759
f 759 760 762 761
f 761 762 764 763
f 763 764 766 765
f 765 766 768 767
f 767 768 770 769
f 769 770 772 771
f 771 772 774 773
f 773 774 776 775
f 775 776 778 777
f 777 778 780 779
f 779 780 782 781
f 781 782 784 783
f 783 784 786 785
f 785 786 788 787
f 787 788 790 789
f 789 790 792 791
f 791 792 794 793
f 793 794 796 795
f 795 796 798 797
f 797 798 800 799
f 799 800 802 801
f 801 802 804 803
f 803 804 806 805
f 805 806 808 807
f 807 808 810 809
f 809 810 812 811
f 811 812 814 813
f 813 814 816 815
f 815 816 818 817
f 817 818 820 819
f 819 820 822 821
f 821 822 824 823
f 823 824 826 825
f 825 826 828 827
f 827 828 830 829
f 829 830 832 831
f 831 832 834 833
f 833 834 836 835
f 835 836 838 837
f 837 838 840 839
f 839 840 842 841
f 841 842 844 843
f 843 844 846 845
f 845 846 848 847
f 847 848 850 849
f 849 850 852 851
f 851 852 854 853
f 853 854 856 855
f 855 856 858 857
f 857 858 860 859
f 859 860 862 861
f 861 862 864 863
f 863 864 866 865
f 865 866 868 867
f 867 868 870 869
f 869 870 872 871
f 871 872 874 873
f 873 874 876 875
f 875 876 878 877
f 877 878 880 879
f 879 880 882 881
f 881 882 884 883
f 883 884 886 885
f 885 886 888 887
f 887 888 890 889
f 889 890 892 891
f 891 892 894 893
f 893 894 896 895
f 895 896 898 897
f 897 898 900 899
f 899 900 902 901
f 901 902 904 903
f 903 904 906 905
f 905 906 908 907
f 907 908 910 909
f 909 910 912 911
f 911 912 914 913
f 913 914 916 915
f 915 916 918 917
f 917 918 920 919
f 919 920 922 921
f 921 922 924 923
f 923 924 926 925
f 925 926 928 927
f 927 928 930 929
f 929 930 932 931
f 931 932 934 933
f 933 934 936 935
f 935 936 938 937
f 937 938 940 939
f 939 940 942 941
f 941 942 944 943
f 943 944 946 945
f 945 946 948 947
f 947 948 950 949
f 949 950 952 951
f 951 952 954 953
f 953 954 956 955
f 955 956 958 957
f 957 958 960 959
f 959 960 962 961
f 961 962 964 963
f 963 964 966 965
f 965 966 968 967
f 967 968 970 969
f 969 970 972 971
f 971 972 974 973
f 973 974 976 975
f 975 976 978 977
f 977 978 980 979
f 979 980 982 981
f 981 982 984 983
f 983 984 986 985
f 985 986 988 987
f 987 988 990 989
f 989 990 992 991
f 991 992 994 993
f 993 994 996 995
f 995 996 998 997
f 997 998 1000 999
f 999 1000 1002 1001
f 1001 1002 1004 1003
f 1003 1004 1006 1005
f 1005 1006 1008 1007
f 1007 1008 1010 1009
f 1009 1010 1012 1011
f 1011 1012 1014 1013
f 1013 1014 1016 1015
f 1015 1016 1018 1017
f 1017 1018 1020 1019
f 1019 1020 1022 1021
f 1021 1022 1024 1023
f 1023 1024 1026 1025
f 1025 1026 1028 1027
f 1027 1028 1030 1029
f 1029 1030 1032 1031
f 1031 1032 1034 1033
f 1033 1034 1036 1035
f 1035 1036 1038 1037
f 1037 1038 1040 1039
f 1039 1040 1042 1041
f 1041 1042 1044 1043
f 1043 1044 1046 1045
f 1045 1046 1048 1047
f 1047 1048 1050 1049
f 1049 1050 1052 1051
f 1051 1052 1054 1053
f 1053 1054 1056 1055
f 1055 1056 1058 1057
f 1057 1058 1060 1059
f 1059 1060 1062 1061
f 1061 1062 1064 1063
f 1063 1064 1066 1065
f 1065 1066 1068 1067
f 1067 1068 1070 1069
f 1069 1070 1072 1071
f 1071 1072 1074 1073
f 1073 1074 1076 1075
f 1075 1076 1078 1077
f 1077 1078 1080 1079
f 1079 1080 1082 1081
f 1081 1082 1084 1083
f 1083 1084 1086 1085
f 1085 1086 1088 1087
f 1087 1088 1090 1089
f 1089 1090 1092 1091
f 1091 1092 1094 1093
f 1093 1094 1096 1095
f 1095 1096 1098 1097
f 1097 1098 1100 1099
f 1099 1100 1102 1101
f 1101 1102 1104 1103
f 1103 1104 1106 1105
f 1105 1106 1108 1107
f 1107 1108 1110 1109
f 1109 1110 1112 1111
f 1111 1112 1114 1113
f 1113 1114 1116 1115
f 1115 1116 1118 1117
f 1117 1118 1120 1119
f 1119 1120 1122 1121
f 1121 1122 1124 1123
f 1123 1124 1126 1125
f 1125 1126 1128 1127
f 1127 1128 1130 1129
f 1129 1130 1132 1131
f 1131 1132 1134 1133
f 1133 1134 1136 1135
f 1135 1136 1138 1137
f 1137 1138 1140 1139
f 1139 1140 1142 1141
f 1141 1142 1144 1143
f 1143 1144 1146 1145
f 1145 1146 1148 1147
f 1147 1148 1150 1149
f 1149 1150 1152 1151
f 1151 1152 1154 1153
f 1153 1154 1156 1155
f 1155 1156 1158 1157
f 1157 1158 1160 1159
f 1159 1160 1162 1161
f 1161 1162 1164 1163
f 1163 1164 1166 1165
f 1165 1166 1168 1167
f 1167 1168 1170 1169
f 1169 1170 1172 1171
f 1171 1172 1174 1173
f 1173 1174 1176 1175
f 1175 1176 1178 1177
f 1177 1178 1180 1179
f 1179 1180 1182 1181
f 1181 1182 1184 1183
f 1183 1184 1186 1185
f 1185 1186 1188 1187
f 1187 1188 1190 1189
f 1189 1190 1192 1191
f 1191 1192 1194 1193
f 1193 1194 1196 1195
f 1195 1196 1198 1197
f 1197 1198 1200 1199
f 1199 1200 1202 1201
f 1201 1202 1204 1203
f 1203 1204 1206 1205
f 1205 1206 1208 1207
f 1207 1208 1210 1209
f 1209 1210 1212 1211
f 1211 1212 1214 1213
f 1213 1214 1216 1215
f 1215 1216 1218 1217
f 1217 1218 1220 1219
f 1219 1220 1222 1221
f 1221 1222 1224 1223
f 1223 1224 1226 1225
f 1225 1226 1228 1227
f 1227 1228 1230 1229
f 1229 1230 1232 1231
f 1231 1232 1234 1233
f 1233 1234 1236 1235
f 1235 1236 1238 1237
f 1237 1238 1240 1239
f 1239 1240 1242 1241
f 1241 1242 1244 1243
f 1243 1244 1246 1245
f 1245 1246 1248 1247
f 1247 1248 1250 1249
f 1249 1250 1252 1251
f 1251 1252 1254 1253
f 1253 1254 1256 1255
f 1255 1256 1258 1257
f 1257 1258 1260 1259
f 1259 1260 1262 1261
f 1261 1262 1264 1263
f 1263 1264 1266 1265
f 1265 1266 1268 1267
f 1267 1268 1270 1269
f 1269 1270 1272 1271
f 1271 1272 1274 1273
f 1273 1274 1276 1275
f 1275 1276 1278 1277
f 1277 1278 1280 1279
f 1279 1280 1282 1281
f 1281 1282 1284 1283
f 1283 1284 1286 1285
f 1285 1286 1288 1287
f 1287 1288 1290 1289
f 1289 1290 1292 1291
f 1291 1292 1294 1293
f 1293 1294 1296 1295
f 1295 1296 1298 1297
f 1297 1298 1300 1299
f 1299 1300 1302 1301
f 1301 1302 1304 1303
f 1303 1304 1306 1305
f 1305 1306 1308 1307
f 1307 1308 1310 1309
f 1309 1310 1312 1311
f 1311 1312 1314 1313
f 1313 1314 1316 1315
f 1315 1316 1318 1317
f 1317 1318 1320 1319
f 1319 1320 1322 1321
f 1321 1322 1324 1323
f 1323 1324 1326 1325
f 1325 1326 1328 1327
f 1327 1328 1330 1329
f 1329 1330 1332 1331
f 1331 1332 1334 1333
f 1333 1334 1336 1335
f 1335 1336 1338 1337
f 1337 1338 1340 1339
f 1339 1340 1342 1341
f 1341 1342 1344 1343
f 1343 1344 1346 1345
f 1345 1346 1348 1347
f 1347 1348 1350 1349
f 1349 1350 1352 1351
f 1351 1352 1354 1353
f 1353 1354 1356 1355
f 1355 1356 1358 1357
f 1357 1358 1360 1359
f 1359 1360 1362 1361
f 1361 1362 1364 1363
f 1363 1364 1366 1365
f 1365 1366 1368 1367
f 1367 1368 1370 1369
f 1369 1370 1372 1371
f 1371 1372 1374 1373
f 1373 1374 1376 1375
f 1375 1376 1378 1377
f 1377 1378 1380 1379
f 1379 1380 1382 1381
f 1381 1382 1384 1383
f 1383 1384 1386 1385
f 1385 1386 1388 1387
f 1387 1388 1390 1389
f 1389 1390 1392 1391
f 1391 1392 1394 1393
f 1393 1394 1396 1395
f 1395 1396 1398 1397
f 1397 1398 1400 1399
f 1399 1400 1402 1401
f 1401 1402 1404 1403
f 1403 1404 1406 1405
f 1405 1406 1408 1407
f 1407 1408 1410 1409
f 1409 1410 1412 1411
f 1411 1412 1414 1413
f 1413 1414 1416 1415
f 1415 1416 1418 1417
f 1417 1418 1420 1419
f 1419 1420 1422 1421
f 1421 1422 1424 1423
f 1423 1424 1426 1425
f 1425 1426 1428 1427
f 1427 1428 1430 1429
f 1429 1430 1432 1431
f 1431 1432 1434 1433
f 1433 1434 1436 1435
f 1435 1436 1438 1437
f 1437 1438 1440 1439
f 1439 1440 1442 1441
f 1441 1442 1444 1443
f 1443 1444 1446 1445
f 1445 1446 1448 1447
f 1447 1448 1450 1449
f 1449 1450 1452 1451
f 1451 1452 1454 1453
f 1453 1454 1456 1455
f 1455 1456 1458 1457
f 1457 1458 1460 1459
f 1459 1460 1462 1461
f 1461 1462 1464 1463
f 1463 1464 1466 1465
f 1465 1466 1468 1467
f 1467 1468 1470 1469
f 1469 1470 1472 1471
f 1471 1472 1474 1473
f 1473 1474 1476 1475
f 1475 1476 1478 1477
f 1477 1478 1480 1479
f 1479 1480 1482 1481
f 1481 1482 1484 1483
f 1483 1484 1486 1485
f 1485 1486 1488 1487
f 1487 1488 1490 1489
f 1489 1490 1492 1491
f 1491 1492 1494 1493
f 1493 1494 1496 1495
f 1495 1496 1498 1497
f 1497 1498 1500 1499
f 1499 1500 1502 1501
f 1501 1502 1504 1503
f 1503 1504 1506 1505
f 1505 1506 1508 1507
f 1507 1508 1510 1509
f 1509 1510 1512 1511
f 1511 1512 1514 1513
f 1513 1514 1516 1515
f 1515 1516 1518 1517
f 1517 1518 1520 1519
f 1519 1520 1522 1521
f 1521 1522 1524 1523
f 1523 1524 1526 1525
f 1525 1526 1528 1527
f 1527 1528 1530 1529
f 1529 1530 1532 1531
f 1531 1532 1534 1533
f 1533 1534 1536 1535
f 1535 1536 1538 1537
f 1537 1538 1540 1539
f 1539 1540 1542 1541
f 1541 1542 1544 1543
f 1543 1544 1546 1545
f 1545 1546 1548 1547
f 1547 1548 1550 1549
f 1549 1550 1552 1551
f 1551 1552 1554 1553
f 1553 1554 1556 1555
f 1555 1556 1558 1557
f 1557 1558 1560 1559
f 1559 1560 1562 1561
f 1561 1562 1564 1563
f 1563 1564 1566 1565
f 1565 1566 1568 1567
f 1567 1568 1570 1569
f 1569 1570 1572 1571
f 1571 1572 1574 1573
f 1573 1574 1576 1575
f 1575 1576 1578 1577
f 1577 1578 1580 1579
f 1579 1580 1582 1581
f 1581 1582 1584 1583
f 1583 1584 1586 1585
f 1585 1586 1588 1587
f 1587 1588 1590 1589
f 1589 1590 1592 1591
f 1591 1592 1594 1593
f 1593 1594 1596 1595
f 1595 1596 1598 1597
f 1597 1598 1600 1599
f 1599 1600 1602 1601
f 1601 1602 1604 1603
f 1603 1604 1606 1605
f 1605 1606 1608 1607
f 1607 1608 1610 1609
f 1609 1610 1612 1611
f 1611 1612 1614 1613
f 1613 1614 1616 1615
f 1615 1616 1618 1617
f 1617 1618 1620 1619
f 1619 1620 1622 1621
f 1621 1622 1624 1623
f 1623 1624 1626 1625
f 1625 1626 1628 1627
f 1627 1628 1630 1629
f 1629 1630 1632 1631
f 1631 1632 1634 1633
f 1633 1634 1636 1635
f 1635 1636 1638 1637
f 1637 1638 1640 1639
f 1639 1640 1642 1641
f 1641 1642 1644 1643
f 1643 1644 1646 1645
f 1645 1646 1648 1647
f 1647 1648 1650 1649
f 1649 1650 1652 1651
f 1651 1652 1654 1653
f 1653 1654 1656 1655
f 1655 1656 1658 1657
f 1657 1658 1660 1659
f 1659 1660 1662 1661
f 1661 1662 1664 1663
f 1663 1664 1666 1665
f 1665 1666 1668 1667
f 1667 1668 1670 1669
f 1669 1670 1672 1671
f 1671 1672 1674 1673
f 1673 1674 1676 1675
f 1675 1676 1678 1677
f 1677 1678 1680 1679
f 1679 1680 1682 1681
f 1681 1682 1684 1683
f 1683 1684 1686 1685
f 1685 1686 1688 1687
f 1687 1688 1690 1689
f 1689 1690 1692 1691
f 1691 1692 1694 1693
f 1693 1694 1696 1695
f 1695 1696 1698 1697
f 1697 1698 1700 1699
f 1699 1700 1702 1701
f 1701 1702 1704 1703
f 1703 1704 1706 1705
f 1705 1706 1708 1707
f 1707 1708 1710 1709
f 1709 1710 1712 1711
f 1711 1712 1714 1713
f 1713 1714 1716 1715
f 1715 1716 1718 1717
f 1717 1718 1720 1719
f 1719 1720 1722 1721
f 1721 1722 1724 1723
f 1723 1724 1726 1725
f 1725 1726 1728 1727
f 1727 1728 1730 1729
f 1729 1730 1732 1731
f 1731 1732 1734 1733
f 1733 1734 1736 1735
f 1735 1736 1738 1737
f 1737 1738 1740 1739
f 1739 1740 1742 1741
f 1741 1742 1744 1743
f 1743 1744 1746 1745
f 1745 1746 1748 1747
f 1747 1748 1750 1749
f 1749 1750 1752 1751
f 1751 1752 1754 1753
f 1753 1754 1756 1755
f 1755 1756 1758 1757
f 1757 1758 1760 1759
f 1759 1760 1762 1761
f 1761 1762 1764 1763
f 1763 1764 1766 1765
f 1765 1766 1768 1767
f 1767 1768 1770 1769
f 1769 1770 1772 1771
f 1771 1772 1774 1773
f 1773 1774 1776 1775
f 1775 1776 1778 1777
f 1777 1778 1780 1779
f 1779 1780 1782 1781
f 1781 1782 1784 1783
f 1783 1784 1786 1785
f 1785 1786 1788 1787
f 1787 1788 1790 1789
f 1789 1790 1792 1791
f 1791 1792 1794 1793
f 1793 1794 1796 1795
f 1795 1796 1798 1797
f 1797 1798 1800 1799
f 1799 1800 1802 1801
f 1801 1802 1804 1803
f 1803 1804 1806 1805
f 1805 1806 1808 1807
f 1807 1808 1810 1809
f 1809 1810 1812 1811
f 1811 1812 1814 1813
f 1813 1814 1816 1815
f 1815 1816 1818 1817
f 1817 1818 1820 1819
f 1819 1820 1822 1821
f 1821 1822 1824 1823
f 1823 1824 1826 1825
f 1825 1826 1828 1827
f 1827 1828 1830 1829
f 1829 1830 1832 1831
f 1831 1832 1834 1833
f 1833 1834 1836 1835
f 1835 1836 1838 1837
f 1837 1838 1840 1839
f 1839 1840 1842 1841
f 1841 1842 1844 1843
f 1843 1844 1846 1845
f 1845 1846 1848 1847
f 1847 1848 1850 1849
f 1849 1850 1852 1851
f 1851 1852 1854 1853
f 1853 1854 1856 1855
f 1855 1856 1858 1857
f 1857 1858 1860 1859
f 1859 1860 1862 1861
f 1861 1862 1864 1863
f 1863 1864 1866 1865
f 1865 1866 1868 1867
f 1867 1868 1870 1869
f 1869 1870 1872 1871
f 1871 1872 1874 1873
f 1873 1874 1876 1875
f 1875 1876 1878 1877
f 1877 1878 1880 1879
f 1879 1880 1882 1881
f 1881 1882 1884 1883
f 1883 1884 1886 1885
f 1885 1886 1888 1887
f 1887 1888 1890 1889
f 1889 1890 1892 1891
f 1891 1892 1894 1893
f 1893 1894 1896 1895
f 1895 1896 1898 1897
f 1897 1898 1900 1899
f 1899 1900 1902 1901
f 1901 1902 1904 1903
f 1903 1904 1906 1905
f 1905 1906 1908 1907
f 1907 1908 1910 1909
f 1909 1910 1912 1911
f 1911 1912 1914 1913
f 1913 1914 1916 1915
f 1915 1916 1918 1917
f 1917 1918 1920 1919
f 1919 1920 1922 1921
f 1921 1922 1924 1923
f 1923 1924 1926 1925
f 1925 1926 1928 1927
f 1927 1928 1930 1929
f 1929 1930 1932 1931
f 1931 1932 1934 1933
f 1933 1934 1936 1935
f 1935 1936 1938 1937
f 1937 1938 1940 1939
f 1939 1940 1942 1941
f 1941 1942 1944 1943
f 1943 1944 1946 1945
f 1945 1946 1948 1947
f 1947 1948 1950 1949
f 1949 1950 1952 1951
f 1951 1952 1954 1953
f 1953 1954 1956 1955
f 1955 1956 1958 1957
f 1957 1958 1960 1959
f 1959 1960 1962 1961
f 1961 1962 1964 1963
f 1963 1964 1966 1965
f 1965 1966 1968 1967
f 1967 1968 1970 1969
f 1969 1970 1972 1971
f 1971 1972 1974 1973
f 1973 1974 1976 1975
f 1975 1976 1978 1977
f 1977 1978 1980 1979
f 1979 1980 1982 1981
f 1981 1982 1984 1983
f 1983 1984 1986 1985
f 1985 1986 1988 1987
f 1987 1988 1990 1989
f 1989 1990 1992 1991
f 1991 1992 1994 1993
f 1993 1994 1996 1995
f 1995 1996 1998 1997
f 1997 1998 2000 1999
f 1999 2000 2002 2001
f 2001 2002 2004 2003
f 2003 2004 2006 2005
f 2005 2006 2008 2007
f 2007 2008 2010 2009
f 2009 2010 2012 2011
f 2011 2012 2014 2013
f 2013 2014 2016 2015
f 2015 2016 2018 2017
f 2017 2018 2020 2019
f 2019 2020 2022 2021
f 2021 2022 2024 2023
f 2023 2024 2026 2025
f 2025 2026 2028 2027
f 2027 2028 2030 2029
f 2029 2030 2032 2031
f 2031 2032 2034 2033
f 2033 2034 2036 2035
f 2035 2036 2038 2037
f 2037 2038 2040 2039
f 2039 2040 2042 2041
f 2041 2042 2044 2043
f 2043 2044 2046 2045
f 2045 2046 2048 2047
f 2047 2048 2050 2049
f 2049 2050 2052 2051
f 2051 2052 2054 2053
f 2053 2054 2056 2055
f 2055 2056 2058 2057
f 2057 2058 2060 2059
f 2059 2060 2062 2061
f 2061 2062 2064 2063
f 2063 2064 2066 2065
f 2065 2066 2068 2067
f 2067 2068 2070 2069
f 2069 2070 2072 2071
f 2071 2072 2074 2073
f 2073 2074 2076 2075
f 2075 2076 2078 2077
f 2077 2078 2080 2079
f 2079 2080 2082 2081
f 2081 2082 2084 2083
f 2083 2084 2086 2085
f 2085 2086 2088 2087
f 2087 2088 2090 2089
f 2089 2090 2092 2091
f 2091 2092 2094 2093
f 2093 2094 2096 2095
f 2095 2096 2098 2097
f 2097 2098 2100 2099
f 2099 2100 2102 2101
f 2101 2102 2104 2103
f 2103 2104 2106 2105
f 2105 2106 2108 2107
f 2107 2108 2110 2109
f 2109 2110 2112 2111
f 2111 2112 2114 2113
f 2113 2114 2116 2115
f 2115 2116 2118 2117
f 2117 2118 2120 2119
f 2119 2120 2122 2121
f 2121 2122 2124 2123
f 2123 2124 2126 2125
f 2125 2126 2128 2127
f 2127 2128 2130 2129
f 2129 2130 2132 2131
f 2131 2132 2134 2133
f 2133 2134 2136 2135
f 2135 2136 2138 2137
f 2137 2138 2140 2139
f 2139 2140 2142 2141
f 2141 2142 2144 2143
f 2143 2144 2146 2145
f 2145 2146 2148 2147
f 2147 2148 2150 2149
f 2149 2150 2152 2151
f 2151 2152 2154 2153
f 2153 2154 2156 2155
f 2155 2156 2158 2157
f 2157 2158 2160 2159
f 2159 2160 2162 2161
f 2161 2162 2164 2163
f 2163 2164 2166 2165
f 2165 2166 2168 2167
f 2167 2168 2170 2169
f 2169 2170 2172 2171
f 2171 2172 2174 2173
f 2173 2174 2176 2175
f 2175 2176 2178 2177
f 2177 2178 2180 2179
f 2179 2180 2182 2181
f 2181 2182 2184 2183
f 2183 2184 2186 2185
f 2185 2186 2188 2187
f 2187 2188 2190 2189
f 2189 2190 2192 2191
f 2191 2192 2194 2193
f 2193 2194 2196 2195
f 2195 2196 2198 2197
f 2197 2198 2200 2199
f 2199 2200 2202 2201
f 2201 2202 2204 2203
f 2203 2204 2206 2205
f 2205 2206 2208 2207
f 2207 2208 2210 2209
f 2209 2210 2212 2211
f 2211 2212 2214 2213
f 2213 2214 2216 2215
f 2215 2216 2218 2217
f 2217 2218 2220 2219
f 2219 2220 2222 2221
f 2221 2222 2224 2223
f 2223 2224 2226 2225
f 2225 2226 2228 2227
f 2227 2228 2230 2229
f 2229 2230 2232 2231
f 2231 2232 2234 2233
f 2233 2234 2236 2235
f 2235 2236 2238 2237
f 2237 2238 2240 2239
f 2239 2240 2242 2241
f 2241 2242 2244 2243
f 2243 2244 2246 2245
f 2245 2246 2248 2247
f 2247 2248 2250 2249
f 2249 2250 2252 2251
f 2251 2252 2254 2253
f 2253 2254 2256 2255
f 2255 2256 2258 2257
f 2257 2258 2260 2259
f 2259 2260 2262 2261
f 2261 2262 2264 2263
f 2263 2264 2266 2265
f 2265 2266 2268 2267
f 2267 2268 2270 2269
f 2269 2270 2272 2271
f 2271 2272 2274 2273
f 2273 2274 2276 2275
f 2275 2276 2278 2277
f 2277 2278 2280 2279
f 2279 2280 2282 2281
f 2281 2282 2284 2283
f 2283 2284 2286 2285
f 2285 2286 2288 2287
f 2287 2288 2290 2289
f 2289 2290 2292 2291
f 2291 2292 2294 2293
f 2293 2294 2296 2295
f 2295 2296 2298 2297
f 2297 2298 2300 2299
f 2299 2300 2302 2301
f 2301 2302 2304 2303
f 2303 2304 2306 2305
f 2305 2306 2308 2307
f 2307 2308 2310 2309
f 2309 2310 2312 2311
f 2311 2312 2314 2313
f 2313 2314 2316 2315
f 2315 2316 2318 2317
f 2317 2318 2320 2319
f 2319 2320 2322 2321
f 2321 2322 2324 2323
f 2323 2324 2326 2325
f 2325 2326 2328 2327
f 2327 2328 2330 2329
f 2329 2330 2332 2331
f 2331 2332 2334 2333
f 2333 2334 2336 2335
f 2335 2336 2338 2337
f 2337 2338 2340 2339
f 2339 2340 2342 2341
f 2341 2342 2344 2343
f 2343 2344 2346 2345
f 2345 2346 2348 2347
f 2347 2348 2350 2349
f 2349 2350 2352 2351
f 2351 2352 2354 2353
f 2353 2354 2356 2355
f 2355 2356 2358 2357
f 2357 2358 2360 2359
f 2359 2360 2362 2361
f 2361 2362 2364 2363
f 2363 2364 2366 2365
f 2365 2366 2368 2367
f 2367 2368 2370 2369
f 2369 2370 2372 2371
f 2371 2372 2374 2373
f 2373 2374 2376 2375
f 2375 2376 2378 2377
f 2377 2378 2380 2379
f 2379 2380 2382 2381
f 2381 2382 2384 2383
f 2383 2384 2386 2385
f 2385 2386 2388 2387
f 2387 2388 2390 2389
f 2389 2390 2392 2391
f 2391 2392 2394 2393
f 2393 2394 2396 2395
f 2395 2396 2398 2397
f 2397 2398 2400 2399
f 2399 2400 2402 2401
f 2401 2402 2404 2403
f 2403 2404 2406 2405
f 2405 2406 2408 2407
f 2407 2408 2410 2409
f 2409 2410 2412 2411
f 2411 2412 2414 2413
f 2413 2414 2416 2415
f 2415 2416 2418 2417
f 2417 2418 2420 2419
f 2419 2420 2422 2421
f 2421 2422 2424 2423
f 2423 2424 2426 2425
f 2425 2426 2428 2427
f 2427 2428 2430 2429
f 2429 2430 2432 2431
f 2431 2432 2434 2433
f 2433 2434 2436 2435
f 2435 2436 2438 2437
f 2437 2438 2440 2439
f 2439 2440 2442 2441
f 2441 2442 2444 2443
f 2443 2444 2446 2445
f 2445 2446 2448 2447
f 2447 2448 2450 2449
f 2449 2450 2452 2451
f 2451 2452 2454 2453
f 2453 2454 2456 2455
f 2455 2456 2458 2457
f 2457 2458 2460 2459
f 2459 2460 2462 2461
f 2461 2462 2464 2463
f 2463 2464 2466 2465
f 2465 2466 2468 2467
f 2467 2468 2470 2469
f 2469 2470 2472 2471
f 2471 2472 2474 2473
f 2473 2474 2476 2475
f 2475 2476 2478 2477
f 2477 2478 2480 2479
f 2479 2480 2482 2481
f 2481 2482 2484 2483
f 2483 2484 2486 2485
f 2485 2486 2488 2487
f 2487 2488 2490 2489
f 2489 2490 2492 2491
f 2491 2492 2494 2493
f 2493 2494 2496 2495
f 2495 2496 2498 2497
f 2497 2498 2500 2499
f 2499 2500 2502 2501
f 2501 2502 2504 2503
f 2503 2504 2506 2505
f 2505 2506 2508 2507
f 2507 2508 2510 2509
f 2509 2510 2512 2511
f 2511 2512 2514 2513
f 2513 2514 2516 2515
f 2515 2516 2518 2517
f 2517 2518 2520 2519
f 2519 2520 2522 2521
f 2521 2522 2524 2523
f 2523 2524 2526 2525
f 2525 2526 2528 2527
f 2527 2528 2530 2529
f 2529 2530 2532 2531
f 2531 2532 2534 2533
f 2533 2534 2536 2535
f 2535 2536 2538 2537
f 2537 2538 2540 2539
f 2539 2540 2542 2541
f 2541 2542 2544 2543
f 2543 2544 2546 2545
f 2545 2546 2548 2547
f 2547 2548 2550 2549
f 2549 2550 2552 2551
f 2551 2552 2554 2553
f 2553 2554 2556 2555
f 2555 2556 2558 2557
f 2557 2558 2560 2559
f 2559 2560 2562 2561
f 2561 2562 2564 2563
f 2563 2564 2566 2565
f 2565 2566 2568 2567
f 2567 2568 2570 2569
f 2569 2570 2572 2571
f 2571 2572 2574 2573
f 2573 2574 2576 2575
f 2575 2576 2578 2577
f 2577 2578 2580 2579
f 2579 2580 2582 2581
f 2581 2582 2584 2583
f 2583 2584 2586 2585
f 2585 2586 2588 2587
f 2587 2588 2590 2589
f 2589 2590 2592 2591
f 2591 2592 2594 2593
f 2593 2594 2596 2595
f 2595 2596 2598 2597
f 2597 2598 2600 2599
f 2599 2600 2602 2601
f 2601 2602 2604 2603
f 2603 2604 2606 2605
f 2605 2606 2608 2607
f 2607 2608 2610 2609
f 2609 2610 2612 2611
f 2611 2612 2614 2613
f 2613 2614 2616 2615
f 2615 2616 2618 2617
f 2617 2618 2620 2619
f 2619 2620 2622 2621
f 2621 2622 2624 2623
f 2623 2624 2626 2625
f 2625 2626 2628 2627
f 2627 2628 2630 2629
f 2629 2630 2632 2631
f 2631 2632 2634 2633
f 2633 2634 2636 2635
f 2635 2636 2638 2637
f 2637 2638 2640 2639
f 2639 2640 2642 2641
f 2641 2642 2644 2643
f 2643 2644 2646 2645
f 2645 2646 2648 2647
f 2647 2648 2650 2649
f 2649 2650 2652 2651
f 2651 2652 2654 2653
f 2653 2654 2656 2655
f 2655 2656 2658 2657
f 2657 2658 2660 2659
f 2659 2660 2662 2661
f 2661 2662 2664 2663
f 2663 2664 2666 2665
f 2665 2666 2668 2667
f 2667 2668 2670 2669
f 2669 2670 2672 2671
f 2671 2672 2674 2673
f 2673 2674 2676 2675
f 2675 2676 2678 2677
f 2677 2678 2680 2679
f 2679 2680 2682 2681
f 2681 2682 2684 2683
f 2683 2684 2686 2685
f 2685 2686 2688 2687
f 2687 2688 2690 2689
f 2689 2690 2692 2691
f 2691 2692 2694 2693
f 2693 2694 2696 2695
f 2695 2696 2698 2697
f 2697 2698 2700 2699
f 2699 2700 2702 2701
f 2701 2702 2704 2703
f 2703 2704 2706 2705
f 2705 2706 2708 2707
f 2707 2708 2710 2709
f 2709 2710 2712 2711
f 2711 2712 2714 2713
f 2713 2714 2716 2715
f 2715 2716 2718 2717
f 2717 2718 2720 2719
f 2719 2720 2722 2721
f 2721 2722 2724 2723
f 2723 2724 2726 2725
f 2725 2726 2728 2727
f 2727 2728 2730 2729
f 2729 2730 2732 2731
f 2731 2732 2734 2733
f 2733 2734 2736 2735
f 2735 2736 2738 2737
f 2737 2738 2740 2739
f 2739 2740 2742 2741
f 2741 2742 2744 2743
f 2743 2744 2746 2745
f 2745 2746 2748 2747
f 2747 2748 2750 2749
f 2749 2750 2752 2751
f 2751 2752 2754 2753
f 2753 2754 2756 2755
f 2755 2756 2758 2757
f 2757 2758 2760 2759
f 2759 2760 2762 2761
f 2761 2762 2764 2763
f 2763 2764 2766 2765
f 2765 2766 2768 2767
f 2767 2768 2770 2769
f 2769 2770 2772 2771
f 2771 2772 2774 2773
f 2773 2774 2776 2775
f 2775 2776 2778 2777
f 2777 2778 2780 2779
f 2779 2780 2782 2781
f 2781 2782 2784 2783
f 2783 2784 2786 2785
f 2785 2786 2788 2787
f 2787 2788 2790 2789
f 2789 2790 2792 2791
f 2791 2792 2794 2793
f 2793 2794 2796 2795
f 2795 2796 2798 2797
f 2797 2798 2800 2799
f 2799 2800 2802 2801
f 2801 2802 2804 2803
f 2803 2804 2806 2805
f 2805 2806 2808 2807
f 2807 2808 2810 2809
f 2809 2810 2812 2811
f 2811 2812 2814 2813
f 2813 2814 2816 2815
f 2815 2816 2818 2817
f 2817 2818 2820 2819
f 2819 2820 2822 2821
f 2821 2822 2824 2823
f 2823 2824 2826 2825
f 2825 2826 2828 2827
f 2827 2828 2830 2829
f 2829 2830 2832 2831
f 2831 2832 2834 2833
f 2833 2834 2836 2835
f 2835 2836 2838 2837
f 2837 2838 2840 2839
f 2839 2840 2842 2841
f 2841 2842 2844 2843
f 2843 2844 2846 2845
f 2845 2846 2848 2847
f 2847 2848 2850 2849
f 2849 2850 2852 2851
f 2851 2852 2854 2853
f 2853 2854 2856 2855
f 2855 2856 2858 2857
f 2857 2858 2860 2859
f 2859 2860 2862 2861
f 2861 2862 2864 2863
f 2863 2864 2866 2865
f 2865 2866 2868 2867
f 2867 2868 2870 2869
f 2869 2870 2872 2871
f 2871 2872 2874 2873
f 2873 2874 2876 2875
f 2875 2876 2878 2877
f 2877 2878 2880 2879
f 2879 2880 2882 2881
f 2881 2882 2884 2883
f 2883 2884 2886 2885
f 2885 2886 2888 2887
f 2887 2888 2890 2889
f 2889 2890 2892 2891
f 2891 2892 2894 2893
f 2893 2894 2896 2895
f 2895 2896 2898 2897
f 2897 2898 2900 2899
f 2899 2900 2902 2901
f 2901 2902 2904 2903
f 2903 2904 2906 2905
f 2905 2906 2908 2907
f 2907 2908 2910 2909
f 2909 2910 2912 2911
f 2911 2912 2914 2913
f 2913 2914 2916 2915
f 2915 2916 2918 2917
f 2917 2918 2920 2919
f 2919 2920 2922 2921
f 2921 2922 2924 2923
f 2923 2924 2926 2925
f 2925 2926 2928 2927
f 2927 2928 2930 2929
f 2929 2930 2932 2931
f 2931 2932 2934 2933
f 2933 2934 2936 2935
f 2935 2936 2938 2937
f 2937 2938 2940 2939
f 2939 2940 2942 2941
f 2941 2942 2944 2943
f 2943 2944 2946 2945
f 2945 2946 2948 2947
f 2947 2948 2950 2949
f 2949 2950 2952 2951
f 2951 2952 2954 2953
f 2953 2954 2956 2955
f 2955 2956 2958 2957
f 2957 2958 2960 2959
f 2959 2960 2962 2961
f 2961 2962 2964 2963
f 2963 2964 2966 2965
f 2965 2966 2968 2967
f 2967 2968 2970 2969
f 2969 2970 2972 2971
f 2971 2972 2974 2973
f 2973 2974 2976 2975
f 2975 2976 2978 2977
f 2977 2978 2980 2979
f 2979 2980 2982 2981
f 2981 2982 2984 2983
f 2983 2984 2986 2985
f 2985 2986 2988 2987
f 2987 2988 2990 2989
f 2989 2990 2992 2991
f 2991 2992 2994 2993
f 2993 2994 2996 2995
f 2995 2996 2998 2997
f 2997 2998 3000 2999
f 2999 3000 3002 3001
f 3001 3002 3004 3003
f 3003 3004 3006 3005
f 3005 3006 3008 3007
f 3007 3008 3010 3009
f 3009 3010 3012 3011
f 3011 3012 3014 3013
f 3013 3014 3016 3015
f 3015 3016 3018 3017
f 3017 3018 3020 3019
f 3019 3020 3022 3021
f 3021 3022 3024 3023
f 3023 3024 3026 3025
f 3025 3026 3028 3027
f 3027 3028 3030 3029
f 3029 3030 3032 3031
f 3031 3032 3034 3033
f 3033 3034 3036 3035
f 3035 3036 3038 3037
f 3037 3038 3040 3039
f 3039 3040 3042 3041
f 3041 3042 3044 3043
f 3043 3044 3046 3045
f 3045 3046 3048 3047
f 3047 3048 3050 3049
f 3049 3050 3052 3051
f 3051 3052 3054 3053
f 3053 3054 3056 3055
f 3055 3056 3058 3057
f 3057 3058 3060 3059
f 3059 3060 3062 3061
f 3061 3062 3064 3063
f 3063 3064 3066 3065
f 3065 3066 3068 3067
f 3067 3068 3070 3069
f 3069 3070 3072 3071
f 3071 3072 3074 3073
f 3073 3074 3076 3075
f 3075 3076 3078 3077
f 3077 3078 3080 3079
f 3079 3080 3082 3081
f 3081 3082 3084 3083
f 3083 3084 3086 3085
f 3085 3086 3088 3087
f 3087 3088 3090 3089
f 3089 3090 3092 3091
f 3091 3092 3094 3093
f 3093 3094 3096 3095
f 3095 3096 3098 3097
f 3097 3098 3100 3099
f 3099 3100 3102 3101
f 3101 3102 3104 3103
f 3103 3104 3106 3105
f 3105 3106 3108 3107
f 3107 3108 3110 3109
f 3109 3110 3112 3111
f 3111 3112 3114 3113
f 3113 3114 3116 3115
f 3115 3116 3118 3117
f 3117 3118 3120 3119
f 3119 3120 3122 3121
f 3121 3122 3124 3123
f 3123 3124 3126 3125
f 3125 3126 3128 3127
f 3127 3128 3130 3129
f 3129 3130 3132 3131
f 3131 3132 3134 3133
f 3133 3134 3136 3135
f 3135 3136 3138 3137
f 3137 3138 3140 3139
f 3139 3140 3142 3141
f 3141 3142 3144 3143
f 3143 3144 3146 3145
f 3145 3146 3148 3147
f 3147 3148 3150 3149
f 3149 3150 3152 3151
f 3151 3152 3154 3153
f 3153 3154 3156 3155
f 3155 3156 3158 3157
f 3157 3158 3160 3159
f 3159 3160 3162 3161
f 3161 3162 3164 3163
f 3163 3164 3166 3165
f 3165 3166 3168 3167
f 3167 3168 3170 3169
f 3169 3170 3172 3171
f 3171 3172 3174 3173
f 3173 3174 3176 3175
f 3175 3176 3178 3177
f 3177 3178 3180 3179
f 3179 3180 3182 3181
f 3181 3182 3184 3183
f 3183 3184 3186 3185
f 3185 3186 3188 3187
f 3187 3188 3190 3189
f 3189 3190 3192 3191
f 3191 3192 3194 3193
f 3193 3194 3196 3195
f 3195 3196 3198 3197
f 3197 3198 3200 3199
f 3199 3200 3202 3201
f 3201 3202 3204 3203
f 3203 3204 3206 3205
f 3205 3206 3208 3207
f 3207 3208 3210 3209
f 3209 3210 3212 3211
f 3211 3212 3214 3213
f 3213 3214 3216 3215
f 3215 3216 3218 3217
f 3217 3218 3220 3219
f 3219 3220 3222 3221
f 3221 3222 3224 3223
f 3223 3224 3226 3225
f 3225 3226 3228 3227
f 3227 3228 3230 3229
f 3229 3230 3232 3231
f 3231 3232 3234 3233
f 3233 3234 3236 3235
f 3235 3236 3238 3237
f 3237 3238 3240 3239
f 3239 3240 3242 3241
f 3241 3242 3244 3243
f 3243 3244 3246 3245
f 3245 3246 3248 3247
f 3247 3248 3250 3249
f 3249 3250 3252 3251
f 3251 3252 3254 3253
f 3253 3254 3256 3255
f 3255 3256 3258 3257
f 3257 3258 3260 3259
f 3259 3260 3262 3261
f 3261 3262 3264 3263
f 3263 3264 3266 3265
f 3265 3266 3268 3267
f 3267 3268 3270 3269
f 3269 3270 3272 3271
f 3271 3272 3274 3273
f 3273 3274 3276 3275
f 3275 3276 3278 3277
f 3277 3278 3280 3279
f 3279 3280 3282 3281
f 3281 3282 3284 3283
f 3283 3284 3286 3285
f 3285 3286 3288 3287
f 3287 3288 3290 3289
f 3289 3290 3292 3291
f 3291 3292 3294 3293
f 3293 3294 3296 3295
f 3295 3296 3298 3297
f 3297 3298 3300 3299
f 3299 3300 3302 3301
f 3301 3302 3304 3303
f 3303 3304 3306 3305
f 3305 3306 3308 3307
f 3307 3308 3310 3309
f 3309 3310 3312 3311
f 3311 3312 3314 3313
f 3313 3314 3316 3315
f 3315 3316 3318 3317
f 3317 3318 3320 3319
f 3319 3320 3322 3321
f 3321 3322 3324 3323
f 3323 3324 3326 3325
f 3325 3326 3328 3327
f 3327 3328 3330 3329
f 3329 3330 3332 3331
f 3331 3332 3334 3333
f 3333 3334 3336 3335
f 3335 3336 3338 3337
f 3337 3338 3340 3339
f 3339 3340 3342 3341
f 3341 3342 3344 3343
f 3343 3344 3346 3345
f 3345 3346 3348 3347
f 3347 3348 3350 3349
f 3349 3350 3352 3351
f 3351 3352 3354 3353
f 3353 3354 3356 3355
f 3355 3356 3358 3357
f 3357 3358 3360 3359
f 3359 3360 3362 3361
f 3361 3362 3364 3363
f 3363 3364 3366 3365
f 3365 3366 3368 3367
f 3367 3368 3370 3369
f 3369 3370 3372 3371
f 3371 3372 3374 3373
f 3373 3374 3376 3375
f 3375 3376 3378 3377
f 3377 3378 3380 3379
f 3379 3380 3382 3381
f 3381 3382 3384 3383
f 3383 3384 3386 3385
f 3385 3386 3388 3387
f 3387 3388 3390 3389
f 3389 3390 3392 3391
f 3391 3392 3394 3393
f 3393 3394 3396 3395
f 3395 3396 3398 3397
f 3397 3398 3400 3399
f 3399 3400 3402 3401
f 3401 3402 3404 3403
f 3403 3404 3406 3405
f 3405 3406 3408 3407
f 3407 3408 3410 3409
f 3409 3410 3412 3411
f 3411 3412 3414 3413
f 3413 3414 3416 3415
f 3415 3416 3418 3417
f 3417 3418 3420 3419
f 3419 3420 3422 3421
f 3421 3422 3424 3423
f 3423 3424 3426 3425
f 3425 3426 3428 3427
f 3427 3428 3430 3429
f 3429 3430 3432 3431
f 3431 3432 3434 3433
f 3433 3434 3436 3435
f 3435 3436 3438 3437
f 3437 3438 3440 3439
f 3439 3440 3442 3441
f 3441 3442 3444 3443
f 3443 3444 3446 3445
f 3445 3446 3448 3447
f 3447 3448 3450 3449
f 3449 3450 3452 3451
f 3451 3452 3454 3453
f 3453 3454 3456 3455
f 3455 3456 3458 3457
f 3457 3458 3460 3459
f 3459 3460 3462 3461
f 3461 3462 3464 3463
f 3463 3464 3466 3465
f 3465 3466 3468 3467
f 3467 3468 3470 3469
f 3469 3470 3472 3471
f 3471 3472 3474 3473
f 3473 3474 3476 3475
f 3475 3476 3478 3477
f 3477 3478 3480 3479
f 3479 3480 3482 3481
f 3481 3482 3484 3483
f 3483 3484 3486 3485
f 3485 3486 3488 3487
f 3487 3488 3490 3489
f 3489 3490 3492 3491
f 3491 3492 3494 3493
f 3493 3494 3496 3495
f 3495 3496 3498 3497
f 3497 3498 3500 3499
f 3499 3500 3502 3501
f 3501 3502 3504 3503
f 3503 3504 3506 3505
f 3505 3506 3508 3507
f 3507 3508 3510 3509
f 3509 3510 3512 3511
f 3511 3512 3514 3513
f 3513 3514 3516 3515
f 3515 3516 3518 3517
f 3517 3518 3520 3519
f 3519 3520 3522 3521
f 3521 3522 3524 3523
f 3523 3524 3526 3525
f 3525 3526 3528 3527
f 3527 3528 3530 3529
f 3529 3530 3532 3531
f 3531 3532 3534 3533
f 3533 3534 3536 3535
f 3535 3536 3538 3537
f 3537 3538 3540 3539
f 3539 3540 3542 3541
f 3541 3542 3544 3543
f 3543 3544 3546 3545
f 3545 3546 3548 3547
f 3547 3548 3550 3549
f 3549 3550 3552 3551
f 3551 3552 3554 3553
f 3553 3554 3556 3555
f 3555 3556 3558 3557
f 3557 3558 3560 3559
f 3559 3560 3562 3561
f 3561 3562 3564 3563
f 3563 3564 3566 3565
f 3565 3566 3568 3567
f 3567 3568 3570 3569
f 3569 3570 3572 3571
f 3571 3572 3574 3573
f 3573 3574 3576 3575
f 3575 3576 3578 3577
f 3577 3578 3580 3579
f 3579 3580 3582 3581
f 3581 3582 3584 3583
f 3583 3584 3586 3585
f 3585 3586 3588 3587
f 3587 3588 3590 3589
f 3589 3590 3592 3591
f 3591 3592 3594 3593
f 3593 3594 3596 3595
f 3595 3596 3598 3597
f 3597 3598 3600 3599
f 3599 3600 3602 3601
f 3601 3602 3604 3603
f 3603 3604 3606 3605
f 3605 3606 3608 3607
f 3607 3608 3610 3609
f 3609 3610 3612 3611
f 3611 3612 3614 3613
f 3613 3614 3616 3615
f 3615 3616 3618 3617
f 3617 3618 3620 3619
f 3619 3620 3622 3621
f 3621 3622 3624 3623
f 3623 3624 3626 3625
f 3625 3626 3628 3627
f 3627 3628 3630 3629
f 3629 3630 3632 3631
f 3631 3632 3634 3633
f 3633 3634 3636 3635
f 3635 3636 3638 3637
f 3637 3638 3640 3639
f 3639 3640 3642 3641
f 3641 3642 3644 3643
f 3643 3644 3646 3645
f 3645 3646 3648 3647
f 3647 3648 3650 3649
f 3649 3650 3652 3651
f 3651 3652 3654 3653
f 3653 3654 3656 3655
f 3655 3656 3658 3657
f 3657 3658 3660 3659
f 3659 3660 3662 3661
f 3661 3662 3664 3663
f 3663 3664 3666 3665
f 3665 3666 3668 3667
f 3667 3668 3670 3669
f 3669 3670 3672 3671
f 3671 3672 3674 3673
f 3673 3674 3676 3675
f 3675 3676 3678 3677
f 3677 3678 3680 3679
f 3679 3680 3682 3681
f 3681 3682 3684 3683
f 3683 3684 3686 3685
f 3685 3686 3688 3687
f 3687 3688 3690 3689
f 3689 3690 3692 3691
f 3691 3692 3694 3693
f 3693 3694 3696 3695
f 3695 3696 3698 3697
f 3697 3698 3700 3699
f 3699 3700 3702 3701
f 3701 3702 3704 3703
f 3703 3704 3706 3705
f 3705 3706 3708 3707
f 3707 3708 3710 3709
f 3709 3710 3712 3711
f 3711 3712 3714 3713
f 3713 3714 3716 3715
f 3715 3716 3718 3717
f 3717 3718 3720 3719
f 3719 3720 3722 3721
f 3721 3722 3724 3723
f 3723 3724 3726 3725
f 3725 3726 3728 3727
f 3727 3728 3730 3729
f 3729 3730 3732 3731
f 3731 3732 3734 3733
f 3733 3734 3736 3735
f 3735 3736 3738 3737
f 3737 3738 3740 3739
f 3739 3740 3742 3741
f 3741 3742 3744 3743
f 3743 3744 3746 3745
f 3745 3746 3748 3747
f 3747 3748 3750 3749
f 3749 3750 3752 3751
f 3751 3752 3754 3753
f 3753 3754 3756 3755
f 3755 3756 3758 3757
f 3757 3758 3760 3759
f 3759 3760 3762 3761
f 3761 3762 3764 3763
f 3763 3764 3766 3765
f 3765 3766 3768 3767
f 3767 3768 3770 3769
f 3769 3770 3772 3771
f 3771 3772 3774 3773
f 3773 3774 3776 3775
f 3775 3776 3778 3777
f 3777 3778 3780 3779
f 3779 3780 3782 3781
f 3781 3782 3784 3783
f 3783 3784 3786 3785
f 3785 3786 3788 3787
f 3787 3788 3790 3789
f 3789 3790 3792 3791
f 3791 3792 3794 3793
f 3793 3794 3796 3795
f 3795 3796 3798 3797
f 3797 3798 3800 3799
f 3799 3800 3802 3801
f 3801 3802 3804 3803
f 3803 3804 3806 3805
f 3805 3806 3808 3807
f 3807 3808 3810 3809
f 3809 3810 3812 3811
f 3811 3812 3814 3813
f 3813 3814 3816 3815
f 3815 3816 3818 3817
f 3817 3818 3820 3819
f 3819 3820 3822 3821
f 3821 3822 3824 3823
f 3823 3824 3826 3825
f 3825 3826 3828 3827
f 3827 3828 3830 3829
f 3829 3830 3832 3831
f 3831 3832 3834 3833
f 3833 3834 3836 3835
f 3835 3836 3838 3837
f 3837 3838 3840 3839
f 3839 3840 3842 3841
f 3841 3842 3844 3843
f 3843 3844 3846 3845
f 3845 3846 3848 3847
f 3847 3848 3850 3849
f 3849 3850 3852 3851
f 3851 3852 3854 3853
f 3853 3854 3856 3855
f 3855 3856 3858 3857
f 3857 3858 3860 3859
f 3859 3860 3862 3861
f 3861 3862 3864 3863
f 3863 3864 3866 3865
f 3865 3866 3868 3867
f 3867 3868 3870 3869
f 3869 3870 3872 3871
f 3871 3872 3874 3873
f 3873 3874 3876 3875
f 3875 3876 3878 3877
f 3877 3878 3880 3879
f 3879 3880 3882 3881
f 3881 3882 3884 3883
f 3883 3884 3886 3885
f 3885 3886 3888 3887
f 3887 3888 3890 3889
f 3889 3890 3892 3891
f 3891 3892 3894 3893
f 3893 3894 3896 3895
f 3895 3896 3898 3897
f 3897 3898 3900 3899
f 3899 3900 3902 3901
f 3901 3902 3904 3903
f 3903 3904 3906 3905
f 3905 3906 3908 3907
f 3907 3908 3910 3909
f 3909 3910 3912 3911
f 3911 3912 3914 3913
f 3913 3914 3916 3915
f 3915 3916 3918 3917
f 3917 3918 3920 3919
f 3919 3920 3922 3921
f 3921 3922 3924 3923
f 3923 3924 3926 3925
f 3925 3926 3928 3927
f 3927 3928 3930 3929
f 3929 3930 3932 3931
f 3931 3932 3934 3933
f 3933 3934 3936 3935
f 3935 3936 3938 3937
f 3937 3938 3940 3939
f 3939 3940 3942 3941
f 3941 3942 3944 3943
f 3943 3944 3946 3945
f 3945 3946 3948 3947
f 3947 3948 3950 3949
f 3949 3950 3952 3951
f 3951 3952 3954 3953
f 3953 3954 3956 3955
f 3955 3956 3958 3957
f 3957 3958 3960 3959
f 3959 3960 3962 3961
f 3961 3962 3964 3963
f 3963 3964 3966 3965
f 3965 3966 3968 3967
f 3967 3968 3970 3969
f 3969 3970 3972 3971
f 3971 3972 3974 3973
f 3973 3974 3976 3975
f 3975 3976 3978 3977
f 3977 3978 3980 3979
f 3979 3980 3982 3981
f 3981 3982 3984 3983
f 3983 3984 3986 3985
f 3985 3986 3988 3987
f 3987 3988 3990 3989
f 3989 3990 3992 3991
f 3991 3992 3994 3993
f 3993 3994 3996 3995
f 3995 3996 3998 3997
f 3997 3998 4000 3999
f 3999 4000 4002 4001
f 4001 4002 4004 4003
f 4003 4004 4006 4005
f 4005 4006 4008 4007
f 4007 4008 4010 4009
f 4009 4010 4012 4011
f 4011 4012 4014 4013
f 4013 4014 4016 4015
f 4015 4016 4018 4017
f 4017 4018 4020 4019
f 4019 4020 4022 4021
f 4021 4022 4024 4023
f 4023 4024 4026 4025
f 4025 4026 4028 4027
f 4027 4028 4030 4029
f 4029 4030 4032 4031
f 4031 4032 4034 4033
f 4033 4034 4036 4035
f 4035 4036 4038 4037
f 4037 4038 4040 4039
f 4039 4040 4042 4041
f 4041 4042 4044 4043
f 4043 4044 4046 4045
f 4045 4046 4048 4047
f 4047 4048 4050 4049
f 4049 4050 4052 4051
f 4051 4052 4054 4053
f 4053 4054 4056 4055
f 4055 4056 4058 4057
f 4057 4058 4060 4059
f 4059 4060 4062 4061
f 4061 4062 4064 4063
f 4063 4064 4066 4065
f 4065 4066 4068 4067
f 4067 4068 4070 4069
f 4069 4070 4072 4071
f 4071 4072 4074 4073
f 4073 4074 4076 4075
f 4075 4076 4078 4077
f 4077 4078 4080 4079
f 4079 4080 4082 4081
f 4081 4082 4084 4083
f 4083 4084 4086 4085
f 4085 4086 4088 4087
f 4087 4088 4090 4089
f 4089 4090 4092 4091
f 4091 4092 4094 4093
f 4093 4094 4096 4095
f 4095 4096 4098 4097
f 4097 4098 4100 4099
f 4099 4100 4102 4101
f 4101 4102 4104 4103
f 4103 4104 4106 4105
f 4105 4106 4108 4107
f 4107 4108 4110 4109
f 4109 4110 4112 4111
f 4111 4112 4114 4113
f 4113 4114 4116 4115
f 4115 4116 4118 4117
f 4117 4118 4120 4119
f 4119 4120 4122 4121
f 4121 4122 4124 4123
f 4123 4124 4126 4125
f 4125 4126 4128 4127
f 4127 4128 4130 4129
f 4129 4130 4132 4131
f 4131 4132 4134 4133
f 4133 4134 4136 4135
f 4135 4136 4138 4137
f 4137 4138 4140 4139
f 4139 4140 4142 4141
f 4141 4142 4144 4143
f 4143 4144 4146 4145
f 4145 4146 4148 4147
f 4147 4148 4150 4149
f 4149 4150 4152 4151
f 4151 4152 4154 4153
f 4153 4154 4156 4155
f 4155 4156 4158 4157
f 4157 4158 4160 4159
f 4159 4160 4162 4161
f 4161 4162 4164 4163
f 4163 4164 4166 4165
f 4165 4166 4168 4167
f 4167 4168 4170 4169
f 4169 4170 4172 4171
f 4171 4172 4174 4173
f 4173 4174 4176 4175
f 4175 4176 4178 4177
f 4177 4178 4180 4179
f 4179 4180 4182 4181
f 4181 4182 4184 4183
f 4183 4184 4186 4185
f 4185 4186 4188 4187
f 4187 4188 4190 4189
f 4189 4190 4192 4191
f 4191 4192 4194 4193
f 4193 4194 4196 4195
f 4195 4196 4198 4197
f 4197 4198 4200 4199
f 4199 4200 4202 4201
f 4201 4202 4204 4203
f 4203 4204 4206 4205
f 4205 4206 4208 4207
f 4207 4208 4210 4209
f 4209 4210 4212 4211
f 4211 4212 4214 4213
f 4213 4214 4216 4215
f 4215 4216 4218 4217
f 4217 4218 4220 4219
f 4219 4220 4222 4221
f 4221 4222 4224 4223
f 4223 4224 4226 4225
f 4225 4226 4228 4227
f 4227 4228 4230 4229
f 4229 4230 4232 4231
f 4231 4232 4234 4233
f 4233 4234 4236 4235
f 4235 4236 4238 4237
f 4237 4238 4240 4239
f 4239 4240 4242 4241
f 4241 4242 4244 4243
f 4243 4244 4246 4245
f 4245 4246 4248 4247
f 4247 4248 4250 4249
f 4249 4250 4252 4251
f 4251 4252 4254 4253
f 4253 4254 4256 4255
f 4255 4256 4258 4257
f 4257 4258 4260 4259
f 4259 4260 4262 4261
f 4261 4262 4264 4263
f 4263 4264 4266 4265
f 4265 4266 4268 4267
f 4267 4268 4270 4269
f 4269 4270 4272 4271
f 4271 4272 4274 4273
f 4273 4274 4276 4275
f 4275 4276 4278 4277
f 4277 4278 4280 4279
f 4279 4280 4282 4281
f 4281 4282 4284 4283
f 4283 4284 4286 4285
f 4285 4286 4288 4287
f 4287 4288 4290 4289
f 4289 4290 4292 4291
f 4291 4292 4294 4293
f 4293 4294 4296 4295
f 4295 4296 4298 4297
f 4297 4298 4300 4299
f 4299 4300 4302 4301
f 4301 4302 4304 4303
f 4303 4304 4306 4305
f 4305 4306 4308 4307
f 4307 4308 4310 4309
f 4309 4310 4312 4311
f 4311 4312 4314 4313
f 4313 4314 4316 4315
f 4315 4316 4318 4317
f 4317 4318 4320 4319
f 4319 4320 4322 4321
f 4321 4322 4324 4323
f 4323 4324 4326 4325
f 4325 4326 4328 4327
f 4327 4328 4330 4329
f 4329 4330 4332 4331
f 4331 4332 4334 4333
f 4333 4334 4336 4335
f 4335 4336 4338 4337
f 4337 4338 4340 4339
f 4339 4340 4342 4341
f 4341 4342 4344 4343
f 4343 4344 4346 4345
f 4345 4346 4348 4347
f 4347 4348 4350 4349
f 4349 4350 4352 4351
f 4351 4352 4354 4353
f 4353 4354 4356 4355
f 4355 4356 4358 4357
f 4357 4358 4360 4359
f 4359 4360 4362 4361
f 4361 4362 4364 4363
f 4363 4364 4366 4365
f 4365 4366 4368 4367
f 4367 4368 4370 4369
f 4369 4370 4372 4371
f 4371 4372 4374 4373
f 4373 4374 4376 4375
f 4375 4376 4378 4377
f 4377 4378 4380 4379
f 4379 4380 4382 4381
f 4381 4382 4384 4383
f 4383 4384 4386 4385
f 4385 4386 4388 4387
f 4387 4388 4390 4389
f 4389 4390 4392 4391
f 4391 4392 4394 4393
f 4393 4394 4396 4395
f 4395 4396 4398 4397
f 4397 4398 4400 4399
f 4399 4400 4402 4401
f 4401 4402 4404 4403
f 4403 4404 4406 4405
f 4405 4406 4408 4407
f 4407 4408 4410 4409
f 4409 4410 4412 4411
f 4411 4412 4414 4413
f 4413 4414 4416 4415
f 4415 4416 4418 4417
f 4417 4418 4420 4419
f 4419 4420 4422 4421
f 4421 4422 4424 4423
f 4423 4424 4426 4425
f 4425 4426 4428 4427
f 4427 4428 4430 4429
f 4429 4430 4432 4431
f 4431 4432 4434 4433
f 4433 4434 4436 4435
f 4435 4436 4438 4437
f 4437 4438 4440 4439
f 4439 4440 4442 4441
f 4441 4442 4444 4443
f 4443 4444 4446 4445
f 4445 4446 4448 4447
f 4447 4448 4450 4449
f 4449 4450 4452 4451
f 4451 4452 4454 4453
f 4453 4454 4456 4455
f 4455 4456 4458 4457
f 4457 4458 4460 4459
f 4459 4460 4462 4461
f 4461 4462 4464 4463
f 4463 4464 4466 4465
f 4465 4466 4468 4467
f 4467 4468 4470 4469
f 4469 4470 4472 4471
f 4471 4472 4474 4473
f 4473 4474 4476 4475
f 4475 4476 4478 4477
f 4477 4478 4480 4479
f 4479 4480 4482 4481
f 4481 4482 4484 4483
f 4483 4484 4486 4485
f 4485 4486 4488 4487
f 4487 4488 4490 4489
f 4489 4490 4492 4491
f 4491 4492 4494 4493
f 4493 4494 4496 4495
f 4495 4496 4498 4497
f 4497 4498 4500 4499
f 4499 4500 4502 4501
f 4501 4502 4504 4503
f 4503 4504 4506 4505
f 4505 4506 4508 4507
f 4507 4508 4510 4509
f 4509 4510 4512 4511
f 4511 4512 4514 4513
f 4513 4514 4516 4515
f 4515 4516 4518 4517
f 4517 4518 4520 4519
f 4519 4520 4522 4521
f 4521 4522 4524 4523
f 4523 4524 4526 4525
f 4525 4526 4528 4527
f 4527 4528 4530 4529
f 4529 4530 4532 4531
f 4531 4532 4534 4533
f 4533 4534 4536 4535
f 4535 4536 4538 4537
f 4537 4538 4540 4539
f 4539 4540 4542 4541
f 4541 4542 4544 4543
f 4543 4544 4546 4545
f 4545 4546 4548 4547
f 4547 4548 4550 4549
f 4549 4550 4552 4551
f 4551 4552 4554 4553
f 4553 4554 4556 4555
f 4555 4556 4558 4557
f 4557 4558 4560 4559
f 4559 4560 4562 4561
f 4561 4562 4564 4563
f 4563 4564 4566 4565
f 4565 4566 4568 4567
f 4567 4568 4570 4569
f 4569 4570 4572 4571
f 4571 4572 4574 4573
f 4573 4574 4576 4575
f 4575 4576 4578 4577
f 4577 4578 4580 4579
f 4579 4580 4582 4581
f 4581 4582 4584 4583
f 4583 4584 4586 4585
f 4585 4586 4588 4587
f 4587 4588 4590 4589
f 4589 4590 4592 4591
f 4591 4592 4594 4593
f 4593 4594 4596 4595
f 4595 4596 4598 4597
f 4597 4598 4600 4599
f 4599 4600 4602 4601
f 4601 4602 4604 4603
f 4603 4604 4606 4605
f 4605 4606 4608 4607
f 4607 4608 4610 4609
f 4609 4610 4612 4611
f 4611 4612 4614 4613
f 4613 4614 4616 4615
f 4615 4616 4618 4617
f 4617 4618 4620 4619
f 4619 4620 4622 4621
f 4621 4622 4624 4623
f 4623 4624 4626 4625
f 4625 4626 4628 4627
f 4627 4628 4630 4629
f 4629 4630 4632 4631
f 4631 4632 4634 4633
f 4633 4634 4636 4635
f 4635 4636 4638 4637
f 4637 4638 4640 4639
f 4639 4640 4642 4641
f 4641 4642 4644 4643
f 4643 4644 4646 4645
f 4645 4646 4648 4647
f 4647 4648 4650 4649
f 4649 4650 4652 4651
f 4651 4652 4654 4653
f 4653 4654 4656 4655
f 4655 4656 4658 4657
f 4657 4658 4660 4659
f 4659 4660 4662 4661
f 4661 4662 4664 4663
f 4663 4664 4666 4665
f 4665 4666 4668 4667
f 4667 4668 4670 4669
f 4669 4670 4672 4671
f 4671 4672 4674 4673
f 4673 4674 4676 4675
f 4675 4676 4678 4677
f 4677 4678 4680 4679
f 4679 4680 4682 4681
f 4681 4682 4684 4683
f 4683 4684 4686 4685
f 4685 4686 4688 4687
f 4687 4688 4690 4689
f 4689 4690 4692 4691
f 4691 4692 4694 4693
f 4693 4694 4696 4695
f 4695 4696 4698 4697
f 4697 4698 4700 4699
f 4699 4700 4702 4701
f 4701 4702 4704 4703
f 4703 4704 4706 4705
f 4705 4706 4708 4707
f 4707 4708 4710 4709
f 4709 4710 4712 4711
f 4711 4712 4714 4713
f 4713 4714 4716 4715
f 4715 4716 4718 4717
f 4717 4718 4720 4719
f 4719 4720 4722 4721
f 4721 4722 4724 4723
f 4723 4724 4726 4725
f 4725 4726 4728 4727
f 4727 4728 4730 4729
f 4729 4730 4732 4731
f 4731 4732 4734 4733
f 4733 4734 4736 4735
f 4735 4736 4738 4737
f 4737 4738 4740 4739
f 4739 4740 4742 4741
f 4741 4742 4744 4743
f 4743 4744 4746 4745
f 4745 4746 4748 4747
f 4747 4748 4750 4749
f 4749 4750 4752 4751
f 4751 4752 4754 4753
f 4753 4754 4756 4755
f 4755 4756 4758 4757
f 4757 4758 4760 4759
f 4759 4760 4762 4761
f 4761 4762 4764 4763
f 4763 4764 4766 4765
f 4765 4766 4768 4767
f 4767 4768 4770 4769
f 4769 4770 4772 4771
f 4771 4772 4774 4773
f 4773 4774 4776 4775
f 4775 4776 4778 4777
f 4777 4778 4780 4779
f 4779 4780 4782 4781
f 4781 4782 4784 4783
f 4783 4784 4786 4785
f 4785 4786 4788 4787
f 4787 4788 4790 4789
f 4789 4790 4792 4791
f 4791 4792 4794 4793
f 4793 4794 4796 4795
f 4795 4796 4798 4797
f 4797 4798 4800 4799
f 4799 4800 4802 4801
f 4801 4802 4804 4803
f 4803 4804 4806 4805
f 4805 4806 4808 4807
f 4807 4808 4810 4809
f 4809 4810 4812 4811
f 4811 4812 4814 4813
f 4813 4814 4816 4815
f 4815 4816 4818 4817
f 4817 4818 4820 4819
f 4819 4820 4822 4821
f 4821 4822 4824 4823
f 4823 4824 4826 4825
f 4825 4826 4828 4827
f 4827 4828 4830 4829
f 4829 4830 4832 4831
f 4831 4832 4834 4833
f 4833 4834 4836 4835
f 4835 4836 4838 4837
f 4837 4838 4840 4839
f 4839 4840 4842 4841
f 4841 4842 4844 4843
f 4843 4844 4846 4845
f 4845 4846 4848 4847
f 4847 4848 4850 4849
f 4849 4850 4852 4851
f 4851 4852 4854 4853
f 4853 4854 4856 4855
f 4855 4856 4858 4857
f 4857 4858 4860 4859
f 4859 4860 4862 4861
f 4861 4862 4864 4863
f 4863 4864 4866 4865
f 4865 4866 4868 4867
f 4867 4868 4870 4869
f 4869 4870 4872 4871
f 4871 4872 4874 4873
f 4873 4874 4876 4875
f 4875 4876 4878 4877
f 4877 4878 4880 4879
f 4879 4880 4882 4881
f 4881 4882 4884 4883
f 4883 4884 4886 4885
f 4885 4886 4888 4887
f 4887 4888 4890 4889
f 4889 4890 4892 4891
f 4891 4892 4894 4893
f 4893 4894 4896 4895
f 4895 4896 4898 4897
f 4897 4898 4900 4899
f 4899 4900 4902 4901
f 4901 4902 4904 4903
f 4903 4904 4906 4905
f 4905 4906 4908 4907
f 4907 4908 4910 4909
f 4909 4910 4912 4911
f 4911 4912 4914 4913
f 4913 4914 4916 4915
f 4915 4916 4918 4917
f 4917 4918 4920 4919
f 4919 4920 4922 4921
f 4921 4922 4924 4923
f 4923 4924 4926 4925
f 4925 4926 4928 4927
f 4927 4928 4930 4929
f 4929 4930 4932 4931
f 4931 4932 4934 4933
f 4933 4934 4936 4935
f 4935 4936 4938 4937
f 4937 4938 4940 4939
f 4939 4940 4942 4941
f 4941 4942 4944 4943
f 4943 4944 4946 4945
f 4945 4946 4948 4947
f 4947 4948 4950 4949
f 4949 4950 4952 4951
f 4951 4952 4954 4953
f 4953 4954 4956 4955
f 4955 4956 4958 4957
f 4957 4958 4960 4959
f 4959 4960 4962 4961
f 4961 4962 4964 4963
f 4963 4964 4966 4965
f 4965 4966 4968 4967
f 4967 4968 4970 4969
f 4969 4970 4972 4971
f 4971 4972 4974 4973
f 4973 4974 4976 4975
f 4975 4976 4978 4977
f 4977 4978 4980 4979
f 4979 4980 4982 4981
f 4981 4982 4984 4983
f 4983 4984 4986 4985
f 4985 4986 4988 4987
f 4987 4988 4990 4989
f 4989 4990 4992 4991
f 4991 4992 4994 4993
f 4993 4994 4996 4995
f 4995 4996 4998 4997
f 4997 4998 5000 4999
f 4999 5000 5002 5001
f 5001 5002 5004 5003
f 5003 5004 5006 5005
f 5005 5006 5008 5007
f 5007 5008 5010 5009
f 5009 5010 5012 5011
f 5011 5012 5014 5013
f 5013 5014 5016 5015
f 5015 5016 5018 5017
f 5017 5018 5020 5019
f 5019 5020 5022 5021
f 5021 5022 5024 5023
f 5023 5024 5026 5025
f 5025 5026 5028 5027
f 5027 5028 5030 5029
f 5029 5030 5032 5031
f 5031 5032 5034 5033
f 5033 5034 5036 5035
f 5035 5036 5038 5037
f 5037 5038 5040 5039
f 5039 5040 5042 5041
f 5041 5042 5044 5043
f 5043 5044 5046 5045
f 5045 5046 5048 5047
f 5047 5048 5050 5049
f 5049 5050 5052 5051
f 5051 5052 5054 5053
f 5053 5054 5056 5055
f 5055 5056 5058 5057
f 5057 5058 5060 5059
f 5059 5060 5062 5061
f 5061 5062 5064 5063
f 5063 5064 5066 5065
f 5065 5066 5068 5067
f 5067 5068 5070 5069
f 5069 5070 5072 5071
f 5071 5072 5074 5073
f 5073 5074 5076 5075
f 5075 5076 5078 5077
f 5077 5078 5080 5079
f 5079 5080 5082 5081
f 5081 5082 5084 5083
f 5083 5084 5086 5085
f 5085 5086 5088 5087
f 5087 5088 5090 5089
f 5089 5090 5092 5091
f 5091 5092 5094 5093
f 5093 5094 5096 5095
f 5095 5096 5098 5097
f 5097 5098 5100 5099
f 5099 5100 5102 5101
f 5101 5102 5104 5103
f 5103 5104 5106 5105
f 5105 5106 5108 5107
f 5107 5108 5110 5109
f 5109 5110 5112 5111
f 5111 5112 5114 5113
f 5113 5114 5116 5115
f 5115 5116 5118 5117
f 5117 5118 5120 5119
f 5119 5120 5122 5121
f 5121 5122 5124 5123
f 5123 5124 5126 5125
f 5125 5126 5128 5127
f 5127 5128 5130 5129
f 5129 5130 5132 5131
f 5131 5132 5134 5133
f 5133 5134 5136 5135
f 5135 5136 5138 5137
f 5137 5138 5140 5139
f 5139 5140 5142 5141
f 5141 5142 5144 5143
f 5143 5144 5146 5145
f 5145 5146 5148 5147
f 5147 5148 5150 5149
f 5149 5150 5152 5151
f 5151 5152 5154 5153
f 5153 5154 5156 5155
f 5155 5156 5158 5157
f 5157 5158 5160 5159
f 5159 5160 5162 5161
f 5161 5162 5164 5163
f 5163 5164 5166 5165
f 5165 5166 5168 5167
f 5167 5168 5170 5169
f 5169 5170 5172 5171
f 5171 5172 5174 5173
f 5173 5174 5176 5175
f 5175 5176 5178 5177
f 5177 5178 5180 5179
f 5179 5180 5182 5181
f 5181 5182 5184 5183
f 5183 5184 5186 5185
f 5185 5186 5188 5187
f 5187 5188 5190 5189
f 5189 5190 5192 5191
f 5191 5192 5194 5193
f 5193 5194 5196 5195
f 5195 5196 5198 5197
f 5197 5198 5200 5199
f 5199 5200 5202 5201
f 5201 5202 5204 5203
f 5203 5204 5206 5205
f 5205 5206 5208 5207
f 5207 5208 5210 5209
f 5209 5210 5212 5211
f 5211 5212 5214 5213
f 5213 5214 5216 5215
f 5215 5216 5218 5217
f 5217 5218 5220 5219
f 5219 5220 5222 5221
f 5221 5222 5224 5223
f 5223 5224 5226 5225
f 5225 5226 5228 5227
f 5227 5228 5230 5229
f 5229 5230 5232 5231
f 5231 5232 5234 5233
f 5233 5234 5236 5235
f 5235 5236 5238 5237
f 5237 5238 5240 5239
f 5239 5240 5242 5241
f 5241 5242 5244 5243
f 5243 5244 5246 5245
f 5245 5246 5248 5247
f 5247 5248 5250 5249
f 5249 5250 5252 5251
f 5251 5252 5254 5253
f 5253 5254 5256 5255
f 5255 5256 5258 5257
f 5257 5258 5260 5259
f 5259 5260 5262 5261
f 5261 5262 5264 5263
f 5263 5264 5266 5265
f 5265 5266 5268 5267
f 5267 5268 5270 5269
f 5269 5270 5272 5271
f 5271 5272 5274 5273
f 5273 5274 5276 5275
f 5275 5276 5278 5277
f 5277 5278 5280 5279
f 5279 5280 5282 5281
f 5281 5282 5284 5283
f 5283 5284 5286 5285
f 5285 5286 5288 5287
f 5287 5288 5290 5289
f 5289 5290 5292 5291
f 5291 5292 5294 5293
f 5293 5294 5296 5295
f 5295 5296 5298 5297
f 5297 5298 5300 5299
f 5299 5300 5302 5301
f 5301 5302 5304 5303
f 5303 5304 5306 5305
f 5305 5306 5308 5307
f 5307 5308 5310 5309
f 5309 5310 5312 5311
f 5311 5312 5314 5313
f 5313 5314 5316 5315
f 5315 5316 5318 5317
f 5317 5318 5320 5319
f 5319 5320 5322 5321
f 5321 5322 5324 5323
f 5323 5324 5326 5325
f 5325 5326 5328 5327
f 5327 5328 5330 5329
f 5329 5330 5332 5331
f 5331 5332 5334 5333
f 5333 5334 5336 5335
f 5335 5336 5338 5337
f 5337 5338 5340 5339
f 5339 5340 5342 5341
f 5341 5342 5344 5343
f 5343 5344 5346 5345
f 5345 5346 5348 5347
f 5347 5348 5350 5349
f 5349 5350 5352 5351
f 5351 5352 5354 5353
f 5353 5354 5356 5355
f 5355 5356 5358 5357
f 5357 5358 5360 5359
f 5359 5360 5362 5361
f 5361 5362 5364 5363
f 5363 5364 5366 5365
f 5365 5366 5368 5367
f 5367 5368 5370 5369
f 5369 5370 5372 5371
f 5371 5372 5374 5373
f 5373 5374 5376 5375
f 5375 5376 5378 5377
f 5377 5378 5380 5379
f 5379 5380 5382 5381
f 5381 5382 5384 5383
f 5383 5384 5386 5385
f 5385 5386 5388 5387
f 5387 5388 5390 5389
f 5389 5390 5392 5391
f 5391 5392 5394 5393
f 5393 5394 5396 5395
f 5395 5396 5398 5397
f 5397 5398 5400 5399
f 5399 5400 5402 5401
f 5401 5402 5404 5403
f 5403 5404 5406 5405
f 5405 5406 5408 5407
f 5407 5408 5410 5409
f 5409 5410 5412 5411
f 5411 5412 5414 5413
f 5413 5414 5416 5415
f 5415 5416 5418 5417
f 5417 5418 5420 5419
f 5419 5420 5422 5421
f 5421 5422 5424 5423
f 5423 5424 5426 5425
f 5425 5426 5428 5427
f 5427 5428 5430 5429
f 5429 5430 5432 5431
f 5431 5432 5434 5433
f 5433 5434 5436 5435
f 5435 5436 5438 5437
f 5437 5438 5440 5439
f 5439 5440 5442 5441
f 5441 5442 5444 5443
f 5443 5444 5446 5445
f 5445 5446 5448 5447
f 5447 5448 5450 5449
f 5449 5450 5452 5451
f 5451 5452 5454 5453
f 5453 5454 5456 5455
f 5455 5456 5458 5457
f 5457 5458 5460 5459
f 5459 5460 5462 5461
f 5461 5462 5464 5463
f 5463 5464 5466 5465
f 5465 5466 5468 5467
f 5467 5468 5470 5469
f 5469 5470 5472 5471
f 5471 5472 5474 5473
f 5473 5474 5476 5475
f 5475 5476 5478 5477
f 5477 5478 5480 5479
f 5479 5480 5482 5481
f 5481 5482 5484 5483
f 5483 5484 5486 5485
f 5485 5486 5488 5487
f 5487 5488 5490 5489
f 5489 5490 5492 5491
f 5491 5492 5494 5493
f 5493 5494 5496 5495
f 5495 5496 5498 5497
f 5497 5498 5500 5499
f 5499 5500 5502 5501
f 5501 5502 5504 5503
f 5503 5504 5506 5505
f 5505 5506 5508 5507
f 5507 5508 5510 5509
f 5509 5510 5512 5511
f 5511 5512 5514 5513
f 5513 5514 5516 5515
f 5515 5516 5518 5517
f 5517 5518 5520 5519
f 5519 5520 5522 5521
f 5521 5522 5524 5523
f 5523 5524 5526 5525
f 5525 5526 5528 5527
f 5527 5528 5530 5529
f 5529 5530 5532 5531
f 5531 5532 5534 5533
f 5533 5534 5536 5535
f 5535 5536 5538 5537
f 5537 5538 5540 5539
f 5539 5540 5542 5541
f 5541 5542 5544 5543
f 5543 5544 5546 5545
f 5545 5546 5548 5547
f 5547 5548 5550 5549
f 5549 5550 5552 5551
f 5551 5552 5554 5553
f 5553 5554 5556 5555
f 5555 5556 5558 5557
f 5557 5558 5560 5559
f 5559 5560 5562 5561
f 5561 5562 5564 5563
f 5563 5564 5566 5565
f 5565 5566 5568 5567
f 5567 5568 5570 5569
f 5569 5570 5572 5571
f 5571 5572 5574 5573
f 5573 5574 5576 5575
f 5575 5576 5578 5577
f 5577 5578 5580 5579
f 5579 5580 5582 5581
f 5581 5582 5584 5583
f 5583 5584 5586 5585
f 5585 5586 5588 5587
f 5587 5588 5590 5589
f 5589 5590 5592 5591
f 5591 5592 5594 5593
f 5593 5594 5596 5595
f 5595 5596 5598 5597
f 5597 5598 5600 5599
f 5599 5600 5602 5601
f 5601 5602 5604 5603
f 5603 5604 5606 5605
f 5605 5606 5608 5607
f 5607 5608 5610 5609
f 5609 5610 5612 5611
f 5611 5612 5614 5613
f 5613 5614 5616 5615
f 5615 5616 5618 5617
f 5617 5618 5620 5619
f 5619 5620 5622 5621
f 5621 5622 5624 5623
f 5623 5624 5626 5625
f 5625 5626 5628 5627
f 5627 5628 5630 5629
f 5629 5630 5632 5631
f 5631 5632 5634 5633
f 5633 5634 5636 5635
f 5635 5636 5638 5637
f 5637 5638 5640 5639
f 5639 5640 5642 5641
f 5641 5642 5644 5643
f 5643 5644 5646 5645
f 5645 5646 5648 5647
f 5647 5648 5650 5649
f 5649 5650 5652 5651
f 5651 5652 5654 5653
f 5653 5654 5656 5655
f 5655 5656 5658 5657
f 5657 5658 5660 5659
f 5659 5660 5662 5661
f 5661 5662 5664 5663
f 5663 5664 5666 5665
f 5665 5666 5668 5667
f 5667 5668 5670 5669
f 5669 5670 5672 5671
f 5671 5672 5674 5673
f 5673 5674 5676 5675
f 5675 5676 5678 5677
f 5677 5678 5680 5679
f 5679 5680 5682 5681
f 5681 5682 5684 5683
f 5683 5684 5686 5685
f 5685 5686 5688 5687
f 5687 5688 5690 5689
f 5689 5690 5692 5691
f 5691 5692 5694 5693
f 5693 5694 5696 5695
f 5695 5696 5698 5697
f 5697 5698 5700 5699
f 5699 5700 5702 5701
f 5701 5702 5704 5703
f 5703 5704 5706 5705
f 5705 5706 5708 5707
f 5707 5708 5710 5709
f 5709 5710 5712 5711
f 5711 5712 5714 5713
f 5713 5714 5716 5715
f 5715 5716 5718 5717
f 5717 5718 5720 5719
f 5719 5720 5722 5721
f 5721 5722 5724 5723
f 5723 5724 5726 5725
f 5725 5726 5728 5727
f 5727 5728 5730 5729
f 5729 5730 5732 5731
f 5731 5732 5734 5733
f 5733 5734 5736 5735
f 5735 5736 5738 5737
f 5737 5738 5740 5739
f 5739 5740 5742 5741
f 5741 5742 5744 5743
f 5743 5744 5746 5745
f 5745 5746 5748 5747
f 5747 5748 5750 5749
f 5749 5750 5752 5751
f 5751 5752 5754 5753
f 5753 5754 5756 5755
f 5755 5756 5758 5757
f 5757 5758 5760 5759
f 5759 5760 5762 5761
f 5761 5762 5764 5763
f 5763 5764 5766 5765
f 5765 5766 5768 5767
f 5767 5768 5770 5769
f 5769 5770 5772 5771
f 5771 5772 5774 5773
f 5773 5774 5776 5775
f 5775 5776 5778 5777
f 5777 5778 5780 5779
f 5779 5780 5782 5781
f 5781 5782 5784 5783
f 5783 5784 5786 5785
f 5785 5786 5788 5787
f 5787 5788 5790 5789
f 5789 5790 5792 5791
f 5791 5792 5794 5793
f 5793 5794 5796 5795
f 5795 5796 5798 5797
f 5797 5798 5800 5799
f 5799 5800 5802 5801
f 5801 5802 5804 5803
f 5803 5804 5806 5805
f 5805 5806 5808 5807
f 5807 5808 5810 5809
f 5809 5810 5812 5811
f 5811 5812 5814 5813
f 5813 5814 5816 5815
f 5815 5816 5818 5817
f 5817 5818 5820 5819
f 5819 5820 5822 5821
f 5821 5822 5824 5823
f 5823 5824 5826 5825
f 5825 5826 5828 5827
f 5827 5828 5830 5829
f 5829 5830 5832 5831
f 5831 5832 5834 5833
f 5833 5834 5836 5835
f 5835 5836 5838 5837
f 5837 5838 5840 5839
f 5839 5840 5842 5841
f 5841 5842 5844 5843
f 5843 5844 5846 5845
f 5845 5846 5848 5847
f 5847 5848 5850 5849
f 5849 5850 5852 5851
f 5851 5852 5854 5853
f 5853 5854 5856 5855
f 5855 5856 5858 5857
f 5857 5858 5860 5859
f 5859 5860 5862 5861
f 5861 5862 5864 5863
f 5863 5864 5866 5865
f 5865 5866 5868 5867
f 5867 5868 5870 5869
f 5869 5870 5872 5871
f 5871 5872 5874 5873
f 5873 5874 5876 5875
f 5875 5876 5878 5877
f 5877 5878 5880 5879
f 5879 5880 5882 5881
f 5881 5882 5884 5883
f 5883 5884 5886 5885
f 5885 5886 5888 5887
f 5887 5888 5890 5889
f 5889 5890 5892 5891
f 5891 5892 5894 5893
f 5893 5894 5896 5895
f 5895 5896 5898 5897
f 5897 5898 5900 5899
f 5899 5900 5902 5901
f 5901 5902 5904 5903
f 5903 5904 5906 5905
f 5905 5906 5908 5907
f 5907 5908 5910 5909
f 5909 5910 5912 5911
f 5911 5912 5914 5913
f 5913 5914 5916 5915
f 5915 5916 5918 5917
f 5917 5918 5920 5919
f 5919 5920 5922 5921
f 5921 5922 5924 5923
f 5923 5924 5926 5925
f 5925 5926 5928 5927
f 5927 5928 5930 5929
f 5929 5930 5932 5931
f 5931 5932 5934 5933
f 5933 5934 5936 5935
f 5935 5936 5938 5937
f 5937 5938 5940 5939
f 5939 5940 5942 5941
f 5941 5942 5944 5943
f 5943 5944 5946 5945
f 5945 5946 5948 5947
f 5947 5948 5950 5949
f 5949 5950 5952 5951
f 5951 5952 5954 5953
f 5953 5954 5956 5955
f 5955 5956 5958 5957
f 5957 5958 5960 5959
f 5959 5960 5962 5961
f 5961 5962 5964 5963
f 5963 5964 5966 5965
f 5965 5966 5968 5967
f 5967 5968 5970 5969
f 5969 5970 5972 5971
f 5971 5972 5974 5973
f 5973 5974 5976 5975
f 5975 5976 5978 5977
f 5977 5978 5980 5979
f 5979 5980 5982 5981
f 5981 5982 5984 5983
f 5983 5984 5986 5985
f 5985 5986 5988 5987
f 5987 5988 5990 5989
f 5989 5990 5992 5991
f 5991 5992 5994 5993
f 5993 5994 5996 5995
f 5995 5996 5998 5997
f 5997 5998 6000 5999
f 5999 6000 6002 6001
f 6001 6002 6004 6003
f 6003 6004 6006 6005
f 6005 6006 6008 6007
f 6007 6008 6010 6009
f 6009 6010 6012 6011
f 6011 6012 6014 6013
f 6013 6014 6016 6015
f 6015 6016 6018 6017
f 6017 6018 6020 6019
f 6019 6020 6022 6021
f 6021 6022 6024 6023
f 6023 6024 6026 6025
f 6025 6026 6028 6027
f 6027 6028 6030 6029
f 6029 6030 6032 6031
f 6031 6032 6034 6033
f 6033 6034 6036 6035
f 6035 6036 6038 6037
f 6037 6038 6040 6039
f 6039 6040 6042 6041
f 6041 6042 6044 6043
f 6043 6044 6046 6045
f 6045 6046 6048 6047
f 6047 6048 6050 6049
f 6049 6050 6052 6051
f 6051 6052 6054 6053
f 6053 6054 6056 6055
f 6055 6056 6058 6057
f 6057 6058 6060 6059
f 6059 6060 6062 6061
f 6061 6062 6064 6063
f 6063 6064 6066 6065
f 6065 6066 6068 6067
f 6067 6068 6070 6069
f 6069 6070 6072 6071
f 6071 6072 6074 6073
f 6073 6074 6076 6075
f 6075 6076 6078 6077
f 6077 6078 6080 6079
f 6079 6080 6082 6081
f 6081 6082 6084 6083
f 6083 6084 6086 6085
f 6085 6086 6088 6087
f 6087 6088 6090 6089
f 6089 6090 6092 6091
f 6091 6092 6094 6093
f 6093 6094 6096 6095
f 6095 6096 6098 6097
f 6097 6098 6100 6099
f 6099 6100 6102 6101
f 6101 6102 6104 6103
f 6103 6104 6106 6105
f 6105 6106 6108 6107
f 6107 6108 6110 6109
f 6109 6110 6112 6111
f 6111 6112 6114 6113
f 6113 6114 6116 6115
f 6115 6116 6118 6117
f 6117 6118 6120 6119
f 6119 6120 6122 6121
f 6121 6122 6124 6123
f 6123 6124 6126 6125
f 6125 6126 6128 6127
f 6127 6128 6130 6129
f 6129 6130 6132 6131
f 6131 6132 6134 6133
f 6133 6134 6136 6135
f 6135 6136 6138 6137
f 6137 6138 6140 6139
f 6139 6140 6142 6141
f 6141 6142 6144 6143
f 6143 6144 6146 6145
f 6145 6146 6148 6147
f 6147 6148 6150 6149
f 6149 6150 6152 6151
f 6151 6152 6154 6153
f 6153 6154 6156 6155
f 6155 6156 6158 6157
f 6157 6158 6160 6159
f 6159 6160 6162 6161
f 6161 6162 6164 6163
f 6163 6164 6166 6165
f 6165 6166 6168 6167
f 6167 6168 6170 6169
f 6169 6170 6172 6171
f 6171 6172 6174 6173
f 6173 6174 6176 6175
f 6175 6176 6178 6177
f 6177 6178 6180 6179
f 6179 6180 6182 6181
f 6181 6182 6184 6183
f 6183 6184 6186 6185
f 6185 6186 6188 6187
f 6187 6188 6190 6189
f 6189 6190 6192 6191
f 6191 6192 6194 6193
f 6193 6194 6196 6195
f 6195 6196 6198 6197
f 6197 6198 6200 6199
f 6199 6200 6202 6201
f 6201 6202 6204 6203
f 6203 6204 6206 6205
f 6205 6206 6208 6207
f 6207 6208 6210 6209
f 6209 6210 6212 6211
f 6211 6212 6214 6213
f 6213 6214 6216 6215
f 6215 6216 6218 6217
f 6217 6218 6220 6219
f 6219 6220 6222 6221
f 6221 6222 6224 6223
f 6223 6224 6226 6225
f 6225 6226 6228 6227
f 6227 6228 6230 6229
f 6229 6230 6232 6231
f 6231 6232 6234 6233
f 6233 6234 6236 6235
f 6235 6236 6238 6237
f 6237 6238 6240 6239
f 6239 6240 6242 6241
f 6241 6242 6244 6243
f 6243 6244 6246 6245
f 6245 6246 6248 6247
f 6247 6248 6250 6249
f 6249 6250 6252 6251
f 6251 6252 6254 6253
f 6253 6254 6256 6255
f 6255 6256 6258 6257
f 6257 6258 6260 6259
f 6259 6260 6262 6261
f 6261 6262 6264 6263
f 6263 6264 6266 6265
f 6265 6266 6268 6267
f 6267 6268 6270 6269
f 6269 6270 6272 6271
f 6271 6272 6274 6273
f 6273 6274 6276 6275
f 6275 6276 6278 6277
f 6277 6278 6280 6279
f 6279 6280 6282 6281
f 6281 6282 6284 6283
f 6283 6284 6286 6285
f 6285 6286 6288 6287
f 6287 6288 6290 6289
f 6289 6290 6292 6291
f 6291 6292 6294 6293
f 6293 6294 6296 6295
f 6295 6296 6298 6297
f 6297 6298 6300 6299
f 6299 6300 6302 6301
f 6301 6302 6304 6303
f 6303 6304 6306 6305
f 6305 6306 6308 6307
f 6307 6308 6310 6309
f 6309 6310 6312 6311
f 6311 6312 6314 6313
f 6313 6314 6316 6315
f 6315 6316 6318 6317
f 6317 6318 6320 6319
f 6319 6320 6322 6321
f 6321 6322 6324 6323
f 6323 6324 6326 6325
f 6325 6326 6328 6327
f 6327 6328 6330 6329
f 6329 6330 6332 6331
f 6331 6332 6334 6333
f 6333 6334 6336 6335
f 6335 6336 6338 6337
f 6337 6338 6340 6339
f 6339 6340 6342 6341
f 6341 6342 6344 6343
f 6343 6344 6346 6345
f 6345 6346 6348 6347
f 6347 6348 6350 6349
f 6349 6350 6352 6351
f 6351 6352 6354 6353
f 6353 6354 6356 6355
f 6355 6356 6358 6357
f 6357 6358 6360 6359
f 6359 6360 6362 6361
f 6361 6362 6364 6363
f 6363 6364 6366 6365
f 6365 6366 6368 6367
f 6367 6368 6370 6369
f 6369 6370 6372 6371
f 6371 6372 6374 6373
f 6373 6374 6376 6375
f 6375 6376 6378 6377
f 6377 6378 6380 6379
f 6379 6380 6382 6381
f 6381 6382 6384 6383
f 6383 6384 6386 6385
f 6385 6386 6388 6387
f 6387 6388 6390 6389
f 6389 6390 6392 6391
f 6391 6392 6394 6393
f 6393 6394 6396 6395
f 6395 6396 6398 6397
f 6397 6398 6400 6399
f 6399 6400 6402 6401
f 6401 6402 6404 6403
f 6403 6404 6406 6405
f 6405 6406 6408 6407
f 6407 6408 6410 6409
f 6409 6410 6412 6411
f 6411 6412 6414 6413
f 6413 6414 6416 6415
f 6415 6416 6418 6417
f 6417 6418 6420 6419
f 6419 6420 6422 6421
f 6421 6422 6424 6423
f 6423 6424 6426 6425
f 6425 6426 6428 6427
f 6427 6428 6430 6429
f 6429 6430 6432 6431
f 6431 6432 6434 6433
f 6433 6434 6436 6435
f 6435 6436 6438 6437
f 6437 6438 6440 6439
f 6439 6440 6442 6441
f 6441 6442 6444 6443
f 6443 6444 6446 6445
f 6445 6446 6448 6447
f 6447 6448 6450 6449
f 6449 6450 6452 6451
f 6451 6452 6454 6453
f 6453 6454 6456 6455
f 6455 6456 6458 6457
f 6457 6458 6460 6459
f 6459 6460 6462 6461
f 6461 6462 6464 6463
f 6463 6464 6466 6465
f 6465 6466 6468 6467
f 6467 6468 6470 6469
f 6469 6470 6472 6471
f 6471 6472 6474 6473
f 6473 6474 6476 6475
f 6475 6476 6478 6477
f 6477 6478 6480 6479
f 6479 6480 6482 6481
f 6481 6482 6484 6483
f 6483 6484 6486 6485
f 6485 6486 6488 6487
f 6487 6488 6490 6489
f 6489 6490 6492 6491
f 6491 6492 6494 6493
f 6493 6494 6496 6495
f 6495 6496 6498 6497
f 6497 6498 6500 6499
f 6499 6500 6502 6501
f 6501 6502 6504 6503
f 6503 6504 6506 6505
f 6505 6506 6508 6507
f 6507 6508 6510 6509
f 6509 6510 6512 6511
f 6511 6512 6514 6513
f 6513 6514 6516 6515
f 6515 6516 6518 6517
f 6517 6518 6520 6519
f 6519 6520 6522 6521
f 6521 6522 6524 6523
f 6523 6524 6526 6525
f 6525 6526 6528 6527
f 6527 6528 6530 6529
f 6529 6530 6532 6531
f 6531 6532 6534 6533
f 6533 6534 6536 6535
f 6535 6536 6538 6537
f 6537 6538 6540 6539
f 6539 6540 6542 6541
f 6541 6542 6544 6543
f 6543 6544 6546 6545
f 6545 6546 6548 6547
f 6547 6548 6550 6549
f 6549 6550 6552 6551
f 6551 6552 6554 6553
f 6553 6554 6556 6555
f 6555 6556 6558 6557
f 6557 6558 6560 6559
f 6559 6560 6562 6561
f 6561 6562 6564 6563
f 6563 6564 6566 6565
f 6565 6566 6568 6567
f 6567 6568 6570 6569
f 6569 6570 6572 6571
f 6571 6572 6574 6573
f 6573 6574 6576 6575
f 6575 6576 6578 6577
f 6577 6578 6580 6579
f 6579 6580 6582 6581
f 6581 6582 6584 6583
f 6583 6584 6586 6585
f 6585 6586 6588 6587
f 6587 6588 6590 6589
f 6589 6590 6592 6591
f 6591 6592 6594 6593
f 6593 6594 6596 6595
f 6595 6596 6598 6597
f 6597 6598 6600 6599
f 6599 6600 6602 6601
f 6601 6602 6604 6603
f 6603 6604 6606 6605
f 6605 6606 6608 6607
f 6607 6608 6610 6609
f 6609 6610 6612 6611
f 6611 6612 6614 6613
f 6613 6614 6616 6615
f 6615 6616 6618 6617
f 6617 6618 6620 6619
f 6619 6620 6622 6621
f 6621 6622 6624 6623
f 6623 6624 6626 6625
f 6625 6626 6628 6627
f 6627 6628 6630 6629
f 6629 6630 6632 6631
f 6631 6632 6634 6633
f 6633 6634 6636 6635
f 6635 6636 6638 6637
f 6637 6638 6640 6639
f 6639 6640 6642 6641
f 6641 6642 6644 6643
f 6643 6644 6646 6645
f 6645 6646 6648 6647
f 6647 6648 6650 6649
f 6649 6650 6652 6651
f 6651 6652 6654 6653
f 6653 6654 6656 6655
f 6655 6656 6658 6657
f 6657 6658 6660 6659
f 6659 6660 6662 6661
f 6661 6662 6664 6663
f 6663 6664 6666 6665
f 6665 6666 6668 6667
f 6667 6668 6670 6669
f 6669 6670 6672 6671
f 6671 6672 6674 6673
f 6673 6674 6676 6675
f 6675 6676 6678 6677
f 6677 6678 6680 6679
f 6679 6680 6682 6681
f 6681 6682 6684 6683
f 6683 6684 6686 6685
f 6685 6686 6688 6687
f 6687 6688 6690 6689
f 6689 6690 6692 6691
f 6691 6692 6694 6693
f 6693 6694 6696 6695
f 6695 6696 6698 6697
f 6697 6698 6700 6699
f 6699 6700 6702 6701
f 6701 6702 6704 6703
f 6703 6704 6706 6705
f 6705 6706 6708 6707
f 6707 6708 6710 6709
f 6709 6710 6712 6711
f 6711 6712 6714 6713
f 6713 6714 6716 6715
f 6715 6716 6718 6717
f 6717 6718 6720 6719
f 6719 6720 6722 6721
f 6721 6722 6724 6723
f 6723 6724 6726 6725
f 6725 6726 6728 6727
f 6727 6728 6730 6729
f 6729 6730 6732 6731
f 6731 6732 6734 6733
f 6733 6734 6736 6735
f 6735 6736 6738 6737
f 6737 6738 6740 6739
f 6739 6740 6742 6741
f 6741 6742 6744 6743
f 6743 6744 6746 6745
f 6745 6746 6748 6747
f 6747 6748 6750 6749
f 6749 6750 6752 6751
f 6751 6752 6754 6753
f 6753 6754 6756 6755
f 6755 6756 6758 6757
f 6757 6758 6760 6759
f 6759 6760 6762 6761
f 6761 6762 6764 6763
f 6763 6764 6766 6765
f 6765 6766 6768 6767
f 6767 6768 6770 6769
f 6769 6770 6772 6771
f 6771 6772 6774 6773
f 6773 6774 6776 6775
f 6775 6776 6778 6777
f 6777 6778 6780 6779
f 6779 6780 6782 6781
f 6781 6782 6784 6783
f 6783 6784 6786 6785
f 6785 6786 6788 6787
f 6787 6788 6790 6789
f 6789 6790 6792 6791
f 6791 6792 6794 6793
f 6793 6794 6796 6795
f 6795 6796 6798 6797
f 6797 6798 6800 6799
f 6799 6800 6802 6801
f 6801 6802 6804 6803
f 6803 6804 6806 6805
f 6805 6806 6808 6807
f 6807 6808 6810 6809
f 6809 6810 6812 6811
f 6811 6812 6814 6813
f 6813 6814 6816 6815
f 6815 6816 6818 6817
f 6817 6818 6820 6819
f 6819 6820 6822 6821
f 6821 6822 6824 6823
f 6823 6824 6826 6825
f 6825 6826 6828 6827
f 6827 6828 6830 6829
f 6829 6830 6832 6831
f 6831 6832 6834 6833
f 6833 6834 6836 6835
f 6835 6836 6838 6837
f 6837 6838 6840 6839
f 6839 6840 6842 6841
f 6841 6842 6844 6843
f 6843 6844 6846 6845
f 6845 6846 6848 6847
f 6847 6848 6850 6849
f 6849 6850 6852 6851
f 6851 6852 6854 6853
f 6853 6854 6856 6855
f 6855 6856 6858 6857
f 6857 6858 6860 6859
f 6859 6860 6862 6861
f 6861 6862 6864 6863
f 6863 6864 6866 6865
f 6865 6866 6868 6867
f 6867 6868 6870 6869
f 6869 6870 6872 6871
f 6871 6872 6874 6873
f 6873 6874 6876 6875
f 6875 6876 6878 6877
f 6877 6878 6880 6879
f 6879 6880 6882 6881
f 6881 6882 6884 6883
f 6883 6884 6886 6885
f 6885 6886 6888 6887
f 6887 6888 6890 6889
f 6889 6890 6892 6891
f 6891 6892 6894 6893
f 6893 6894 6896 6895
f 6895 6896 6898 6897
f 6897 6898 6900 6899
f 6899 6900 6902 6901
f 6901 6902 6904 6903
f 6903 6904 6906 6905
f 6905 6906 6908 6907
f 6907 6908 6910 6909
f 6909 6910 6912 6911
f 6911 6912 6914 6913
f 6913 6914 6916 6915
f 6915 6916 6918 6917
f 6917 6918 6920 6919
f 6919 6920 6922 6921
f 6921 6922 6924 6923
f 6923 6924 6926 6925
f 6925 6926 6928 6927
f 6927 6928 6930 6929
f 6929 6930 6932 6931
f 6931 6932 6934 6933
f 6933 6934 6936 6935
f 6935 6936 6938 6937
f 6937 6938 6940 6939
f 6939 6940 6942 6941
f 6941 6942 6944 6943
f 6943 6944 6946 6945
f 6945 6946 6948 6947
f 6947 6948 6950 6949
f 6949 6950 6952 6951
f 6951 6952 6954 6953
f 6953 6954 6956 6955
f 6955 6956 6958 6957
f 6957 6958 6960 6959
f 6959 6960 6962 6961
f 6961 6962 6964 6963
f 6963 6964 6966 6965
f 6965 6966 6968 6967
f 6967 6968 6970 6969
f 6969 6970 6972 6971
f 6971 6972 6974 6973
f 6973 6974 6976 6975
f 6975 6976 6978 6977
f 6977 6978 6980 6979
f 6979 6980 6982 6981
f 6981 6982 6984 6983
f 6983 6984 6986 6985
f 6985 6986 6988 6987
f 6987 6988 6990 6989
f 6989 6990 6992 6991
f 6991 6992 6994 6993
f 6993 6994 6996 6995
f 6995 6996 6998 6997
f 6997 6998 7000 6999
f 6999 7000 7002 7001
f 7001 7002 7004 7003
f 7003 7004 7006 7005
f 7005 7006 7008 7007
f 7007 7008 7010 7009
f 7009 7010 7012 7011
f 7011 7012 7014 7013
f 7013 7014 7016 7015
f 7015 7016 7018 7017
f 7017 7018 7020 7019
f 7019 7020 7022 7021
f 7021 7022 7024 7023
f 7023 7024 7026 7025
f 7025 7026 7028 7027
f 7027 7028 7030 7029
f 7029 7030 7032 7031
f 7031 7032 7034 7033
f 7033 7034 7036 7035
f 7035 7036 7038 7037
f 7037 7038 7040 7039
f 7039 7040 7042 7041
f 7041 7042 7044 7043
f 7043 7044 7046 7045
f 7045 7046 7048 7047
f 7047 7048 7050 7049
f 7049 7050 7052 7051
f 7051 7052 7054 7053
f 7053 7054 7056 7055
f 7055 7056 7058 7057
f 7057 7058 7060 7059
f 7059 7060 7062 7061
f 7061 7062 7064 7063
f 7063 7064 7066 7065
f 7065 7066 7068 7067
f 7067 7068 7070 7069
f 7069 7070 7072 7071
f 7071 7072 7074 7073
f 7073 7074 7076 7075
f 7075 7076 7078 7077
f 7077 7078 7080 7079
f 7079 7080 7082 7081
f 7081 7082 7084 7083
f 7083 7084 7086 7085
f 7085 7086 7088 7087
f 7087 7088 7090 7089
f 7089 7090 7092 7091
f 7091 7092 7094 7093
f 7093 7094 7096 7095
f 7095 7096 7098 7097
f 7097 7098 7100 7099
f 7099 7100 7102 7101
f 7101 7102 7104 7103
f 7103 7104 7106 7105
f 7105 7106 7108 7107
f 7107 7108 7110 7109
f 7109 7110 7112 7111
f 7111 7112 7114 7113
f 7113 7114 7116 7115
f 7115 7116 7118 7117
f 7117 7118 7120 7119
f 7119 7120 7122 7121
f 7121 7122 7124 7123
f 7123 7124 7126 7125
f 7125 7126 7128 7127
f 7127 7128 7130 7129
f 7129 7130 7132 7131
f 7131 7132 7134 7133
f 7133 7134 7136 7135
f 7135 7136 7138 7137
f 7137 7138 7140 7139
f 7139 7140 7142 7141
f 7141 7142 7144 7143
f 7143 7144 7146 7145
f 7145 7146 7148 7147
f 7147 7148 7150 7149
f 7149 7150 7152 7151
f 7151 7152 7154 7153
f 7153 7154 7156 7155
f 7155 7156 7158 7157
f 7157 7158 7160 7159
f 7159 7160 7162 7161
f 7161 7162 7164 7163
f 7163 7164 7166 7165
f 7165 7166 7168 7167
f 7167 7168 7170 7169
f 7169 7170 7172 7171
f 7171 7172 7174 7173
f 7173 7174 7176 7175
f 7175 7176 7178 7177
f 7177 7178 7180 7179
f 7179 7180 7182 7181
f 7181 7182 7184 7183
f 7183 7184 7186 7185
f 7185 7186 7188 7187
f 7187 7188 7190 7189
f 7189 7190 7192 7191
f 7191 7192 7194 7193
f 7193 7194 7196 7195
f 7195 7196 7198 7197
f 7197 7198 7200 7199
f 7199 7200 7202 7201
f 7201 7202 7204 7203
f 7203 7204 7206 7205
f 7205 7206 7208 7207
f 7207 7208 7210 7209
f 7209 7210 7212 7211
f 7211 7212 7214 7213
f 7213 7214 7216 7215
f 7215 7216 7218 7217
f 7217 7218 7220 7219
f 7219 7220 7222 7221
f 7221 7222 7224 7223
f 7223 7224 7226 7225
f 7225 7226 7228 7227
f 7227 7228 7230 7229
f 7229 7230 7232 7231
f 7231 7232 7234 7233
f 7233 7234 7236 7235
f 7235 7236 7238 7237
f 7237 7238 7240 7239
f 7239 7240 7242 7241
f 7241 7242 7244 7243
f 7243 7244 7246 7245
f 7245 7246 7248 7247
f 7247 7248 7250 7249
f 7249 7250 7252 7251
f 7251 7252 7254 7253
f 7253 7254 7256 7255
f 7255 7256 7258 7257
f 7257 7258 7260 7259
f 7259 7260 7262 7261
f 7261 7262 7264 7263
f 7263 7264 7266 7265
f 7265 7266 7268 7267
f 7267 7268 7270 7269
f 7269 7270 7272 7271
f 7271 7272 7274 7273
f 7273 7274 7276 7275
f 7275 7276 7278 7277
f 7277 7278 7280 7279
f 7279 7280 7282 7281
f 7281 7282 7284 7283
f 7283 7284 7286 7285
f 7285 7286 7288 7287
f 7287 7288 7290 7289
f 7289 7290 7292 7291
f 7291 7292 7294 7293
f 7293 7294 7296 7295
f 7295 7296 7298 7297
f 7297 7298 7300 7299
f 7299 7300 7302 7301
f 7301 7302 7304 7303
f 7303 7304 7306 7305
f 7305 7306 7308 7307
f 7307 7308 7310 7309
f 7309 7310 7312 7311
f 7311 7312 7314 7313
f 7313 7314 7316 7315
f 7315 7316 7318 7317
f 7317 7318 7320 7319
f 7319 7320 7322 7321
f 7321 7322 7324 7323
f 7323 7324 7326 7325
f 7325 7326 7328 7327
f 7327 7328 7330 7329
f 7329 7330 7332 7331
f 7331 7332 7334 7333
f 7333 7334 7336 7335
f 7335 7336 7338 7337
f 7337 7338 7340 7339
f 7339 7340 7342 7341
f 7341 7342 7344 7343
f 7343 7344 7346 7345
f 7345 7346 7348 7347
f 7347 7348 7350 7349
f 7349 7350 7352 7351
f 7351 7352 7354 7353
f 7353 7354 7356 7355
f 7355 7356 7358 7357
f 7357 7358 7360 7359
f 7359 7360 7362 7361
f 7361 7362 7364 7363
f 7363 7364 7366 7365
f 7365 7366 7368 7367
f 7367 7368 7370 7369
f 7369 7370 7372 7371
f 7371 7372 7374 7373
f 7373 7374 7376 7375
f 7375 7376 7378 7377
f 7377 7378 7380 7379
f 7379 7380 7382 7381
f 7381 7382 7384 7383
f 7383 7384 7386 7385
f 7385 7386 7388 7387
f 7387 7388 7390 7389
f 7389 7390 7392 7391
f 7391 7392 7394 7393
f 7393 7394 7396 7395
f 7395 7396 7398 7397
f 7397 7398 7400 7399
f 7399 7400 7402 7401
f 7401 7402 7404 7403
f 7403 7404 7406 7405
f 7405 7406 7408 7407
f 7407 7408 7410 7409
f 7409 7410 7412 7411
f 7411 7412 7414 7413
f 7413 7414 7416 7415
f 7415 7416 7418 7417
f 7417 7418 7420 7419
f 7419 7420 7422 7421
f 7421 7422 7424 7423
f 7423 7424 7426 7425
f 7425 7426 7428 7427
f 7427 7428 7430 7429
f 7429 7430 7432 7431
f 7431 7432 7434 7433
f 7433 7434 7436 7435
f 7435 7436 7438 7437
f 7437 7438 7440 7439
f 7439 7440 7442 7441
f 7441 7442 7444 7443
f 7443 7444 7446 7445
f 7445 7446 7448 7447
f 7447 7448 7450 7449
f 7449 7450 7452 7451
f 7451 7452 7454 7453
f 7453 7454 7456 7455
f 7455 7456 7458 7457
f 7457 7458 7460 7459
f 7459 7460 7462 7461
f 7461 7462 7464 7463
f 7463 7464 7466 7465
f 7465 7466 7468 7467
f 7467 7468 7470 7469
f 7469 7470 7472 7471
f 7471 7472 7474 7473
f 7473 7474 7476 7475
f 7475 7476 7478 7477
f 7477 7478 7480 7479
f 7479 7480 7482 7481
f 7481 7482 7484 7483
f 7483 7484 7486 7485
f 7485 7486 7488 7487
f 7487 7488 7490 7489
f 7489 7490 7492 7491
f 7491 7492 7494 7493
f 7493 7494 7496 7495
f 7495 7496 7498 7497
f 7497 7498 7500 7499
f 7499 7500 7502 7501
f 7501 7502 7504 7503
f 7503 7504 7506 7505
f 7505 7506 7508 7507
f 7507 7508 7510 7509
f 7509 7510 7512 7511
f 7511 7512 7514 7513
f 7513 7514 7516 7515
f 7515 7516 7518 7517
f 7517 7518 7520 7519
f 7519 7520 7522 7521
f 7521 7522 7524 7523
f 7523 7524 7526 7525
f 7525 7526 7528 7527
f 7527 7528 7530 7529
f 7529 7530 7532 7531
f 7531 7532 7534 7533
f 7533 7534 7536 7535
f 7535 7536 7538 7537
f 7537 7538 7540 7539
f 7539 7540 7542 7541
f 7541 7542 7544 7543
f 7543 7544 7546 7545
f 7545 7546 7548 7547
f 7547 7548 7550 7549
f 7549 7550 7552 7551
f 7551 7552 7554 7553
f 7553 7554 7556 7555
f 7555 7556 7558 7557
f 7557 7558 7560 7559
f 7559 7560 7562 7561
f 7561 7562 7564 7563
f 7563 7564 7566 7565
f 7565 7566 7568 7567
f 7567 7568 7570 7569
f 7569 7570 7572 7571
f 7571 7572 7574 7573
f 7573 7574 7576 7575
f 7575 7576 7578 7577
f 7577 7578 7580 7579
f 7579 7580 7582 7581
f 7581 7582 7584 7583
f 7583 7584 7586 7585
f 7585 7586 7588 7587
f 7587 7588 7590 7589
f 7589 7590 7592 7591
f 7591 7592 7594 7593
f 7593 7594 7596 7595
f 7595 7596 7598 7597
f 7597 7598 7600 7599
f 7599 7600 7602 7601
f 7601 7602 7604 7603
f 7603 7604 7606 7605
f 7605 7606 7608 7607
f 7607 7608 7610 7609
f 7609 7610 7612 7611
f 7611 7612 7614 7613
f 7613 7614 7616 7615
f 7615 7616 7618 7617
f 7617 7618 7620 7619
f 7619 7620 7622 7621
f 7621 7622 7624 7623
f 7623 7624 7626 7625
f 7625 7626 7628 7627
f 7627 7628 7630 7629
f 7629 7630 7632 7631
f 7631 7632 7634 7633
f 7633 7634 7636 7635
f 7635 7636 7638 7637
f 7637 7638 7640 7639
f 7639 7640 7642 7641
f 7641 7642 7644 7643
f 7643 7644 7646 7645
f 7645 7646 7648 7647
f 7647 7648 7650 7649
f 7649 7650 7652 7651
f 7651 7652 7654 7653
f 7653 7654 7656 7655
f 7655 7656 7658 7657
f 7657 7658 7660 7659
f 7659 7660 7662 7661
f 7661 7662 7664 7663
