# generated by gpx2obj.py
# source: 2026-09-05T14-57-47-964Z-fused.gpx
# mode: road
# origin: lat=44.695970867268 lon=20.501830006043 ele_offset=0.000
# flat earth: 111125.8382 m/deg lat, 79262.6668 m/deg lon
# axes: X=east Y=up Z=south
# trkpt in source: 5280, used: 4753 (min-step 0.200 m)
# road: continuous strip, width 3.50 m (R>=120 m) .. 5.00 m (R<=20 m), step 1.00 m, smooth 6.0/20.0 m, curv-span 12.0 m, width-smooth 25.0 m, jump 3.0/2.5 m blend 40/100 m glitch 60 m
o road
v 915.8386 530.6797 562.0376
v 916.2539 530.6797 565.5129
v 916.3480 530.6533 561.9768
v 916.7322 530.6533 565.4558
v 916.8696 530.6251 561.9239
v 917.2016 530.6251 565.4082
v 917.3528 530.5930 561.8808
v 917.7116 530.5930 565.3627
v 918.3477 530.5583 561.7645
v 918.6918 530.5583 565.2481
v 919.3916 530.5182 561.6802
v 919.6364 530.5182 565.1719
v 920.4090 530.4741 561.6197
v 920.6153 530.4741 565.1136
v 921.4097 530.4288 561.5610
v 921.6112 530.4288 565.0552
v 922.4092 530.3811 561.5043
v 922.6084 530.3811 564.9987
v 923.4047 530.3336 561.4473
v 923.6095 530.3336 564.9413
v 924.3970 530.2864 561.3878
v 924.6136 530.2864 564.8811
v 925.3864 530.2095 561.3236
v 925.6200 530.2095 564.8175
v 926.3756 530.1306 561.2517
v 926.6258 530.1306 564.7506
v 927.3671 530.0501 561.1729
v 927.6288 530.0501 564.6829
v 928.3594 529.9684 561.0887
v 928.6307 529.9684 564.6162
v 929.3538 529.8858 560.9983
v 929.6302 529.8858 564.5506
v 930.3517 529.8025 560.9046
v 930.6262 529.8025 564.4900
v 931.3508 529.7185 560.8086
v 931.6214 529.7185 564.4351
v 932.3519 529.6338 560.7106
v 932.6148 529.6338 564.3864
v 933.3536 529.5485 560.6128
v 933.6081 529.5485 564.3455
v 934.3521 529.4627 560.5160
v 934.6052 529.4627 564.3089
v 935.3482 529.3773 560.4196
v 935.6046 529.3773 564.2724
v 936.3416 529.2923 560.3235
v 936.6068 529.2923 564.2358
v 937.3320 529.2080 560.2250
v 937.6115 529.2080 564.1965
v 938.3208 529.1262 560.1240
v 938.6175 529.1262 564.1545
v 939.3062 529.0464 560.0195
v 939.6264 529.0464 564.1083
v 940.2878 528.9711 559.9098
v 940.6381 528.9711 564.0564
v 941.2627 528.8999 559.7941
v 941.6554 528.8999 563.9972
v 942.2237 528.8309 559.6687
v 942.6841 528.8309 563.9254
v 943.1638 528.7654 559.5283
v 943.7286 528.7654 563.8331
v 944.0742 528.7014 559.3658
v 944.7930 528.7014 563.7090
v 944.9475 528.6385 559.1729
v 945.8770 528.6385 563.5379
v 945.7788 528.5764 558.9432
v 946.9751 528.5764 563.3041
v 946.5655 528.5141 558.6729
v 948.0774 528.5141 562.9906
v 947.3083 528.4517 558.3571
v 949.1702 528.4517 562.5862
v 948.0099 528.3888 557.9917
v 950.2366 528.3888 562.0855
v 948.6746 528.3253 557.5744
v 951.2594 528.3253 561.4894
v 949.3067 528.2612 557.1043
v 952.2236 528.2612 560.8046
v 949.9082 528.1963 556.5822
v 953.1198 528.1963 560.0424
v 950.4792 528.1306 556.0099
v 953.9432 528.1306 559.2146
v 951.0195 528.0640 555.3906
v 954.6925 528.0640 558.3327
v 951.5295 527.9964 554.7267
v 955.3678 527.9964 557.4078
v 952.0097 527.9275 554.0226
v 955.9730 527.9275 556.4496
v 952.4586 527.8572 553.2837
v 956.5125 527.8572 555.4642
v 952.8767 527.7855 552.5124
v 956.9891 527.7855 554.4588
v 953.2645 527.7123 551.7091
v 957.4089 527.7123 553.4420
v 953.6222 527.6384 550.8775
v 957.7801 527.6384 552.4189
v 953.9509 527.5639 550.0218
v 958.1082 527.5639 551.3916
v 954.2525 527.4888 549.1452
v 958.3981 527.4888 550.3623
v 954.5295 527.4132 548.2489
v 958.6540 527.4132 549.3342
v 954.7863 527.3371 547.3324
v 958.8807 527.3371 548.3123
v 955.0283 527.2604 546.3984
v 959.0854 527.2604 547.2983
v 955.2582 527.1835 545.4543
v 959.2745 527.1835 546.2875
v 955.4770 527.1061 544.5000
v 959.4489 527.1061 545.2813
v 955.6911 527.0283 543.5326
v 959.6135 527.0283 544.2851
v 955.9053 526.9503 542.5562
v 959.7741 526.9503 543.2971
v 956.1223 526.8721 541.5747
v 959.9346 526.8721 542.3146
v 956.3426 526.7936 540.5939
v 960.0988 526.7936 541.3329
v 956.5608 526.7149 539.6190
v 960.2681 526.7149 540.3459
v 956.7728 526.6359 538.6489
v 960.4382 526.6359 539.3532
v 956.9756 526.5569 537.6844
v 960.6080 526.5569 538.3533
v 957.1630 526.4778 536.7282
v 960.7721 526.4778 537.3420
v 957.3302 526.3989 535.7772
v 960.9234 526.3989 536.3208
v 957.4748 526.3204 534.8288
v 961.0578 526.3204 535.2915
v 957.5946 526.2422 533.8795
v 961.1707 526.2422 534.2571
v 957.6906 526.1647 532.9243
v 961.2614 526.1647 533.2230
v 957.7659 526.0876 531.9615
v 961.3325 526.0876 532.1926
v 957.8236 526.0104 530.9922
v 961.3869 526.0104 531.1660
v 957.8662 525.9328 530.0168
v 961.4269 525.9328 530.1439
v 957.8973 525.8549 529.0360
v 961.4559 525.8549 529.1260
v 957.9189 525.7765 528.0514
v 961.4755 525.7765 528.1113
v 957.9331 525.6978 527.0644
v 961.4874 525.6978 527.0987
v 957.9407 525.6188 526.0760
v 961.4923 525.6188 526.0873
v 957.9426 525.5393 525.0857
v 961.4906 525.5393 525.0777
v 957.9402 525.4595 524.0927
v 961.4837 525.4595 524.0708
v 957.9352 525.3795 523.0978
v 961.4734 525.3795 523.0658
v 957.9277 525.2993 522.1023
v 961.4600 525.2993 522.0615
v 957.9182 525.2187 521.1050
v 961.4442 525.2187 521.0589
v 957.9078 525.1381 520.1052
v 961.4276 525.1381 520.0590
v 957.8980 525.0574 519.1034
v 961.4119 525.0574 519.0609
v 957.8891 524.9767 518.1009
v 961.3979 524.9767 518.0636
v 957.8814 524.8960 517.0977
v 961.3860 524.8960 517.0668
v 957.8751 524.8153 516.0941
v 961.3766 524.8153 516.0706
v 957.8703 524.7345 515.0898
v 961.3702 524.7345 515.0749
v 957.8674 524.6537 514.0852
v 961.3674 524.6537 514.0795
v 957.8670 524.5730 513.0813
v 961.3670 524.5730 513.0834
v 957.8686 524.4924 512.0776
v 961.3686 524.4924 512.0872
v 957.8725 524.4117 511.0739
v 961.3725 524.4117 511.0909
v 957.8784 524.3312 510.0710
v 961.3783 524.3312 510.0939
v 957.8856 524.2508 509.0687
v 961.3855 524.2508 509.0962
v 957.8941 524.1705 508.0670
v 961.3940 524.1705 508.0980
v 957.9034 524.0904 507.0658
v 961.4032 524.0904 507.0993
v 957.9132 524.0105 506.0652
v 961.4131 524.0105 506.1000
v 957.9233 523.9307 505.0647
v 961.4231 523.9307 505.1006
v 957.9338 523.8512 504.0636
v 961.4336 523.8512 504.1019
v 957.9452 523.7720 503.0621
v 961.4450 523.7720 503.1035
v 957.9575 523.6930 502.0604
v 961.4572 523.6930 502.1053
v 957.9710 523.6143 501.0580
v 961.4706 523.6143 501.1079
v 957.9861 523.5359 500.0548
v 961.4856 523.5359 500.1114
v 958.0030 523.4579 499.0504
v 961.5032 523.4579 499.1161
v 958.0222 523.3801 498.0454
v 961.5246 523.3801 498.1215
v 958.0435 523.3027 497.0410
v 961.5496 523.3027 497.1265
v 958.0666 523.2259 496.0369
v 961.5776 523.2259 496.1313
v 958.0920 523.1494 495.0335
v 961.6087 523.1494 495.1356
v 958.1187 523.0735 494.0318
v 961.6417 523.0735 494.1381
v 958.1460 522.9981 493.0323
v 961.6752 522.9981 493.1386
v 958.1728 522.9232 492.0351
v 961.7079 522.9232 492.1367
v 958.1981 522.8489 491.0403
v 961.7380 522.8489 491.1323
v 958.2208 522.7751 490.0476
v 961.7640 522.7751 490.1256
v 958.2399 522.7019 489.0572
v 961.7842 522.7019 489.1165
v 958.2535 522.6292 488.0692
v 961.7981 522.6292 488.1050
v 958.2599 522.5571 487.0840
v 961.8046 522.5571 487.0904
v 958.2571 522.4855 486.1026
v 961.8018 522.4855 486.0722
v 958.2431 522.4147 485.1248
v 961.7872 522.4147 485.0508
v 958.2164 522.3445 484.1500
v 961.7591 522.3445 484.0273
v 958.1757 522.2749 483.1775
v 961.7162 522.2749 483.0027
v 958.1205 522.2062 482.2073
v 961.6579 522.2062 481.9772
v 958.0488 522.1382 481.2399
v 961.5836 522.1382 480.9510
v 957.9597 522.0709 480.2744
v 961.4930 522.0709 479.9258
v 957.8537 522.0043 479.3101
v 961.3862 522.0043 478.9024
v 957.7314 521.9385 478.3481
v 961.2629 521.9385 477.8807
v 957.5928 521.8735 477.3887
v 961.1225 521.8735 476.8609
v 957.4381 521.8092 476.4306
v 960.9650 521.8092 475.8448
v 957.2685 521.7456 475.4719
v 960.7918 521.7456 474.8342
v 957.0862 521.6828 474.5098
v 960.6050 521.6828 473.8315
v 956.8949 521.6206 473.5412
v 960.4086 521.6206 472.8385
v 956.6988 521.5592 472.5625
v 960.2082 521.5592 471.8571
v 956.5034 521.4984 471.5708
v 960.0120 521.4984 470.8879
v 956.3158 521.4383 470.5656
v 959.8273 521.4383 469.9291
v 956.1431 521.3788 469.5485
v 959.6594 521.3788 468.9773
v 955.9903 521.3201 468.5214
v 959.5123 521.3201 468.0298
v 955.8615 521.2620 467.4872
v 959.3888 521.2620 467.0831
v 955.7581 521.2047 466.4494
v 959.2899 521.2047 466.1342
v 955.6800 521.1481 465.4121
v 959.2152 521.1481 465.1798
v 955.6238 521.0920 464.3786
v 959.1623 521.0920 464.2181
v 955.5851 521.0366 463.3499
v 959.1291 521.0366 463.2492
v 955.5597 520.9818 462.3272
v 959.1128 520.9818 462.2732
v 955.5432 520.9276 461.3103
v 959.1102 520.9276 461.2905
v 955.5318 520.8738 460.2984
v 959.1184 520.8738 460.3026
v 955.5228 520.8206 459.2901
v 959.1353 520.8206 459.3110
v 955.5142 520.7680 458.2849
v 959.1590 520.7680 458.3163
v 955.5044 520.7159 457.2822
v 959.1882 520.7159 457.3191
v 955.4928 520.6642 456.2812
v 959.2205 520.6642 456.3202
v 955.4796 520.6131 455.2805
v 959.2549 520.6131 455.3210
v 955.4647 520.5626 454.2800
v 959.2914 520.5626 454.3216
v 955.4488 520.5125 453.2802
v 959.3291 520.5125 453.3215
v 955.4325 520.4629 452.2822
v 959.3662 520.4629 452.3196
v 955.4142 520.4137 451.2870
v 959.4018 520.4137 451.3150
v 955.3922 520.3650 450.2956
v 959.4345 520.3650 450.3064
v 955.3642 520.3167 449.3101
v 959.4625 520.3167 449.2922
v 955.3268 520.2690 448.3325
v 959.4825 520.2690 448.2703
v 955.2764 520.2215 447.3658
v 959.4906 520.2215 447.2383
v 955.2089 520.1743 446.4144
v 959.4795 520.1743 446.1931
v 955.1198 520.1275 445.4819
v 959.4404 520.1275 445.1331
v 955.0044 520.0809 444.5719
v 959.3630 520.0809 444.0579
v 954.8568 520.0346 443.6872
v 959.2368 520.0346 442.9701
v 954.6725 519.9885 442.8308
v 959.0522 519.9885 441.8733
v 954.4471 519.9426 442.0063
v 958.7989 519.9426 440.7728
v 954.1762 519.8970 441.2146
v 958.4682 519.8970 439.6779
v 953.8570 519.8514 440.4548
v 958.0559 519.8514 438.6006
v 953.4889 519.8061 439.7255
v 957.5597 519.8061 437.5531
v 953.0708 519.7608 439.0238
v 956.9829 519.7608 436.5478
v 952.6023 519.7157 438.3468
v 956.3336 519.7157 435.5937
v 952.0839 519.6707 437.6924
v 955.6215 519.6707 434.6965
v 951.5168 519.6259 437.0578
v 954.8582 519.6259 433.8590
v 950.9038 519.5809 436.4406
v 954.0559 519.5809 433.0804
v 950.2494 519.5360 435.8392
v 953.2245 519.5360 432.3563
v 949.5589 519.4911 435.2525
v 952.3714 519.4911 431.6810
v 948.8377 519.4462 434.6795
v 951.5025 519.4462 431.0482
v 948.0918 519.4012 434.1203
v 950.6203 519.4012 430.4515
v 947.3249 519.3562 433.5757
v 949.7270 519.3562 429.8857
v 946.5399 519.3111 433.0468
v 948.8242 519.3111 429.3457
v 945.7409 519.2660 432.5344
v 947.9110 519.2660 428.8286
v 944.9283 519.2208 432.0390
v 946.9880 519.2208 428.3344
v 944.1027 519.1757 431.5596
v 946.0569 519.1757 427.8618
v 943.2655 519.1304 431.0963
v 945.1178 519.1304 427.4100
v 942.4171 519.0852 430.6489
v 944.1716 519.0852 426.9783
v 941.5577 519.0398 430.2168
v 943.2196 519.0398 426.5659
v 940.6880 518.9943 429.8004
v 942.2627 518.9943 426.1707
v 939.8076 518.9488 429.4005
v 941.3025 518.9488 425.7912
v 938.9176 518.9031 429.0162
v 940.3396 518.9031 425.4253
v 938.0185 518.8574 428.6474
v 939.3745 518.8574 425.0722
v 937.1106 518.8116 428.2930
v 938.4083 518.8116 424.7306
v 936.1951 518.7656 427.9521
v 937.4409 518.7656 424.3990
v 935.2730 518.7194 427.6240
v 936.4724 518.7194 424.0764
v 934.3447 518.6730 427.3081
v 935.5029 518.6730 423.7622
v 933.4112 518.6265 427.0033
v 934.5326 518.6265 423.4553
v 932.4731 518.5798 426.7094
v 933.5611 518.5798 423.1557
v 931.5311 518.5330 426.4254
v 932.5886 518.5330 422.8625
v 930.5863 518.4858 426.1515
v 931.6139 518.4858 422.5757
v 929.6382 518.4385 425.8873
v 930.6377 518.4385 422.2958
v 928.6870 518.3910 425.6323
v 929.6602 518.3910 422.0227
v 927.7332 518.3433 425.3860
v 928.6812 518.3433 421.7560
v 926.7774 518.2953 425.1485
v 927.7001 518.2953 421.4959
v 925.8210 518.2472 424.9200
v 926.7158 518.2472 421.2424
v 924.8651 518.1987 424.7021
v 925.7265 518.1987 420.9968
v 923.9100 518.1501 424.4961
v 924.7316 518.1501 420.7607
v 922.9571 518.1012 424.3040
v 923.7293 518.1012 420.5360
v 922.0075 518.0521 424.1285
v 922.7177 518.0521 420.3258
v 921.0606 518.0027 423.9724
v 921.6970 518.0027 420.1339
v 920.1159 517.9532 423.8374
v 920.6675 517.9532 419.9633
v 919.1731 517.9034 423.7256
v 919.6298 517.9034 419.8174
v 918.2311 517.8533 423.6383
v 918.5856 517.8533 419.6988
v 917.2902 517.8031 423.5761
v 917.5356 517.8031 419.6091
v 916.3497 517.7525 423.5401
v 916.4817 517.7525 419.5504
v 915.4086 517.7017 423.5300
v 915.4266 517.7017 419.5232
v 914.4677 517.6507 423.5452
v 914.3710 517.6507 419.5274
v 913.5272 517.5994 423.5859
v 913.3163 517.5994 419.5634
v 912.5874 517.5479 423.6511
v 912.2637 517.5479 419.6306
v 911.6492 517.4962 423.7407
v 911.2139 517.4962 419.7291
v 910.7130 517.4442 423.8543
v 910.1680 517.4442 419.8583
v 909.7795 517.3919 423.9915
v 909.1268 517.3919 420.0181
v 908.8489 517.3393 424.1520
v 908.0914 517.3393 420.2078
v 907.9218 517.2864 424.3357
v 907.0625 517.2864 420.4271
v 906.9987 517.2333 424.5422
v 906.0410 517.2333 420.6752
v 906.0803 517.1800 424.7712
v 905.0273 517.1800 420.9517
v 905.1666 517.1264 425.0239
v 904.0227 517.1264 421.2550
v 904.2573 517.0726 425.2996
v 903.0282 517.0726 421.5834
v 903.3518 517.0185 425.5978
v 902.0448 517.0185 421.9354
v 902.4498 516.9641 425.9173
v 901.0728 516.9641 422.3086
v 901.5515 516.9093 426.2566
v 900.1117 516.9093 422.7012
v 900.6566 516.8543 426.6147
v 899.1615 516.8543 423.1113
v 899.7640 516.7990 426.9903
v 898.2226 516.7990 423.5364
v 898.8741 516.7434 427.3810
v 897.2933 516.7434 423.9742
v 897.9868 516.6876 427.7860
v 896.3729 516.6876 424.4236
v 897.1018 516.6314 428.2032
v 895.4606 516.6314 424.8823
v 896.2192 516.5750 428.6318
v 894.5556 516.5750 425.3496
v 895.3377 516.5183 429.0705
v 893.6576 516.5183 425.8232
v 894.4572 516.4613 429.5176
v 892.7655 516.4613 426.3017
v 893.5772 516.4039 429.9719
v 891.8783 516.4039 426.7838
v 892.6977 516.3463 430.4322
v 890.9951 516.3463 427.2682
v 891.8180 516.2884 430.8972
v 890.1152 516.2884 427.7539
v 890.9380 516.2303 431.3659
v 889.2377 516.2303 428.2398
v 890.0577 516.1718 431.8371
v 888.3616 516.1718 428.7251
v 889.1771 516.1131 432.3103
v 887.4863 516.1131 429.2096
v 888.2961 516.0541 432.7847
v 886.6114 516.0541 429.6925
v 887.4150 515.9948 433.2597
v 885.7360 515.9948 430.1740
v 886.5338 515.9351 433.7352
v 884.8601 515.9351 430.6538
v 885.6525 515.8752 434.2110
v 883.9835 515.8752 431.1318
v 884.7711 515.8150 434.6870
v 883.1062 515.8150 431.6081
v 883.8896 515.7544 435.1630
v 882.2279 515.7544 432.0826
v 883.0079 515.6936 435.6380
v 881.3490 515.6936 432.5561
v 882.1263 515.6325 436.1126
v 880.4691 515.6325 433.0289
v 881.2452 515.5711 436.5876
v 879.5882 515.5711 433.5000
v 880.3643 515.5094 437.0634
v 878.7066 515.5094 433.9695
v 879.4833 515.4474 437.5398
v 877.8243 515.4474 434.4369
v 878.6025 515.3851 438.0167
v 876.9409 515.3851 434.9022
v 877.7220 515.3225 438.4939
v 876.0564 515.3225 435.3656
v 876.8417 515.2597 438.9716
v 875.1710 515.2597 435.8272
v 875.9615 515.1966 439.4495
v 874.2846 515.1966 436.2868
v 875.0819 515.1332 439.9274
v 873.3968 515.1332 436.7450
v 874.2039 515.0696 440.4053
v 872.5072 515.0696 437.2028
v 873.3288 515.0057 440.8836
v 871.6154 515.0057 437.6616
v 872.4577 514.9415 441.3630
v 870.7218 514.9415 438.1231
v 871.5921 514.8771 441.8447
v 869.8265 514.8771 438.5895
v 870.7338 514.8125 442.3298
v 868.9299 514.8125 439.0632
v 869.8847 514.7476 442.8203
v 868.0330 514.7476 439.5471
v 869.0462 514.6826 443.3181
v 867.1371 514.6826 440.0439
v 868.2199 514.6173 443.8251
v 866.2439 514.6173 440.5562
v 867.4073 514.5518 444.3433
v 865.3552 514.5518 441.0865
v 866.6099 514.4861 444.8744
v 864.4727 514.4861 441.6374
v 865.8289 514.4204 445.4204
v 863.5993 514.4204 442.2108
v 865.0646 514.3544 445.9829
v 862.7374 514.3544 442.8077
v 864.3177 514.2882 446.5630
v 861.8892 514.2882 443.4290
v 863.5888 514.2219 447.1615
v 861.0567 514.2219 444.0750
v 862.8785 514.1555 447.7786
v 860.2416 514.1555 444.7459
v 862.1872 514.0889 448.4146
v 859.4453 514.0889 445.4416
v 861.5157 514.0221 449.0690
v 858.6695 514.0221 446.1622
v 860.8641 513.9552 449.7407
v 857.9160 513.9552 446.9084
v 860.2326 513.8881 450.4302
v 857.1872 513.8881 447.6795
v 859.6208 513.8209 451.1372
v 856.4840 513.8209 448.4739
v 859.0295 513.7536 451.8606
v 855.8069 513.7536 449.2917
v 858.4587 513.6860 452.6008
v 855.1581 513.6860 450.1314
v 857.9073 513.6184 453.3576
v 854.5378 513.6184 450.9909
v 857.3750 513.5507 454.1309
v 853.9471 513.5507 451.8683
v 856.8603 513.4827 454.9199
v 853.3852 513.4827 452.7611
v 856.3640 513.4147 455.7219
v 852.8508 513.4147 453.6696
v 855.8883 513.3464 456.5371
v 852.3428 513.3464 454.5925
v 855.4328 513.2780 457.3663
v 851.8613 513.2780 455.5270
v 854.9975 513.2094 458.2078
v 851.4049 513.2094 456.4726
v 854.5834 513.1407 459.0605
v 850.9735 513.1407 457.4294
v 854.1912 513.0719 459.9238
v 850.5665 513.0719 458.3965
v 853.8237 513.0028 460.7982
v 850.1823 513.0028 459.3725
v 853.4807 512.9335 461.6836
v 849.8208 512.9335 460.3561
v 853.1620 512.8641 462.5803
v 849.4820 512.8641 461.3455
v 852.8661 512.7945 463.4878
v 849.1645 512.7945 462.3393
v 852.5924 512.7248 464.4057
v 848.8676 512.7248 463.3361
v 852.3383 512.6548 465.3351
v 848.5894 512.6548 464.3329
v 852.1006 512.5847 466.2761
v 848.3270 512.5847 465.3273
v 851.8759 512.5144 467.2283
v 848.0769 512.5144 466.3172
v 851.6600 512.4439 468.1914
v 847.8350 512.4439 467.3008
v 851.4490 512.3733 469.1633
v 847.5967 512.3733 468.2776
v 851.2398 512.3024 470.1440
v 847.3591 512.3024 469.2463
v 851.0268 512.2314 471.1334
v 847.1174 512.2314 470.2044
v 850.8056 512.1602 472.1298
v 846.8686 512.1602 471.1515
v 850.5706 512.0889 473.1322
v 846.6093 512.0889 472.0861
v 850.3174 512.0175 474.1403
v 846.3362 512.0175 473.0059
v 850.0400 511.9459 475.1534
v 846.0451 511.9459 473.9076
v 849.7332 511.8742 476.1689
v 845.7317 511.8742 474.7893
v 849.3924 511.8024 477.1830
v 845.3920 511.8024 475.6503
v 849.0145 511.7304 478.1926
v 845.0237 511.7304 476.4894
v 848.5956 511.6584 479.1949
v 844.6243 511.6584 477.3041
v 848.1317 511.5862 480.1851
v 844.1940 511.5862 478.0938
v 847.6210 511.5139 481.1578
v 843.7311 511.5139 478.8584
v 847.0638 511.4416 482.1094
v 843.2360 511.4416 479.5968
v 846.4587 511.3692 483.0375
v 842.7094 511.3692 480.3058
v 845.8047 511.2968 483.9383
v 842.1524 511.2968 480.9833
v 845.0992 511.2243 484.8069
v 841.5677 511.2243 481.6280
v 844.3427 511.1519 485.6377
v 840.9550 511.1519 482.2383
v 843.5369 511.0794 486.4268
v 840.3155 511.0794 482.8127
v 842.6826 511.0068 487.1699
v 839.6504 511.0068 483.3488
v 841.7814 510.9343 487.8628
v 838.9610 510.9343 483.8446
v 840.8342 510.8618 488.5021
v 838.2503 510.8618 484.2968
v 839.8429 510.7894 489.0815
v 837.5198 510.7894 484.7025
v 838.8109 510.7170 489.5970
v 836.7715 510.7170 485.0599
v 837.7398 510.6447 490.0429
v 836.0097 510.6447 485.3653
v 836.6319 510.5725 490.4141
v 835.2386 510.5725 485.6158
v 835.4912 510.5003 490.7028
v 834.4621 510.5003 485.8078
v 834.3259 510.4283 490.9022
v 833.6811 510.4283 485.9400
v 833.1431 510.3563 491.0085
v 832.8988 510.3563 486.0103
v 831.9494 510.2846 491.0181
v 832.1216 510.2846 486.0166
v 830.7562 510.2130 490.9262
v 831.3506 510.2130 485.9572
v 829.5732 510.1416 490.7338
v 830.5896 510.1416 485.8334
v 828.4082 510.0704 490.4391
v 829.8451 510.0704 485.6451
v 827.2700 509.9995 490.0433
v 829.1238 509.9995 485.3943
v 826.1677 509.9287 489.5455
v 828.4335 509.9287 485.0825
v 825.1134 509.8582 488.9483
v 827.7773 509.8582 484.7108
v 824.1173 509.7878 488.2564
v 827.1600 509.7878 484.2820
v 823.1905 509.7177 487.4730
v 826.5851 509.7177 483.8013
v 822.3435 509.6478 486.6058
v 826.0536 509.6478 483.2696
v 821.5831 509.5782 485.6652
v 825.5677 509.5782 482.6900
v 820.9170 509.5088 484.6635
v 825.1291 509.5088 482.0631
v 820.3460 509.4396 483.6151
v 824.7380 509.4396 481.3922
v 819.8700 509.3706 482.5294
v 824.3970 509.3706 480.6819
v 819.4872 509.3019 481.4198
v 824.1060 509.3019 479.9344
v 819.1928 509.2335 480.2962
v 823.8648 509.2335 479.1537
v 818.9803 509.1652 479.1641
v 823.6730 509.1652 478.3461
v 818.8463 509.0971 478.0317
v 823.5306 509.0971 477.5136
v 818.7825 509.0292 476.9063
v 823.4346 509.0292 476.6591
v 818.7826 508.9615 475.7922
v 823.3835 508.9615 475.7850
v 818.8374 508.8940 474.6947
v 823.3736 508.8940 474.8919
v 818.9371 508.8266 473.6130
v 823.4021 508.8266 473.9845
v 819.0764 508.7593 472.5433
v 823.4652 508.7593 473.0696
v 819.2524 508.6922 471.4865
v 823.5619 508.6922 472.1489
v 819.4594 508.6251 470.4456
v 823.6888 508.6251 471.2212
v 819.6925 508.5582 469.4185
v 823.8421 508.5582 470.2888
v 819.9496 508.4914 468.4004
v 824.0185 508.4914 469.3570
v 820.2308 508.4246 467.3909
v 824.2180 508.4246 468.4277
v 820.5335 508.3580 466.3928
v 824.4400 508.3580 467.4979
v 820.8535 508.2914 465.4095
v 824.6831 508.2914 466.5636
v 821.1846 508.2250 464.4399
v 824.9423 508.2250 465.6233
v 821.5243 508.1586 463.4793
v 825.2134 508.1586 464.6799
v 821.8704 508.0924 462.5267
v 825.4943 508.0924 463.7336
v 822.2168 508.0263 461.5821
v 825.7848 508.0263 462.7824
v 822.5592 507.9602 460.6425
v 826.0807 507.9602 461.8267
v 822.8971 507.8942 459.7043
v 826.3794 507.8942 460.8688
v 823.2298 507.8283 458.7653
v 826.6787 507.8283 459.9103
v 823.5579 507.7625 457.8258
v 826.9789 507.7625 458.9512
v 823.8797 507.6967 456.8858
v 827.2787 507.6967 457.9902
v 824.1958 507.6310 455.9439
v 827.5771 507.6310 457.0289
v 824.5064 507.5654 455.0000
v 827.8741 507.5654 456.0674
v 824.8117 507.4999 454.0542
v 828.1697 507.4999 455.1057
v 825.1118 507.4345 453.1068
v 828.4639 507.4345 454.1436
v 825.4068 507.3692 452.1576
v 828.7566 507.3692 453.1810
v 825.6971 507.3040 451.2061
v 829.0473 507.3040 452.2189
v 825.9841 507.2390 450.2525
v 829.3368 507.2390 451.2574
v 826.2690 507.1740 449.2980
v 829.6239 507.1740 450.2954
v 826.5517 507.1092 448.3435
v 829.9091 507.1092 449.3323
v 826.8313 507.0444 447.3889
v 830.1917 507.0444 448.3676
v 827.1079 506.9798 446.4336
v 830.4713 506.9798 447.4018
v 827.3816 506.9153 445.4772
v 830.7479 506.9153 446.4355
v 827.6528 506.8508 444.5197
v 831.0216 506.8508 445.4687
v 827.9213 506.7865 443.5612
v 831.2927 506.7865 444.5014
v 828.1877 506.7222 442.6017
v 831.5613 506.7222 443.5338
v 828.4520 506.6581 441.6405
v 831.8272 506.6581 442.5666
v 828.7155 506.5941 440.6780
v 832.0918 506.5941 441.6002
v 828.9780 506.5302 439.7146
v 832.3551 506.5302 440.6339
v 829.2401 506.4665 438.7507
v 832.6178 506.4665 439.6679
v 829.5016 506.4028 437.7864
v 832.8798 506.4028 438.7019
v 829.7625 506.3393 436.8230
v 833.1417 506.3393 437.7348
v 830.0213 506.2759 435.8606
v 833.4022 506.2759 436.7658
v 830.2779 506.2126 434.8979
v 833.6607 506.2126 435.7961
v 830.5327 506.1494 433.9345
v 833.9172 506.1494 434.8260
v 830.7856 506.0863 432.9705
v 834.1719 506.0863 433.8554
v 831.0366 506.0233 432.0062
v 834.4246 506.0233 432.8843
v 831.2856 505.9604 431.0415
v 834.6755 505.9604 431.9124
v 831.5326 505.8976 430.0753
v 834.9239 505.8976 430.9410
v 831.7793 505.8348 429.1074
v 835.1711 505.8348 429.9709
v 832.0255 505.7722 428.1391
v 835.4178 505.7722 429.0008
v 832.2712 505.7097 427.1709
v 835.6640 505.7097 428.0305
v 832.5162 505.6473 426.2028
v 835.9097 505.6473 427.0597
v 832.7600 505.5850 425.2349
v 836.1544 505.5850 426.0882
v 833.0028 505.5228 424.2671
v 836.3982 505.5228 425.1161
v 833.2439 505.4607 423.2997
v 836.6408 505.4607 424.1429
v 833.4830 505.3986 422.3326
v 836.8817 505.3986 423.1685
v 833.7196 505.3367 421.3657
v 837.1205 505.3367 422.1928
v 833.9533 505.2748 420.3987
v 837.3566 505.2748 421.2157
v 834.1840 505.2129 419.4313
v 837.5898 505.2129 420.2377
v 834.4115 505.1511 418.4636
v 837.8200 505.1511 419.2586
v 834.6355 505.0894 417.4955
v 838.0469 505.0894 418.2782
v 834.8560 505.0278 416.5268
v 838.2702 505.0278 417.2968
v 835.0726 504.9662 415.5573
v 838.4897 504.9662 416.3145
v 835.2858 504.9047 414.5869
v 838.7057 504.9047 415.3315
v 835.4953 504.8433 413.6159
v 838.9180 504.8433 414.3477
v 835.7012 504.7819 412.6442
v 839.1267 504.7819 413.3628
v 835.9031 504.7205 411.6718
v 839.3313 504.7205 412.3770
v 836.1015 504.6592 410.6984
v 839.5323 504.6592 411.3907
v 836.2961 504.5979 409.7243
v 839.7295 504.5979 410.4037
v 836.4871 504.5367 408.7495
v 839.9231 504.5367 409.4158
v 836.6743 504.4755 407.7739
v 840.1128 504.4755 408.4274
v 836.8582 504.4143 406.7971
v 840.2989 504.4143 407.4387
v 837.0388 504.3532 405.8191
v 840.4815 504.3532 406.4500
v 837.2168 504.2921 404.8398
v 840.6612 504.2921 405.4616
v 837.3926 504.2311 403.8595
v 840.8383 504.2311 404.4733
v 837.5663 504.1701 402.8783
v 841.0132 504.1701 403.4852
v 837.7383 504.1091 401.8962
v 841.1863 504.1091 402.4973
v 837.9088 504.0482 400.9135
v 841.3577 504.0482 401.5094
v 838.0779 503.9873 399.9305
v 841.5277 503.9873 400.5214
v 838.2456 503.9264 398.9473
v 841.6962 503.9264 399.5330
v 838.4117 503.8656 397.9642
v 841.8633 503.8656 398.5442
v 838.5760 503.8048 396.9808
v 842.0286 503.8048 397.5549
v 838.7388 503.7440 395.9969
v 842.1923 503.7440 396.5656
v 838.9001 503.6832 395.0127
v 842.3545 503.6832 395.5762
v 839.0600 503.6224 394.0282
v 842.5151 503.6224 394.5866
v 839.2185 503.5617 393.0428
v 842.6743 503.5617 393.5973
v 839.3763 503.5010 392.0566
v 842.8325 503.5010 392.6086
v 839.5336 503.4404 391.0700
v 842.9901 503.4404 391.6202
v 839.6904 503.3797 390.0831
v 843.1471 503.3797 390.6319
v 839.8470 503.3191 389.0960
v 843.3038 503.3191 389.6437
v 840.0033 503.2586 388.1085
v 843.4603 503.2586 388.6558
v 840.1597 503.1980 387.1206
v 843.6166 503.1980 387.6683
v 840.3164 503.1374 386.1326
v 843.7732 503.1374 386.6809
v 840.4732 503.0769 385.1445
v 843.9298 503.0769 385.6938
v 840.6305 503.0163 384.1560
v 844.0868 503.0163 384.7072
v 840.7886 502.9557 383.1670
v 844.2444 502.9557 383.7212
v 840.9479 502.8952 382.1772
v 844.4029 502.8952 382.7365
v 841.1092 502.8347 381.1864
v 844.5630 502.8347 381.7532
v 841.2732 502.7742 380.1951
v 844.7254 502.7742 380.7714
v 841.4402 502.7137 379.2034
v 844.8906 502.7137 379.7909
v 841.6109 502.6532 378.2114
v 845.0590 502.6532 378.8120
v 841.7859 502.5927 377.2190
v 845.2313 502.5927 377.8348
v 841.9656 502.5321 376.2267
v 845.4080 502.5321 376.8592
v 842.1505 502.4716 375.2349
v 845.5896 502.4716 375.8850
v 842.3404 502.4111 374.2440
v 845.7761 502.4111 374.9117
v 842.5354 502.3506 373.2540
v 845.9677 502.3506 373.9396
v 842.7358 502.2901 372.2647
v 846.1642 502.2901 372.9688
v 842.9416 502.2296 371.2763
v 846.3661 502.2296 371.9993
v 843.1529 502.1690 370.2890
v 846.5733 502.1690 371.0311
v 843.3698 502.1084 369.3028
v 846.7860 502.1084 370.0641
v 843.5921 502.0479 368.3179
v 847.0040 502.0479 369.0983
v 843.8201 501.9873 367.3340
v 847.2275 501.9873 368.1338
v 844.0537 501.9268 366.3515
v 847.4565 501.9268 367.1707
v 844.2927 501.8662 365.3707
v 847.6910 501.8662 366.2086
v 844.5370 501.8056 364.3915
v 847.9307 501.8056 365.2473
v 844.7862 501.7449 363.4141
v 848.1756 501.7449 364.2868
v 845.0399 501.6843 362.4382
v 848.4252 501.6843 363.3272
v 845.2983 501.6237 361.4637
v 848.6793 501.6237 362.3686
v 845.5612 501.5630 360.4906
v 848.9380 501.5630 361.4110
v 845.8284 501.5023 359.5188
v 849.2011 501.5023 360.4544
v 846.1000 501.4415 358.5483
v 849.4684 501.4415 359.4989
v 846.3759 501.3808 357.5790
v 849.7400 501.3808 358.5447
v 846.6562 501.3200 356.6108
v 850.0158 501.3200 357.5919
v 846.9411 501.2592 355.6436
v 850.2961 501.2592 356.6407
v 847.2306 501.1984 354.6780
v 850.5809 501.1984 355.6907
v 847.5244 501.1376 353.7139
v 850.8701 501.1376 354.7417
v 847.8225 501.0768 352.7512
v 851.1636 501.0768 353.7939
v 848.1247 501.0160 351.7902
v 851.4613 501.0160 352.8472
v 848.4308 500.9551 350.8309
v 851.7631 500.9551 351.9012
v 848.7404 500.8941 349.8733
v 852.0688 500.8941 350.9558
v 849.0531 500.8332 348.9174
v 852.3779 500.8332 350.0109
v 849.3687 500.7722 347.9629
v 852.6901 500.7722 349.0666
v 849.6871 500.7111 347.0096
v 853.0053 500.7111 348.1229
v 850.0079 500.6501 346.0577
v 853.3232 500.6501 347.1796
v 850.3310 500.5889 345.1067
v 853.6436 500.5889 346.2369
v 850.6565 500.5278 344.1567
v 853.9663 500.5278 345.2948
v 850.9840 500.4666 343.2077
v 854.2912 500.4666 344.3534
v 851.3138 500.4054 342.2594
v 854.6183 500.4054 343.4126
v 851.6455 500.3442 341.3123
v 854.9477 500.3442 342.4721
v 851.9788 500.2829 340.3662
v 855.2789 500.2829 341.5319
v 852.3136 500.2217 339.4209
v 855.6118 500.2217 340.5920
v 852.6497 500.1603 338.4764
v 855.9463 500.1603 339.6522
v 852.9870 500.0989 337.5329
v 856.2822 500.0989 338.7124
v 853.3249 500.0375 336.5901
v 856.6192 500.0375 337.7725
v 853.6636 499.9761 335.6479
v 856.9570 499.9761 336.8326
v 854.0024 499.9146 334.7066
v 857.2955 499.9146 335.8921
v 854.3411 499.8530 333.7658
v 857.6343 499.8530 334.9512
v 854.6795 499.7914 332.8254
v 857.9731 499.7914 334.0097
v 855.0173 499.7297 331.8854
v 858.3116 499.7297 333.0675
v 855.3541 499.6680 330.9455
v 858.6495 499.6680 332.1247
v 855.6898 499.6063 330.0059
v 858.9867 499.6063 331.1809
v 856.0238 499.5446 329.0663
v 859.3226 499.5446 330.2360
v 856.3563 499.4828 328.1262
v 859.6570 499.4828 329.2906
v 856.6873 499.4209 327.1856
v 859.9898 499.4209 328.3446
v 857.0167 499.3591 326.2445
v 860.3212 499.3591 327.3980
v 857.3445 499.2971 325.3030
v 860.6510 499.2971 326.4507
v 857.6705 499.2352 324.3610
v 860.9791 499.2352 325.5027
v 857.9948 499.1731 323.4184
v 861.3054 499.1731 324.5542
v 858.3175 499.1111 322.4752
v 861.6301 499.1111 323.6050
v 858.6384 499.0489 321.5314
v 861.9531 499.0489 322.6553
v 858.9576 498.9868 320.5872
v 862.2743 498.9868 321.7049
v 859.2750 498.9246 319.6424
v 862.5939 498.9246 320.7538
v 859.5905 498.8623 318.6973
v 862.9116 498.8623 319.8018
v 859.9039 498.8000 317.7515
v 863.2273 498.8000 318.8491
v 860.2154 498.7376 316.8049
v 863.5410 498.7376 317.8959
v 860.5252 498.6752 315.8576
v 863.8529 498.6752 316.9423
v 860.8332 498.6127 314.9097
v 864.1629 498.6127 315.9882
v 861.1395 498.5503 313.9610
v 864.4711 498.5503 315.0336
v 861.4441 498.4878 313.0118
v 864.7776 498.4878 314.0785
v 861.7471 498.4252 312.0619
v 865.0824 498.4252 313.1230
v 862.0488 498.3626 311.1112
v 865.3857 498.3626 312.1674
v 862.3490 498.2999 310.1602
v 865.6875 498.2999 311.2112
v 862.6478 498.2371 309.2086
v 865.9878 498.2371 310.2546
v 862.9452 498.1744 308.2565
v 866.2868 498.1744 309.2978
v 863.2413 498.1116 307.3038
v 866.5843 498.1116 308.3405
v 863.5363 498.0487 306.3506
v 866.8805 498.0487 307.3832
v 863.8301 497.9858 305.3969
v 867.1756 497.9858 306.4255
v 864.1228 497.9229 304.4428
v 867.4695 497.9229 305.4675
v 864.4146 497.8599 303.4881
v 867.7622 497.8599 304.5096
v 864.7055 497.7969 302.5331
v 868.0541 497.7969 303.5514
v 864.9955 497.7337 301.5776
v 868.3450 497.7337 302.5931
v 865.2850 497.6706 300.6218
v 868.6352 497.6706 301.6348
v 865.5736 497.6074 299.6658
v 868.9246 497.6074 300.6762
v 865.8616 497.5442 298.7093
v 869.2133 497.5442 299.7176
v 866.1492 497.4809 297.7526
v 869.5014 497.4809 298.7589
v 866.4360 497.4175 296.7961
v 869.7891 497.4175 297.7997
v 866.7216 497.3542 295.8399
v 870.0758 497.3542 296.8395
v 867.0059 497.2907 294.8838
v 870.3616 497.2907 295.8786
v 867.2884 497.2273 293.9279
v 870.6459 497.2273 294.9165
v 867.5688 497.1637 292.9719
v 870.9284 497.1637 293.9534
v 867.8471 497.1001 292.0156
v 871.2089 497.1001 292.9894
v 868.1228 497.0365 291.0593
v 871.4873 497.0365 292.0240
v 868.3956 496.9728 290.1026
v 871.7628 496.9728 291.0574
v 868.6656 496.9091 289.1452
v 872.0357 496.9091 290.0899
v 868.9324 496.8453 288.1875
v 872.3056 496.8453 289.1210
v 869.1958 496.7814 287.2292
v 872.5723 496.7814 288.1509
v 869.4556 496.7175 286.2707
v 872.8357 496.7175 287.1791
v 869.7111 496.6536 285.3120
v 873.0952 496.6536 286.2053
v 869.9619 496.5896 284.3527
v 873.3502 496.5896 285.2297
v 870.2079 496.5256 283.3925
v 873.6006 496.5256 284.2527
v 870.4490 496.4615 282.4315
v 873.8461 496.4615 283.2739
v 870.6848 496.3974 281.4695
v 874.0864 496.3974 282.2935
v 870.9153 496.3332 280.5065
v 874.3215 496.3332 281.3115
v 871.1403 496.2690 279.5424
v 874.5509 496.2690 280.3281
v 871.3598 496.2048 278.5770
v 874.7749 496.2048 279.3434
v 871.5737 496.1405 277.6107
v 874.9932 496.1405 278.3571
v 871.7818 496.0762 276.6437
v 875.2058 496.0762 277.3691
v 871.9837 496.0118 275.6758
v 875.4123 496.0118 276.3793
v 872.1791 495.9474 274.7073
v 875.6124 495.9474 275.3875
v 872.3677 495.8829 273.7378
v 875.8056 495.8829 274.3940
v 872.5493 495.8184 272.7674
v 875.9919 495.8184 273.3988
v 872.7238 495.7538 271.7962
v 876.1710 495.7538 272.4017
v 872.8905 495.6892 270.8245
v 876.3425 495.6892 271.4025
v 873.0493 495.6246 269.8519
v 876.5059 495.6246 270.4015
v 873.2001 495.5599 268.8780
v 876.6611 495.5599 269.3992
v 873.3429 495.4952 267.9026
v 876.8080 495.4952 268.3960
v 873.4780 495.4305 266.9264
v 876.9470 495.4305 267.3914
v 873.6047 495.3657 265.9498
v 877.0775 495.3657 266.3849
v 873.7229 495.3008 264.9717
v 877.1993 495.3008 265.3777
v 873.8333 495.2359 263.9918
v 877.3128 495.2359 264.3704
v 873.9363 495.1710 263.0104
v 877.4185 495.1710 263.3631
v 874.0323 495.1060 262.0275
v 877.5169 495.1060 262.3556
v 874.1215 495.0411 261.0434
v 877.6082 495.0411 261.3481
v 874.2044 494.9760 260.0573
v 877.6929 494.9760 260.3414
v 874.2823 494.9109 259.0688
v 877.7720 494.9109 259.3362
v 874.3560 494.8458 258.0786
v 877.8468 494.8458 258.3320
v 874.4261 494.7807 257.0869
v 877.9178 494.7807 257.3286
v 874.4934 494.7155 256.0941
v 877.9857 494.7155 256.3261
v 874.5582 494.6503 255.1000
v 878.0509 494.6503 255.3244
v 874.6212 494.5850 254.1049
v 878.1143 494.5850 254.3236
v 874.6828 494.5197 253.1091
v 878.1763 494.5197 253.3232
v 874.7432 494.4544 252.1129
v 878.2369 494.4544 252.3231
v 874.8027 494.3890 251.1165
v 878.2966 494.3890 251.3230
v 874.8611 494.3236 250.1199
v 878.3552 494.3236 250.3230
v 874.9185 494.2582 249.1232
v 878.4128 494.2582 249.3231
v 874.9751 494.1927 248.1263
v 878.4696 494.1927 248.3232
v 875.0309 494.1273 247.1294
v 878.5255 494.1273 247.3232
v 875.0857 494.0617 246.1326
v 878.5806 494.0617 246.3230
v 875.1394 493.9962 245.1363
v 878.6345 493.9962 245.3222
v 875.1917 493.9306 244.1404
v 878.6870 493.9306 244.3209
v 875.2423 493.8650 243.1449
v 878.7380 493.8650 243.3190
v 875.2908 493.7994 242.1501
v 878.7869 493.7994 242.3161
v 875.3367 493.7337 241.1561
v 878.8333 493.7337 241.3123
v 875.3795 493.6680 240.1631
v 878.8766 493.6680 240.3072
v 875.4185 493.6023 239.1708
v 878.9161 493.6023 239.3012
v 875.4535 493.5366 238.1786
v 878.9516 493.5366 238.2947
v 875.4844 493.4709 237.1864
v 878.9830 493.4709 237.2880
v 875.5112 493.4051 236.1942
v 879.0101 493.4051 236.2810
v 875.5337 493.3392 235.2019
v 879.0329 493.3392 235.2738
v 875.5520 493.2734 234.2095
v 879.0515 493.2734 234.2666
v 875.5660 493.2076 233.2171
v 879.0658 493.2076 233.2593
v 875.5759 493.1418 232.2247
v 879.0758 493.1418 232.2519
v 875.5815 493.0759 231.2325
v 879.0815 493.0759 231.2442
v 875.5825 493.0100 230.2409
v 879.0825 493.0100 230.2359
v 875.5787 492.9441 229.2499
v 879.0786 492.9441 229.2270
v 875.5695 492.8782 228.2596
v 879.0693 492.8782 228.2175
v 875.5548 492.8123 227.2699
v 879.0543 492.8123 227.2076
v 875.5343 492.7463 226.2810
v 879.0334 492.7463 226.1970
v 875.5074 492.6804 225.2929
v 879.0058 492.6804 225.1861
v 875.4740 492.6145 224.3047
v 878.9716 492.6145 224.1756
v 875.4345 492.5485 223.3163
v 878.9312 492.5485 223.1658
v 875.3890 492.4826 222.3277
v 878.8848 492.4826 222.1567
v 875.3377 492.4166 221.3389
v 878.8326 492.4166 221.1483
v 875.2811 492.3506 220.3499
v 878.7748 492.3506 220.1407
v 875.2192 492.2846 219.3601
v 878.7120 492.2846 219.1344
v 875.1531 492.2187 218.3697
v 878.6448 492.2187 218.1293
v 875.0829 492.1527 217.3792
v 878.5736 492.1527 217.1249
v 875.0087 492.0867 216.3883
v 878.4986 492.0867 216.1215
v 874.9313 492.0208 215.3964
v 878.4203 492.0208 215.1195
v 874.8513 491.9549 214.4033
v 878.3397 491.9549 214.1191
v 874.7694 491.8890 213.4091
v 878.2574 491.8890 213.1201
v 874.6864 491.8231 212.4135
v 878.1743 491.8231 212.1226
v 874.6032 491.7572 211.4163
v 878.0912 491.7572 211.1267
v 874.5207 491.6914 210.4175
v 878.0090 491.6914 210.1323
v 874.4397 491.6255 209.4176
v 877.9286 491.6255 209.1387
v 874.3607 491.5597 208.4169
v 877.8502 491.5597 208.1457
v 874.2841 491.4939 207.4153
v 877.7743 491.4939 207.1531
v 874.2102 491.4282 206.4130
v 877.7011 491.4282 206.1609
v 874.1393 491.3625 205.4101
v 877.6310 491.3625 205.1688
v 874.0716 491.2967 204.4070
v 877.5640 491.2967 204.1765
v 874.0069 491.2311 203.4037
v 877.5000 491.2311 203.1840
v 873.9453 491.1654 202.4003
v 877.4391 491.1654 202.1912
v 873.8868 491.0998 201.3967
v 877.3812 491.0998 201.1981
v 873.8312 491.0342 200.3933
v 877.3262 491.0342 200.2047
v 873.7785 490.9687 199.3900
v 877.2739 490.9687 199.2108
v 873.7284 490.9032 198.3867
v 877.2242 490.9032 198.2165
v 873.6808 490.8378 197.3836
v 877.1771 490.8378 197.2220
v 873.6356 490.7723 196.3808
v 877.1323 490.7723 196.2268
v 873.5925 490.7069 195.3786
v 877.0894 490.7069 195.2309
v 873.5510 490.6415 194.3768
v 877.0481 490.6415 194.2344
v 873.5110 490.5762 193.3756
v 877.0082 490.5762 193.2373
v 873.4719 490.5109 192.3751
v 876.9692 490.5109 192.2392
v 873.4333 490.4456 191.3754
v 876.9307 490.4456 191.2404
v 873.3947 490.3804 190.3764
v 876.8921 490.3804 190.2409
v 873.3559 490.3153 189.3777
v 876.8532 490.3153 189.2411
v 873.3167 490.2502 188.3793
v 876.8139 490.2502 188.2410
v 873.2769 490.1851 187.3811
v 876.7741 490.1851 187.2409
v 873.2366 490.1201 186.3828
v 876.7338 490.1201 186.2408
v 873.1959 490.0551 185.3843
v 876.6929 490.0551 185.2409
v 873.1547 489.9902 184.3857
v 876.6517 489.9902 184.2413
v 873.1134 489.9253 183.3866
v 876.6104 489.9253 183.2420
v 873.0721 489.8605 182.3872
v 876.5691 489.8605 182.2432
v 873.0310 489.7958 181.3872
v 876.5281 489.7958 181.2449
v 872.9906 489.7312 180.3866
v 876.4879 489.7312 180.2471
v 872.9512 489.6666 179.3852
v 876.4486 489.6666 179.2500
v 872.9132 489.6021 178.3831
v 876.4108 489.6021 178.2536
v 872.8769 489.5376 177.3802
v 876.3748 489.5376 177.2578
v 872.8429 489.4733 176.3771
v 876.3410 489.4733 176.2621
v 872.8110 489.4090 175.3737
v 876.3094 489.4090 175.2665
v 872.7814 489.3448 174.3701
v 876.2800 489.3448 174.2710
v 872.7542 489.2807 173.3662
v 876.2530 489.2807 173.2757
v 872.7294 489.2167 172.3619
v 876.2285 489.2167 172.2805
v 872.7075 489.1528 171.3574
v 876.2067 489.1528 171.2856
v 872.6882 489.0890 170.3525
v 876.1877 489.0890 170.2909
v 872.6721 489.0253 169.3469
v 876.1718 489.0253 169.2968
v 872.6594 488.9617 168.3411
v 876.1592 488.9617 168.3029
v 872.6501 488.8982 167.3351
v 876.1501 488.8982 167.3090
v 872.6444 488.8348 166.3291
v 876.1444 488.8348 166.3150
v 872.6420 488.7715 165.3236
v 876.1420 488.7715 165.3206
v 872.6426 488.7084 164.3190
v 876.1426 488.7084 164.3252
v 872.6456 488.6453 163.3156
v 876.1456 488.6453 163.3287
v 872.6501 488.5824 162.3136
v 876.1501 488.5824 162.3307
v 872.6554 488.5197 161.3126
v 876.1554 488.5197 161.3317
v 872.6610 488.4570 160.3126
v 876.1610 488.4570 160.3318
v 872.6664 488.3945 159.3135
v 876.1664 488.3945 159.3309
v 872.6709 488.3321 158.3155
v 876.1709 488.3321 158.3289
v 872.6741 488.2699 157.3183
v 876.1740 488.2699 157.3262
v 872.6749 488.2077 156.3218
v 876.1760 488.2077 156.3227
v 872.6718 488.1457 155.3265
v 876.1773 488.1457 155.3180
v 872.6640 488.0839 154.3329
v 876.1772 488.0839 154.3117
v 872.6506 488.0222 153.3411
v 876.1744 488.0222 153.3036
v 872.6307 487.9606 152.3509
v 876.1680 487.9606 152.2942
v 872.6039 487.8992 151.3622
v 876.1569 487.8992 151.2833
v 872.5696 487.8379 150.3748
v 876.1402 487.8379 150.2716
v 872.5278 487.7768 149.3879
v 876.1174 487.7768 149.2598
v 872.4788 487.7158 148.4005
v 876.0884 487.7158 148.2490
v 872.4236 487.6550 147.4107
v 876.0539 487.6550 147.2409
v 872.3644 487.5943 146.4168
v 876.0159 487.5943 146.2372
v 872.3040 487.5338 145.4174
v 875.9771 487.5338 145.2392
v 872.2459 487.4735 144.4108
v 875.9406 487.4735 144.2481
v 872.1944 487.4133 143.3957
v 875.9107 487.4133 143.2653
v 872.1547 487.3533 142.3711
v 875.8915 487.3533 142.2917
v 872.1322 487.2935 141.3373
v 875.8880 487.2935 141.3273
v 872.1318 487.2338 140.2958
v 875.9037 487.2338 140.3712
v 872.1578 487.1743 139.2490
v 875.9421 487.1743 139.4221
v 872.2128 487.1150 138.1993
v 876.0053 487.1150 138.4789
v 872.2987 487.0558 137.1491
v 876.0947 487.0558 137.5406
v 872.4163 486.9969 136.1009
v 876.2113 486.9969 136.6063
v 872.5652 486.9381 135.0579
v 876.3551 486.9381 135.6744
v 872.7434 486.8796 134.0219
v 876.5253 486.8796 134.7444
v 872.9493 486.8212 132.9934
v 876.7205 486.8212 133.8164
v 873.1808 486.7630 131.9733
v 876.9395 486.7630 132.8905
v 873.4367 486.7051 130.9614
v 877.1802 486.7051 131.9672
v 873.7164 486.6474 129.9587
v 877.4407 486.6474 131.0463
v 874.0177 486.5898 128.9655
v 877.7194 486.5898 130.1271
v 874.3389 486.5325 127.9808
v 878.0149 486.5325 129.2107
v 874.6792 486.4754 127.0039
v 878.3262 486.4754 128.2982
v 875.0376 486.4185 126.0347
v 878.6531 486.4185 127.3898
v 875.4132 486.3619 125.0731
v 878.9951 486.3619 126.4859
v 875.8052 486.3055 124.1192
v 879.3523 486.3055 125.5865
v 876.2124 486.2493 123.1726
v 879.7240 486.2493 124.6923
v 876.6349 486.1934 122.2331
v 880.1103 486.1934 123.8038
v 877.0714 486.1377 121.3012
v 880.5114 486.1377 122.9207
v 877.5211 486.0823 120.3769
v 880.9270 486.0823 122.0429
v 877.9829 486.0270 119.4602
v 881.3567 486.0270 121.1702
v 878.4559 485.9721 118.5509
v 881.7998 485.9721 120.3025
v 878.9392 485.9175 117.6485
v 882.2557 485.9175 119.4399
v 879.4322 485.8632 116.7531
v 882.7238 485.8632 118.5821
v 879.9344 485.8093 115.8634
v 883.2028 485.8093 117.7296
v 880.4463 485.7556 114.9794
v 883.6925 485.7556 116.8831
v 880.9678 485.7021 114.1008
v 884.1924 485.7021 116.0427
v 881.4995 485.6489 113.2277
v 884.7023 485.6489 115.2092
v 882.0417 485.5961 112.3603
v 885.2222 485.5961 114.3827
v 882.5950 485.5436 111.4991
v 885.7522 485.5436 113.5635
v 883.1601 485.4914 110.6440
v 886.2920 485.4914 112.7524
v 883.7381 485.4396 109.7957
v 886.8421 485.4396 111.9502
v 884.3295 485.3883 108.9545
v 887.4025 485.3883 111.1573
v 884.9358 485.3374 108.1214
v 887.9736 485.3374 110.3751
v 885.5579 485.2869 107.2971
v 888.5558 485.2869 109.6043
v 886.1972 485.2367 106.4828
v 889.1499 485.2367 108.8461
v 886.8547 485.1869 105.6797
v 889.7564 485.1869 108.1016
v 887.5312 485.1376 104.8898
v 890.3764 485.1376 107.3713
v 888.2263 485.0886 104.1150
v 891.0110 485.0886 106.6551
v 888.9394 485.0401 103.3563
v 891.6608 485.0401 105.9530
v 889.6697 484.9920 102.6136
v 892.3259 484.9920 105.2658
v 890.4170 484.9444 101.8881
v 893.0063 484.9444 104.5939
v 891.1793 484.8971 101.1812
v 893.7030 484.8971 103.9358
v 891.9531 484.8502 100.4937
v 894.4165 484.8502 103.2889
v 892.7357 484.8038 99.8234
v 895.1450 484.8038 102.6511
v 893.5271 484.7578 99.1674
v 895.8853 484.7578 102.0226
v 894.3275 484.7122 98.5245
v 896.6359 484.7122 101.4039
v 895.1357 484.6672 97.8945
v 897.3965 484.6672 100.7942
v 895.9505 484.6225 97.2767
v 898.1664 484.6225 100.1930
v 896.7719 484.5782 96.6695
v 898.9441 484.5782 99.6001
v 897.5998 484.5344 96.0729
v 899.7294 484.5344 99.0158
v 898.4326 484.4911 95.4866
v 900.5226 484.4911 98.4389
v 899.2687 484.4482 94.9103
v 901.3243 484.4482 97.8679
v 900.1052 484.4057 94.3426
v 902.1341 484.4057 97.3004
v 900.9405 484.3635 93.7815
v 902.9508 484.3635 96.7342
v 901.7726 484.3219 93.2245
v 903.7730 484.3219 96.1674
v 902.6007 484.2808 92.6690
v 904.5986 484.2808 95.5981
v 903.4260 484.2400 92.1114
v 905.4241 484.2400 95.0266
v 904.2503 484.1997 91.5513
v 906.2483 484.1997 94.4544
v 905.0735 484.1599 90.9888
v 907.0716 484.1599 93.8815
v 905.8961 484.1204 90.4237
v 907.8937 484.1204 93.3087
v 906.7191 484.0813 89.8564
v 908.7147 484.0813 92.7369
v 907.5429 484.0426 89.2876
v 909.5349 484.0426 92.1669
v 908.3682 484.0044 88.7180
v 910.3549 484.0044 91.5995
v 909.1957 483.9667 88.1488
v 911.1752 483.9667 91.0352
v 910.0258 483.9295 87.5812
v 911.9961 483.9295 90.4740
v 910.8591 483.8926 87.0158
v 912.8177 483.8926 89.9165
v 911.6961 483.8562 86.4534
v 913.6407 483.8562 89.3635
v 912.5366 483.8203 85.8948
v 914.4658 483.8203 88.8151
v 913.3810 483.7849 85.3403
v 915.2930 483.7849 88.2719
v 914.2298 483.7500 84.7905
v 916.1226 483.7500 87.7345
v 915.0830 483.7155 84.2460
v 916.9552 483.7155 87.2032
v 915.9404 483.6814 83.7075
v 917.7912 483.6814 86.6781
v 916.8016 483.6477 83.1753
v 918.6312 483.6477 86.1590
v 917.6662 483.6145 82.6492
v 919.4750 483.6145 85.6456
v 918.5347 483.5817 82.1291
v 920.3223 483.5817 85.1382
v 919.4066 483.5493 81.6153
v 921.1732 483.5493 84.6367
v 920.2818 483.5173 81.1076
v 922.0279 483.5173 84.1409
v 921.1601 483.4856 80.6059
v 922.8861 483.4856 83.6508
v 922.0413 483.4544 80.1101
v 923.7477 483.4544 83.1660
v 922.9256 483.4236 79.6201
v 924.6127 483.4236 82.6866
v 923.8124 483.3932 79.1357
v 925.4810 483.3932 82.2125
v 924.7018 483.3632 78.6568
v 926.3524 483.3632 81.7432
v 925.5935 483.3335 78.1832
v 927.2269 483.3335 81.2787
v 926.4872 483.3042 77.7148
v 928.1045 483.3042 80.8187
v 927.3823 483.2751 77.2511
v 928.9852 483.2751 80.3625
v 928.2783 483.2462 76.7920
v 929.8690 483.2462 79.9096
v 929.1750 483.2177 76.3365
v 930.7554 483.2177 79.4593
v 930.0723 483.1894 75.8841
v 931.6440 483.1894 79.0114
v 930.9699 483.1615 75.4344
v 932.5346 483.1615 78.5652
v 931.8674 483.1337 74.9869
v 933.4268 483.1337 78.1203
v 932.7652 483.1061 74.5410
v 934.3202 483.1061 77.6766
v 933.6633 483.0788 74.0963
v 935.2145 483.0788 77.2338
v 934.5619 483.0517 73.6527
v 936.1093 483.0517 76.7921
v 935.4611 483.0249 73.2102
v 937.0045 483.0249 76.3515
v 936.3612 482.9984 72.7687
v 937.9000 482.9984 75.9122
v 937.2627 482.9720 72.3283
v 938.7956 482.9720 75.4748
v 938.1661 482.9458 71.8894
v 939.6911 482.9458 75.0397
v 939.0718 482.9198 71.4526
v 940.5868 482.9198 74.6077
v 939.9796 482.8941 71.0186
v 941.4834 482.8941 74.1791
v 940.8895 482.8686 70.5877
v 942.3809 482.8686 73.7540
v 941.8017 482.8432 70.1603
v 943.2797 482.8432 73.3329
v 942.7158 482.8181 69.7369
v 944.1803 482.8181 72.9158
v 943.6311 482.7933 69.3175
v 945.0831 482.7933 72.5021
v 944.5473 482.7686 68.9018
v 945.9883 482.7686 72.0915
v 945.4638 482.7441 68.4896
v 946.8957 482.7441 71.6832
v 946.3804 482.7198 68.0799
v 947.8050 482.7198 71.2769
v 947.2973 482.6957 67.6726
v 948.7158 482.6957 70.8722
v 948.2140 482.6719 67.2670
v 949.6282 482.6719 70.4686
v 949.1304 482.6482 66.8629
v 950.5417 482.6482 70.0657
v 950.0462 482.6248 66.4597
v 951.4563 482.6248 69.6631
v 950.9615 482.6017 66.0569
v 952.3716 482.6017 69.2602
v 951.8762 482.5788 65.6541
v 953.2873 482.5788 68.8571
v 952.7902 482.5560 65.2512
v 954.2033 482.5560 68.4532
v 953.7034 482.5334 64.8478
v 955.1196 482.5334 68.0485
v 954.6156 482.5109 64.4435
v 956.0359 482.5109 67.6424
v 955.5270 482.4887 64.0381
v 956.9518 482.4887 67.2349
v 956.4381 482.4666 63.6312
v 957.8669 482.4666 66.8263
v 957.3488 482.4447 63.2234
v 958.7816 482.4447 66.4167
v 958.2586 482.4230 62.8144
v 959.6959 482.4230 66.0057
v 959.1681 482.4015 62.4040
v 960.6094 482.4015 65.5935
v 960.0774 482.3801 61.9925
v 961.5221 482.3801 65.1804
v 960.9868 482.3588 61.5798
v 962.4340 482.3588 64.7666
v 961.8966 482.3377 61.1665
v 963.3451 482.3377 64.3527
v 962.8064 482.3167 60.7526
v 964.2558 482.3167 63.9384
v 963.7168 482.2958 60.3384
v 965.1658 482.2958 63.5243
v 964.6280 482.2751 59.9241
v 966.0753 482.2751 63.1109
v 965.5402 482.2545 59.5103
v 966.9844 482.2545 62.6984
v 966.4535 482.2341 59.0972
v 967.8933 482.2341 62.2873
v 967.3679 482.2137 58.6853
v 968.8025 482.2137 61.8778
v 968.2833 482.1934 58.2749
v 969.7120 482.1934 61.4700
v 969.1998 482.1732 57.8662
v 970.6221 482.1732 61.0642
v 970.1170 482.1530 57.4594
v 971.5332 482.1530 60.6601
v 971.0344 482.1330 57.0545
v 972.4455 482.1330 60.2574
v 971.9518 482.1129 56.6510
v 973.3588 482.1129 59.8558
v 972.8693 482.0930 56.2488
v 974.2730 482.0930 59.4550
v 973.7868 482.0730 55.8476
v 975.1880 482.0730 59.0549
v 974.7042 482.0531 55.4473
v 976.1037 482.0531 58.6553
v 975.6212 482.0333 55.0474
v 977.0199 482.0333 58.2557
v 976.5382 482.0135 54.6477
v 977.9363 482.0135 57.8563
v 977.4554 481.9937 54.2482
v 978.8527 481.9937 57.4572
v 978.3727 481.9740 53.8489
v 979.7692 481.9740 57.0582
v 979.2902 481.9543 53.4498
v 980.6858 481.9543 56.6595
v 980.2078 481.9346 53.0510
v 981.6024 481.9346 56.2611
v 981.1254 481.9148 52.6525
v 982.5192 481.9148 55.8630
v 982.0432 481.8950 52.2542
v 983.4362 481.8950 55.4650
v 982.9606 481.8752 51.8563
v 984.3536 481.8752 55.0672
v 983.8776 481.8554 51.4583
v 985.2714 481.8554 54.6691
v 984.7942 481.8355 51.0598
v 986.1892 481.8355 54.2709
v 985.7107 481.8156 50.6609
v 987.1071 481.8156 53.8727
v 986.6264 481.7955 50.2618
v 988.0253 481.7955 53.4740
v 987.5414 481.7752 49.8621
v 988.9437 481.7752 53.0745
v 988.4551 481.7548 49.4618
v 989.8625 481.7548 52.6736
v 989.3669 481.7342 49.0605
v 990.7819 481.7342 52.2706
v 990.2756 481.7133 48.6577
v 991.7021 481.7133 51.8643
v 991.1800 481.6919 48.2525
v 992.6233 481.6919 51.4529
v 992.0788 481.6703 47.8432
v 993.5449 481.6703 51.0346
v 992.9714 481.6481 47.4283
v 994.4661 481.6481 50.6075
v 993.8573 481.6255 47.0062
v 995.3855 481.6255 50.1702
v 994.7361 481.6024 46.5753
v 996.3022 481.6024 49.7214
v 995.6082 481.5789 46.1343
v 997.2142 481.5789 49.2602
v 996.4749 481.5549 45.6819
v 998.1198 481.5549 48.7875
v 997.3372 481.5304 45.2185
v 999.0187 481.5304 48.3045
v 998.1955 481.5055 44.7444
v 999.9106 481.5055 47.8118
v 999.0506 481.4801 44.2605
v 1000.7958 481.4801 47.3109
v 999.9024 481.4542 43.7678
v 1001.6750 481.4542 46.8023
v 1000.7515 481.4276 43.2669
v 1002.5483 481.4276 46.2872
v 1001.5982 481.4004 42.7589
v 1003.4164 481.4004 45.7663
v 1002.4417 481.3725 42.2451
v 1004.2808 481.3725 45.2398
v 1003.2811 481.3439 41.7255
v 1005.1418 481.3439 44.7068
v 1004.1159 481.3145 41.2002
v 1005.9996 481.3145 44.1670
v 1004.9452 481.2843 40.6689
v 1006.8541 481.2843 43.6196
v 1005.7688 481.2534 40.1311
v 1007.7046 481.2534 43.0639
v 1006.5862 481.2217 39.5863
v 1008.5507 481.2217 42.4990
v 1007.3969 481.1892 39.0341
v 1009.3919 481.1892 41.9247
v 1008.2006 481.1560 38.4736
v 1010.2274 481.1560 41.3403
v 1008.9983 481.1221 37.9037
v 1011.0556 481.1221 40.7466
v 1009.7915 481.0874 37.3243
v 1011.8761 481.0874 40.1453
v 1010.5813 481.0520 36.7358
v 1012.6889 481.0520 39.5379
v 1011.3697 481.0159 36.1390
v 1013.4941 481.0159 38.9265
v 1012.1584 480.9789 35.5355
v 1014.2929 480.9789 38.3137
v 1012.9488 480.9412 34.9273
v 1015.0867 480.9412 37.7013
v 1013.7426 480.9026 34.3161
v 1015.8770 480.9026 37.0916
v 1014.5400 480.8631 33.7047
v 1016.6663 480.8631 36.4855
v 1015.3406 480.8229 33.0949
v 1017.4563 480.8229 35.8831
v 1016.1445 480.7818 32.4876
v 1018.2481 480.7818 35.2849
v 1016.9508 480.7398 31.8840
v 1019.0429 480.7398 34.6899
v 1017.7584 480.6970 31.2842
v 1019.8408 480.6970 34.0973
v 1018.5668 480.6535 30.6878
v 1020.6418 480.6535 33.5063
v 1019.3750 480.6093 30.0941
v 1021.4454 480.6093 32.9161
v 1020.1826 480.5643 29.5023
v 1022.2510 480.5643 32.3257
v 1020.9893 480.5186 28.9115
v 1023.0579 480.5186 31.7348
v 1021.7948 480.4723 28.3210
v 1023.8654 480.4723 31.1428
v 1022.5993 480.4253 27.7301
v 1024.6728 480.4253 30.5498
v 1023.4031 480.3776 27.1384
v 1025.4797 480.3776 29.9558
v 1024.2061 480.3294 26.5458
v 1026.2859 480.3294 29.3609
v 1025.0087 480.2806 25.9522
v 1027.0912 480.2806 28.7652
v 1025.8113 480.2312 25.3575
v 1027.8956 480.2312 28.1692
v 1026.6144 480.1810 24.7619
v 1028.6990 480.1810 27.5734
v 1027.4182 480.1302 24.1661
v 1029.5019 480.1302 26.9782
v 1028.2223 480.0788 23.5705
v 1030.3049 480.0788 26.3834
v 1029.0270 480.0268 22.9749
v 1031.1078 480.0268 25.7892
v 1029.8329 479.9742 22.3797
v 1031.9107 479.9742 25.1962
v 1030.6397 479.9209 21.7853
v 1032.7140 479.9209 24.6043
v 1031.4471 479.8670 21.1919
v 1033.5182 479.8670 24.0134
v 1032.2549 479.8125 20.5996
v 1034.3233 479.8125 23.4231
v 1033.0628 479.7574 20.0083
v 1035.1293 479.7574 22.8331
v 1033.8707 479.7018 19.4176
v 1035.9359 479.7018 22.2434
v 1034.6783 479.6455 18.8277
v 1036.7433 479.6455 21.6536
v 1035.4850 479.5888 18.2381
v 1037.5513 479.5888 21.0630
v 1036.2910 479.5315 17.6481
v 1038.3591 479.5315 20.4717
v 1037.0966 479.4738 17.0576
v 1039.1667 479.4738 19.8798
v 1037.9016 479.4157 16.4667
v 1039.9739 479.4157 19.2872
v 1038.7062 479.3571 15.8750
v 1040.7805 479.3571 18.6941
v 1039.5108 479.2981 15.2827
v 1041.5866 479.2981 18.1007
v 1040.3149 479.2387 14.6899
v 1042.3923 479.2387 17.5068
v 1041.1189 479.1788 14.0968
v 1043.1977 479.1788 16.9125
v 1041.9222 479.1184 13.5033
v 1044.0030 479.1184 16.3176
v 1042.7249 479.0578 12.9093
v 1044.8080 479.0578 15.7219
v 1043.5270 478.9970 12.3148
v 1045.6126 478.9970 15.1255
v 1044.3279 478.9358 11.7199
v 1046.4172 478.9358 14.5278
v 1045.1273 478.8745 11.1240
v 1047.2214 478.8745 13.9284
v 1045.9254 478.8128 10.5270
v 1048.0248 478.8128 13.3274
v 1046.7218 478.7510 9.9287
v 1048.8274 478.7510 12.7244
v 1047.5163 478.6888 9.3288
v 1049.6290 478.6888 12.1192
v 1048.3087 478.6265 8.7272
v 1050.4295 478.6265 11.5115
v 1049.0985 478.5640 8.1236
v 1051.2287 478.5640 10.9007
v 1049.8857 478.5013 7.5175
v 1052.0263 478.5013 10.2867
v 1050.6696 478.4385 6.9092
v 1052.8223 478.4385 9.6689
v 1051.4495 478.3755 6.2977
v 1053.6163 478.3755 9.0464
v 1052.2257 478.3122 5.6825
v 1054.4073 478.3122 8.4194
v 1052.9980 478.2488 5.0634
v 1055.1953 478.2488 7.7877
v 1053.7664 478.1853 4.4398
v 1055.9798 478.1853 7.1511
v 1054.5313 478.1215 3.8116
v 1056.7604 478.1215 6.5101
v 1055.2931 478.0575 3.1787
v 1057.5368 478.0575 5.8650
v 1056.0528 477.9934 2.5410
v 1058.3088 477.9934 5.2168
v 1056.8107 477.9292 1.8992
v 1059.0772 477.9292 4.5662
v 1057.5669 477.8648 1.2542
v 1059.8426 477.8648 3.9134
v 1058.3214 477.8003 0.6064
v 1060.6055 477.8003 3.2583
v 1059.0739 477.7356 -0.0438
v 1061.3663 477.7356 2.6010
v 1059.8246 477.6709 -0.6965
v 1062.1249 477.6709 1.9414
v 1060.5733 477.6060 -1.3513
v 1062.8816 477.6060 1.2796
v 1061.3198 477.5410 -2.0084
v 1063.6364 477.5410 0.6153
v 1062.0646 477.4759 -2.6681
v 1064.3887 477.4759 -0.0511
v 1062.8082 477.4107 -3.3301
v 1065.1388 477.4107 -0.7190
v 1063.5506 477.3454 -3.9944
v 1065.8869 477.3454 -1.3883
v 1064.2924 477.2801 -4.6607
v 1066.6329 477.2801 -2.0585
v 1065.0340 477.2147 -5.3287
v 1067.3774 477.2147 -2.7290
v 1065.7755 477.1492 -5.9977
v 1068.1209 477.1492 -3.3997
v 1066.5171 477.0836 -6.6676
v 1068.8634 477.0836 -4.0705
v 1067.2590 477.0180 -7.3378
v 1069.6056 477.0180 -4.7410
v 1068.0008 476.9524 -8.0083
v 1070.3475 476.9524 -5.4116
v 1068.7430 476.8867 -8.6790
v 1071.0891 476.8867 -6.0818
v 1069.4856 476.8209 -9.3495
v 1071.8310 476.8209 -6.7516
v 1070.2281 476.7551 -10.0198
v 1072.5731 476.7551 -7.4215
v 1070.9708 476.6892 -10.6900
v 1073.3152 476.6892 -8.0912
v 1071.7136 476.6233 -11.3599
v 1074.0576 476.6233 -8.7607
v 1072.4564 476.5575 -12.0297
v 1074.8001 476.5575 -9.4303
v 1073.1991 476.4916 -12.6993
v 1075.5428 476.4916 -10.0999
v 1073.9415 476.4256 -13.3687
v 1076.2858 476.4256 -10.7698
v 1074.6837 476.3597 -14.0384
v 1077.0285 476.3597 -11.4399
v 1075.4258 476.2937 -14.7082
v 1077.7711 476.2937 -12.1101
v 1076.1676 476.2277 -15.3779
v 1078.5138 476.2277 -12.7807
v 1076.9088 476.1617 -16.0478
v 1079.2564 476.1617 -13.4519
v 1077.6493 476.0958 -16.7179
v 1079.9988 476.0958 -14.1237
v 1078.3887 476.0299 -17.3882
v 1080.7412 476.0299 -14.7967
v 1079.1265 475.9640 -18.0590
v 1081.4832 475.9640 -15.4712
v 1079.8625 475.8982 -18.7304
v 1082.2247 475.8982 -16.1477
v 1080.5961 475.8324 -19.4030
v 1082.9652 475.8324 -16.8268
v 1081.3271 475.7667 -20.0772
v 1083.7044 475.7667 -17.5085
v 1082.0550 475.7010 -20.7534
v 1084.4420 475.7010 -18.1932
v 1082.7792 475.6353 -21.4318
v 1085.1778 475.6353 -18.8816
v 1083.4995 475.5698 -22.1131
v 1085.9111 475.5698 -19.5738
v 1084.2159 475.5042 -22.7977
v 1086.6413 475.5042 -20.2701
v 1084.9284 475.4388 -23.4858
v 1087.3682 475.4388 -20.9704
v 1085.6364 475.3735 -24.1772
v 1088.0918 475.3735 -21.6753
v 1086.3396 475.3082 -24.8724
v 1088.8116 475.3082 -22.3853
v 1087.0379 475.2429 -25.5716
v 1089.5271 475.2429 -23.1005
v 1087.7309 475.1778 -26.2750
v 1090.2381 475.1778 -23.8212
v 1088.4185 475.1128 -26.9827
v 1090.9441 475.1128 -24.5477
v 1089.1000 475.0478 -27.6951
v 1091.6450 475.0478 -25.2803
v 1089.7752 474.9830 -28.4125
v 1092.3403 474.9830 -26.0191
v 1090.4438 474.9183 -29.1352
v 1093.0296 474.9183 -26.7642
v 1091.1055 474.8536 -29.8634
v 1093.7127 474.8536 -27.5159
v 1091.7600 474.7891 -30.5971
v 1094.3893 474.7891 -28.2744
v 1092.4070 474.7246 -31.3367
v 1095.0590 474.7246 -29.0399
v 1093.0463 474.6602 -32.0823
v 1095.7212 474.6602 -29.8123
v 1093.6778 474.5960 -32.8341
v 1096.3757 474.5960 -30.5915
v 1094.3014 474.5318 -33.5922
v 1097.0224 474.5318 -31.3776
v 1094.9170 474.4678 -34.3567
v 1097.6609 474.4678 -32.1705
v 1095.5249 474.4038 -35.1278
v 1098.2910 474.4038 -32.9697
v 1096.1254 474.3399 -35.9055
v 1098.9125 474.3399 -33.7747
v 1096.7191 474.2762 -36.6898
v 1099.5257 474.2762 -34.5847
v 1097.3065 474.2125 -37.4802
v 1100.1311 474.2125 -35.3993
v 1097.8878 474.1490 -38.2762
v 1100.7291 474.1490 -36.2183
v 1098.4636 474.0856 -39.0776
v 1101.3200 474.0856 -37.0411
v 1099.0348 474.0223 -39.8841
v 1101.9040 474.0223 -37.8669
v 1099.6019 473.9590 -40.6953
v 1102.4820 473.9590 -38.6953
v 1100.1656 473.8960 -41.5105
v 1103.0547 473.8960 -39.5257
v 1100.7258 473.8330 -42.3293
v 1103.6229 473.8330 -40.3581
v 1101.2832 473.7700 -43.1510
v 1104.1872 473.7700 -41.1923
v 1101.8376 473.7072 -43.9754
v 1104.7479 473.7072 -42.0281
v 1102.3891 473.6445 -44.8020
v 1105.3056 473.6445 -42.8656
v 1102.9374 473.5819 -45.6305
v 1105.8605 473.5819 -43.7052
v 1103.4820 473.5193 -46.4606
v 1106.4128 473.5193 -44.5474
v 1104.0225 473.4569 -47.2925
v 1106.9619 473.4569 -45.3926
v 1104.5586 473.3945 -48.1263
v 1107.5074 473.3945 -46.2410
v 1105.0901 473.3323 -48.9623
v 1108.0489 473.3323 -47.0926
v 1105.6166 473.2701 -49.8006
v 1108.5860 473.2701 -47.9479
v 1106.1378 473.2081 -50.6416
v 1109.1183 473.2081 -48.8067
v 1106.6539 473.1462 -51.4856
v 1109.6455 473.1462 -49.6689
v 1107.1646 473.0843 -52.3328
v 1110.1675 473.0843 -50.5342
v 1107.6700 473.0226 -53.1831
v 1110.6845 473.0226 -51.4027
v 1108.1699 472.9609 -54.0367
v 1111.1963 472.9609 -52.2742
v 1108.6645 472.8994 -54.8936
v 1111.7028 472.8994 -53.1485
v 1109.1539 472.8379 -55.7536
v 1112.2043 472.8379 -54.0256
v 1109.6379 472.7765 -56.6166
v 1112.7008 472.7765 -54.9056
v 1110.1164 472.7151 -57.4822
v 1113.1924 472.7151 -55.7888
v 1110.5889 472.6539 -58.3505
v 1113.6789 472.6539 -56.6754
v 1111.0550 472.5928 -59.2214
v 1114.1599 472.5928 -57.5658
v 1111.5143 472.5317 -60.0949
v 1114.6352 472.5317 -58.4603
v 1111.9662 472.4707 -60.9712
v 1115.1043 472.4707 -59.3589
v 1112.4105 472.4098 -61.8505
v 1115.5666 472.4098 -60.2620
v 1112.8467 472.3490 -62.7329
v 1116.0219 472.3490 -61.1695
v 1113.2743 472.2883 -63.6187
v 1116.4695 472.2883 -62.0818
v 1113.6933 472.2277 -64.5083
v 1116.9088 472.2277 -62.9982
v 1114.1039 472.1671 -65.4020
v 1117.3399 472.1671 -63.9184
v 1114.5059 472.1067 -66.2993
v 1117.7629 472.1067 -64.8426
v 1114.8990 472.0463 -67.1998
v 1118.1776 472.0463 -65.7712
v 1115.2827 471.9860 -68.1038
v 1118.5836 471.9860 -66.7043
v 1115.6569 471.9258 -69.0113
v 1118.9807 471.9258 -67.6417
v 1116.0213 471.8657 -69.9221
v 1119.3685 471.8657 -68.5836
v 1116.3754 471.8056 -70.8357
v 1119.7470 471.8056 -69.5304
v 1116.7182 471.7457 -71.7522
v 1120.1154 471.7457 -70.4826
v 1117.0494 471.6858 -72.6720
v 1120.4728 471.6858 -71.4399
v 1117.3687 471.6260 -73.5953
v 1120.8190 471.6260 -72.4019
v 1117.6760 471.5663 -74.5218
v 1121.1533 471.5663 -73.3689
v 1117.9707 471.5066 -75.4518
v 1121.4753 471.5066 -74.3407
v 1118.2528 471.4471 -76.3851
v 1121.7848 471.4471 -75.3171
v 1118.5219 471.3876 -77.3219
v 1122.0814 471.3876 -76.2979
v 1118.7780 471.3282 -78.2621
v 1122.3650 471.3282 -77.2826
v 1119.0208 471.2689 -79.2053
v 1122.6358 471.2689 -78.2716
v 1119.2496 471.2097 -80.1506
v 1122.8933 471.2097 -79.2655
v 1119.4637 471.1505 -81.0983
v 1123.1367 471.1505 -80.2638
v 1119.6627 471.0914 -82.0481
v 1123.3659 471.0914 -81.2666
v 1119.8459 471.0324 -82.9996
v 1123.5800 471.0324 -82.2742
v 1120.0126 470.9735 -83.9528
v 1123.7783 470.9735 -83.2862
v 1120.1624 470.9146 -84.9077
v 1123.9602 470.9146 -84.3022
v 1120.2950 470.8558 -85.8642
v 1124.1253 470.8558 -85.3222
v 1120.4098 470.7970 -86.8223
v 1124.2728 470.7970 -86.3455
v 1120.5072 470.7383 -87.7820
v 1124.4027 470.7383 -87.3715
v 1120.5869 470.6796 -88.7430
v 1124.5146 470.6796 -88.4000
v 1120.6491 470.6210 -89.7053
v 1124.6087 470.6210 -89.4302
v 1120.6940 470.5623 -90.6680
v 1124.6846 470.5623 -90.4625
v 1120.7214 470.5037 -91.6301
v 1124.7420 470.5037 -91.4973
v 1120.7306 470.4451 -92.5904
v 1124.7799 470.4451 -92.5351
v 1120.7210 470.3866 -93.5469
v 1124.7969 470.3866 -93.5769
v 1120.6907 470.3280 -94.4984
v 1124.7903 470.3280 -94.6230
v 1120.6387 470.2695 -95.4452
v 1124.7579 470.2695 -95.6717
v 1120.5640 470.2110 -96.3862
v 1124.6978 470.2110 -96.7230
v 1120.4651 470.1524 -97.3203
v 1124.6072 470.1524 -97.7765
v 1120.3410 470.0939 -98.2472
v 1124.4838 470.0939 -98.8303
v 1120.1905 470.0355 -99.1672
v 1124.3255 470.0355 -99.8823
v 1120.0135 469.9770 -100.0793
v 1124.1311 469.9770 -100.9311
v 1119.8090 469.9186 -100.9828
v 1123.8987 469.9186 -101.9744
v 1119.5767 469.8601 -101.8783
v 1123.6278 469.8601 -103.0092
v 1119.3170 469.8015 -102.7649
v 1123.3180 469.8015 -104.0344
v 1119.0295 469.7430 -103.6418
v 1122.9686 469.7430 -105.0477
v 1118.7135 469.6843 -104.5087
v 1122.5808 469.6843 -106.0471
v 1118.3677 469.6256 -105.3630
v 1122.1561 469.6256 -107.0328
v 1117.9906 469.5669 -106.2052
v 1121.6948 469.5669 -108.0007
v 1117.5843 469.5080 -107.0351
v 1121.1997 469.5080 -108.9500
v 1117.1480 469.4490 -107.8492
v 1120.6707 469.4490 -109.8811
v 1116.6796 469.3900 -108.6481
v 1120.1116 469.3900 -110.7920
v 1116.1805 469.3308 -109.4315
v 1119.5247 469.3308 -111.6820
v 1115.6513 469.2716 -110.1998
v 1118.9122 469.2716 -112.5504
v 1115.0925 469.2122 -110.9556
v 1118.2788 469.2122 -113.3958
v 1114.5077 469.1528 -111.6994
v 1117.6280 469.1528 -114.2210
v 1113.8976 469.0931 -112.4322
v 1116.9628 469.0931 -115.0261
v 1113.2641 469.0334 -113.1587
v 1116.2901 469.0334 -115.8121
v 1112.6097 468.9735 -113.8824
v 1115.6152 468.9735 -116.5816
v 1111.9383 468.9134 -114.6074
v 1114.9439 468.9134 -117.3384
v 1111.2563 468.8531 -115.3381
v 1114.2791 468.8531 -118.0859
v 1110.5686 468.7926 -116.0779
v 1113.6235 468.7926 -118.8274
v 1109.8782 468.7319 -116.8311
v 1112.9819 468.7319 -119.5652
v 1109.1905 468.6709 -117.6013
v 1112.3589 468.6709 -120.3039
v 1108.5105 468.6097 -118.3894
v 1111.7557 468.6097 -121.0478
v 1107.8426 468.5483 -119.1963
v 1111.1746 468.5483 -121.8001
v 1107.1891 468.4866 -120.0232
v 1110.6174 468.4866 -122.5617
v 1106.5533 468.4248 -120.8720
v 1110.0875 468.4248 -123.3336
v 1105.9380 468.3627 -121.7437
v 1109.5871 468.3627 -124.1166
v 1105.3460 468.3004 -122.6405
v 1109.1196 468.3004 -124.9102
v 1104.7807 468.2379 -123.5645
v 1108.6887 468.2379 -125.7135
v 1104.2472 468.1753 -124.5186
v 1108.2978 468.1753 -126.5248
v 1103.7528 468.1125 -125.5052
v 1107.9489 468.1125 -127.3418
v 1103.3040 468.0495 -126.5247
v 1107.6457 468.0495 -128.1635
v 1102.9066 467.9864 -127.5784
v 1107.3918 467.9864 -128.9866
v 1102.5698 467.9231 -128.6681
v 1107.1909 467.9231 -129.8066
v 1102.3053 467.8597 -129.7925
v 1107.0449 467.8597 -130.6200
v 1102.1232 467.7962 -130.9475
v 1106.9571 467.7962 -131.4236
v 1102.0334 467.7325 -132.1268
v 1106.9298 467.7325 -132.2142
v 1102.0451 467.6688 -133.3222
v 1106.9647 467.6688 -132.9875
v 1102.1666 467.6051 -134.5222
v 1107.0632 467.6051 -133.7403
v 1102.4029 467.5412 -135.7134
v 1107.2255 467.5412 -134.4708
v 1102.7556 467.4773 -136.8793
v 1107.4521 467.4773 -135.1786
v 1103.2209 467.4134 -138.0064
v 1107.7416 467.4134 -135.8620
v 1103.7945 467.3494 -139.0822
v 1108.0930 467.3494 -136.5172
v 1104.4660 467.2854 -140.0955
v 1108.5067 467.2854 -137.1415
v 1105.2240 467.2213 -141.0379
v 1108.9810 467.2213 -137.7313
v 1106.0580 467.1572 -141.9048
v 1109.5117 467.1572 -138.2828
v 1106.9595 467.0930 -142.6932
v 1110.0936 467.0930 -138.7917
v 1107.9209 467.0287 -143.4014
v 1110.7199 467.0287 -139.2531
v 1108.9339 466.9644 -144.0256
v 1111.3871 466.9644 -139.6642
v 1109.9873 466.9000 -144.5641
v 1112.0921 466.9000 -140.0246
v 1111.0744 466.8355 -145.0183
v 1112.8284 466.8355 -140.3322
v 1112.1915 466.7710 -145.3877
v 1113.5876 466.7710 -140.5858
v 1113.3331 466.7064 -145.6692
v 1114.3643 466.7064 -140.7845
v 1114.4895 466.6416 -145.8615
v 1115.1574 466.6416 -140.9285
v 1115.6526 466.5768 -145.9660
v 1115.9635 466.5768 -141.0182
v 1116.8150 466.5118 -145.9845
v 1116.7794 466.5118 -141.0535
v 1117.9742 466.4469 -145.9200
v 1117.5985 466.4469 -141.0355
v 1119.1247 466.3817 -145.7715
v 1118.4165 466.3817 -140.9629
v 1120.2578 466.3165 -145.5421
v 1119.2328 466.3165 -140.8363
v 1121.3680 466.2512 -145.2349
v 1120.0435 466.2512 -140.6565
v 1122.4499 466.1857 -144.8534
v 1120.8459 466.1857 -140.4242
v 1123.4956 466.1201 -144.4035
v 1121.6411 466.1201 -140.1388
v 1124.5038 466.0544 -143.8952
v 1122.4278 466.0544 -139.8013
v 1125.4734 465.9886 -143.3336
v 1123.2038 465.9886 -139.4133
v 1126.4010 465.9227 -142.7280
v 1123.9709 465.9227 -138.9768
v 1127.2879 465.8567 -142.0871
v 1124.7302 465.8567 -138.4955
v 1128.1372 465.7906 -141.4182
v 1125.4813 465.7906 -137.9744
v 1128.9518 465.7245 -140.7284
v 1126.2253 465.7245 -137.4178
v 1129.7379 465.6582 -140.0235
v 1126.9621 465.6582 -136.8313
v 1130.5002 465.5919 -139.3061
v 1127.6911 465.5919 -136.2192
v 1131.2407 465.5254 -138.5809
v 1128.4151 465.5254 -135.5842
v 1131.9646 465.4589 -137.8507
v 1129.1353 465.4589 -134.9319
v 1132.6751 465.3922 -137.1162
v 1129.8519 465.3922 -134.2657
v 1133.3737 465.3255 -136.3809
v 1130.5678 465.3255 -133.5874
v 1134.0638 465.2586 -135.6468
v 1131.2851 465.2586 -132.9006
v 1134.7485 465.1916 -134.9147
v 1132.0046 465.1916 -132.2086
v 1135.4307 465.1245 -134.1871
v 1132.7269 465.1245 -131.5125
v 1136.1129 465.0573 -133.4669
v 1133.4531 465.0573 -130.8129
v 1136.7973 464.9899 -132.7563
v 1134.1854 464.9899 -130.1121
v 1137.4857 464.9224 -132.0571
v 1134.9255 464.9224 -129.4122
v 1138.1809 464.8548 -131.3708
v 1135.6749 464.8548 -128.7164
v 1138.8848 464.7870 -130.6977
v 1136.4336 464.7870 -128.0268
v 1139.5983 464.7191 -130.0392
v 1137.2030 464.7191 -127.3449
v 1140.3225 464.6511 -129.3960
v 1137.9835 464.6511 -126.6725
v 1141.0588 464.5829 -128.7682
v 1138.7749 464.5829 -126.0115
v 1141.8078 464.5146 -128.1557
v 1139.5761 464.5146 -125.3627
v 1142.5697 464.4461 -127.5579
v 1140.3867 464.4461 -124.7267
v 1143.3425 464.3775 -126.9724
v 1141.2071 464.3775 -124.1052
v 1144.1264 464.3088 -126.3985
v 1142.0361 464.3088 -123.4983
v 1144.9212 464.2399 -125.8347
v 1142.8718 464.2399 -122.9053
v 1145.7259 464.1710 -125.2796
v 1143.7129 464.1710 -122.3252
v 1146.5393 464.1020 -124.7322
v 1144.5583 464.1020 -121.7562
v 1147.3601 464.0327 -124.1918
v 1145.4077 464.0327 -121.1970
v 1148.1869 463.9634 -123.6571
v 1146.2609 463.9634 -120.6472
v 1149.0191 463.8939 -123.1271
v 1147.1175 463.8939 -120.1060
v 1149.8556 463.8244 -122.6016
v 1147.9772 463.8244 -119.5721
v 1150.6959 463.7547 -122.0808
v 1148.8399 463.7547 -119.0447
v 1151.5402 463.6849 -121.5660
v 1149.7051 463.6849 -118.5216
v 1152.3882 463.6150 -121.0580
v 1150.5731 463.6150 -118.0026
v 1153.2395 463.5450 -120.5571
v 1151.4445 463.5450 -117.4878
v 1154.0935 463.4748 -120.0645
v 1152.3204 463.4748 -116.9771
v 1154.9505 463.4046 -119.5814
v 1153.2016 463.4046 -116.4717
v 1155.8121 463.3342 -119.1079
v 1154.0875 463.3342 -115.9733
v 1156.6792 463.2637 -118.6428
v 1154.9767 463.2637 -115.4826
v 1157.5530 463.1931 -118.1845
v 1155.8673 463.1931 -114.9999
v 1158.4337 463.1225 -117.7301
v 1156.7568 463.1225 -114.5242
v 1159.3214 463.0517 -117.2765
v 1157.6430 463.0517 -114.0541
v 1160.2155 462.9808 -116.8195
v 1158.5225 462.9808 -113.5872
v 1161.1150 462.9099 -116.3544
v 1159.3923 462.9099 -113.1205
v 1162.0174 462.8388 -115.8765
v 1160.2501 462.8388 -112.6501
v 1162.9190 462.7676 -115.3816
v 1161.0949 462.7676 -112.1725
v 1163.8160 462.6964 -114.8673
v 1161.9265 462.6964 -111.6840
v 1164.7054 462.6250 -114.3321
v 1162.7448 462.6250 -111.1822
v 1165.5848 462.5536 -113.7747
v 1163.5497 462.5536 -110.6654
v 1166.4522 462.4820 -113.1944
v 1164.3405 462.4820 -110.1322
v 1167.3053 462.4104 -112.5910
v 1165.1176 462.4104 -109.5814
v 1168.1428 462.3386 -111.9661
v 1165.8810 462.3386 -109.0118
v 1168.9641 462.2667 -111.3211
v 1166.6307 462.2667 -108.4231
v 1169.7691 462.1948 -110.6566
v 1167.3662 462.1948 -107.8159
v 1170.5575 462.1227 -109.9733
v 1168.0873 462.1227 -107.1909
v 1171.3287 462.0505 -109.2720
v 1168.7941 462.0505 -106.5482
v 1172.0826 461.9783 -108.5540
v 1169.4870 461.9783 -105.8885
v 1172.8172 461.9059 -107.8201
v 1170.1681 461.9059 -105.2126
v 1173.5332 461.8335 -107.0734
v 1170.8396 461.8335 -104.5212
v 1174.2319 461.7610 -106.3157
v 1171.5024 461.7610 -103.8157
v 1174.9145 461.6883 -105.5497
v 1172.1584 461.6883 -103.0969
v 1175.5832 461.6155 -104.7779
v 1172.8093 461.6155 -102.3665
v 1176.2402 461.5426 -104.0022
v 1173.4565 461.5426 -101.6263
v 1176.8874 461.4696 -103.2248
v 1174.1016 461.4696 -100.8775
v 1177.5278 461.3965 -102.4472
v 1174.7461 461.3965 -100.1227
v 1178.1636 461.3233 -101.6697
v 1175.3902 461.3233 -99.3634
v 1178.7966 461.2500 -100.8934
v 1176.0348 461.2500 -98.6009
v 1179.4283 461.1766 -100.1188
v 1176.6804 461.1766 -97.8364
v 1180.0600 461.1031 -99.3465
v 1177.3272 461.1031 -97.0708
v 1180.6927 461.0295 -98.5766
v 1177.9755 461.0295 -96.3048
v 1181.3274 460.9558 -97.8095
v 1178.6254 460.9558 -95.5391
v 1181.9649 460.8821 -97.0446
v 1179.2765 460.8821 -94.7745
v 1182.6061 460.8082 -96.2823
v 1179.9273 460.8082 -94.0101
v 1183.2512 460.7343 -95.5226
v 1180.5777 460.7343 -93.2461
v 1183.8999 460.6602 -94.7646
v 1181.2267 460.6602 -92.4823
v 1184.5519 460.5861 -94.0085
v 1181.8742 460.5861 -91.7182
v 1185.2063 460.5119 -93.2534
v 1182.5203 460.5119 -90.9538
v 1185.8625 460.4376 -92.4985
v 1183.1649 460.4376 -90.1896
v 1186.5201 460.3632 -91.7433
v 1183.8075 460.3632 -89.4250
v 1187.1785 460.2887 -90.9877
v 1184.4477 460.2887 -88.6596
v 1187.8374 460.2142 -90.2311
v 1185.0852 460.2142 -87.8932
v 1188.4965 460.1396 -89.4730
v 1185.7193 460.1396 -87.1258
v 1189.1559 460.0649 -88.7115
v 1186.3486 460.0649 -86.3578
v 1189.8144 459.9902 -87.9450
v 1186.9712 459.9902 -85.5887
v 1190.4707 459.9154 -87.1721
v 1187.5859 459.9154 -84.8176
v 1191.1234 459.8406 -86.3913
v 1188.1909 459.8406 -84.0440
v 1191.7709 459.7657 -85.6006
v 1188.7845 459.7657 -83.2672
v 1192.4112 459.6908 -84.7985
v 1189.3650 459.6908 -82.4861
v 1193.0419 459.6158 -83.9839
v 1189.9309 459.6158 -81.6995
v 1193.6609 459.5409 -83.1560
v 1190.4812 459.5409 -80.9065
v 1194.2666 459.4658 -82.3138
v 1191.0145 459.4658 -80.1066
v 1194.8570 459.3908 -81.4560
v 1191.5293 459.3908 -79.2997
v 1195.4303 459.3158 -80.5813
v 1192.0236 459.3158 -78.4858
v 1195.9838 459.2407 -79.6884
v 1192.4954 459.2407 -77.6647
v 1196.5148 459.1656 -78.7771
v 1192.9433 459.1656 -76.8356
v 1197.0205 459.0906 -77.8470
v 1193.3656 459.0906 -75.9984
v 1197.4987 459.0155 -76.8977
v 1193.7608 459.0155 -75.1532
v 1197.9456 458.9404 -75.9285
v 1194.1281 458.9404 -74.3008
v 1198.3581 458.8654 -74.9403
v 1194.4661 458.8654 -73.4408
v 1198.7331 458.7904 -73.9361
v 1194.7746 458.7904 -72.5712
v 1199.0701 458.7153 -72.9184
v 1195.0542 458.7153 -71.6921
v 1199.3683 458.6403 -71.8879
v 1195.3040 458.6403 -70.8049
v 1199.6271 458.5654 -70.8468
v 1195.5241 458.5654 -69.9098
v 1199.8460 458.4904 -69.7972
v 1195.7144 458.4904 -69.0069
v 1200.0254 458.4155 -68.7419
v 1195.8753 458.4155 -68.0963
v 1200.1663 458.3405 -67.6834
v 1196.0075 458.3405 -67.1782
v 1200.2703 458.2656 -66.6227
v 1196.1116 458.2656 -66.2544
v 1200.3381 458.1907 -65.5613
v 1196.1878 458.1907 -65.3253
v 1200.3717 458.1158 -64.5008
v 1196.2368 458.1158 -64.3912
v 1200.3724 458.0410 -63.4424
v 1196.2593 458.0410 -63.4533
v 1200.3421 457.9661 -62.3876
v 1196.2558 457.9661 -62.5114
v 1200.2831 457.8913 -61.3378
v 1196.2276 457.8913 -61.5660
v 1200.1977 457.8165 -60.2927
v 1196.1758 457.8165 -60.6183
v 1200.0875 457.7417 -59.2528
v 1196.1009 457.7417 -59.6691
v 1199.9546 457.6670 -58.2193
v 1196.0040 457.6670 -58.7178
v 1199.8017 457.5923 -57.1932
v 1195.8864 457.5923 -57.7639
v 1199.6320 457.5175 -56.1744
v 1195.7501 457.5175 -56.8076
v 1199.4477 457.4428 -55.1616
v 1195.5968 457.4428 -55.8500
v 1199.2505 457.3682 -54.1542
v 1195.4280 457.3682 -54.8918
v 1199.0422 457.2934 -53.1521
v 1195.2447 457.2934 -53.9333
v 1198.8244 457.2188 -52.1544
v 1195.0484 457.2188 -52.9747
v 1198.5977 457.1441 -51.1593
v 1194.8402 457.1441 -52.0181
v 1198.3618 457.0694 -50.1663
v 1194.6199 457.0694 -51.0645
v 1198.1167 456.9948 -49.1754
v 1194.3878 456.9948 -50.1137
v 1197.8623 456.9202 -48.1865
v 1194.1436 456.9202 -49.1662
v 1197.5982 456.8455 -47.1995
v 1193.8875 456.8455 -48.2225
v 1197.3238 456.7709 -46.2144
v 1193.6194 456.7709 -47.2833
v 1197.0383 456.6963 -45.2309
v 1193.3389 456.6963 -46.3492
v 1196.7406 456.6217 -44.2496
v 1193.0455 456.6217 -45.4205
v 1196.4300 456.5470 -43.2698
v 1192.7394 456.5470 -44.4987
v 1196.1035 456.4724 -42.2907
v 1192.4196 456.4724 -43.5862
v 1195.7591 456.3978 -41.3144
v 1192.0842 456.3978 -42.6831
v 1195.3954 456.3231 -40.3416
v 1191.7327 456.3231 -41.7900
v 1195.0099 456.2485 -39.3731
v 1191.3639 456.2485 -40.9084
v 1194.6010 456.1738 -38.4106
v 1190.9766 456.1738 -40.0388
v 1194.1668 456.0991 -37.4557
v 1190.5700 456.0991 -39.1821
v 1193.7064 456.0245 -36.5105
v 1190.1429 456.0245 -38.3381
v 1193.2191 455.9498 -35.5767
v 1189.6953 455.9498 -37.5075
v 1192.7037 455.8751 -34.6554
v 1189.2269 455.8751 -36.6913
v 1192.1598 455.8004 -33.7492
v 1188.7370 455.8004 -35.8896
v 1191.5881 455.7257 -32.8598
v 1188.2257 455.7257 -35.1020
v 1190.9888 455.6509 -31.9887
v 1187.6932 455.6509 -34.3287
v 1190.3627 455.5761 -31.1371
v 1187.1399 455.5761 -33.5695
v 1189.7104 455.5013 -30.3060
v 1186.5665 455.5013 -32.8246
v 1189.0326 455.4265 -29.4963
v 1185.9735 455.4265 -32.0941
v 1188.3315 455.3517 -28.7076
v 1185.3606 455.3517 -31.3793
v 1187.6086 455.2768 -27.9406
v 1184.7274 455.2768 -30.6807
v 1186.8661 455.2020 -27.1961
v 1184.0741 455.2020 -29.9973
v 1186.1056 455.1270 -26.4732
v 1183.4019 455.1270 -29.3289
v 1185.3287 455.0521 -25.7707
v 1182.7112 455.0521 -28.6766
v 1184.5381 454.9771 -25.0867
v 1182.0012 454.9771 -28.0418
v 1183.7358 454.9020 -24.4208
v 1181.2723 454.9020 -27.4240
v 1182.9239 454.8270 -23.7718
v 1180.5258 454.8270 -26.8223
v 1182.1031 454.7519 -23.1381
v 1179.7633 454.7519 -26.2368
v 1181.2735 454.6768 -22.5181
v 1178.9866 454.6768 -25.6676
v 1180.4363 454.6016 -21.9119
v 1178.1958 454.6016 -25.1145
v 1179.5941 454.5264 -21.3191
v 1177.3906 454.5264 -24.5751
v 1178.7493 454.4511 -20.7381
v 1176.5718 454.4511 -24.0475
v 1177.9037 454.3758 -20.1684
v 1175.7407 454.3758 -23.5279
v 1177.0599 454.3003 -19.6093
v 1174.8987 454.3003 -23.0114
v 1176.2214 454.2249 -19.0577
v 1174.0469 454.2249 -22.4941
v 1175.3918 454.1494 -18.5102
v 1173.1868 454.1494 -21.9716
v 1174.5748 454.0738 -17.9635
v 1172.3203 454.0738 -21.4394
v 1173.7741 453.9982 -17.4135
v 1171.4497 453.9982 -20.8924
v 1172.9947 453.9225 -16.8575
v 1170.5767 453.9225 -20.3247
v 1172.2414 453.8467 -16.2910
v 1169.7054 453.8467 -19.7296
v 1171.5178 453.7709 -15.7104
v 1168.8407 453.7709 -19.1022
v 1170.8287 453.6951 -15.1129
v 1167.9876 453.6951 -18.4367
v 1170.1780 453.6192 -14.4958
v 1167.1524 453.6192 -17.7285
v 1169.5690 453.5434 -13.8564
v 1166.3423 453.5434 -16.9743
v 1169.0033 453.4675 -13.1952
v 1165.5650 453.4675 -16.1709
v 1168.4827 453.3916 -12.5101
v 1164.8297 453.3916 -15.3178
v 1168.0086 453.3157 -11.8029
v 1164.1412 453.3157 -14.4164
v 1167.5853 453.2398 -11.0756
v 1163.5064 453.2398 -13.4662
v 1167.2134 453.1639 -10.3302
v 1162.9323 453.1639 -12.4698
v 1166.8939 453.0881 -9.5708
v 1162.4274 453.0881 -11.4287
v 1166.6282 453.0123 -8.7995
v 1161.9979 453.0123 -10.3475
v 1166.4179 452.9366 -8.0188
v 1161.6498 452.9366 -9.2313
v 1166.2649 452.8609 -7.2346
v 1161.3876 452.8609 -8.0837
v 1166.1714 452.7854 -6.4477
v 1161.2192 452.7854 -6.9132
v 1166.1368 452.7099 -5.6608
v 1161.1464 452.7099 -5.7292
v 1166.1629 452.6346 -4.8783
v 1161.1737 452.6346 -4.5397
v 1166.2491 452.5594 -4.1027
v 1161.3010 452.5594 -3.3551
v 1166.3967 452.4844 -3.3410
v 1161.5283 452.4844 -2.1816
v 1166.6070 452.4096 -2.5990
v 1161.8554 452.4096 -1.0278
v 1166.8796 452.3349 -1.8803
v 1162.2813 452.3349 0.0954
v 1167.2115 452.2604 -1.1916
v 1162.8040 452.2604 1.1799
v 1167.6027 452.1860 -0.5362
v 1163.4213 452.1860 2.2140
v 1168.0501 452.1118 0.0833
v 1164.1256 452.1118 3.1894
v 1168.5515 452.0377 0.6625
v 1164.9122 452.0377 4.0978
v 1169.1047 451.9638 1.2003
v 1165.7714 451.9638 4.9331
v 1169.7069 451.8900 1.6938
v 1166.6943 451.8900 5.6895
v 1170.3530 451.8164 2.1411
v 1167.6714 451.8164 6.3659
v 1171.0392 451.7429 2.5391
v 1168.6942 451.7429 6.9592
v 1171.7612 451.6695 2.8878
v 1169.7523 451.6695 7.4702
v 1172.5132 451.5962 3.1862
v 1170.8402 451.5962 7.8991
v 1173.2870 451.5230 3.4338
v 1171.9541 451.5230 8.2475
v 1174.0793 451.4499 3.6286
v 1173.0880 451.4499 8.5126
v 1174.8870 451.3768 3.7720
v 1174.2340 451.3768 8.6967
v 1175.7060 451.3038 3.8625
v 1175.3873 451.3038 8.7993
v 1176.5343 451.2308 3.9012
v 1176.5396 451.2308 8.8227
v 1177.3678 451.1577 3.8886
v 1177.6871 451.1577 8.7689
v 1178.2025 451.0847 3.8251
v 1178.8265 451.0847 8.6400
v 1179.0387 451.0116 3.7103
v 1179.9494 451.0116 8.4375
v 1179.8737 450.9384 3.5468
v 1181.0519 450.9384 8.1676
v 1180.7039 450.8651 3.3348
v 1182.1312 450.8651 7.8320
v 1181.5286 450.7919 3.0764
v 1183.1833 450.7919 7.4363
v 1182.3435 450.7185 2.7735
v 1184.2067 450.7185 6.9833
v 1183.1471 450.6452 2.4252
v 1185.1996 450.6452 6.4788
v 1183.9423 450.5718 2.0308
v 1186.1560 450.5718 5.9293
v 1184.7312 450.4984 1.5943
v 1187.0765 450.4984 5.3442
v 1185.5113 450.4249 1.1200
v 1187.9650 450.4249 4.7274
v 1186.2816 450.3514 0.6121
v 1188.8239 450.3514 4.0834
v 1187.0440 450.2778 0.0716
v 1189.6524 450.2778 3.4174
v 1187.8016 450.2042 -0.4988
v 1190.4537 450.2042 2.7387
v 1188.5540 450.1306 -1.0934
v 1191.2334 450.1306 2.0503
v 1189.2999 450.0570 -1.7062
v 1191.9972 450.0570 1.3535
v 1190.0382 449.9834 -2.3344
v 1192.7479 449.9834 0.6478
v 1190.7704 449.9097 -2.9768
v 1193.4860 449.9097 -0.0648
v 1191.4994 449.8361 -3.6329
v 1194.2114 449.8361 -0.7811
v 1192.2277 449.7625 -4.3010
v 1194.9268 449.7625 -1.4966
v 1192.9555 449.6890 -4.9778
v 1195.6369 449.6890 -2.2097
v 1193.6823 449.6155 -5.6599
v 1196.3450 449.6155 -2.9206
v 1194.4100 449.5422 -6.3477
v 1197.0504 449.5422 -3.6276
v 1195.1428 449.4689 -7.0396
v 1197.7544 449.4689 -4.3267
v 1195.8828 449.3956 -7.7333
v 1198.4589 449.3956 -5.0156
v 1196.6330 449.3225 -8.4256
v 1199.1665 449.3225 -5.6918
v 1197.3941 449.2494 -9.1125
v 1199.8805 449.2494 -6.3545
v 1198.1669 449.1763 -9.7919
v 1200.6020 449.1763 -7.0025
v 1198.9550 449.1033 -10.4630
v 1201.3305 449.1033 -7.6325
v 1199.7593 449.0304 -11.1204
v 1202.0703 449.0304 -8.2429
v 1200.5784 448.9576 -11.7627
v 1202.8220 448.9576 -8.8346
v 1201.4146 448.8848 -12.3881
v 1203.5860 448.8848 -9.4048
v 1202.2660 448.8121 -12.9916
v 1204.3641 448.8121 -9.9564
v 1203.1300 448.7395 -13.5739
v 1205.1566 448.7395 -10.4905
v 1204.0053 448.6670 -14.1348
v 1205.9634 448.6670 -11.0075
v 1204.8903 448.5945 -14.6761
v 1206.7831 448.5945 -11.5088
v 1205.7852 448.5221 -15.1985
v 1207.6139 448.5221 -11.9939
v 1206.6882 448.4498 -15.7021
v 1208.4566 448.4498 -12.4638
v 1207.5974 448.3776 -16.1866
v 1209.3101 448.3776 -12.9216
v 1208.5131 448.3054 -16.6546
v 1210.1718 448.3054 -13.3682
v 1209.4349 448.2333 -17.1063
v 1211.0415 448.2333 -13.8033
v 1210.3608 448.1612 -17.5430
v 1211.9194 448.1612 -14.2287
v 1211.2896 448.0891 -17.9658
v 1212.8053 448.0891 -14.6454
v 1212.2196 448.0170 -18.3771
v 1213.6986 448.0170 -15.0553
v 1213.1504 447.9450 -18.7787
v 1214.5981 447.9450 -15.4592
v 1214.0817 447.8730 -19.1728
v 1215.5026 447.8730 -15.8583
v 1215.0130 447.8011 -19.5605
v 1216.4117 447.8011 -16.2533
v 1215.9431 447.7292 -19.9436
v 1217.3251 447.7292 -16.6456
v 1216.8724 447.6573 -20.3238
v 1218.2414 447.6573 -17.0359
v 1217.8015 447.5855 -20.7024
v 1219.1594 447.5855 -17.4242
v 1218.7305 447.5136 -21.0798
v 1220.0788 447.5136 -17.8107
v 1219.6593 447.4418 -21.4564
v 1220.9995 447.4418 -18.1953
v 1220.5876 447.3700 -21.8326
v 1221.9214 447.3700 -18.5783
v 1221.5155 447.2982 -22.2087
v 1222.8444 447.2982 -18.9600
v 1222.4436 447.2265 -22.5852
v 1223.7677 447.2265 -19.3402
v 1223.3720 447.1548 -22.9617
v 1224.6914 447.1548 -19.7183
v 1224.3002 447.0830 -23.3379
v 1225.6162 447.0830 -20.0947
v 1225.2280 447.0113 -23.7140
v 1226.5419 447.0113 -20.4700
v 1226.1556 446.9396 -24.0894
v 1227.4682 446.9396 -20.8449
v 1227.0833 446.8680 -24.4646
v 1228.3946 446.8680 -21.2195
v 1228.0112 446.7963 -24.8392
v 1229.3213 446.7963 -21.5937
v 1228.9386 446.7246 -25.2134
v 1230.2486 446.7246 -21.9678
v 1229.8655 446.6530 -25.5877
v 1231.1762 446.6530 -22.3423
v 1230.7922 446.5814 -25.9621
v 1232.1039 446.5814 -22.7171
v 1231.7186 446.5099 -26.3367
v 1233.0317 446.5099 -23.0923
v 1232.6442 446.4384 -26.7117
v 1233.9597 446.4384 -23.4683
v 1233.5694 446.3669 -27.0873
v 1234.8875 446.3669 -23.8450
v 1234.4942 446.2954 -27.4637
v 1235.8152 446.2954 -24.2226
v 1235.4183 446.2239 -27.8409
v 1236.7428 446.2239 -24.6012
v 1236.3418 446.1525 -28.2191
v 1237.6701 446.1525 -24.9809
v 1237.2645 446.0811 -28.5982
v 1238.5973 446.0811 -25.3619
v 1238.1867 446.0098 -28.9788
v 1239.5239 446.0098 -25.7443
v 1239.1080 445.9384 -29.3604
v 1240.4503 445.9384 -26.1280
v 1240.0278 445.8672 -29.7434
v 1241.3769 445.8672 -26.5138
v 1240.9458 445.7959 -30.1281
v 1242.3034 445.7959 -26.9021
v 1241.8617 445.7246 -30.5151
v 1243.2298 445.7246 -27.2936
v 1242.7756 445.6534 -30.9051
v 1244.1553 445.6534 -27.6885
v 1243.6876 445.5822 -31.2984
v 1245.0798 445.5822 -28.0871
v 1244.5975 445.5111 -31.6950
v 1246.0032 445.5111 -28.4897
v 1245.5054 445.4399 -32.0955
v 1246.9251 445.4399 -28.8964
v 1246.4114 445.3688 -32.5000
v 1247.8453 445.3688 -29.3071
v 1247.3157 445.2978 -32.9085
v 1248.7635 445.2978 -29.7220
v 1248.2186 445.2267 -33.3212
v 1249.6797 445.2267 -30.1405
v 1249.1194 445.1557 -33.7376
v 1250.5946 445.1557 -30.5626
v 1250.0175 445.0847 -34.1580
v 1251.5081 445.0847 -30.9891
v 1250.9128 445.0138 -34.5824
v 1252.4205 445.0138 -31.4203
v 1251.8048 444.9428 -35.0116
v 1253.3313 444.9428 -31.8568
v 1252.6936 444.8719 -35.4459
v 1254.2401 444.8719 -32.2989
v 1253.5789 444.8010 -35.8855
v 1255.1467 444.8010 -32.7470
v 1254.4606 444.7301 -36.3307
v 1256.0511 444.7301 -33.2014
v 1255.3384 444.6592 -36.7821
v 1256.9527 444.6592 -33.6626
v 1256.2124 444.5884 -37.2398
v 1257.8513 444.5884 -34.1305
v 1257.0826 444.5175 -37.7042
v 1258.7465 444.5175 -34.6055
v 1257.9487 444.4467 -38.1748
v 1259.6386 444.4467 -35.0876
v 1258.8098 444.3759 -38.6524
v 1260.5275 444.3759 -35.5777
v 1259.6660 444.3051 -39.1370
v 1261.4127 444.3051 -36.0759
v 1260.5170 444.2344 -39.6293
v 1262.2938 444.2344 -36.5828
v 1261.3629 444.1636 -40.1294
v 1263.1704 444.1636 -37.0983
v 1262.2034 444.0928 -40.6375
v 1264.0422 444.0928 -37.6228
v 1263.0382 444.0221 -41.1537
v 1264.9091 444.0221 -38.1564
v 1263.8677 443.9514 -41.6786
v 1265.7704 443.9514 -38.6993
v 1264.6921 443.8806 -42.2119
v 1266.6256 443.8806 -39.2507
v 1265.5117 443.8099 -42.7536
v 1267.4748 443.8099 -39.8106
v 1266.3266 443.7392 -43.3033
v 1268.3181 443.7392 -40.3786
v 1267.1364 443.6685 -43.8605
v 1269.1558 443.6685 -40.9546
v 1267.9408 443.5978 -44.4252
v 1269.9880 443.5978 -41.5388
v 1268.7397 443.5271 -44.9976
v 1270.8145 443.5271 -42.1310
v 1269.5329 443.4564 -45.5773
v 1271.6356 443.4564 -42.7315
v 1270.3197 443.3857 -46.1644
v 1272.4510 443.3857 -43.3407
v 1271.1001 443.3150 -46.7592
v 1273.2603 443.3150 -43.9588
v 1271.8739 443.2443 -47.3619
v 1274.0632 443.2443 -44.5857
v 1272.6412 443.1736 -47.9727
v 1274.8592 443.1736 -45.2214
v 1273.4020 443.1029 -48.5917
v 1275.6484 443.1029 -45.8657
v 1274.1562 443.0322 -49.2189
v 1276.4303 443.0322 -46.5185
v 1274.9045 442.9615 -49.8546
v 1277.2046 442.9615 -47.1789
v 1275.6476 442.8908 -50.4982
v 1277.9715 442.8908 -47.8461
v 1276.3854 442.8200 -51.1493
v 1278.7315 442.8200 -48.5199
v 1277.1181 442.7493 -51.8073
v 1279.4851 442.7493 -49.1997
v 1277.8459 442.6786 -52.4718
v 1280.2324 442.6786 -49.8854
v 1278.5694 442.6078 -53.1430
v 1280.9733 442.6078 -50.5761
v 1279.2889 442.5371 -53.8199
v 1281.7086 442.5371 -51.2713
v 1280.0043 442.4663 -54.5021
v 1282.4388 442.4663 -51.9709
v 1280.7158 442.3955 -55.1890
v 1283.1644 442.3955 -52.6748
v 1281.4231 442.3247 -55.8807
v 1283.8854 442.3247 -53.3829
v 1282.1269 442.2539 -56.5771
v 1284.6017 442.2539 -54.0945
v 1282.8271 442.1831 -57.2776
v 1285.3141 442.1831 -54.8097
v 1283.5232 442.1122 -57.9819
v 1286.0227 442.1122 -55.5289
v 1284.2151 442.0414 -58.6901
v 1286.7276 442.0414 -56.2519
v 1284.9030 441.9705 -59.4024
v 1287.4284 441.9705 -56.9787
v 1285.5867 441.8995 -60.1185
v 1288.1255 441.8995 -57.7093
v 1286.2661 441.8286 -60.8386
v 1288.8186 441.8286 -58.4438
v 1286.9417 441.7576 -61.5628
v 1289.5072 441.7576 -59.1819
v 1287.6141 441.6866 -62.2911
v 1290.1914 441.6866 -59.9230
v 1288.2840 441.6156 -63.0235
v 1290.8712 441.6156 -60.6664
v 1288.9519 441.5445 -63.7594
v 1291.5474 441.5445 -61.4114
v 1289.6181 441.4734 -64.4983
v 1292.2205 441.4734 -62.1579
v 1290.2833 441.4023 -65.2399
v 1292.8907 441.4023 -62.9050
v 1290.9482 441.3311 -65.9836
v 1293.5588 441.3311 -63.6523
v 1291.6126 441.2599 -66.7284
v 1294.2257 441.2599 -64.4001
v 1292.2764 441.1887 -67.4742
v 1294.8916 441.1887 -65.1482
v 1292.9397 441.1174 -68.2206
v 1295.5569 441.1174 -65.8968
v 1293.6022 441.0461 -68.9674
v 1296.2216 441.0461 -66.6461
v 1294.2637 440.9748 -69.7146
v 1296.8858 440.9748 -67.3964
v 1294.9238 440.9034 -70.4623
v 1297.5494 440.9034 -68.1480
v 1295.5827 440.8320 -71.2110
v 1298.2118 440.8320 -68.9006
v 1296.2404 440.7605 -71.9606
v 1298.8732 440.7605 -69.6544
v 1296.8967 440.6890 -72.7111
v 1299.5335 440.6890 -70.4094
v 1297.5515 440.6175 -73.4626
v 1300.1925 440.6175 -71.1658
v 1298.2047 440.5460 -74.2150
v 1300.8504 440.5460 -71.9237
v 1298.8560 440.4743 -74.9687
v 1301.5068 440.4743 -72.6833
v 1299.5052 440.4027 -75.7234
v 1302.1618 440.4027 -73.4447
v 1300.1515 440.3311 -76.4791
v 1302.8154 440.3311 -74.2089
v 1300.7946 440.2594 -77.2364
v 1303.4668 440.2594 -74.9761
v 1301.4341 440.1877 -77.9955
v 1304.1159 440.1877 -75.7464
v 1302.0697 440.1158 -78.7568
v 1304.7620 440.1158 -76.5204
v 1302.7011 440.0440 -79.5207
v 1305.4047 440.0440 -77.2979
v 1303.3282 439.9722 -80.2876
v 1306.0436 439.9722 -78.0792
v 1303.9511 439.9002 -81.0577
v 1306.6784 439.9002 -78.8640
v 1304.5699 439.8283 -81.8312
v 1307.3088 439.8283 -79.6522
v 1305.1844 439.7563 -82.6079
v 1307.9352 439.7563 -80.4438
v 1305.7945 439.6842 -83.3878
v 1308.5573 439.6842 -81.2391
v 1306.3999 439.6122 -84.1708
v 1309.1752 439.6122 -82.0383
v 1307.0003 439.5400 -84.9571
v 1309.7885 439.5400 -82.8414
v 1307.5957 439.4679 -85.7467
v 1310.3971 439.4679 -83.6486
v 1308.1856 439.3957 -86.5397
v 1311.0008 439.3957 -84.4601
v 1308.7700 439.3234 -87.3363
v 1311.5993 439.3234 -85.2760
v 1309.3486 439.2511 -88.1367
v 1312.1923 439.2511 -86.0962
v 1309.9215 439.1787 -88.9411
v 1312.7795 439.1787 -86.9207
v 1310.4888 439.1063 -89.7497
v 1313.3607 439.1063 -87.7491
v 1311.0509 439.0339 -90.5624
v 1313.9362 439.0339 -88.5812
v 1311.6077 438.9614 -91.3792
v 1314.5059 438.9614 -89.4169
v 1312.1597 438.8888 -92.2001
v 1315.0698 438.8888 -90.2554
v 1312.7074 438.8162 -93.0247
v 1315.6285 438.8162 -91.0968
v 1313.2504 438.7435 -93.8527
v 1316.1823 438.7435 -91.9410
v 1313.7894 438.6708 -94.6842
v 1316.7311 438.6708 -92.7877
v 1314.3247 438.5980 -95.5190
v 1317.2753 438.5980 -93.6364
v 1314.8566 438.5252 -96.3568
v 1317.8154 438.5252 -94.4870
v 1315.3851 438.4524 -97.1969
v 1318.3517 438.4524 -95.3397
v 1315.9100 438.3794 -98.0394
v 1318.8844 438.3794 -96.1947
v 1316.4315 438.3064 -98.8842
v 1319.4134 438.3064 -97.0517
v 1316.9500 438.2334 -99.7316
v 1319.9387 438.2334 -97.9102
v 1317.4654 438.1603 -100.5808
v 1320.4610 438.1603 -98.7707
v 1317.9772 438.0872 -101.4316
v 1320.9801 438.0872 -99.6336
v 1318.4854 438.0140 -102.2844
v 1321.4957 438.0140 -100.4989
v 1318.9900 437.9407 -103.1391
v 1322.0079 437.9407 -101.3664
v 1319.4905 437.8674 -103.9956
v 1322.5164 437.8674 -102.2366
v 1319.9868 437.7941 -104.8539
v 1323.0212 437.7941 -103.1096
v 1320.4783 437.7206 -105.7139
v 1323.5220 437.7206 -103.9859
v 1320.9645 437.6472 -106.5760
v 1324.0182 437.6472 -104.8657
v 1321.4453 437.5737 -107.4405
v 1324.5094 437.5737 -105.7489
v 1321.9204 437.5002 -108.3075
v 1324.9954 437.5002 -106.6358
v 1322.3894 437.4266 -109.1772
v 1325.4756 437.4266 -107.5262
v 1322.8524 437.3529 -110.0498
v 1325.9499 437.3529 -108.4201
v 1323.3094 437.2792 -110.9256
v 1326.4180 437.2792 -109.3173
v 1323.7603 437.2054 -111.8046
v 1326.8799 437.2054 -110.2176
v 1324.2053 437.1316 -112.6866
v 1327.3356 437.1316 -111.1211
v 1324.6442 437.0578 -113.5719
v 1327.7851 437.0578 -112.0275
v 1325.0774 436.9838 -114.4603
v 1328.2283 436.9838 -112.9366
v 1325.5049 436.9099 -115.3516
v 1328.6656 436.9099 -113.8484
v 1325.9265 436.8358 -116.2457
v 1329.0970 436.8358 -114.7631
v 1326.3423 436.7617 -117.1425
v 1329.5224 436.7617 -115.6807
v 1326.7520 436.6876 -118.0416
v 1329.9419 436.6876 -116.6012
v 1327.1555 436.6134 -118.9435
v 1330.3551 436.6134 -117.5248
v 1327.5531 436.5392 -119.8484
v 1330.7620 436.5392 -118.4508
v 1327.9449 436.4649 -120.7559
v 1331.1628 436.4649 -119.3794
v 1328.3307 436.3906 -121.6660
v 1331.5575 436.3906 -120.3104
v 1328.7108 436.3161 -122.5791
v 1331.9460 436.3161 -121.2436
v 1329.0856 436.2416 -123.4948
v 1332.3288 436.2416 -122.1788
v 1329.4550 436.1671 -124.4130
v 1332.7058 436.1671 -123.1159
v 1329.8194 436.0925 -125.3337
v 1333.0774 436.0925 -124.0548
v 1330.1785 436.0178 -126.2562
v 1333.4437 436.0178 -124.9958
v 1330.5325 435.9431 -127.1809
v 1333.8047 435.9431 -125.9388
v 1330.8812 435.8683 -128.1073
v 1334.1605 435.8683 -126.8841
v 1331.2241 435.7935 -129.0352
v 1334.5109 435.7935 -127.8321
v 1331.5610 435.7186 -129.9647
v 1334.8555 435.7186 -128.7827
v 1331.8918 435.6436 -130.8960
v 1335.1939 435.6436 -129.7359
v 1332.2162 435.5686 -131.8294
v 1335.5260 435.5686 -130.6914
v 1332.5344 435.4935 -132.7649
v 1335.8518 435.4935 -131.6492
v 1332.8460 435.4184 -133.7023
v 1336.1711 435.4184 -132.6095
v 1333.1511 435.3431 -134.6418
v 1336.4838 435.3431 -133.5719
v 1333.4497 435.2679 -135.5836
v 1336.7900 435.2679 -134.5363
v 1333.7416 435.1926 -136.5277
v 1337.0899 435.1926 -135.5025
v 1334.0270 435.1172 -137.4736
v 1337.3836 435.1172 -136.4708
v 1334.3055 435.0418 -138.4213
v 1337.6709 435.0418 -137.4411
v 1334.5771 434.9663 -139.3708
v 1337.9518 434.9663 -138.4136
v 1334.8416 434.8907 -140.3221
v 1338.2262 434.8907 -139.3881
v 1335.0989 434.8151 -141.2752
v 1338.4939 434.8151 -140.3645
v 1335.3489 434.7394 -142.2301
v 1338.7550 434.7394 -141.3430
v 1335.5915 434.6636 -143.1867
v 1339.0093 434.6636 -142.3235
v 1335.8266 434.5878 -144.1453
v 1339.2568 434.5878 -143.3056
v 1336.0541 434.5118 -145.1053
v 1339.4976 434.5118 -144.2898
v 1336.2737 434.4358 -146.0666
v 1339.7314 434.4358 -145.2761
v 1336.4851 434.3597 -147.0292
v 1339.9580 434.3597 -146.2647
v 1336.6878 434.2836 -147.9929
v 1340.1771 434.2836 -147.2557
v 1336.8816 434.2074 -148.9579
v 1340.3882 434.2074 -148.2490
v 1337.0662 434.1311 -149.9238
v 1340.5912 434.1311 -149.2448
v 1337.2410 434.0547 -150.8908
v 1340.7854 434.0547 -150.2431
v 1337.4058 433.9783 -151.8588
v 1340.9705 433.9783 -151.2439
v 1337.5601 433.9018 -152.8272
v 1341.1460 433.9018 -152.2476
v 1337.7033 433.8252 -153.7960
v 1341.3112 433.8252 -153.2543
v 1337.8347 433.7485 -154.7652
v 1341.4652 433.7485 -154.2641
v 1337.9539 433.6717 -155.7349
v 1341.6073 433.6717 -155.2766
v 1338.0607 433.5948 -156.7052
v 1341.7370 433.5948 -156.2915
v 1338.1546 433.5178 -157.6761
v 1341.8538 433.5178 -157.3088
v 1338.2355 433.4408 -158.6473
v 1341.9572 433.4408 -158.3282
v 1338.3032 433.3637 -159.6185
v 1342.0467 433.3637 -159.3500
v 1338.3572 433.2866 -160.5892
v 1342.1215 433.2866 -160.3744
v 1338.3967 433.2094 -161.5587
v 1342.1809 433.2094 -161.4015
v 1338.4209 433.1322 -162.5264
v 1342.2239 433.1322 -162.4315
v 1338.4284 433.0549 -163.4915
v 1342.2489 433.0549 -163.4648
v 1338.4182 432.9775 -164.4531
v 1342.2545 432.9775 -164.5015
v 1338.3884 432.9001 -165.4111
v 1342.2385 432.9001 -165.5410
v 1338.3380 432.8226 -166.3660
v 1342.1999 432.8226 -166.5820
v 1338.2662 432.7451 -167.3183
v 1342.1375 432.7451 -167.6229
v 1338.1730 432.6676 -168.2684
v 1342.0516 432.6676 -168.6625
v 1338.0580 432.5900 -169.2162
v 1341.9419 432.5900 -169.6999
v 1337.9218 432.5123 -170.1617
v 1341.8090 432.5123 -170.7340
v 1337.7644 432.4346 -171.1052
v 1341.6536 432.4346 -171.7640
v 1337.5868 432.3569 -172.0461
v 1341.4766 432.3569 -172.7895
v 1337.3892 432.2792 -172.9843
v 1341.2785 432.2792 -173.8101
v 1337.1728 432.2014 -173.9193
v 1341.0606 432.2014 -174.8257
v 1336.9377 432.1236 -174.8499
v 1340.8227 432.1236 -175.8368
v 1336.6843 432.0457 -175.7754
v 1340.5651 432.0457 -176.8433
v 1336.4126 431.9679 -176.6949
v 1340.2875 431.9679 -177.8452
v 1336.1224 431.8900 -177.6077
v 1339.9897 431.8900 -178.8423
v 1335.8135 431.8121 -178.5131
v 1339.6712 431.8121 -179.8341
v 1335.4860 431.7341 -179.4098
v 1339.3315 431.7341 -180.8206
v 1335.1393 431.6561 -180.2964
v 1338.9692 431.6561 -181.8019
v 1334.7726 431.5780 -181.1721
v 1338.5832 431.5780 -182.7765
v 1334.3852 431.5000 -182.0369
v 1338.1732 431.5000 -183.7431
v 1333.9769 431.4219 -182.8901
v 1337.7385 431.4219 -184.7006
v 1333.5479 431.3437 -183.7303
v 1337.2783 431.3437 -185.6485
v 1333.0978 431.2656 -184.5562
v 1336.7914 431.2656 -186.5861
v 1332.6261 431.1874 -185.3670
v 1336.2768 431.1874 -187.5113
v 1332.1325 431.1091 -186.1628
v 1335.7346 431.1091 -188.4224
v 1331.6172 431.0309 -186.9423
v 1335.1642 431.0309 -189.3180
v 1331.0807 430.9526 -187.7045
v 1334.5650 430.9526 -190.1972
v 1330.5236 430.8743 -188.4474
v 1333.9355 430.8743 -191.0591
v 1329.9447 430.7959 -189.1703
v 1333.2754 430.7959 -191.9002
v 1329.3440 430.7175 -189.8739
v 1332.5858 430.7175 -192.7186
v 1328.7233 430.6391 -190.5556
v 1331.8653 430.6391 -193.5137
v 1328.0819 430.5607 -191.2142
v 1331.1136 430.5607 -194.2826
v 1327.4198 430.4821 -191.8496
v 1330.3318 430.4821 -195.0228
v 1326.7374 430.4036 -192.4608
v 1329.5202 430.4036 -195.7322
v 1326.0338 430.3250 -193.0479
v 1328.6806 430.3250 -196.4080
v 1325.3104 430.2464 -193.6109
v 1327.8149 430.2464 -197.0494
v 1324.5676 430.1677 -194.1487
v 1326.9239 430.1677 -197.6548
v 1323.8034 430.0890 -194.6601
v 1326.0122 430.0890 -198.2245
v 1323.0189 430.0103 -195.1454
v 1325.0825 430.0103 -198.7588
v 1322.2154 429.9315 -195.6046
v 1324.1365 429.9315 -199.2580
v 1321.3937 429.8526 -196.0383
v 1323.1765 429.8526 -199.7228
v 1320.5551 429.7737 -196.4456
v 1322.2048 429.7737 -200.1551
v 1319.6993 429.6947 -196.8257
v 1321.2240 429.6947 -200.5572
v 1318.8267 429.6157 -197.1805
v 1320.2375 429.6157 -200.9304
v 1317.9388 429.5367 -197.5116
v 1319.2469 429.5367 -201.2775
v 1317.0363 429.4576 -197.8209
v 1318.2544 429.4576 -201.6007
v 1316.1199 429.3784 -198.1113
v 1317.2626 429.3784 -201.9034
v 1315.1909 429.2991 -198.3856
v 1316.2727 429.2991 -202.1893
v 1314.2500 429.2198 -198.6468
v 1315.2867 429.2198 -202.4618
v 1313.2984 429.1405 -198.8983
v 1314.3061 429.1405 -202.7252
v 1312.3374 429.0611 -199.1435
v 1313.3317 429.0611 -202.9835
v 1311.3673 428.9816 -199.3858
v 1312.3650 428.9816 -203.2403
v 1310.3891 428.9021 -199.6294
v 1311.4077 428.9021 -203.5000
v 1309.4037 428.8227 -199.8779
v 1310.4607 428.8227 -203.7661
v 1308.4122 428.7432 -200.1363
v 1309.5257 428.7432 -204.0421
v 1307.4160 428.6636 -200.4098
v 1308.6038 428.6636 -204.3303
v 1306.4160 428.5841 -200.7029
v 1307.6970 428.5841 -204.6344
v 1305.4145 428.5046 -201.0198
v 1306.8066 428.5046 -204.9581
v 1304.4146 428.4250 -201.3637
v 1305.9331 428.4250 -205.3046
v 1303.4174 428.3455 -201.7376
v 1305.0786 428.3455 -205.6756
v 1302.4254 428.2660 -202.1456
v 1304.2456 428.2660 -206.0736
v 1301.4417 428.1865 -202.5899
v 1303.4355 428.1865 -206.5003
v 1300.4695 428.1071 -203.0757
v 1302.6500 428.1071 -206.9543
v 1299.5134 428.0277 -203.6053
v 1301.8905 428.0277 -207.4375
v 1298.5774 427.9483 -204.1789
v 1301.1578 427.9483 -207.9504
v 1297.6635 427.8691 -204.7984
v 1300.4550 427.8691 -208.4922
v 1296.7773 427.7899 -205.4657
v 1299.7830 427.7899 -209.0629
v 1295.9240 427.7107 -206.1804
v 1299.1414 427.7107 -209.6612
v 1295.1050 427.6317 -206.9441
v 1298.5344 427.6317 -210.2843
v 1294.3263 427.5528 -207.7573
v 1297.9652 427.5528 -210.9323
v 1293.5918 427.4740 -208.6188
v 1297.4356 427.4740 -211.6034
v 1292.9048 427.3953 -209.5322
v 1296.9519 427.3953 -212.2929
v 1292.2744 427.3168 -210.4976
v 1296.5185 427.3168 -213.0000
v 1291.7082 427.2384 -211.5123
v 1296.1373 427.2384 -213.7237
v 1291.2139 427.1601 -212.5757
v 1295.8126 427.1601 -214.4597
v 1290.8019 427.0819 -213.6814
v 1295.5466 427.0819 -215.2085
v 1290.4775 427.0040 -214.8235
v 1295.3404 427.0040 -215.9664
v 1290.2496 426.9262 -215.9956
v 1295.1974 426.9262 -216.7301
v 1290.1225 426.8485 -217.1854
v 1295.1171 426.8485 -217.5000
v 1290.0980 426.7710 -218.3847
v 1295.1014 426.7710 -218.2697
v 1290.1778 426.6936 -219.5845
v 1295.1522 426.6936 -219.0345
v 1290.3620 426.6164 -220.7721
v 1295.2698 426.6164 -219.7923
v 1290.6479 426.5393 -221.9393
v 1295.4522 426.5393 -220.5371
v 1291.0365 426.4625 -223.0745
v 1295.6975 426.4625 -221.2664
v 1291.5211 426.3857 -224.1689
v 1296.0024 426.3857 -221.9768
v 1292.0989 426.3091 -225.2161
v 1296.3654 426.3091 -222.6620
v 1292.7614 426.2326 -226.2049
v 1296.7859 426.2326 -223.3214
v 1293.4987 426.1562 -227.1292
v 1297.2619 426.1562 -223.9537
v 1294.3016 426.0800 -227.9857
v 1297.7906 426.0800 -224.5563
v 1295.1619 426.0040 -228.7736
v 1298.3682 426.0040 -225.1267
v 1296.0717 425.9280 -229.4915
v 1298.9910 425.9280 -225.6622
v 1297.0211 425.8521 -230.1379
v 1299.6583 425.8521 -226.1632
v 1297.9998 425.7764 -230.7154
v 1300.3674 425.7764 -226.6307
v 1299.0008 425.7006 -231.2279
v 1301.1135 425.7006 -227.0641
v 1300.0182 425.6250 -231.6800
v 1301.8932 425.6250 -227.4644
v 1301.0482 425.5495 -232.0771
v 1302.7013 425.5495 -227.8317
v 1302.0873 425.4740 -232.4227
v 1303.5353 425.4740 -228.1667
v 1303.1289 425.3985 -232.7219
v 1304.3941 425.3985 -228.4707
v 1304.1717 425.3231 -232.9806
v 1305.2733 425.3231 -228.7463
v 1305.2160 425.2478 -233.2030
v 1306.1688 425.2478 -228.9943
v 1306.2589 425.1725 -233.3918
v 1307.0795 425.1725 -229.2166
v 1307.2993 425.0973 -233.5514
v 1308.0037 425.0973 -229.4160
v 1308.3354 425.0221 -233.6847
v 1308.9411 425.0221 -229.5945
v 1309.3644 424.9470 -233.7967
v 1309.8919 424.9470 -229.7562
v 1310.3887 424.8719 -233.8923
v 1310.8517 424.8719 -229.9043
v 1311.4098 424.7970 -233.9738
v 1311.8183 424.7970 -230.0402
v 1312.4256 424.7220 -234.0435
v 1312.7926 424.7220 -230.1662
v 1313.4376 424.6471 -234.1054
v 1313.7722 424.6471 -230.2854
v 1314.4471 424.5724 -234.1629
v 1314.7556 424.5724 -230.3958
v 1315.4544 424.4976 -234.2183
v 1315.7418 424.4976 -230.4990
v 1316.4604 424.4230 -234.2718
v 1316.7301 424.4230 -230.5951
v 1317.4645 424.3484 -234.3244
v 1317.7209 424.3484 -230.6855
v 1318.4667 424.2739 -234.3770
v 1318.7139 424.2739 -230.7711
v 1319.4672 424.1994 -234.4306
v 1319.7088 424.1994 -230.8529
v 1320.4666 424.1251 -234.4857
v 1320.7049 424.1251 -230.9319
v 1321.4652 424.0508 -234.5427
v 1321.7019 424.0508 -231.0083
v 1322.4632 423.9766 -234.6020
v 1322.6994 423.9766 -231.0829
v 1323.4615 423.9025 -234.6632
v 1323.6965 423.9025 -231.1557
v 1324.4602 423.8285 -234.7258
v 1324.6934 423.8285 -231.2264
v 1325.4584 423.7546 -234.7897
v 1325.6908 423.7546 -231.2953
v 1326.4566 423.6807 -234.8550
v 1326.6882 423.6807 -231.3627
v 1327.4552 423.6069 -234.9211
v 1327.6852 423.6069 -231.4287
v 1328.4545 423.5332 -234.9866
v 1328.6816 423.5332 -231.4940
v 1329.4546 423.4595 -235.0511
v 1329.6774 423.4595 -231.5582
v 1330.4555 423.3859 -235.1142
v 1330.6725 423.3859 -231.6210
v 1331.4573 423.3124 -235.1755
v 1331.6669 423.3124 -231.6818
v 1332.4600 423.2390 -235.2345
v 1332.6607 423.2390 -231.7403
v 1333.4633 423.1656 -235.2908
v 1333.6542 423.1656 -231.7960
v 1334.4670 423.0922 -235.3442
v 1334.6477 423.0922 -231.8488
v 1335.4710 423.0190 -235.3946
v 1335.6411 423.0190 -231.8987
v 1336.4753 422.9457 -235.4419
v 1336.6345 422.9457 -231.9455
v 1337.4797 422.8726 -235.4860
v 1337.6283 422.8726 -231.9892
v 1338.4839 422.7994 -235.5272
v 1338.6223 422.7994 -232.0300
v 1339.4887 422.7264 -235.5655
v 1339.6160 422.7264 -232.0678
v 1340.4939 422.6534 -235.6004
v 1340.6095 422.6534 -232.1023
v 1341.4993 422.5804 -235.6319
v 1341.6031 422.5804 -232.1335
v 1342.5049 422.5075 -235.6600
v 1342.5967 422.5075 -232.1612
v 1343.5105 422.4347 -235.6847
v 1343.5904 422.4347 -232.1856
v 1344.5162 422.3619 -235.7059
v 1344.5842 422.3619 -232.2066
v 1345.5223 422.2892 -235.7237
v 1345.5778 422.2892 -232.2242
v 1346.5287 422.2165 -235.7379
v 1346.5711 422.2165 -232.2381
v 1347.5354 422.1439 -235.7482
v 1347.5642 422.1439 -232.2483
v 1348.5426 422.0714 -235.7545
v 1348.5570 422.0714 -232.2545
v 1349.5495 421.9989 -235.7564
v 1349.5499 421.9989 -232.2564
v 1350.5558 421.9265 -235.7547
v 1350.5435 421.9265 -232.2547
v 1351.5615 421.8542 -235.7494
v 1351.5378 421.8542 -232.2494
v 1352.5660 421.7819 -235.7411
v 1352.5332 421.7819 -232.2412
v 1353.5693 421.7096 -235.7305
v 1353.5297 421.7096 -232.2308
v 1354.5715 421.6374 -235.7184
v 1354.5274 421.6374 -232.2187
v 1355.5726 421.5653 -235.7053
v 1355.5262 421.5653 -232.2056
v 1356.5734 421.4933 -235.6918
v 1356.5252 421.4933 -232.1922
v 1357.5747 421.4213 -235.6777
v 1357.5237 421.4213 -232.1781
v 1358.5761 421.3494 -235.6627
v 1358.5221 421.3494 -232.1631
v 1359.5774 421.2775 -235.6468
v 1359.5205 421.2775 -232.1473
v 1360.5791 421.2058 -235.6301
v 1360.5185 421.2058 -232.1306
v 1361.5809 421.1340 -235.6121
v 1361.5163 421.1340 -232.1127
v 1362.5825 421.0623 -235.5931
v 1362.5144 421.0623 -232.0938
v 1363.5839 420.9907 -235.5731
v 1363.5126 420.9907 -232.0738
v 1364.5846 420.9191 -235.5523
v 1364.5114 420.9191 -232.0531
v 1365.5853 420.8476 -235.5313
v 1365.5103 420.8476 -232.0321
v 1366.5863 420.7760 -235.5095
v 1366.5088 420.7760 -232.0103
v 1367.5875 420.7046 -235.4869
v 1367.5071 420.7046 -231.9879
v 1368.5894 420.6332 -235.4635
v 1368.5047 420.6332 -231.9645
v 1369.5925 420.5618 -235.4384
v 1369.5009 420.5618 -231.9396
v 1370.5972 420.4904 -235.4109
v 1370.4955 420.4904 -231.9124
v 1371.6034 420.4191 -235.3799
v 1371.4882 420.4191 -231.8818
v 1372.6110 420.3478 -235.3445
v 1372.4793 420.3478 -231.8470
v 1373.6197 420.2766 -235.3040
v 1373.4689 420.2766 -231.8072
v 1374.6293 420.2055 -235.2575
v 1374.4570 420.2055 -231.7617
v 1375.6398 420.1343 -235.2044
v 1375.4435 420.1343 -231.7099
v 1376.6506 420.0632 -235.1439
v 1376.4289 420.0632 -231.6509
v 1377.6607 419.9920 -235.0762
v 1377.4142 419.9920 -231.5848
v 1378.6700 419.9209 -235.0013
v 1378.3991 419.9209 -231.5118
v 1379.6786 419.8499 -234.9195
v 1379.3838 419.8499 -231.4319
v 1380.6862 419.7788 -234.8309
v 1380.3683 419.7788 -231.3454
v 1381.6926 419.7078 -234.7359
v 1381.3528 419.7078 -231.2524
v 1382.6977 419.6368 -234.6347
v 1382.3376 419.6368 -231.1533
v 1383.7017 419.5659 -234.5281
v 1383.3222 419.5659 -231.0487
v 1384.7049 419.4950 -234.4158
v 1384.3065 419.4950 -230.9385
v 1385.7067 419.4241 -234.2984
v 1385.2910 419.4241 -230.8232
v 1386.7076 419.3532 -234.1762
v 1386.2754 419.3532 -230.7030
v 1387.7074 419.2824 -234.0495
v 1387.2595 419.2824 -230.5782
v 1388.7063 419.2116 -233.9183
v 1388.2435 419.2116 -230.4490
v 1389.7041 419.1408 -233.7831
v 1389.2275 419.1408 -230.3157
v 1390.7007 419.0700 -233.6442
v 1390.2117 419.0700 -230.1785
v 1391.6964 418.9993 -233.5020
v 1391.1959 418.9993 -230.0380
v 1392.6915 418.9286 -233.3565
v 1392.1797 418.9286 -229.8941
v 1393.6861 418.8579 -233.2079
v 1393.1631 418.8579 -229.7472
v 1394.6806 418.7872 -233.0559
v 1394.1457 418.7872 -229.5970
v 1395.6753 418.7165 -232.9002
v 1395.1269 418.7165 -229.4435
v 1396.6704 418.6459 -232.7403
v 1396.1063 418.6459 -229.2860
v 1397.6661 418.5753 -232.5752
v 1397.0836 418.5753 -229.1240
v 1398.6622 418.5047 -232.4041
v 1398.0584 418.5047 -228.9565
v 1399.6585 418.4341 -232.2262
v 1399.0307 418.4341 -228.7830
v 1400.6547 418.3635 -232.0408
v 1400.0006 418.3635 -228.6024
v 1401.6501 418.2930 -231.8473
v 1400.9681 418.2930 -228.4144
v 1402.6445 418.2224 -231.6455
v 1401.9334 418.2224 -228.2185
v 1403.6372 418.1518 -231.4350
v 1402.8970 418.1518 -228.0142
v 1404.6275 418.0813 -231.2164
v 1403.8594 418.0813 -227.8017
v 1405.6155 418.0108 -230.9900
v 1404.8206 418.0108 -227.5815
v 1406.6012 417.9403 -230.7561
v 1405.7806 417.9403 -227.3537
v 1407.5845 417.8698 -230.5151
v 1406.7395 417.8698 -227.1186
v 1408.5653 417.7993 -230.2675
v 1407.6978 417.7993 -226.8767
v 1409.5434 417.7288 -230.0139
v 1408.6555 417.7288 -226.6284
v 1410.5193 417.6583 -229.7550
v 1409.6126 417.6583 -226.3745
v 1411.4932 417.5878 -229.4910
v 1410.5689 417.5878 -226.1152
v 1412.4652 417.5173 -229.2222
v 1411.5244 417.5173 -225.8510
v 1413.4353 417.4468 -228.9490
v 1412.4794 417.4468 -225.5820
v 1414.4034 417.3763 -228.6719
v 1413.4340 417.3763 -225.3088
v 1415.3698 417.3059 -228.3914
v 1414.3883 417.3059 -225.0318
v 1416.3345 417.2354 -228.1077
v 1415.3423 417.2354 -224.7513
v 1417.2980 417.1649 -227.8213
v 1416.2959 417.1649 -224.4679
v 1418.2605 417.0944 -227.5322
v 1417.2488 417.0944 -224.1816
v 1419.2224 417.0239 -227.2402
v 1418.2006 417.0239 -223.8927
v 1420.1841 416.9534 -226.9451
v 1419.1509 416.9534 -223.6010
v 1421.1455 416.8829 -226.6461
v 1420.0992 416.8829 -223.3061
v 1422.1065 416.8124 -226.3428
v 1421.0454 416.8124 -223.0075
v 1423.0667 416.7419 -226.0349
v 1421.9895 416.7419 -222.7048
v 1424.0261 416.6714 -225.7218
v 1422.9313 416.6714 -222.3975
v 1424.9841 416.6009 -225.4035
v 1423.8712 416.6009 -222.0851
v 1425.9402 416.5303 -225.0799
v 1424.8094 416.5303 -221.7676
v 1426.8939 416.4598 -224.7515
v 1425.7466 416.4598 -221.4449
v 1427.8453 416.3892 -224.4188
v 1426.6831 416.3892 -221.1174
v 1428.7947 416.3186 -224.0823
v 1427.6186 416.3186 -220.7858
v 1429.7423 416.2481 -223.7421
v 1428.5533 416.2481 -220.4502
v 1430.6880 416.1775 -223.3985
v 1429.4873 416.1775 -220.1109
v 1431.6319 416.1069 -223.0520
v 1430.4209 416.1069 -219.7681
v 1432.5742 416.0362 -222.7030
v 1431.3541 416.0362 -219.4225
v 1433.5153 415.9656 -222.3515
v 1432.2865 415.9656 -219.0743
v 1434.4554 415.8949 -221.9976
v 1433.2182 415.8949 -218.7235
v 1435.3944 415.8242 -221.6414
v 1434.1492 415.8242 -218.3704
v 1436.3323 415.7535 -221.2831
v 1435.0795 415.7535 -218.0150
v 1437.2691 415.6828 -220.9228
v 1436.0094 415.6828 -217.6573
v 1438.2050 415.6121 -220.5607
v 1436.9387 415.6121 -217.2978
v 1439.1401 415.5413 -220.1967
v 1437.8674 415.5413 -216.9363
v 1440.0744 415.4705 -219.8309
v 1438.7955 415.4705 -216.5729
v 1441.0079 415.3998 -219.4635
v 1439.7230 415.3998 -216.2079
v 1441.9409 415.3289 -219.0943
v 1440.6496 415.3289 -215.8412
v 1442.8736 415.2581 -218.7232
v 1441.5751 415.2581 -215.4725
v 1443.8060 415.1872 -218.3501
v 1442.4992 415.1872 -215.1016
v 1444.7379 415.1163 -217.9746
v 1443.4217 415.1163 -214.7282
v 1445.6694 415.0454 -217.5965
v 1444.3425 415.0454 -214.3522
v 1446.6005 414.9745 -217.2153
v 1445.2613 414.9745 -213.9734
v 1447.5310 414.9035 -216.8303
v 1446.1778 414.9035 -213.5913
v 1448.4609 414.8325 -216.4410
v 1447.0916 414.8325 -213.2057
v 1449.3902 414.7615 -216.0466
v 1448.0022 414.7615 -212.8161
v 1450.3186 414.6905 -215.6461
v 1448.9088 414.6905 -212.4218
v 1451.2456 414.6194 -215.2385
v 1449.8114 414.6194 -212.0220
v 1452.1706 414.5483 -214.8232
v 1450.7096 414.5483 -211.6159
v 1453.0930 414.4772 -214.3996
v 1451.6034 414.4772 -211.2030
v 1454.0123 414.4060 -213.9674
v 1452.4929 414.4060 -210.7826
v 1454.9280 414.3348 -213.5262
v 1453.3779 414.3348 -210.3543
v 1455.8398 414.2635 -213.0760
v 1454.2585 414.2635 -209.9181
v 1456.7479 414.1922 -212.6162
v 1455.1339 414.1922 -209.4737
v 1457.6520 414.1209 -212.1462
v 1456.0036 414.1209 -209.0208
v 1458.5509 414.0496 -211.6659
v 1456.8680 414.0496 -208.5585
v 1459.4446 413.9782 -211.1758
v 1457.7273 413.9782 -208.0870
v 1460.3332 413.9067 -210.6752
v 1458.5807 413.9067 -207.6062
v 1461.2164 413.8352 -210.1640
v 1459.4279 413.8352 -207.1158
v 1462.0934 413.7636 -209.6424
v 1460.2695 413.7636 -206.6153
v 1462.9634 413.6920 -209.1114
v 1461.1062 413.6920 -206.1047
v 1463.8268 413.6204 -208.5717
v 1461.9383 413.6204 -205.5844
v 1464.6844 413.5487 -208.0236
v 1462.7654 413.5487 -205.0556
v 1465.5360 413.4770 -207.4667
v 1463.5874 413.4770 -204.5181
v 1466.3811 413.4052 -206.9021
v 1464.4052 413.4052 -203.9722
v 1467.2201 413.3333 -206.3303
v 1465.2190 413.3333 -203.4183
v 1468.0536 413.2615 -205.7519
v 1466.0288 413.2615 -202.8573
v 1468.8820 413.1896 -205.1670
v 1466.8343 413.1896 -202.2892
v 1469.7054 413.1176 -204.5759
v 1467.6357 413.1176 -201.7146
v 1470.5241 413.0456 -203.9788
v 1468.4328 413.0456 -201.1334
v 1471.3383 412.9735 -203.3759
v 1469.2255 412.9735 -200.5460
v 1472.1481 412.9013 -202.7672
v 1470.0137 412.9013 -199.9523
v 1472.9536 412.8292 -202.1528
v 1470.7971 412.8292 -199.3526
v 1473.7553 412.7569 -201.5323
v 1471.5751 412.7569 -198.7469
v 1474.5525 412.6847 -200.9056
v 1472.3477 412.6847 -198.1346
v 1475.3451 412.6123 -200.2733
v 1473.1149 412.6123 -197.5157
v 1476.1336 412.5399 -199.6348
v 1473.8763 412.5399 -196.8904
v 1476.9177 412.4675 -198.9899
v 1474.6311 412.4675 -196.2585
v 1477.6972 412.3950 -198.3385
v 1475.3793 412.3950 -195.6196
v 1478.4720 412.3225 -197.6803
v 1476.1202 412.3225 -194.9735
v 1479.2415 412.2499 -197.0154
v 1476.8539 412.2499 -194.3198
v 1480.0058 412.1773 -196.3436
v 1477.5801 412.1773 -193.6586
v 1480.7647 412.1046 -195.6645
v 1478.2981 412.1046 -192.9898
v 1481.5178 412.0318 -194.9780
v 1479.0079 412.0318 -192.3131
v 1482.2649 411.9590 -194.2840
v 1479.7091 411.9590 -191.6285
v 1483.0057 411.8861 -193.5820
v 1480.4012 411.8861 -190.9360
v 1483.7398 411.8130 -192.8721
v 1481.0841 411.8130 -190.2353
v 1484.4670 411.7399 -192.1537
v 1481.7574 411.7399 -189.5267
v 1485.1869 411.6666 -191.4261
v 1482.4204 411.6666 -188.8104
v 1485.8989 411.5933 -190.6889
v 1483.0726 411.5933 -188.0860
v 1486.6022 411.5199 -189.9418
v 1483.7139 411.5199 -187.3536
v 1487.2964 411.4464 -189.1839
v 1484.3434 411.4464 -186.6133
v 1487.9813 411.3728 -188.4139
v 1484.9599 411.3728 -185.8659
v 1488.6554 411.2991 -187.6300
v 1485.5617 411.2991 -185.1112
v 1489.3174 411.2254 -186.8308
v 1486.1475 411.2254 -184.3492
v 1489.9652 411.1515 -186.0146
v 1486.7154 411.1515 -183.5797
v 1490.5971 411.0776 -185.1795
v 1487.2636 411.0776 -182.8029
v 1491.2100 411.0036 -184.3233
v 1487.7895 411.0036 -182.0185
v 1491.8005 410.9295 -183.4448
v 1488.2915 410.9295 -181.2260
v 1492.3650 410.8554 -182.5433
v 1488.7679 410.8554 -180.4246
v 1492.9000 410.7811 -181.6180
v 1489.2171 410.7811 -179.6144
v 1493.4014 410.7069 -180.6691
v 1489.6378 410.7069 -178.7949
v 1493.8653 410.6325 -179.6983
v 1490.0294 410.6325 -177.9645
v 1494.2888 410.5582 -178.7083
v 1490.3925 410.5582 -177.1227
v 1494.6704 410.4838 -177.7005
v 1490.7269 410.4838 -176.2699
v 1495.0113 410.4093 -176.6767
v 1491.0295 410.4093 -175.4066
v 1495.3102 410.3349 -175.6402
v 1491.2987 410.3349 -174.5320
v 1495.5670 410.2604 -174.5943
v 1491.5354 410.2604 -173.6460
v 1495.7857 410.1859 -173.5417
v 1491.7361 410.1859 -172.7492
v 1495.9680 410.1114 -172.4830
v 1491.9002 410.1114 -171.8442
v 1496.1133 410.0370 -171.4198
v 1492.0272 410.0370 -170.9320
v 1496.2226 409.9625 -170.3542
v 1492.1183 409.9625 -170.0130
v 1496.2968 409.8880 -169.2886
v 1492.1742 409.8880 -169.0877
v 1496.3380 409.8135 -168.2256
v 1492.1971 409.8135 -168.1563
v 1496.3488 409.7390 -167.1670
v 1492.1890 409.7390 -167.2187
v 1496.3326 409.6646 -166.1165
v 1492.1529 409.6646 -166.2728
v 1496.2930 409.5901 -165.0774
v 1492.0955 409.5901 -165.3162
v 1496.2366 409.5157 -164.0502
v 1492.0218 409.5157 -164.3488
v 1496.1695 409.4413 -163.0364
v 1491.9365 409.4413 -163.3688
v 1496.0996 409.3669 -162.0389
v 1491.8457 409.3669 -162.3730
v 1496.0354 409.2927 -161.0573
v 1491.7574 409.2927 -161.3608
v 1495.9838 409.2185 -160.0914
v 1491.6786 409.2185 -160.3322
v 1495.9521 409.1443 -159.1411
v 1491.6175 409.1443 -159.2867
v 1495.9466 409.0703 -158.2089
v 1491.5817 409.0703 -158.2232
v 1495.9749 408.9962 -157.2973
v 1491.5817 408.9962 -157.1412
v 1496.0429 408.9223 -156.4080
v 1491.6267 408.9223 -156.0431
v 1496.1566 408.8485 -155.5428
v 1491.7273 408.8485 -154.9326
v 1496.3199 408.7747 -154.7029
v 1491.8913 408.7747 -153.8164
v 1496.5362 408.7012 -153.8893
v 1492.1253 408.7012 -152.7012
v 1496.8074 408.6277 -153.1018
v 1492.4330 408.6277 -151.5962
v 1497.1321 408.5543 -152.3388
v 1492.8170 408.5543 -150.5109
v 1497.5091 408.4810 -151.5992
v 1493.2749 408.4810 -149.4549
v 1497.9377 408.4079 -150.8811
v 1493.8005 408.4079 -148.4356
v 1498.4122 408.3350 -150.1827
v 1494.3893 408.3350 -147.4585
v 1498.9280 408.2622 -149.5054
v 1495.0357 408.2622 -146.5250
v 1499.4799 408.1896 -148.8537
v 1495.7367 408.1896 -145.6336
v 1500.0642 408.1171 -148.2324
v 1496.4912 408.1171 -144.7854
v 1500.6792 408.0449 -147.6438
v 1497.2964 408.0449 -143.9837
v 1501.3202 407.9730 -147.0926
v 1498.1518 407.9730 -143.2294
v 1501.9845 407.9013 -146.5844
v 1499.0588 407.9013 -142.5270
v 1502.6691 407.8298 -146.1233
v 1500.0177 407.8298 -141.8807
v 1503.3728 407.7587 -145.7165
v 1501.0277 407.7587 -141.2968
v 1504.0982 407.6878 -145.3647
v 1502.0818 407.6878 -140.7856
v 1504.8433 407.6172 -145.0687
v 1503.1733 407.6172 -140.3521
v 1505.6054 407.5469 -144.8309
v 1504.2970 407.5469 -140.0014
v 1506.3845 407.4769 -144.6512
v 1505.4429 407.4769 -139.7371
v 1507.1761 407.4072 -144.5300
v 1506.6051 407.4072 -139.5591
v 1507.9789 407.3379 -144.4682
v 1507.7746 407.3379 -139.4692
v 1508.7916 407.2688 -144.4642
v 1508.9412 407.2688 -139.4634
v 1509.6060 407.2002 -144.5170
v 1510.1032 407.2002 -139.5387
v 1510.4157 407.1319 -144.6264
v 1511.2568 407.1319 -139.6946
v 1511.2164 407.0639 -144.7917
v 1512.3960 407.0639 -139.9297
v 1512.0019 406.9963 -145.0112
v 1513.5177 406.9963 -140.2433
v 1512.7700 406.9290 -145.2856
v 1514.6139 406.9290 -140.6348
v 1513.5187 406.8621 -145.6120
v 1515.6791 406.8621 -141.1008
v 1514.2437 406.7955 -145.9878
v 1516.7088 406.7955 -141.6416
v 1514.9431 406.7292 -146.4114
v 1517.6975 406.7292 -142.2542
v 1515.6143 406.6632 -146.8817
v 1518.6390 406.6632 -142.9347
v 1516.2550 406.5976 -147.3961
v 1519.5292 406.5976 -143.6784
v 1516.8633 406.5322 -147.9539
v 1520.3622 406.5322 -144.4801
v 1517.4372 406.4671 -148.5506
v 1521.1375 406.4671 -145.3346
v 1517.9734 406.4023 -149.1851
v 1521.8503 406.4023 -146.2385
v 1518.4731 406.3378 -149.8562
v 1522.4992 406.3378 -147.1835
v 1518.9349 406.2734 -150.5629
v 1523.0817 406.2734 -148.1640
v 1519.3608 406.2094 -151.3044
v 1523.5986 406.2094 -149.1704
v 1519.7505 406.1455 -152.0776
v 1524.0525 406.1455 -150.1971
v 1520.1039 406.0820 -152.8771
v 1524.4478 406.0820 -151.2405
v 1520.4206 406.0186 -153.7018
v 1524.7851 406.0186 -152.2959
v 1520.7027 405.9555 -154.5481
v 1525.0696 405.9555 -153.3587
v 1520.9487 405.8925 -155.4142
v 1525.3036 405.8925 -154.4261
v 1521.1614 405.8298 -156.2993
v 1525.4926 405.8298 -155.4933
v 1521.3416 405.7672 -157.1985
v 1525.6400 405.7672 -156.5612
v 1521.4907 405.7048 -158.1126
v 1525.7482 405.7048 -157.6256
v 1521.6127 405.6427 -159.0421
v 1525.8225 405.6427 -158.6829
v 1521.7105 405.5807 -159.9849
v 1525.8679 405.5807 -159.7323
v 1521.7880 405.5189 -160.9399
v 1525.8895 405.5189 -160.7731
v 1521.8485 405.4573 -161.9028
v 1525.8923 405.4573 -161.8081
v 1521.8932 405.3958 -162.8730
v 1525.8779 405.3958 -162.8369
v 1521.9261 405.3345 -163.8513
v 1525.8509 405.3345 -163.8581
v 1521.9493 405.2733 -164.8345
v 1525.8150 405.2733 -164.8745
v 1521.9625 405.2123 -165.8224
v 1525.7732 405.2123 -165.8862
v 1521.9687 405.1515 -166.8142
v 1525.7286 405.1515 -166.8939
v 1521.9685 405.0908 -167.8084
v 1525.6823 405.0908 -167.8991
v 1521.9636 405.0302 -168.8062
v 1525.6360 405.0302 -168.9006
v 1521.9562 404.9699 -169.8057
v 1525.5919 404.9699 -169.9004
v 1521.9459 404.9096 -170.8061
v 1525.5497 404.9096 -170.8993
v 1521.9341 404.8495 -171.8078
v 1525.5106 404.8495 -171.8970
v 1521.9211 404.7896 -172.8094
v 1525.4748 404.7896 -172.8948
v 1521.9067 404.7298 -173.8109
v 1525.4420 404.7298 -173.8927
v 1521.8911 404.6701 -174.8124
v 1525.4121 404.6701 -174.8907
v 1521.8746 404.6106 -175.8138
v 1525.3851 404.6106 -175.8888
v 1521.8571 404.5513 -176.8158
v 1525.3608 404.5513 -176.8864
v 1521.8395 404.4922 -177.8187
v 1525.3396 404.4922 -177.8831
v 1521.8224 404.4333 -178.8226
v 1525.3219 404.4333 -178.8789
v 1521.8076 404.3745 -179.8270
v 1525.3072 404.3745 -179.8742
v 1521.7953 404.3160 -180.8319
v 1525.2951 404.3160 -180.8691
v 1521.7861 404.2576 -181.8377
v 1525.2861 404.2576 -181.8632
v 1521.7806 404.1994 -182.8443
v 1525.2806 404.1994 -182.8564
v 1521.7792 404.1414 -183.8513
v 1525.2792 404.1414 -183.8494
v 1521.7818 404.0836 -184.8580
v 1525.2817 404.0836 -184.8426
v 1521.7881 404.0260 -185.8642
v 1525.2880 404.0260 -185.8363
v 1521.7978 403.9686 -186.8701
v 1525.2975 403.9686 -186.8303
v 1521.8109 403.9113 -187.8754
v 1525.3106 403.9113 -187.8247
v 1521.8260 403.8541 -188.8798
v 1525.3272 403.8541 -188.8201
v 1521.8422 403.7971 -189.8834
v 1525.3474 403.7971 -189.8161
v 1521.8591 403.7403 -190.8865
v 1525.3709 403.7403 -190.8126
v 1521.8765 403.6836 -191.8890
v 1525.3972 403.6836 -191.8096
v 1521.8939 403.6271 -192.8909
v 1525.4263 403.6271 -192.8072
v 1521.9110 403.5707 -193.8920
v 1525.4574 403.5707 -193.8055
v 1521.9275 403.5145 -194.8927
v 1525.4903 403.5145 -194.8041
v 1521.9432 403.4584 -195.8932
v 1525.5247 403.4584 -195.8031
v 1521.9580 403.4023 -196.8925
v 1525.5603 403.4023 -196.8032
v 1521.9709 403.3463 -197.8892
v 1525.5961 403.3463 -197.8058
v 1521.9803 403.2904 -198.8829
v 1525.6300 403.2904 -198.8116
v 1521.9848 403.2346 -199.8736
v 1525.6604 403.2346 -199.8205
v 1521.9827 403.1788 -200.8605
v 1525.6854 403.1788 -200.8332
v 1521.9720 403.1231 -201.8430
v 1525.7026 403.1231 -201.8503
v 1521.9508 403.0675 -202.8206
v 1525.7094 403.0675 -202.8720
v 1521.9169 403.0120 -203.7932
v 1525.7030 403.0120 -203.8981
v 1521.8684 402.9565 -204.7609
v 1525.6811 402.9565 -204.9282
v 1521.8036 402.9010 -205.7234
v 1525.6412 402.9010 -205.9616
v 1521.7208 402.8456 -206.6804
v 1525.5811 402.8456 -206.9978
v 1521.6186 402.7903 -207.6317
v 1525.4987 402.7903 -208.0358
v 1521.4959 402.7350 -208.5756
v 1525.3921 402.7350 -209.0764
v 1521.3502 402.6798 -209.5120
v 1525.2580 402.6798 -210.1174
v 1521.1807 402.6246 -210.4420
v 1525.0959 402.6246 -211.1566
v 1520.9869 402.5695 -211.3645
v 1524.9043 402.5695 -212.1933
v 1520.7680 402.5143 -212.2786
v 1524.6822 402.5143 -213.2263
v 1520.5241 402.4592 -213.1841
v 1524.4276 402.4592 -214.2539
v 1520.2552 402.4042 -214.0805
v 1524.1398 402.4042 -215.2744
v 1519.9602 402.3492 -214.9691
v 1523.8187 402.3492 -216.2845
v 1519.6410 402.2942 -215.8494
v 1523.4661 402.2942 -217.2837
v 1519.2970 402.2392 -216.7191
v 1523.0805 402.2392 -218.2720
v 1518.9277 402.1842 -217.5799
v 1522.6636 402.1842 -219.2461
v 1518.5342 402.1293 -218.4323
v 1522.2171 402.1293 -220.2048
v 1518.1174 402.0744 -219.2755
v 1521.7424 402.0744 -221.1483
v 1517.6777 402.0194 -220.1094
v 1521.2408 402.0194 -222.0754
v 1517.2170 401.9645 -220.9333
v 1520.7135 401.9645 -222.9871
v 1516.7347 401.9096 -221.7464
v 1520.1610 401.9096 -223.8822
v 1516.2316 401.8546 -222.5502
v 1519.5859 401.8546 -224.7597
v 1515.7089 401.7997 -223.3441
v 1518.9896 401.7997 -225.6203
v 1515.1673 401.7447 -224.1277
v 1518.3729 401.7447 -226.4644
v 1514.6075 401.6896 -224.9012
v 1517.7375 401.6896 -227.2919
v 1514.0297 401.6346 -225.6639
v 1517.0851 401.6346 -228.1036
v 1513.4343 401.5795 -226.4163
v 1516.4171 401.5795 -228.8995
v 1512.8225 401.5243 -227.1589
v 1515.7353 401.5243 -229.6802
v 1512.1956 401.4692 -227.8909
v 1515.0401 401.4692 -230.4468
v 1511.5544 401.4139 -228.6120
v 1514.3320 401.4139 -231.2001
v 1510.8989 401.3587 -229.3227
v 1513.6119 401.3587 -231.9394
v 1510.2289 401.3033 -230.0247
v 1512.8824 401.3033 -232.6647
v 1509.5460 401.2479 -230.7190
v 1512.1451 401.2479 -233.3773
v 1508.8517 401.1925 -231.4059
v 1511.4008 401.1925 -234.0787
v 1508.1469 401.1370 -232.0861
v 1510.6505 401.1370 -234.7700
v 1507.4326 401.0815 -232.7605
v 1509.8956 401.0815 -235.4521
v 1506.7096 401.0258 -233.4301
v 1509.1373 401.0258 -236.1259
v 1505.9793 400.9701 -234.0961
v 1508.3769 400.9701 -236.7930
v 1505.2435 400.9144 -234.7583
v 1507.6142 400.9144 -237.4552
v 1504.5025 400.8586 -235.4171
v 1506.8497 400.8586 -238.1128
v 1503.7568 400.8027 -236.0734
v 1506.0843 400.8027 -238.7666
v 1503.0073 400.7467 -236.7278
v 1505.3185 400.7467 -239.4175
v 1502.2547 400.6907 -237.3806
v 1504.5526 400.6907 -240.0663
v 1501.4995 400.6345 -238.0321
v 1503.7870 400.6345 -240.7136
v 1500.7423 400.5784 -238.6828
v 1503.0219 400.5784 -241.3601
v 1499.9835 400.5221 -239.3328
v 1502.2575 400.5221 -242.0061
v 1499.2234 400.4657 -239.9823
v 1501.4939 400.4657 -242.6522
v 1498.4623 400.4092 -240.6317
v 1500.7315 400.4092 -243.2985
v 1497.7007 400.3526 -241.2811
v 1499.9703 400.3526 -243.9455
v 1496.9388 400.2959 -241.9306
v 1499.2100 400.2959 -244.5935
v 1496.1771 400.2391 -242.5805
v 1498.4504 400.2391 -245.2418
v 1495.4159 400.1822 -243.2314
v 1497.6915 400.1822 -245.8907
v 1494.6554 400.1253 -243.8827
v 1496.9329 400.1253 -246.5403
v 1493.8956 400.0682 -244.5343
v 1496.1746 400.0682 -247.1906
v 1493.1364 400.0110 -245.1859
v 1495.4161 400.0110 -247.8416
v 1492.3777 399.9538 -245.8371
v 1494.6572 399.9538 -248.4931
v 1491.6190 399.8964 -246.4882
v 1493.8981 399.8964 -249.1444
v 1490.8604 399.8390 -247.1390
v 1493.1388 399.8390 -249.7959
v 1490.1019 399.7814 -247.7892
v 1492.3788 399.7814 -250.4473
v 1489.3431 399.7238 -248.4387
v 1491.6182 399.7238 -251.0984
v 1488.5838 399.6660 -249.0877
v 1490.8572 399.6660 -251.7489
v 1487.8240 399.6082 -249.7365
v 1490.0961 399.6082 -252.3988
v 1487.0635 399.5502 -250.3852
v 1489.3350 399.5502 -253.0480
v 1486.3028 399.4922 -251.0341
v 1488.5740 399.4922 -253.6971
v 1485.5421 399.4340 -251.6828
v 1487.8129 399.4340 -254.3461
v 1484.7811 399.3758 -252.3316
v 1487.0520 399.3758 -254.9949
v 1484.0198 399.3175 -252.9809
v 1486.2915 399.3175 -255.6434
v 1483.2586 399.2590 -253.6306
v 1485.5316 399.2590 -256.2922
v 1482.4977 399.2005 -254.2807
v 1484.7719 399.2005 -256.9412
v 1481.7369 399.1419 -254.9315
v 1484.0128 399.1419 -257.5905
v 1480.9762 399.0832 -255.5830
v 1483.2545 399.0832 -258.2399
v 1480.2158 399.0243 -256.2358
v 1482.4975 399.0243 -258.8899
v 1479.4561 398.9654 -256.8898
v 1481.7414 398.9654 -259.5407
v 1478.6973 398.9063 -257.5449
v 1480.9863 398.9063 -260.1926
v 1477.9394 398.8472 -258.2011
v 1480.2323 398.8472 -260.8455
v 1477.1825 398.7879 -258.8583
v 1479.4790 398.7879 -261.4996
v 1476.4267 398.7286 -259.5164
v 1478.7264 398.7286 -262.1548
v 1475.6718 398.6691 -260.1752
v 1477.9745 398.6691 -262.8110
v 1474.9178 398.6095 -260.8345
v 1477.2229 398.6095 -263.4682
v 1474.1646 398.5498 -261.4944
v 1476.4717 398.5498 -264.1263
v 1473.4120 398.4900 -262.1545
v 1475.7208 398.4900 -264.7850
v 1472.6600 398.4301 -262.8149
v 1474.9700 398.4301 -265.4444
v 1471.9084 398.3701 -263.4755
v 1474.2193 398.3701 -266.1040
v 1471.1569 398.3100 -264.1364
v 1473.4691 398.3100 -266.7640
v 1470.4057 398.2497 -264.7977
v 1472.7191 398.2497 -267.4242
v 1469.6548 398.1894 -265.4594
v 1471.9694 398.1894 -268.0848
v 1468.9043 398.1289 -266.1214
v 1471.2201 398.1289 -268.7457
v 1468.1542 398.0684 -266.7835
v 1470.4708 398.0684 -269.4072
v 1467.4045 398.0077 -267.4456
v 1469.7213 398.0077 -270.0690
v 1466.6551 397.9470 -268.1074
v 1468.9717 397.9470 -270.7310
v 1465.9059 397.8861 -268.7689
v 1468.2215 397.8861 -271.3933
v 1465.1569 397.8252 -269.4293
v 1467.4704 397.8252 -272.0557
v 1464.4078 397.7641 -270.0885
v 1466.7181 397.7641 -272.7177
v 1463.6583 397.7030 -270.7462
v 1465.9643 397.7030 -273.3791
v 1462.9082 397.6418 -271.4020
v 1465.2087 397.6418 -274.0397
v 1462.1570 397.5804 -272.0556
v 1464.4511 397.5804 -274.6988
v 1461.4043 397.5190 -272.7071
v 1463.6917 397.5190 -275.3563
v 1460.6503 397.4575 -273.3565
v 1462.9303 397.4575 -276.0120
v 1459.8947 397.3959 -274.0033
v 1462.1665 397.3959 -276.6658
v 1459.1374 397.3341 -274.6474
v 1461.4004 397.3341 -277.3174
v 1458.3780 397.2723 -275.2888
v 1460.6319 397.2723 -277.9664
v 1457.6162 397.2105 -275.9278
v 1459.8614 397.2105 -278.6128
v 1456.8526 397.1485 -276.5643
v 1459.0888 397.1485 -279.2568
v 1456.0873 397.0865 -277.1976
v 1458.3133 397.0865 -279.8985
v 1455.3199 397.0244 -277.8276
v 1457.5349 397.0244 -280.5375
v 1454.5501 396.9622 -278.4541
v 1456.7536 396.9622 -281.1734
v 1453.7777 396.8999 -279.0773
v 1455.9695 396.8999 -281.8060
v 1453.0028 396.8376 -279.6969
v 1455.1824 396.8376 -282.4354
v 1452.2254 396.7751 -280.3127
v 1454.3922 396.7751 -283.0614
v 1451.4451 396.7126 -280.9248
v 1453.5990 396.7126 -283.6836
v 1450.6618 396.6500 -281.5334
v 1452.8030 396.6500 -284.3021
v 1449.8757 396.5873 -282.1386
v 1452.0044 396.5873 -284.9168
v 1449.0867 396.5246 -282.7403
v 1451.2031 396.5246 -285.5279
v 1448.2952 396.4617 -283.3385
v 1450.3991 396.4617 -286.1355
v 1447.5008 396.3988 -283.9332
v 1449.5926 396.3988 -286.7394
v 1446.7034 396.3358 -284.5250
v 1448.7840 396.3358 -287.3395
v 1445.9034 396.2728 -285.1141
v 1447.9736 396.2728 -287.9362
v 1445.1011 396.2097 -285.7005
v 1447.1612 396.2097 -288.5299
v 1444.2963 396.1465 -286.2843
v 1446.3471 396.1465 -289.1205
v 1443.4892 396.0832 -286.8660
v 1445.5318 396.0832 -289.7082
v 1442.6801 396.0199 -287.4458
v 1444.7152 396.0199 -290.2933
v 1441.8693 395.9564 -288.0237
v 1443.8974 395.9564 -290.8763
v 1441.0572 395.8929 -288.5996
v 1443.0781 395.8929 -291.4572
v 1440.2438 395.8293 -289.1733
v 1442.2571 395.8293 -292.0363
v 1439.4292 395.7657 -289.7444
v 1441.4342 395.7657 -292.6133
v 1438.6131 395.7019 -290.3130
v 1440.6092 395.7019 -293.1880
v 1437.7956 395.6381 -290.8786
v 1439.7821 395.6381 -293.7603
v 1436.9765 395.5742 -291.4411
v 1438.9526 395.5742 -294.3299
v 1436.1557 395.5102 -292.0004
v 1438.1207 395.5102 -294.8968
v 1435.3332 395.4462 -292.5560
v 1437.2859 395.4462 -295.4607
v 1434.5086 395.3820 -293.1077
v 1436.4483 395.3820 -296.0211
v 1433.6820 395.3177 -293.6554
v 1435.6077 395.3177 -296.5780
v 1432.8531 395.2534 -294.1986
v 1434.7639 395.2534 -297.1310
v 1432.0218 395.1891 -294.7372
v 1433.9168 395.1891 -297.6798
v 1431.1878 395.1246 -295.2711
v 1433.0665 395.1246 -298.2241
v 1430.3507 395.0601 -295.8003
v 1432.2133 395.0601 -298.7636
v 1429.5106 394.9955 -296.3252
v 1431.3573 394.9955 -299.2984
v 1428.6676 394.9308 -296.8457
v 1430.4987 394.9308 -299.8285
v 1427.8215 394.8660 -297.3622
v 1429.6377 394.8660 -300.3540
v 1426.9726 394.8011 -297.8747
v 1428.7745 394.8011 -300.8752
v 1426.1212 394.7362 -298.3832
v 1427.9090 394.7362 -301.3921
v 1425.2673 394.6712 -298.8880
v 1427.0413 394.6712 -301.9051
v 1424.4113 394.6062 -299.3886
v 1426.1710 394.6062 -302.4141
v 1423.5528 394.5411 -299.8852
v 1425.2983 394.5411 -302.9189
v 1422.6917 394.4758 -300.3780
v 1424.4236 394.4758 -303.4195
v 1421.8283 394.4105 -300.8671
v 1423.5470 394.4105 -303.9161
v 1420.9624 394.3452 -301.3527
v 1422.6685 394.3452 -304.4088
v 1420.0943 394.2797 -301.8352
v 1421.7885 394.2797 -304.8978
v 1419.2240 394.2143 -302.3144
v 1420.9069 394.2143 -305.3832
v 1418.3515 394.1487 -302.7909
v 1420.0242 394.1487 -305.8654
v 1417.4770 394.0831 -303.2649
v 1419.1403 394.0831 -306.3444
v 1416.6006 394.0174 -303.7367
v 1418.2557 394.0174 -306.8206
v 1415.7224 393.9517 -304.2065
v 1417.3705 393.9517 -307.2943
v 1414.8428 393.8859 -304.6748
v 1416.4847 393.8859 -307.7658
v 1413.9619 393.8201 -305.1417
v 1415.5984 393.8201 -308.2355
v 1413.0800 393.7542 -305.6073
v 1414.7118 393.7542 -308.7036
v 1412.1969 393.6882 -306.0718
v 1413.8248 393.6882 -309.1702
v 1411.3131 393.6222 -306.5356
v 1412.9375 393.6222 -309.6358
v 1410.4288 393.5562 -306.9983
v 1412.0498 393.5562 -310.1003
v 1409.5439 393.4901 -307.4600
v 1411.1616 393.4901 -310.5638
v 1408.6585 393.4240 -307.9210
v 1410.2730 393.4240 -311.0263
v 1407.7724 393.3579 -308.3811
v 1409.3841 393.3579 -311.4879
v 1406.8858 393.2917 -308.8406
v 1408.4951 393.2917 -311.9487
v 1405.9987 393.2255 -309.2995
v 1407.6057 393.2255 -312.4087
v 1405.1113 393.1593 -309.7577
v 1406.7161 393.1593 -312.8681
v 1404.2236 393.0931 -310.2154
v 1405.8261 393.0931 -313.3269
v 1403.3356 393.0268 -310.6723
v 1404.9358 393.0268 -313.7851
v 1402.4468 392.9606 -311.1288
v 1404.0455 392.9606 -314.2423
v 1401.5575 392.8943 -311.5853
v 1403.1555 392.8943 -314.6992
v 1400.6680 392.8280 -312.0416
v 1402.2655 392.8280 -315.1557
v 1399.7781 392.7617 -312.4982
v 1401.3760 392.7617 -315.6121
v 1398.8879 392.6954 -312.9550
v 1400.4868 392.6954 -316.0685
v 1397.9974 392.6291 -313.4126
v 1399.5984 392.6291 -316.5249
v 1397.1067 392.5628 -313.8713
v 1398.7111 392.5628 -316.9819
v 1396.2165 392.4965 -314.3311
v 1397.8244 392.4965 -317.4399
v 1395.3265 392.4302 -314.7920
v 1396.9383 392.4302 -317.8988
v 1394.4370 392.3640 -315.2543
v 1396.0532 392.3640 -318.3588
v 1393.5480 392.2978 -315.7179
v 1395.1689 392.2978 -318.8200
v 1392.6598 392.2316 -316.1829
v 1394.2852 392.2316 -319.2826
v 1391.7724 392.1654 -316.6491
v 1393.4020 392.1654 -319.7465
v 1390.8860 392.0993 -317.1161
v 1392.5191 392.0993 -320.2118
v 1390.0002 392.0332 -317.5840
v 1391.6363 392.0332 -320.6780
v 1389.1150 391.9671 -318.0526
v 1390.7540 391.9671 -321.1451
v 1388.2301 391.9011 -318.5221
v 1389.8722 391.9011 -321.6130
v 1387.3456 391.8352 -318.9927
v 1388.9910 391.8352 -322.0818
v 1386.4617 391.7693 -319.4641
v 1388.1102 391.7693 -322.5515
v 1385.5782 391.7034 -319.9363
v 1387.2299 391.7034 -323.0221
v 1384.6951 391.6376 -320.4096
v 1386.3501 391.6376 -323.4936
v 1383.8124 391.5719 -320.8840
v 1385.4712 391.5719 -323.9659
v 1382.9301 391.5063 -321.3596
v 1384.5929 391.5063 -324.4394
v 1382.0487 391.4407 -321.8362
v 1383.7151 391.4407 -324.9141
v 1381.1681 391.3752 -322.3135
v 1382.8374 391.3752 -325.3898
v 1380.2879 391.3098 -322.7917
v 1381.9602 391.3098 -325.8664
v 1379.4083 391.2445 -323.2706
v 1381.0833 391.2445 -326.3438
v 1378.5294 391.1792 -323.7501
v 1380.2065 391.1792 -326.8221
v 1377.6509 391.1141 -324.2301
v 1379.3298 391.1141 -327.3011
v 1376.7728 391.0490 -324.7105
v 1378.4533 391.0490 -327.7806
v 1375.8951 390.9841 -325.1911
v 1377.5768 390.9841 -328.2606
v 1375.0176 390.9192 -325.6721
v 1376.7005 390.9192 -328.7410
v 1374.1403 390.8545 -326.1534
v 1375.8244 390.8545 -329.2216
v 1373.2632 390.7899 -326.6351
v 1374.9484 390.7899 -329.7027
v 1372.3863 390.7255 -327.1170
v 1374.0726 390.7255 -330.1840
v 1371.5098 390.6611 -327.5991
v 1373.1967 390.6611 -330.6658
v 1370.6335 390.5969 -328.0811
v 1372.3206 390.5969 -331.1477
v 1369.7572 390.5328 -328.5633
v 1371.4447 390.5328 -331.6297
v 1368.8811 390.4688 -329.0455
v 1370.5686 390.4688 -332.1118
v 1368.0051 390.4050 -329.5276
v 1369.6925 390.4050 -332.5940
v 1367.1289 390.3414 -330.0097
v 1368.8164 390.3414 -333.0761
v 1366.2528 390.2779 -330.4920
v 1367.9404 390.2779 -333.5582
v 1365.3768 390.2146 -330.9741
v 1367.0642 390.2146 -334.0404
v 1364.5010 390.1514 -331.4560
v 1366.1878 390.1514 -334.5227
v 1363.6253 390.0884 -331.9374
v 1365.3108 390.0884 -335.0049
v 1362.7497 390.0256 -332.4183
v 1364.4334 390.0256 -335.4867
v 1361.8740 389.9631 -332.8985
v 1363.5555 389.9631 -335.9681
v 1360.9984 389.9007 -333.3776
v 1362.6766 389.9007 -336.4491
v 1360.1232 389.8385 -333.8551
v 1361.7961 389.8385 -336.9294
v 1359.2479 389.7766 -334.3301
v 1360.9136 389.7766 -337.4084
v 1358.3722 389.7149 -334.8025
v 1360.0291 389.7149 -337.8855
v 1357.4957 389.6534 -335.2718
v 1359.1425 389.6534 -338.3603
v 1356.6184 389.5922 -335.7374
v 1358.2534 389.5922 -338.8325
v 1355.7401 389.5311 -336.1987
v 1357.3614 389.5311 -339.3016
v 1354.8601 389.4704 -336.6554
v 1356.4666 389.4704 -339.7669
v 1353.9781 389.4098 -337.1075
v 1355.5694 389.4098 -340.2278
v 1353.0939 389.3496 -337.5552
v 1354.6697 389.3496 -340.6842
v 1352.2078 389.2896 -337.9981
v 1353.7674 389.2896 -341.1363
v 1351.3200 389.2299 -338.4358
v 1352.8618 389.2299 -341.5837
v 1350.4308 389.1705 -338.8674
v 1351.9523 389.1705 -342.0263
v 1349.5398 389.1113 -339.2922
v 1351.0387 389.1113 -342.4629
v 1348.6464 389.0524 -339.7098
v 1350.1209 389.0524 -342.8932
v 1347.7509 388.9938 -340.1195
v 1349.1985 388.9938 -343.3166
v 1346.8530 388.9355 -340.5203
v 1348.2712 388.9355 -343.7323
v 1345.9524 388.8775 -340.9117
v 1347.3387 388.8775 -344.1396
v 1345.0482 388.8198 -341.2932
v 1346.4015 388.8198 -344.5375
v 1344.1396 388.7625 -341.6652
v 1345.4607 388.7625 -344.9257
v 1343.2271 388.7054 -342.0280
v 1344.5163 388.7054 -345.3045
v 1342.3105 388.6487 -342.3814
v 1343.5684 388.6487 -345.6738
v 1341.3893 388.5923 -342.7261
v 1342.6183 388.5923 -346.0337
v 1340.4642 388.5362 -343.0629
v 1341.6659 388.5362 -346.3852
v 1339.5354 388.4804 -343.3918
v 1340.7113 388.4804 -346.7284
v 1338.6034 388.4250 -343.7134
v 1339.7546 388.4250 -347.0639
v 1337.6688 388.3700 -344.0278
v 1338.7955 388.3700 -347.3921
v 1336.7318 388.3153 -344.3347
v 1337.8338 388.3153 -347.7128
v 1335.7927 388.2609 -344.6343
v 1336.8693 388.2609 -348.0260
v 1334.8522 388.2070 -344.9259
v 1335.9013 388.2070 -348.3315
v 1333.9098 388.1533 -345.2094
v 1334.9302 388.1533 -348.6283
v 1332.9656 388.1001 -345.4846
v 1333.9557 388.1001 -348.9165
v 1332.0202 388.0472 -345.7508
v 1332.9773 388.0472 -349.1955
v 1331.0738 387.9947 -346.0071
v 1331.9943 387.9947 -349.4646
v 1330.1261 387.9426 -346.2525
v 1331.0070 387.9426 -349.7225
v 1329.1763 387.8909 -346.4870
v 1330.0161 387.8909 -349.9688
v 1328.2250 387.8396 -346.7097
v 1329.0210 387.8396 -350.2028
v 1327.2717 387.7887 -346.9203
v 1328.0223 387.7887 -350.4239
v 1326.3161 387.7381 -347.1185
v 1327.0202 387.7381 -350.6316
v 1325.3584 387.6880 -347.3042
v 1326.0150 387.6880 -350.8258
v 1324.3979 387.6383 -347.4772
v 1325.0077 387.6383 -351.0058
v 1323.4346 387.5891 -347.6381
v 1323.9987 387.5891 -351.1728
v 1322.4695 387.5402 -347.7867
v 1322.9876 387.5402 -351.3265
v 1321.5018 387.4917 -347.9230
v 1321.9752 387.4917 -351.4669
v 1320.5315 387.4436 -348.0480
v 1320.9622 387.4436 -351.5946
v 1319.5590 387.3960 -348.1619
v 1319.9484 387.3960 -351.7101
v 1318.5841 387.3487 -348.2651
v 1318.9345 387.3487 -351.8138
v 1317.6068 387.3019 -348.3585
v 1317.9209 387.3019 -351.9066
v 1316.6276 387.2555 -348.4426
v 1316.9074 387.2555 -351.9891
v 1315.6464 387.2096 -348.5177
v 1315.8944 387.2096 -352.0618
v 1314.6638 387.1641 -348.5849
v 1314.8817 387.1641 -352.1259
v 1313.6803 387.1190 -348.6439
v 1313.8687 387.1190 -352.1814
v 1312.6957 387.0744 -348.6950
v 1312.8560 387.0744 -352.2286
v 1311.7104 387.0302 -348.7384
v 1311.8433 387.0302 -352.2680
v 1310.7243 386.9865 -348.7743
v 1310.8307 386.9865 -352.2997
v 1309.7375 386.9431 -348.8029
v 1309.8184 386.9431 -352.3242
v 1308.7504 386.9003 -348.8243
v 1308.8061 386.9003 -352.3416
v 1307.7630 386.8578 -348.8384
v 1307.7939 386.8578 -352.3520
v 1306.7753 386.8159 -348.8455
v 1306.7818 386.8159 -352.3556
v 1305.7874 386.7744 -348.8453
v 1305.7699 386.7744 -352.3524
v 1304.7992 386.7334 -348.8383
v 1304.7584 386.7334 -352.3427
v 1303.8105 386.6928 -348.8245
v 1303.7475 386.6928 -352.3266
v 1302.8213 386.6528 -348.8044
v 1302.7373 386.6528 -352.3047
v 1301.8314 386.6133 -348.7781
v 1301.7280 386.6133 -352.2770
v 1300.8400 386.5744 -348.7465
v 1300.7206 386.5744 -352.2445
v 1299.8469 386.5359 -348.7106
v 1299.7150 386.5359 -352.2081
v 1298.8522 386.4979 -348.6715
v 1298.7113 386.4979 -352.1687
v 1297.8559 386.4604 -348.6304
v 1297.7094 386.4604 -352.1273
v 1296.8584 386.4234 -348.5880
v 1296.7087 386.4234 -352.0848
v 1295.8595 386.3870 -348.5449
v 1295.7094 386.3870 -352.0417
v 1294.8591 386.3510 -348.5022
v 1294.7116 386.3510 -351.9991
v 1293.8583 386.3156 -348.4605
v 1293.7142 386.3156 -351.9575
v 1292.8570 386.2807 -348.4197
v 1292.7172 386.2807 -351.9169
v 1291.8551 386.2464 -348.3804
v 1291.7206 386.2464 -351.8778
v 1290.8529 386.2126 -348.3426
v 1290.7242 386.2126 -351.8403
v 1289.8502 386.1793 -348.3067
v 1289.7283 386.1793 -351.8045
v 1288.8474 386.1467 -348.2727
v 1288.7322 386.1467 -351.7708
v 1287.8450 386.1146 -348.2407
v 1287.7356 386.1146 -351.7390
v 1286.8429 386.0831 -348.2101
v 1286.7386 386.0831 -351.7085
v 1285.8413 386.0521 -348.1809
v 1285.7411 386.0521 -351.6795
v 1284.8403 386.0216 -348.1527
v 1284.7429 386.0216 -351.6513
v 1283.8398 385.9917 -348.1252
v 1283.7442 385.9917 -351.6239
v 1282.8400 385.9622 -348.0981
v 1282.7447 385.9622 -351.5968
v 1281.8406 385.9333 -348.0708
v 1281.7449 385.9333 -351.5694
v 1280.8409 385.9050 -348.0434
v 1280.7453 385.9050 -351.5421
v 1279.8411 385.8772 -348.0161
v 1279.7459 385.8772 -351.5148
v 1278.8412 385.8500 -347.9890
v 1278.7465 385.8500 -351.4877
v 1277.8409 385.8233 -347.9620
v 1277.7476 385.8233 -351.4608
v 1276.8402 385.7972 -347.9356
v 1276.7489 385.7972 -351.4344
v 1275.8391 385.7717 -347.9098
v 1275.7507 385.7717 -351.4087
v 1274.8377 385.7466 -347.8851
v 1274.7527 385.7466 -351.3840
v 1273.8366 385.7221 -347.8612
v 1273.7544 385.7221 -351.3602
v 1272.8354 385.6981 -347.8380
v 1272.7561 385.6981 -351.3371
v 1271.8340 385.6746 -347.8158
v 1271.7580 385.6746 -351.3150
v 1270.8326 385.6518 -347.7945
v 1270.7598 385.6518 -351.2938
v 1269.8310 385.6294 -347.7742
v 1269.7619 385.6294 -351.2735
v 1268.8289 385.6076 -347.7550
v 1268.7644 385.6076 -351.2544
v 1267.8263 385.5863 -347.7372
v 1267.7673 385.5863 -351.2367
v 1266.8229 385.5654 -347.7211
v 1266.7710 385.5654 -351.2207
v 1265.8186 385.5451 -347.7074
v 1265.7754 385.5451 -351.2072
v 1264.8140 385.5254 -347.6963
v 1264.7802 385.5254 -351.1961
v 1263.8090 385.5061 -347.6880
v 1263.7854 385.5061 -351.1879
v 1262.8038 385.4874 -347.6827
v 1262.7906 385.4874 -351.1827
v 1261.7985 385.4691 -347.6804
v 1261.7959 385.4691 -351.1804
v 1260.7933 385.4514 -347.6812
v 1260.8012 385.4514 -351.1812
v 1259.7884 385.4342 -347.6850
v 1259.8062 385.4342 -351.1850
v 1258.7840 385.4175 -347.6915
v 1258.8107 385.4175 -351.1914
v 1257.7800 385.4013 -347.7003
v 1257.8147 385.4013 -351.2002
v 1256.7765 385.3855 -347.7114
v 1256.8184 385.3855 -351.2111
v 1255.7731 385.3702 -347.7244
v 1255.8219 385.3702 -351.2240
v 1254.7700 385.3554 -347.7394
v 1254.8252 385.3554 -351.2390
v 1253.7673 385.3410 -347.7560
v 1253.8282 385.3410 -351.2555
v 1252.7648 385.3271 -347.7743
v 1252.8311 385.3271 -351.2736
v 1251.7626 385.3136 -347.7939
v 1251.8337 385.3136 -351.2932
v 1250.7601 385.3006 -347.8150
v 1250.8366 385.3006 -351.3141
v 1249.7571 385.2880 -347.8378
v 1249.8401 385.2880 -351.3368
v 1248.7540 385.2758 -347.8626
v 1248.8438 385.2758 -351.3614
v 1247.7506 385.2640 -347.8893
v 1247.8480 385.2640 -351.3880
v 1246.7470 385.2526 -347.9184
v 1246.8525 385.2526 -351.4168
v 1245.7431 385.2416 -347.9499
v 1245.8574 385.2416 -351.4480
v 1244.7390 385.2310 -347.9840
v 1244.8627 385.2310 -351.4818
v 1243.7350 385.2208 -348.0209
v 1243.8680 385.2208 -351.5184
v 1242.7312 385.2109 -348.0603
v 1242.8735 385.2109 -351.5574
v 1241.7273 385.2013 -348.1026
v 1241.8791 385.2013 -351.5993
v 1240.7239 385.1920 -348.1475
v 1240.8846 385.1920 -351.6438
v 1239.7212 385.1831 -348.1948
v 1239.8896 385.1831 -351.6908
v 1238.7194 385.1744 -348.2441
v 1238.8937 385.1744 -351.7397
v 1237.7185 385.1661 -348.2947
v 1237.8972 385.1661 -351.7901
v 1236.7183 385.1580 -348.3464
v 1236.9000 385.1580 -351.8417
v 1235.7191 385.1504 -348.3983
v 1235.9020 385.1504 -351.8942
v 1234.7207 385.1432 -348.4498
v 1234.9032 385.1432 -351.9473
v 1233.7224 385.1363 -348.5007
v 1233.9042 385.1363 -352.0002
v 1232.7233 385.1298 -348.5514
v 1232.9059 385.1298 -352.0533
v 1231.7228 385.1236 -348.6024
v 1231.9092 385.1236 -352.1068
v 1230.7203 385.1178 -348.6551
v 1230.9146 385.1178 -352.1620
v 1229.7159 385.1123 -348.7106
v 1229.9223 385.1123 -352.2199
v 1228.7093 385.1072 -348.7703
v 1228.9327 385.1072 -352.2816
v 1227.7003 385.1024 -348.8359
v 1227.9463 385.1024 -352.3486
v 1226.6893 385.0980 -348.9089
v 1226.9630 385.0980 -352.4224
v 1225.6771 385.0940 -348.9907
v 1225.9823 385.0940 -352.5043
v 1224.6646 385.0904 -349.0821
v 1225.0036 385.0904 -352.5952
v 1223.6518 385.0872 -349.1837
v 1224.0270 385.0872 -352.6954
v 1222.6388 385.0843 -349.2964
v 1223.0530 385.0843 -352.8058
v 1221.6267 385.0818 -349.4208
v 1222.0807 385.0818 -352.9271
v 1220.6163 385.0798 -349.5566
v 1221.1097 385.0798 -353.0590
v 1219.6073 385.0781 -349.7041
v 1220.1405 385.0781 -353.2017
v 1218.6002 385.0768 -349.8631
v 1219.1727 385.0768 -353.3552
v 1217.5949 385.0759 -350.0335
v 1218.2066 385.0759 -353.5192
v 1216.5921 385.0754 -350.2154
v 1217.2421 385.0754 -353.6941
v 1215.5922 385.0752 -350.4078
v 1216.2783 385.0752 -353.8795
v 1214.5948 385.0753 -350.6101
v 1215.3162 385.0753 -354.0747
v 1213.5997 385.0757 -350.8226
v 1214.3558 385.0757 -354.2798
v 1212.6071 385.0764 -351.0449
v 1213.3971 385.0764 -354.4944
v 1211.6166 385.0775 -351.2768
v 1212.4406 385.0775 -354.7184
v 1210.6285 385.0788 -351.5190
v 1211.4865 385.0788 -354.9515
v 1209.6432 385.0805 -351.7712
v 1210.5342 385.0805 -355.1938
v 1208.6605 385.0824 -352.0332
v 1209.5843 385.0824 -355.4450
v 1207.6805 385.0847 -352.3049
v 1208.6368 385.0847 -355.7052
v 1206.7034 385.0872 -352.5862
v 1207.6916 385.0872 -355.9745
v 1205.7291 385.0901 -352.8770
v 1206.7490 385.0901 -356.2529
v 1204.7583 385.0932 -353.1769
v 1205.8083 385.0932 -356.5404
v 1203.7910 385.0967 -353.4852
v 1204.8695 385.0967 -356.8365
v 1202.8270 385.1004 -353.8016
v 1203.9326 385.1004 -357.1409
v 1201.8667 385.1044 -354.1254
v 1202.9972 385.1044 -357.4533
v 1200.9099 385.1087 -354.4558
v 1202.0628 385.1087 -357.7731
v 1199.9564 385.1133 -354.7921
v 1201.1295 385.1133 -358.0997
v 1199.0064 385.1181 -355.1334
v 1200.1967 385.1181 -358.4325
v 1198.0597 385.1233 -355.4787
v 1199.2638 385.1233 -358.7705
v 1197.1159 385.1287 -355.8270
v 1198.3308 385.1287 -359.1129
v 1196.1744 385.1344 -356.1775
v 1197.3974 385.1344 -359.4589
v 1195.2351 385.1403 -356.5293
v 1196.4634 385.1403 -359.8075
v 1194.2973 385.1466 -356.8818
v 1195.5289 385.1466 -360.1581
v 1193.3609 385.1532 -357.2342
v 1194.5934 385.1532 -360.5101
v 1192.4257 385.1601 -357.5860
v 1193.6567 385.1601 -360.8624
v 1191.4909 385.1672 -357.9368
v 1192.7190 385.1672 -361.2143
v 1190.5565 385.1747 -358.2865
v 1191.7802 385.1747 -361.5656
v 1189.6221 385.1824 -358.6342
v 1190.8402 385.1824 -361.9154
v 1188.6874 385.1905 -358.9804
v 1189.8995 385.1905 -362.2638
v 1187.7523 385.1988 -359.3245
v 1188.9577 385.1988 -362.6104
v 1186.8166 385.2073 -359.6667
v 1188.0151 385.2073 -362.9551
v 1185.8800 385.2160 -360.0069
v 1187.0719 385.2160 -363.2977
v 1184.9427 385.2250 -360.3454
v 1186.1280 385.2250 -363.6385
v 1184.0044 385.2342 -360.6820
v 1185.1838 385.2342 -363.9773
v 1183.0655 385.2437 -361.0172
v 1184.2392 385.2437 -364.3146
v 1182.1262 385.2533 -361.3506
v 1183.2937 385.2533 -364.6501
v 1181.1864 385.2632 -361.6822
v 1182.3475 385.2632 -364.9840
v 1180.2466 385.2733 -362.0115
v 1181.3998 385.2733 -365.3161
v 1179.3067 385.2837 -362.3382
v 1180.4506 385.2837 -365.6460
v 1178.3663 385.2943 -362.6618
v 1179.4998 385.2943 -365.9732
v 1177.4257 385.3051 -362.9820
v 1178.5473 385.3051 -366.2975
v 1176.4844 385.3161 -363.2984
v 1177.5928 385.3161 -366.6183
v 1175.5423 385.3273 -363.6109
v 1176.6367 385.3273 -366.9354
v 1174.5989 385.3386 -363.9192
v 1175.6792 385.3386 -367.2483
v 1173.6540 385.3502 -364.2236
v 1174.7205 385.3502 -367.5572
v 1172.7078 385.3620 -364.5242
v 1173.7606 385.3620 -367.8621
v 1171.7606 385.3739 -364.8208
v 1172.7992 385.3739 -368.1631
v 1170.8120 385.3860 -365.1134
v 1171.8368 385.3860 -368.4600
v 1169.8621 385.3982 -365.4022
v 1170.8732 385.3982 -368.7529
v 1168.9112 385.4106 -365.6870
v 1169.9083 385.4106 -369.0420
v 1167.9593 385.4232 -365.9676
v 1168.9418 385.4232 -369.3269
v 1167.0064 385.4360 -366.2441
v 1167.9740 385.4360 -369.6077
v 1166.0522 385.4490 -366.5162
v 1167.0050 385.4490 -369.8840
v 1165.0964 385.4622 -366.7844
v 1166.0352 385.4622 -370.1562
v 1164.1392 385.4756 -367.0489
v 1165.0648 385.4756 -370.4243
v 1163.1802 385.4891 -367.3099
v 1164.0940 385.4891 -370.6885
v 1162.2194 385.5028 -367.5681
v 1163.1234 385.5028 -370.9494
v 1161.2574 385.5167 -367.8239
v 1162.1526 385.5167 -371.2075
v 1160.2939 385.5307 -368.0776
v 1161.1820 385.5307 -371.4631
v 1159.3290 385.5449 -368.3298
v 1160.2119 385.5449 -371.7166
v 1158.3628 385.5592 -368.5811
v 1159.2425 385.5592 -371.9687
v 1157.3958 385.5737 -368.8318
v 1158.2736 385.5737 -372.2199
v 1156.4283 385.5884 -369.0823
v 1157.3049 385.5884 -372.4707
v 1155.4606 385.6033 -369.3325
v 1156.3363 385.6033 -372.7211
v 1154.4928 385.6183 -369.5824
v 1155.3676 385.6183 -372.9713
v 1153.5247 385.6334 -369.8322
v 1154.3991 385.6334 -373.2212
v 1152.5563 385.6488 -370.0821
v 1153.4309 385.6488 -373.4710
v 1151.5881 385.6643 -370.3319
v 1152.4626 385.6643 -373.7209
v 1150.6199 385.6800 -370.5818
v 1151.4942 385.6800 -373.9708
v 1149.6517 385.6958 -370.8315
v 1150.5258 385.6958 -374.2206
v 1148.6834 385.7118 -371.0811
v 1149.5574 385.7118 -374.4703
v 1147.7147 385.7279 -371.3310
v 1148.5895 385.7279 -374.7199
v 1146.7463 385.7441 -371.5812
v 1147.6215 385.7441 -374.9700
v 1145.7782 385.7605 -371.8312
v 1146.6531 385.7605 -375.2201
v 1144.8102 385.7770 -372.0810
v 1145.6846 385.7770 -375.4701
v 1143.8422 385.7937 -372.3307
v 1144.7160 385.7937 -375.7199
v 1142.8742 385.8104 -372.5801
v 1143.7472 385.8104 -375.9695
v 1141.9064 385.8274 -372.8293
v 1142.7782 385.8274 -376.2190
v 1140.9389 385.8444 -373.0779
v 1141.8087 385.8444 -376.4681
v 1139.9712 385.8616 -373.3258
v 1140.8389 385.8616 -376.7166
v 1139.0035 385.8789 -373.5732
v 1139.8690 385.8789 -376.9645
v 1138.0358 385.8963 -373.8198
v 1138.8986 385.8963 -377.2118
v 1137.0680 385.9138 -374.0655
v 1137.9279 385.9138 -377.4582
v 1136.1000 385.9315 -374.3104
v 1136.9569 385.9315 -377.7039
v 1135.1317 385.9492 -374.5545
v 1135.9859 385.9492 -377.9486
v 1134.1631 385.9671 -374.7978
v 1135.0148 385.9671 -378.1926
v 1133.1941 385.9851 -375.0406
v 1134.0438 385.9851 -378.4359
v 1132.2248 386.0032 -375.2830
v 1133.0728 386.0032 -378.6787
v 1131.2552 386.0213 -375.5249
v 1132.1019 386.0213 -378.9209
v 1130.2856 386.0395 -375.7664
v 1131.1308 386.0395 -379.1628
v 1129.3160 386.0578 -376.0075
v 1130.1595 386.0578 -379.4043
v 1128.3465 386.0762 -376.2479
v 1129.1878 386.0762 -379.6453
v 1127.3770 386.0947 -376.4877
v 1128.2158 386.0947 -379.8857
v 1126.4079 386.1133 -376.7265
v 1127.2430 386.1133 -380.1254
v 1125.4391 386.1320 -376.9638
v 1126.2692 386.1320 -380.3640
v 1124.4705 386.1508 -377.1994
v 1125.2945 386.1508 -380.6011
v 1123.5018 386.1696 -377.4331
v 1124.3190 386.1696 -380.8364
v 1122.5328 386.1885 -377.6647
v 1123.3429 386.1885 -381.0697
v 1121.5631 386.2075 -377.8944
v 1122.3663 386.2075 -381.3010
v 1120.5929 386.2266 -378.1221
v 1121.3895 386.2266 -381.5302
v 1119.6218 386.2457 -378.3481
v 1120.4127 386.2457 -381.7576
v 1118.6497 386.2649 -378.5729
v 1119.4362 386.2649 -381.9834
v 1117.6770 386.2841 -378.7966
v 1118.4598 386.2841 -382.2079
v 1116.7039 386.3034 -379.0194
v 1117.4834 386.3034 -382.4315
v 1115.7305 386.3228 -379.2413
v 1116.5067 386.3228 -382.6541
v 1114.7573 386.3422 -379.4621
v 1115.5296 386.3422 -382.8759
v 1113.7846 386.3617 -379.6815
v 1114.5513 386.3617 -383.0965
v 1112.8127 386.3812 -379.8987
v 1113.5713 386.3812 -383.3155
v 1111.8415 386.4008 -380.1129
v 1112.5895 386.4008 -383.5320
v 1110.8708 386.4204 -380.3235
v 1111.6057 386.4204 -383.7455
v 1109.9005 386.4401 -380.5298
v 1110.6198 386.4401 -383.9551
v 1108.9304 386.4599 -380.7310
v 1109.6318 386.4599 -384.1600
v 1107.9601 386.4796 -380.9267
v 1108.6417 386.4796 -384.3597
v 1106.9891 386.4995 -381.1164
v 1107.6500 386.4995 -384.5534
v 1106.0173 386.5193 -381.3002
v 1106.6568 386.5193 -384.7413
v 1105.0447 386.5393 -381.4777
v 1105.6620 386.5393 -384.9229
v 1104.0714 386.5592 -381.6489
v 1104.6657 386.5592 -385.0981
v 1103.0974 386.5792 -381.8133
v 1103.6678 386.5792 -385.2665
v 1102.1227 386.5992 -381.9707
v 1102.6683 386.5992 -385.4280
v 1101.1470 386.6192 -382.1211
v 1101.6675 386.6192 -385.5822
v 1100.1704 386.6394 -382.2643
v 1100.6656 386.6394 -385.7292
v 1099.1928 386.6595 -382.4004
v 1099.6625 386.6595 -385.8687
v 1098.2140 386.6797 -382.5293
v 1098.6586 386.6797 -386.0010
v 1097.2340 386.7000 -382.6512
v 1097.6542 386.7000 -386.1259
v 1096.2525 386.7203 -382.7666
v 1096.6495 386.7203 -386.2440
v 1095.2699 386.7407 -382.8755
v 1095.6444 386.7407 -386.3554
v 1094.2866 386.7611 -382.9781
v 1094.6387 386.7611 -386.4604
v 1093.3031 386.7815 -383.0743
v 1093.6320 386.7815 -386.5589
v 1092.3191 386.8020 -383.1638
v 1092.6243 386.8020 -386.6505
v 1091.3345 386.8226 -383.2467
v 1091.6162 386.8226 -386.7353
v 1090.3492 386.8432 -383.3229
v 1090.6076 386.8432 -386.8134
v 1089.3635 386.8638 -383.3926
v 1089.5986 386.8638 -386.8847
v 1088.3770 386.8845 -383.4557
v 1088.5893 386.8845 -386.9493
v 1087.3899 386.9053 -383.5125
v 1087.5799 386.9053 -387.0073
v 1086.4018 386.9262 -383.5631
v 1086.5707 386.9262 -387.0590
v 1085.4130 386.9471 -383.6080
v 1085.5617 386.9471 -387.1049
v 1084.4241 386.9680 -383.6472
v 1084.5523 386.9680 -387.1448
v 1083.4351 386.9890 -383.6805
v 1083.5425 386.9890 -387.1788
v 1082.4460 387.0101 -383.7079
v 1082.5326 387.0101 -387.2068
v 1081.4569 387.0312 -383.7294
v 1081.5223 387.0312 -387.2288
v 1080.4679 387.0524 -383.7449
v 1080.5118 387.0524 -387.2446
v 1079.4788 387.0737 -383.7542
v 1079.5011 387.0737 -387.2541
v 1078.4891 387.0950 -383.7575
v 1078.4910 387.0950 -387.2575
v 1077.4986 387.1164 -383.7552
v 1077.4816 387.1164 -387.2552
v 1076.5077 387.1378 -383.7478
v 1076.4727 387.1378 -387.2477
v 1075.5162 387.1593 -383.7354
v 1075.4644 387.1593 -387.2351
v 1074.5240 387.1808 -383.7185
v 1074.4570 387.1808 -387.2179
v 1073.5312 387.2025 -383.6974
v 1073.4503 387.2025 -387.1965
v 1072.5380 387.2242 -383.6726
v 1072.4442 387.2242 -387.1713
v 1071.5447 387.2460 -383.6441
v 1071.4383 387.2460 -387.1425
v 1070.5512 387.2678 -383.6122
v 1070.4329 387.2678 -387.1102
v 1069.5578 387.2897 -383.5769
v 1069.4277 387.2897 -387.0745
v 1068.5644 387.3117 -383.5383
v 1068.4226 387.3117 -387.0354
v 1067.5715 387.3337 -383.4963
v 1067.4173 387.3337 -386.9929
v 1066.5791 387.3558 -383.4508
v 1066.4119 387.3558 -386.9468
v 1065.5870 387.3779 -383.4014
v 1065.4065 387.3779 -386.8968
v 1064.5954 387.4001 -383.3483
v 1064.4010 387.4001 -386.8429
v 1063.6045 387.4224 -383.2911
v 1063.3953 387.4224 -386.7849
v 1062.6145 387.4447 -383.2297
v 1062.3893 387.4447 -386.7224
v 1061.6257 387.4671 -383.1636
v 1061.3827 387.4671 -386.6551
v 1060.6381 387.4895 -383.0921
v 1060.3756 387.4895 -386.5823
v 1059.6515 387.5121 -383.0151
v 1059.3684 387.5121 -386.5037
v 1058.6665 387.5347 -382.9321
v 1058.3607 387.5347 -386.4187
v 1057.6831 387.5573 -382.8425
v 1057.3525 387.5573 -386.3269
v 1056.7017 387.5801 -382.7457
v 1056.3438 387.5801 -386.2274
v 1055.7224 387.6029 -382.6409
v 1055.3348 387.6029 -386.1194
v 1054.7445 387.6258 -382.5276
v 1054.3263 387.6258 -386.0025
v 1053.7679 387.6488 -382.4057
v 1053.3187 387.6488 -385.8767
v 1052.7926 387.6718 -382.2750
v 1052.3120 387.6718 -385.7419
v 1051.8185 387.6948 -382.1354
v 1051.3067 387.6948 -385.5978
v 1050.8455 387.7179 -381.9871
v 1050.3028 387.7179 -385.4449
v 1049.8733 387.7411 -381.8300
v 1049.3009 387.7411 -385.2832
v 1048.9015 387.7644 -381.6645
v 1048.3013 387.7644 -385.1134
v 1047.9304 387.7876 -381.4914
v 1047.3036 387.7876 -384.9360
v 1046.9605 387.8109 -381.3108
v 1046.3074 387.8109 -384.7512
v 1045.9918 387.8343 -381.1227
v 1045.3129 387.8343 -384.5588
v 1045.0243 387.8578 -380.9274
v 1044.3200 387.8578 -384.3593
v 1044.0581 387.8813 -380.7250
v 1043.3287 387.8813 -384.1525
v 1043.0935 387.9049 -380.5157
v 1042.3389 387.9049 -383.9385
v 1042.1311 387.9286 -380.2995
v 1041.3500 387.9286 -383.7169
v 1041.1710 387.9523 -380.0758
v 1040.3624 387.9523 -383.4872
v 1040.2129 387.9760 -379.8445
v 1039.3766 387.9760 -383.2494
v 1039.2570 387.9998 -379.6056
v 1038.3925 387.9998 -383.0034
v 1038.3036 388.0237 -379.3587
v 1037.4100 388.0237 -382.7490
v 1037.3528 388.0476 -379.1037
v 1036.4295 388.0476 -382.4860
v 1036.4046 388.0715 -378.8403
v 1035.4510 388.0715 -382.2142
v 1035.4587 388.0955 -378.5684
v 1034.4750 388.0955 -381.9336
v 1034.5156 388.1195 -378.2881
v 1033.5013 388.1195 -381.6443
v 1033.5755 388.1436 -377.9992
v 1032.5300 388.1436 -381.3458
v 1032.6379 388.1678 -377.7015
v 1031.5617 388.1678 -381.0384
v 1031.7030 388.1920 -377.3953
v 1030.5963 388.1920 -380.7221
v 1030.7710 388.2162 -377.0805
v 1029.6338 388.2162 -380.3970
v 1029.8421 388.2405 -376.7573
v 1028.6742 388.2405 -380.0631
v 1028.9161 388.2649 -376.4252
v 1027.7178 388.2649 -379.7201
v 1027.9928 388.2893 -376.0847
v 1026.7650 388.2893 -379.3687
v 1027.0724 388.3137 -375.7359
v 1025.8155 388.3137 -379.0089
v 1026.1551 388.3382 -375.3791
v 1024.8693 388.3382 -378.6406
v 1025.2406 388.3627 -375.0141
v 1023.9267 388.3627 -378.2640
v 1024.3283 388.3872 -374.6411
v 1022.9883 388.3872 -377.8797
v 1023.4175 388.4118 -374.2604
v 1022.0542 388.4118 -377.4886
v 1022.5080 388.4364 -373.8731
v 1021.1241 388.4364 -377.0917
v 1021.5993 388.4611 -373.4795
v 1020.1980 388.4611 -376.6896
v 1020.6908 388.4857 -373.0807
v 1019.2756 388.4857 -376.2839
v 1019.7822 388.5104 -372.6775
v 1018.3565 388.5104 -375.8752
v 1018.8728 388.5352 -372.2709
v 1017.4403 388.5352 -375.4649
v 1017.9628 388.5600 -371.8620
v 1016.5262 388.5600 -375.0537
v 1017.0519 388.5847 -371.4516
v 1015.6137 388.5847 -374.6425
v 1016.1398 388.6095 -371.0404
v 1014.7024 388.6095 -374.2317
v 1015.2263 388.6344 -370.6293
v 1013.7922 388.6344 -373.8220
v 1014.3110 388.6592 -370.2190
v 1012.8825 388.6592 -373.4141
v 1013.3943 388.6840 -369.8102
v 1011.9726 388.6840 -373.0085
v 1012.4761 388.7089 -369.4033
v 1011.0623 388.7089 -372.6050
v 1011.5565 388.7337 -368.9986
v 1010.1513 388.7337 -372.2042
v 1010.6355 388.7586 -368.5964
v 1009.2395 388.7586 -371.8060
v 1009.7132 388.7836 -368.1970
v 1008.3266 388.7836 -371.4106
v 1008.7902 388.8084 -367.8002
v 1007.4122 388.8084 -371.0175
v 1007.8661 388.8334 -367.4059
v 1006.4968 388.8334 -370.6269
v 1006.9408 388.8583 -367.0140
v 1005.5805 388.8583 -370.2388
v 1006.0141 388.8832 -366.6246
v 1004.6633 388.8832 -369.8535
v 1005.0860 388.9081 -366.2380
v 1003.7453 388.9081 -369.4710
v 1004.1561 388.9330 -365.8541
v 1002.8265 388.9330 -369.0918
v 1003.2240 388.9579 -365.4734
v 1001.9072 388.9579 -368.7162
v 1002.2899 388.9827 -365.0963
v 1000.9868 388.9827 -368.3447
v 1001.3541 389.0076 -364.7232
v 1000.0649 389.0076 -367.9771
v 1000.4160 389.0325 -364.3539
v 999.1421 389.0325 -367.6139
v 999.4756 389.0574 -363.9892
v 998.2179 389.0574 -367.2554
v 998.5333 389.0822 -363.6290
v 997.2921 389.0822 -366.9015
v 997.5887 389.1071 -363.2735
v 996.3650 389.1071 -366.5526
v 996.6418 389.1319 -362.9231
v 995.4363 389.1319 -366.2090
v 995.6925 389.1567 -362.5779
v 994.5062 389.1567 -365.8707
v 994.7406 389.1815 -362.2381
v 993.5746 389.1815 -365.5383
v 993.7864 389.2063 -361.9044
v 992.6411 389.2063 -365.2118
v 992.8300 389.2310 -361.5764
v 991.7058 389.2310 -364.8912
v 991.8710 389.2557 -361.2545
v 990.7689 389.2557 -364.5770
v 990.9095 389.2803 -360.9391
v 989.8301 389.2803 -364.2693
v 989.9457 389.3049 -360.6302
v 988.8895 389.3049 -363.9681
v 988.9793 389.3295 -360.3281
v 987.9471 389.3295 -363.6736
v 988.0107 389.3541 -360.0332
v 987.0027 389.3541 -363.3860
v 987.0399 389.3786 -359.7451
v 986.0564 389.3786 -363.1052
v 986.0665 389.4031 -359.4641
v 985.1084 389.4031 -362.8315
v 985.0906 389.4275 -359.1905
v 984.1588 389.4275 -362.5653
v 984.1121 389.4519 -358.9245
v 983.2076 389.4519 -362.3067
v 983.1309 389.4763 -358.6664
v 982.2549 389.4763 -362.0561
v 982.1469 389.5006 -358.4166
v 981.3006 389.5006 -361.8139
v 981.1601 389.5248 -358.1754
v 980.3450 389.5248 -361.5803
v 980.1704 389.5490 -357.9435
v 979.3879 389.5490 -361.3560
v 979.1783 389.5732 -357.7210
v 978.4288 389.5732 -361.1409
v 978.1844 389.5972 -357.5082
v 977.4675 389.5972 -360.9351
v 977.1891 389.6213 -357.3049
v 976.5036 389.6213 -360.7382
v 976.1929 389.6452 -357.1106
v 975.5371 389.6452 -360.5497
v 975.1959 389.6691 -356.9248
v 974.5682 389.6691 -360.3691
v 974.1979 389.6930 -356.7470
v 973.5974 389.6930 -360.1962
v 973.1988 389.7168 -356.5770
v 972.6251 389.7168 -360.0308
v 972.1987 389.7405 -356.4149
v 971.6512 389.7405 -359.8729
v 971.1978 389.7641 -356.2602
v 970.6758 389.7641 -359.7222
v 970.1958 389.7877 -356.1130
v 969.6993 389.7877 -359.5786
v 969.1930 389.8113 -355.9730
v 968.7215 389.8113 -359.4421
v 968.1890 389.8347 -355.8404
v 967.7429 389.8347 -359.3127
v 967.1847 389.8581 -355.7153
v 966.7628 389.8581 -359.1903
v 966.1807 389.8814 -355.5968
v 965.7808 389.8814 -359.0742
v 965.1766 389.9047 -355.4846
v 964.7975 389.9047 -358.9641
v 964.1724 389.9278 -355.3781
v 963.8130 389.9278 -358.8596
v 963.1679 389.9509 -355.2773
v 962.8276 389.9509 -358.7607
v 962.1633 389.9739 -355.1819
v 961.8413 389.9739 -358.6670
v 961.1590 389.9968 -355.0917
v 960.8536 389.9968 -358.5783
v 960.1551 390.0197 -355.0060
v 959.8650 390.0197 -358.4939
v 959.1514 390.0424 -354.9247
v 958.8752 390.0424 -358.4138
v 958.1479 390.0650 -354.8471
v 957.8847 390.0650 -358.3372
v 957.1449 390.0876 -354.7733
v 956.8932 390.0876 -358.2643
v 956.1429 390.1101 -354.7026
v 955.9001 390.1101 -358.1941
v 955.1418 390.1325 -354.6341
v 954.9059 390.1325 -358.1261
v 954.1415 390.1547 -354.5674
v 953.9107 390.1547 -358.0597
v 953.1416 390.1769 -354.5019
v 952.9148 390.1769 -357.9946
v 952.1422 390.1991 -354.4375
v 951.9184 390.1991 -357.9303
v 951.1432 390.2210 -354.3736
v 950.9214 390.2210 -357.8672
v 950.1449 390.2429 -354.3097
v 949.9237 390.2429 -357.8046
v 949.1471 390.2647 -354.2456
v 948.9256 390.2647 -357.7425
v 948.1502 390.2864 -354.1809
v 947.9265 390.2864 -357.6805
v 947.1550 390.3080 -354.1151
v 946.9258 390.3080 -357.6178
v 946.1622 390.3295 -354.0472
v 945.9230 390.3295 -357.5531
v 945.1720 390.3508 -353.9756
v 944.9182 390.3508 -357.4851
v 944.1843 390.3721 -353.8994
v 943.9116 390.3721 -357.4125
v 943.1993 390.3932 -353.8172
v 942.9033 390.3932 -357.3340
v 942.2170 390.4141 -353.7280
v 941.8934 390.4141 -357.2484
v 941.2372 390.4350 -353.6306
v 940.8827 390.4350 -357.1546
v 940.2594 390.4558 -353.5243
v 939.8719 390.4558 -357.0518
v 939.2831 390.4764 -353.4087
v 938.8616 390.4764 -356.9398
v 938.3083 390.4968 -353.2837
v 937.8520 390.4968 -356.8184
v 937.3355 390.5172 -353.1491
v 936.8429 390.5172 -356.6873
v 936.3647 390.5374 -353.0045
v 935.8347 390.5374 -356.5460
v 935.3960 390.5574 -352.8500
v 934.8274 390.5574 -356.3946
v 934.4299 390.5773 -352.6850
v 933.8209 390.5773 -356.2322
v 933.4665 390.5971 -352.5092
v 932.8157 390.5971 -356.0587
v 932.5058 390.6167 -352.3224
v 931.8118 390.6167 -355.8736
v 931.5483 390.6361 -352.1245
v 930.8093 390.6361 -355.6765
v 930.5941 390.6553 -351.9147
v 929.8087 390.6553 -355.4668
v 929.6433 390.6744 -351.6932
v 928.8101 390.6744 -355.2444
v 928.6959 390.6933 -351.4594
v 927.8141 390.6933 -355.0089
v 927.7520 390.7121 -351.2133
v 926.8208 390.7121 -354.7603
v 926.8121 390.7306 -350.9552
v 925.8305 390.7306 -354.4978
v 925.8763 390.7490 -350.6849
v 924.8434 390.7490 -354.2212
v 924.9450 390.7671 -350.4021
v 923.8597 390.7671 -353.9300
v 924.0186 390.7851 -350.1066
v 922.8796 390.7851 -353.6239
v 923.0975 390.8029 -349.7980
v 921.9037 390.8029 -353.3024
v 922.1816 390.8205 -349.4760
v 920.9324 390.8205 -352.9654
v 921.2713 390.8379 -349.1404
v 919.9660 390.8379 -352.6125
v 920.3668 390.8550 -348.7909
v 919.0052 390.8550 -352.2436
v 919.4678 390.8720 -348.4275
v 918.0505 390.8720 -351.8588
v 918.5745 390.8888 -348.0501
v 917.1025 390.8888 -351.4582
v 917.6868 390.9054 -347.6590
v 916.1615 390.9054 -351.0422
v 916.8046 390.9218 -347.2543
v 915.2279 390.9218 -350.6110
v 915.9277 390.9380 -346.8363
v 914.3020 390.9380 -350.1651
v 915.0561 390.9540 -346.4054
v 913.3839 390.9540 -349.7053
v 914.1901 390.9697 -345.9624
v 912.4733 390.9697 -349.2317
v 913.3299 390.9852 -345.5073
v 911.5703 390.9852 -348.7446
v 912.4756 391.0005 -345.0402
v 910.6749 391.0005 -348.2445
v 911.6277 391.0156 -344.5612
v 909.7869 391.0156 -347.7319
v 910.7866 391.0304 -344.0705
v 908.9061 391.0304 -347.2068
v 909.9525 391.0450 -343.5679
v 908.0331 391.0450 -346.6692
v 909.1254 391.0594 -343.0537
v 907.1676 391.0594 -346.1194
v 908.3054 391.0735 -342.5276
v 906.3104 391.0735 -345.5575
v 907.4918 391.0874 -341.9898
v 905.4618 391.0874 -344.9845
v 906.6848 391.1011 -341.4409
v 904.6214 391.1011 -344.4007
v 905.8838 391.1145 -340.8806
v 903.7897 391.1145 -343.8069
v 905.0879 391.1277 -340.3098
v 902.9665 391.1277 -343.2046
v 904.2969 391.1406 -339.7294
v 902.1511 391.1406 -342.5945
v 903.5102 391.1533 -339.1396
v 901.3433 391.1533 -341.9775
v 902.7269 391.1657 -338.5418
v 900.5424 391.1657 -341.3550
v 901.9472 391.1778 -337.9368
v 899.7474 391.1778 -340.7273
v 901.1703 391.1897 -337.3252
v 898.9580 391.1897 -340.0954
v 900.3960 391.2012 -336.7081
v 898.1733 391.2012 -339.4601
v 899.6240 391.2125 -336.0859
v 897.3927 391.2125 -338.8217
v 898.8540 391.2235 -335.4593
v 896.6157 391.2235 -338.1808
v 898.0857 391.2341 -334.8288
v 895.8417 391.2341 -337.5380
v 897.3189 391.2445 -334.1950
v 895.0703 391.2445 -336.8936
v 896.5532 391.2546 -333.5581
v 894.3012 391.2546 -336.2482
v 895.7881 391.2644 -332.9187
v 893.5340 391.2644 -335.6024
v 895.0235 391.2739 -332.2773
v 892.7680 391.2739 -334.9564
v 894.2596 391.2831 -331.6346
v 892.0026 391.2831 -334.3103
v 893.4962 391.2919 -330.9905
v 891.2377 391.2919 -333.6642
v 892.7331 391.3004 -330.3456
v 890.4732 391.3004 -333.0182
v 891.9703 391.3086 -329.7002
v 889.7092 391.3086 -332.3717
v 891.2080 391.3164 -329.0546
v 888.9452 391.3164 -331.7249
v 890.4463 391.3238 -328.4087
v 888.1816 391.3238 -331.0773
v 889.6851 391.3310 -327.7622
v 887.4184 391.3310 -330.4290
v 888.9245 391.3377 -327.1152
v 886.6556 391.3377 -329.7802
v 888.1647 391.3441 -326.4679
v 885.8930 391.3441 -329.1304
v 887.4063 391.3501 -325.8199
v 885.1308 391.3501 -328.4793
v 886.6494 391.3558 -325.1712
v 884.3691 391.3558 -327.8265
v 885.8943 391.3610 -324.5215
v 883.6083 391.3610 -327.1718
v 885.1413 391.3659 -323.8704
v 882.8483 391.3659 -326.5147
v 884.3908 391.3703 -323.2178
v 882.0897 391.3703 -325.8550
v 883.6432 391.3743 -322.5632
v 881.3326 391.3743 -325.1921
v 882.8984 391.3779 -321.9061
v 880.5777 391.3779 -324.5261
v 882.1569 391.3810 -321.2465
v 879.8249 391.3810 -323.8567
v 881.4188 391.3837 -320.5838
v 879.0745 391.3837 -323.1835
v 880.6844 391.3861 -319.9182
v 878.3268 391.3861 -322.5064
v 879.9543 391.3880 -319.2492
v 877.5821 391.3880 -321.8247
v 879.2284 391.3895 -318.5766
v 876.8409 391.3895 -321.1382
v 878.5073 391.3905 -317.9002
v 876.1033 391.3905 -320.4467
v 877.7912 391.3912 -317.2197
v 875.3697 391.3912 -319.7496
v 877.0807 391.3915 -316.5348
v 874.6405 391.3915 -319.0466
v 876.3760 391.3913 -315.8449
v 873.9163 391.3913 -318.3376
v 875.6772 391.3906 -315.1498
v 873.1972 391.3906 -317.6224
v 874.9847 391.3895 -314.4494
v 872.4838 391.3895 -316.9008
v 874.2986 391.3880 -313.7434
v 871.7763 391.3880 -316.1727
v 873.6193 391.3860 -313.0317
v 871.0749 391.3860 -315.4380
v 872.9467 391.3836 -312.3139
v 870.3802 391.3836 -314.6965
v 872.2808 391.3807 -311.5899
v 869.6925 391.3807 -313.9488
v 871.6218 391.3773 -310.8601
v 869.0113 391.3773 -313.1945
v 870.9700 391.3735 -310.1240
v 868.3375 391.3735 -312.4335
v 870.3248 391.3692 -309.3816
v 867.6710 391.3692 -311.6666
v 869.6863 391.3644 -308.6332
v 867.0117 391.3644 -310.8938
v 869.0543 391.3591 -307.8785
v 866.3598 391.3591 -310.1154
v 868.4284 391.3533 -307.1179
v 865.7150 391.3533 -309.3319
v 867.8086 391.3471 -306.3518
v 865.0771 391.3471 -308.5433
v 867.1947 391.3404 -305.5802
v 864.4460 391.3404 -307.7501
v 866.5861 391.3331 -304.8033
v 863.8214 391.3331 -306.9528
v 865.9827 391.3254 -304.0214
v 863.2030 391.3254 -306.1514
v 865.3842 391.3171 -303.2344
v 862.5906 391.3171 -305.3470
v 864.7906 391.3083 -302.4424
v 861.9827 391.3083 -304.5403
v 864.2017 391.2990 -301.6455
v 861.3791 391.2990 -303.7317
v 863.6165 391.2891 -300.8438
v 860.7794 391.2891 -302.9223
v 863.0340 391.2788 -300.0375
v 860.1829 391.2788 -302.1131
v 862.4530 391.2679 -299.2272
v 859.5886 391.2679 -301.3052
v 861.8728 391.2564 -298.4137
v 858.9953 391.2564 -300.4993
v 861.2923 391.2444 -297.5979
v 858.4019 391.2444 -299.6957
v 860.7106 391.2317 -296.7804
v 857.8079 391.2317 -298.8953
v 860.1267 391.2184 -295.9617
v 857.2121 391.2184 -298.0991
v 859.5394 391.2045 -295.1426
v 856.6137 391.2045 -297.3076
v 858.9478 391.1899 -294.3238
v 856.0118 391.1899 -296.5218
v 858.3507 391.1746 -293.5060
v 855.4054 391.1746 -295.7424
v 857.7467 391.1589 -292.6894
v 854.7942 391.1589 -294.9709
v 857.1339 391.1426 -291.8751
v 854.1771 391.1426 -294.2087
v 856.5102 391.1260 -291.0637
v 853.5532 391.1260 -293.4576
v 855.8738 391.1088 -290.2571
v 852.9213 391.1088 -292.7191
v 855.2230 391.0911 -289.4567
v 852.2801 391.0911 -291.9943
v 854.5563 391.0729 -288.6644
v 851.6285 391.0729 -291.2845
v 853.8726 391.0541 -287.8821
v 850.9654 391.0541 -290.5907
v 853.1709 391.0349 -287.1117
v 850.2899 391.0349 -289.9135
v 852.4506 391.0152 -286.3545
v 849.6016 391.0152 -289.2539
v 851.7107 390.9949 -285.6120
v 848.9003 390.9949 -288.6130
v 850.9501 390.9742 -284.8855
v 848.1863 390.9742 -287.9922
v 850.1672 390.9530 -284.1765
v 847.4597 390.9530 -287.3937
v 849.3605 390.9313 -283.4874
v 846.7208 390.9313 -286.8192
v 848.5275 390.9091 -282.8208
v 845.9707 390.9091 -286.2707
v 847.6670 390.8864 -282.1804
v 845.2087 390.8864 -285.7505
v 846.7787 390.8633 -281.5695
v 844.4346 390.8633 -285.2601
v 845.8624 390.8399 -280.9916
v 843.6481 390.8399 -284.8018
v 844.9186 390.8160 -280.4504
v 842.8490 390.8160 -284.3768
v 843.9494 390.7916 -279.9494
v 842.0366 390.7916 -283.9862
v 842.9563 390.7668 -279.4908
v 841.2115 390.7668 -283.6307
v 841.9420 390.7417 -279.0775
v 840.3738 390.7417 -283.3111
v 840.9096 390.7160 -278.7107
v 839.5238 390.7160 -283.0274
v 839.8621 390.6899 -278.3916
v 838.6618 390.6899 -282.7797
v 838.8030 390.6632 -278.1200
v 837.7883 390.6632 -282.5673
v 837.7345 390.6359 -277.8953
v 836.9050 390.6359 -282.3897
v 836.6598 390.6082 -277.7173
v 836.0126 390.6082 -282.2467
v 835.5806 390.5799 -277.5841
v 835.1127 390.5799 -282.1371
v 834.4993 390.5511 -277.4955
v 834.2069 390.5511 -282.0609
v 833.4176 390.5218 -277.4495
v 833.2965 390.5218 -282.0169
v 832.3354 390.4919 -277.4458
v 832.3846 390.4919 -282.0050
v 831.2536 390.4616 -277.4842
v 831.4729 390.4616 -282.0253
v 830.1736 390.4308 -277.5651
v 830.5632 390.4308 -282.0781
v 829.0969 390.3995 -277.6889
v 829.6570 390.3995 -282.1635
v 828.0278 390.3678 -277.8557
v 828.7529 390.3678 -282.2827
v 826.9671 390.3355 -278.0632
v 827.8522 390.3355 -282.4336
v 825.9149 390.3026 -278.3125
v 826.9579 390.3026 -282.6173
v 824.8741 390.2692 -278.6025
v 826.0697 390.2692 -282.8334
v 823.8469 390.2352 -278.9323
v 825.1883 390.2352 -283.0820
v 822.8357 390.2007 -279.3000
v 824.3132 390.2007 -283.3627
v 821.8414 390.1658 -279.7033
v 823.4453 390.1658 -283.6742
v 820.8630 390.1304 -280.1415
v 822.5874 390.1304 -284.0150
v 819.9027 390.0946 -280.6142
v 821.7398 390.0946 -284.3859
v 818.9631 390.0582 -281.1161
v 820.9003 390.0582 -284.7876
v 818.0430 390.0214 -281.6448
v 820.0698 390.0214 -285.2177
v 817.1429 389.9842 -282.1982
v 819.2482 389.9842 -285.6752
v 816.2623 389.9465 -282.7727
v 818.4346 389.9465 -286.1580
v 815.3995 389.9085 -283.3668
v 817.6299 389.9085 -286.6638
v 814.5550 389.8701 -283.9776
v 816.8327 389.8701 -287.1918
v 813.7273 389.8313 -284.6015
v 816.0415 389.8313 -287.7397
v 812.9137 389.7923 -285.2374
v 815.2571 389.7923 -288.3043
v 812.1140 389.7528 -285.8831
v 814.4783 389.7528 -288.8853
v 811.3262 389.7131 -286.5355
v 813.7035 389.7131 -289.4800
v 810.5486 389.6729 -287.1936
v 812.9324 389.6729 -290.0868
v 809.7800 389.6322 -287.8546
v 812.1631 389.6322 -290.7041
v 809.0180 389.5910 -288.5167
v 811.3949 389.5910 -291.3296
v 808.2605 389.5493 -289.1792
v 810.6275 389.5493 -291.9611
v 807.5061 389.5073 -289.8410
v 809.8604 389.5073 -292.5974
v 806.7531 389.4648 -290.5011
v 809.0935 389.4648 -293.2372
v 806.0002 389.4219 -291.1591
v 808.3266 389.4219 -293.8794
v 805.2472 389.3786 -291.8144
v 807.5595 389.3786 -294.5237
v 804.4934 389.3349 -292.4659
v 806.7910 389.3349 -295.1693
v 803.7379 389.2907 -293.1132
v 806.0208 389.2907 -295.8153
v 802.9802 389.2461 -293.7557
v 805.2488 389.2461 -296.4610
v 802.2199 389.2011 -294.3928
v 804.4741 389.2011 -297.1058
v 801.4565 389.1556 -295.0237
v 803.6961 389.1556 -297.7491
v 800.6896 389.1097 -295.6477
v 802.9142 389.1097 -298.3902
v 799.9184 389.0633 -296.2644
v 802.1280 389.0633 -299.0280
v 799.1434 389.0165 -296.8746
v 801.3366 389.0165 -299.6610
v 798.3645 388.9692 -297.4773
v 800.5393 388.9692 -300.2888
v 797.5814 388.9213 -298.0716
v 799.7352 388.9213 -300.9108
v 796.7932 388.8730 -298.6572
v 798.9245 388.8730 -301.5259
v 795.9994 388.8241 -299.2340
v 798.1072 388.8241 -302.1334
v 795.2002 388.7746 -299.8014
v 797.2829 388.7746 -302.7330
v 794.3951 388.7247 -300.3593
v 796.4516 388.7247 -303.3241
v 793.5836 388.6744 -300.9077
v 795.6137 388.6744 -303.9060
v 792.7658 388.6238 -301.4468
v 794.7696 388.6238 -304.4786
v 791.9418 388.5728 -301.9767
v 793.9194 388.5728 -305.0419
v 791.1125 388.5215 -302.4971
v 793.0626 388.5215 -305.5962
v 790.2782 388.4699 -303.0072
v 792.1985 388.4699 -306.1412
v 789.4388 388.4178 -303.5062
v 791.3266 388.4178 -306.6762
v 788.5944 388.3655 -303.9938
v 790.4468 388.3655 -307.2004
v 787.7448 388.3128 -304.4692
v 789.5586 388.3128 -307.7132
v 786.8901 388.2599 -304.9321
v 788.6615 388.2599 -308.2134
v 786.0305 388.2066 -305.3815
v 787.7549 388.2066 -308.7001
v 785.1659 388.1530 -305.8165
v 786.8384 388.1530 -309.1722
v 784.2955 388.0990 -306.2364
v 785.9122 388.0990 -309.6284
v 783.4189 388.0447 -306.6410
v 784.9770 388.0447 -310.0675
v 782.5362 387.9901 -307.0300
v 784.0330 387.9901 -310.4892
v 781.6473 387.9352 -307.4029
v 783.0804 387.9352 -310.8928
v 780.7531 387.8799 -307.7592
v 782.1190 387.8799 -311.2782
v 779.8524 387.8243 -308.0983
v 781.1495 387.8243 -311.6436
v 778.9453 387.7684 -308.4211
v 780.1734 387.7684 -311.9896
v 778.0321 387.7122 -308.7268
v 779.1907 387.7122 -312.3157
v 777.1129 387.6557 -309.0162
v 778.2023 387.6557 -312.6223
v 776.1883 387.5990 -309.2890
v 777.2084 387.5990 -312.9094
v 775.2586 387.5419 -309.5453
v 776.2095 387.5419 -313.1772
v 774.3231 387.4846 -309.7853
v 775.2069 387.4846 -313.4254
v 773.3823 387.4270 -310.0101
v 774.2014 387.4270 -313.6554
v 772.4360 387.3692 -310.2198
v 773.1938 387.3692 -313.8673
v 771.4848 387.3111 -310.4159
v 772.1847 387.3111 -314.0628
v 770.5297 387.2528 -310.5982
v 771.1737 387.2528 -314.2424
v 769.5702 387.1943 -310.7676
v 770.1620 387.1943 -314.4069
v 768.6062 387.1356 -310.9249
v 769.1506 387.1356 -314.5575
v 767.6383 387.0766 -311.0711
v 768.1393 387.0766 -314.6959
v 766.6679 387.0175 -311.2068
v 767.1277 387.0175 -314.8231
v 765.6953 386.9581 -311.3321
v 766.1153 386.9581 -314.9394
v 764.7211 386.8986 -311.4471
v 765.1022 386.8986 -315.0452
v 763.7450 386.8388 -311.5519
v 764.0888 386.8388 -315.1408
v 762.7672 386.7789 -311.6470
v 763.0751 386.7789 -315.2267
v 761.7887 386.7187 -311.7323
v 762.0607 386.7187 -315.3032
v 760.8091 386.6584 -311.8075
v 761.0457 386.6584 -315.3700
v 759.8279 386.5980 -311.8730
v 760.0310 386.5980 -315.4274
v 758.8453 386.5373 -311.9294
v 759.0167 386.5373 -315.4762
v 757.8613 386.4765 -311.9769
v 758.0030 386.4765 -315.5166
v 756.8761 386.4156 -312.0162
v 756.9897 386.4156 -315.5494
v 755.8902 386.3545 -312.0473
v 755.9766 386.3545 -315.5747
v 754.9036 386.2932 -312.0707
v 754.9639 386.2932 -315.5928
v 753.9164 386.2317 -312.0865
v 753.9515 386.2317 -315.6040
v 752.9292 386.1700 -312.0950
v 752.9390 386.1700 -315.6084
v 751.9419 386.1081 -312.0959
v 751.9265 386.1081 -315.6057
v 750.9540 386.0459 -312.0896
v 750.9146 386.0459 -315.5962
v 749.9660 385.9835 -312.0764
v 749.9030 385.9835 -315.5803
v 748.9778 385.9209 -312.0561
v 748.8919 385.9209 -315.5578
v 747.9890 385.8581 -312.0294
v 747.8816 385.8581 -315.5291
v 747.0005 385.7951 -311.9965
v 746.8714 385.7951 -315.4946
v 746.0120 385.7319 -311.9572
v 745.8616 385.7319 -315.4540
v 745.0237 385.6686 -311.9117
v 744.8522 385.6686 -315.4075
v 744.0363 385.6050 -311.8602
v 743.8424 385.6050 -315.3549
v 743.0494 385.5414 -311.8021
v 742.8330 385.5414 -315.2955
v 742.0626 385.4776 -311.7379
v 741.8243 385.4776 -315.2298
v 741.0763 385.4136 -311.6675
v 740.8158 385.4136 -315.1578
v 740.0901 385.3494 -311.5907
v 739.8082 385.3494 -315.0794
v 739.1040 385.2851 -311.5081
v 738.8014 385.2851 -314.9950
v 738.1181 385.2207 -311.4196
v 737.7954 385.2207 -314.9047
v 737.1320 385.1562 -311.3255
v 736.7907 385.1562 -314.8088
v 736.1460 385.0915 -311.2264
v 735.7868 385.0915 -314.7080
v 735.1607 385.0267 -311.1221
v 734.7833 385.0267 -314.6017
v 734.1757 384.9618 -311.0127
v 733.7807 384.9618 -314.4904
v 733.1910 384.8967 -310.8984
v 732.7788 384.8967 -314.3740
v 732.2067 384.8315 -310.7792
v 731.7778 384.8315 -314.2528
v 731.2229 384.7663 -310.6554
v 730.7773 384.7663 -314.1269
v 730.2398 384.7009 -310.5268
v 729.7774 384.7009 -313.9961
v 729.2572 384.6355 -310.3934
v 728.7783 384.6355 -313.8605
v 728.2752 384.5699 -310.2555
v 727.7798 384.5699 -313.7202
v 727.2937 384.5043 -310.1127
v 726.7822 384.5043 -313.5751
v 726.3125 384.4385 -309.9651
v 725.7857 384.4385 -313.4260
v 725.3318 384.3726 -309.8126
v 724.7899 384.3726 -313.2733
v 724.3518 384.3066 -309.6550
v 723.7947 384.3066 -313.1173
v 723.3719 384.2405 -309.4924
v 722.8006 384.2405 -312.9581
v 722.3920 384.1743 -309.3254
v 721.8078 384.1743 -312.7963
v 721.4121 384.1080 -309.1542
v 720.8161 384.1080 -312.6323
v 720.4323 384.0416 -308.9795
v 719.8251 384.0416 -312.4665
v 719.4531 383.9750 -308.8015
v 718.8344 383.9750 -312.2989
v 718.4747 383.9083 -308.6202
v 717.8439 383.9083 -312.1292
v 717.4977 383.8414 -308.4356
v 716.8530 383.8414 -311.9571
v 716.5227 383.7744 -308.2472
v 715.8614 383.7744 -311.7818
v 715.5505 383.7073 -308.0547
v 714.8686 383.7073 -311.6024
v 714.5819 383.6400 -307.8569
v 713.8744 383.6400 -311.4171
v 713.6183 383.5726 -307.6530
v 712.8780 383.5726 -311.2244
v 712.6602 383.5051 -307.4409
v 711.8800 383.5051 -311.0216
v 711.7075 383.4375 -307.2191
v 710.8815 383.4375 -310.8071
v 710.7605 383.3699 -306.9863
v 709.8831 383.3699 -310.5791
v 709.8196 383.3022 -306.7416
v 708.8854 383.3022 -310.3361
v 708.8851 383.2345 -306.4835
v 707.8893 383.2345 -310.0764
v 707.9577 383.1666 -306.2114
v 706.8951 383.1666 -309.7987
v 707.0375 383.0987 -305.9236
v 705.9044 383.0987 -309.5010
v 706.1244 383.0308 -305.6199
v 704.9182 383.0308 -309.1833
v 705.2197 382.9628 -305.2995
v 703.9368 382.9628 -308.8438
v 704.3234 382.8947 -304.9614
v 702.9619 382.8947 -308.4818
v 703.4355 382.8266 -304.6052
v 701.9945 382.8266 -308.0969
v 702.5563 382.7584 -304.2308
v 701.0358 382.7584 -307.6883
v 701.6856 382.6903 -303.8371
v 700.0872 382.6903 -307.2567
v 700.8237 382.6221 -303.4244
v 699.1490 382.6221 -306.8030
v 699.9710 382.5539 -302.9925
v 698.2221 382.5539 -306.3269
v 699.1268 382.4857 -302.5416
v 697.3076 382.4857 -305.8298
v 698.2908 382.4174 -302.0722
v 696.4061 382.4174 -305.3129
v 697.4631 382.3492 -301.5854
v 695.5171 382.3492 -304.7771
v 696.6433 382.2810 -301.0811
v 694.6415 382.2810 -304.2237
v 695.8299 382.2128 -300.5603
v 693.7794 382.2128 -303.6549
v 695.0218 382.1445 -300.0237
v 692.9307 382.1445 -303.0731
v 694.2180 382.0764 -299.4726
v 692.0941 382.0764 -302.4816
v 693.4184 382.0082 -298.9083
v 691.2675 382.0082 -301.8827
v 692.6222 381.9400 -298.3323
v 690.4494 381.9400 -301.2786
v 691.8280 381.8717 -297.7458
v 689.6390 381.8717 -300.6715
v 691.0351 381.8034 -297.1513
v 688.8340 381.8034 -300.0635
v 690.2433 381.7351 -296.5502
v 688.0327 381.7351 -299.4554
v 689.4521 381.6668 -295.9439
v 687.2338 381.6668 -298.8486
v 688.6609 381.5985 -295.3335
v 686.4362 381.5985 -298.2444
v 687.8690 381.5302 -294.7199
v 685.6388 381.5302 -297.6438
v 687.0757 381.4619 -294.1039
v 684.8409 381.4619 -297.0481
v 686.2804 381.3937 -293.4867
v 684.0414 381.3937 -296.4586
v 685.4820 381.3254 -292.8689
v 683.2399 381.3254 -295.8764
v 684.6792 381.2571 -292.2513
v 682.4359 381.2571 -295.3034
v 683.8707 381.1889 -291.6353
v 681.6286 381.1889 -294.7413
v 683.0548 381.1207 -291.0219
v 680.8177 381.1207 -294.1921
v 682.2296 381.0525 -290.4130
v 680.0025 381.0525 -293.6581
v 681.3932 380.9844 -289.8114
v 679.1827 380.9844 -293.1402
v 680.5428 380.9163 -289.2209
v 678.3591 380.9163 -292.6387
v 679.6766 380.8484 -288.6436
v 677.5313 380.8484 -292.1562
v 678.7922 380.7805 -288.0815
v 676.6996 380.7805 -291.6954
v 677.8873 380.7127 -287.5383
v 675.8637 380.7127 -291.2598
v 676.9620 380.6450 -287.0181
v 675.0219 380.6450 -290.8513
v 676.0162 380.5774 -286.5241
v 674.1736 380.5774 -290.4715
v 675.0482 380.5100 -286.0587
v 673.3203 380.5100 -290.1231
v 674.0582 380.4427 -285.6267
v 672.4613 380.4427 -289.8086
v 673.0475 380.3756 -285.2313
v 671.5965 380.3756 -289.5282
v 672.0147 380.3085 -284.8765
v 670.7282 380.3085 -289.2835
v 670.9614 380.2417 -284.5662
v 669.8575 380.2417 -289.0767
v 669.8878 380.1750 -284.3036
v 668.9870 380.1750 -288.9097
v 668.7936 380.1085 -284.0937
v 668.1199 380.1085 -288.7853
v 667.6821 380.0423 -283.9422
v 667.2568 380.0423 -288.7059
v 666.5542 379.9762 -283.8529
v 666.4024 379.9762 -288.6728
v 665.4117 379.9103 -283.8336
v 665.5608 379.9103 -288.6895
v 664.2633 379.8446 -283.8897
v 664.7307 379.8446 -288.7576
v 663.1147 379.7792 -284.0242
v 663.9150 379.7792 -288.8773
v 661.9726 379.7140 -284.2412
v 663.1165 379.7140 -289.0500
v 660.8445 379.6491 -284.5416
v 662.3373 379.6491 -289.2752
v 659.7383 379.5843 -284.9269
v 661.5807 379.5843 -289.5532
v 658.6620 379.5199 -285.3957
v 660.8480 379.5199 -289.8834
v 657.6237 379.4557 -285.9459
v 660.1426 379.4557 -290.2647
v 656.6296 379.3918 -286.5744
v 659.4676 379.3918 -290.6952
v 655.6860 379.3281 -287.2782
v 658.8267 379.3281 -291.1733
v 654.7982 379.2646 -288.0511
v 658.2238 379.2646 -291.6981
v 653.9720 379.2014 -288.8882
v 657.6616 379.2014 -292.2677
v 653.2112 379.1385 -289.7835
v 657.1424 379.1385 -292.8788
v 652.5201 379.0758 -290.7321
v 656.6690 379.0758 -293.5285
v 651.9010 379.0134 -291.7274
v 656.2434 379.0134 -294.2128
v 651.3569 378.9512 -292.7641
v 655.8680 378.9512 -294.9281
v 650.8900 378.8893 -293.8346
v 655.5437 378.8893 -295.6717
v 650.5001 378.8275 -294.9345
v 655.2721 378.8275 -296.4376
v 650.1892 378.7660 -296.0596
v 655.0558 378.7660 -297.2206
v 649.9584 378.7048 -297.2053
v 654.8957 378.7048 -298.0153
v 649.8108 378.6437 -298.3669
v 654.7938 378.6437 -298.8167
v 649.7484 378.5829 -299.5375
v 654.7502 378.5829 -299.6213
v 649.7757 378.5222 -300.7130
v 654.7627 378.5222 -300.4223
v 649.8958 378.4617 -301.8856
v 654.8326 378.4617 -301.2161
v 650.1086 378.4013 -303.0425
v 654.9604 378.4013 -302.0049
v 650.4098 378.3411 -304.1770
v 655.1443 378.3411 -302.7857
v 650.7982 378.2810 -305.2827
v 655.3845 378.2810 -303.5545
v 651.2684 378.2210 -306.3519
v 655.6796 378.2210 -304.3094
v 651.8162 378.1612 -307.3796
v 656.0283 378.1612 -305.0465
v 652.4347 378.1014 -308.3575
v 656.4307 378.1014 -305.7656
v 653.1159 378.0418 -309.2837
v 656.8831 378.0418 -306.4639
v 653.8551 377.9823 -310.1577
v 657.3833 377.9823 -307.1357
v 654.6425 377.9228 -310.9744
v 657.9342 377.9228 -307.7827
v 655.4673 377.8634 -311.7349
v 658.5329 377.8634 -308.4068
v 656.3235 377.8042 -312.4418
v 659.1755 377.8042 -309.0071
v 657.2025 377.7449 -313.0981
v 659.8591 377.7449 -309.5855
v 658.0980 377.6857 -313.7089
v 660.5789 377.6857 -310.1432
v 659.0031 377.6267 -314.2782
v 661.3326 377.6267 -310.6835
v 659.9116 377.5676 -314.8129
v 662.1156 377.5676 -311.2103
v 660.8222 377.5086 -315.3211
v 662.9212 377.5086 -311.7251
v 661.7323 377.4496 -315.8076
v 663.7466 377.4496 -312.2304
v 662.6397 377.3907 -316.2782
v 664.5877 377.3907 -312.7299
v 663.5430 377.3317 -316.7365
v 665.4417 377.3317 -313.2261
v 664.4408 377.2728 -317.1880
v 666.3046 377.2728 -313.7228
v 665.3346 377.2140 -317.6363
v 667.1727 377.2140 -314.2210
v 666.2237 377.1551 -318.0837
v 668.0440 377.1551 -314.7229
v 667.1085 377.0964 -318.5333
v 668.9160 377.0964 -315.2289
v 667.9883 377.0376 -318.9886
v 669.7886 377.0376 -315.7374
v 668.8618 376.9789 -319.4501
v 670.6617 376.9789 -316.2497
v 669.7291 376.9202 -319.9196
v 671.5338 376.9202 -316.7669
v 670.5898 376.8615 -320.3975
v 672.4047 376.8615 -317.2890
v 671.4421 376.8028 -320.8851
v 673.2745 376.8028 -317.8178
v 672.2861 376.7442 -321.3837
v 674.1415 376.7442 -318.3538
v 673.1218 376.6856 -321.8937
v 675.0050 376.6856 -318.8975
v 673.9489 376.6270 -322.4156
v 675.8642 376.6270 -319.4498
v 674.7673 376.5683 -322.9496
v 676.7185 376.5683 -320.0108
v 675.5773 376.5098 -323.4951
v 677.5668 376.5098 -320.5820
v 676.3801 376.4512 -324.0511
v 678.4076 376.4512 -321.1643
v 677.1760 376.3926 -324.6179
v 679.2403 376.3926 -321.7573
v 677.9652 376.3340 -325.1950
v 680.0649 376.3340 -322.3603
v 678.7475 376.2755 -325.7831
v 680.8820 376.2755 -322.9722
v 679.5229 376.2169 -326.3817
v 681.6919 376.2169 -323.5920
v 680.2919 376.1583 -326.9905
v 682.4945 376.1583 -324.2193
v 681.0555 376.0997 -327.6087
v 683.2899 376.0997 -324.8532
v 681.8145 376.0412 -328.2355
v 684.0782 376.0412 -325.4932
v 682.5703 375.9826 -328.8697
v 684.8593 375.9826 -326.1383
v 683.3245 375.9240 -329.5106
v 685.6336 375.9240 -326.7870
v 684.0789 375.8655 -330.1572
v 686.4015 375.8655 -327.4374
v 684.8357 375.8069 -330.8078
v 687.1642 375.8069 -328.0873
v 685.5964 375.7483 -331.4607
v 687.9229 375.7483 -328.7349
v 686.3638 375.6896 -332.1143
v 688.6784 375.6896 -329.3774
v 687.1408 375.6309 -332.7662
v 689.4324 375.6309 -330.0121
v 687.9289 375.5723 -333.4137
v 690.1875 375.5723 -330.6359
v 688.7288 375.5135 -334.0544
v 690.9467 375.5135 -331.2463
v 689.5410 375.4547 -334.6854
v 691.7125 375.4547 -331.8421
v 690.3661 375.3959 -335.3044
v 692.4860 375.3959 -332.4224
v 691.2051 375.3371 -335.9094
v 693.2679 375.3371 -332.9861
v 692.0571 375.2782 -336.4977
v 694.0602 375.2782 -333.5332
v 692.9195 375.2193 -337.0701
v 694.8647 375.2193 -334.0629
v 693.7914 375.1602 -337.6271
v 695.6815 375.1602 -334.5744
v 694.6720 375.1011 -338.1690
v 696.5102 375.1011 -335.0678
v 695.5600 375.0420 -338.6956
v 697.3510 375.0420 -335.5438
v 696.4536 374.9828 -339.2079
v 698.2038 374.9828 -336.0037
v 697.3513 374.9235 -339.7068
v 699.0682 374.9235 -336.4489
v 698.2509 374.8642 -340.1942
v 699.9436 374.8642 -336.8814
v 699.1511 374.8048 -340.6709
v 700.8292 374.8048 -337.3042
v 700.0494 374.7453 -341.1392
v 701.7244 374.7453 -337.7205
v 700.9432 374.6857 -341.6016
v 702.6288 374.6857 -338.1333
v 701.8307 374.6260 -342.0613
v 703.5406 374.6260 -338.5467
v 702.7111 374.5662 -342.5192
v 704.4576 374.5662 -338.9656
v 703.5820 374.5063 -342.9786
v 705.3787 374.5063 -339.3935
v 704.4413 374.4462 -343.4428
v 706.3026 374.4462 -339.8337
v 705.2864 374.3860 -343.9146
v 707.2279 374.3860 -340.2901
v 706.1153 374.3257 -344.3977
v 708.1522 374.3257 -340.7662
v 706.9256 374.2652 -344.8944
v 709.0739 374.2652 -341.2652
v 707.7135 374.2047 -345.4070
v 709.9912 374.2047 -341.7916
v 708.4762 374.1440 -345.9383
v 710.9010 374.1440 -342.3491
v 709.2102 374.0832 -346.4893
v 711.8003 374.0832 -342.9427
v 709.9134 374.0222 -347.0620
v 712.6832 374.0222 -343.5767
v 710.5841 373.9612 -347.6574
v 713.5453 373.9612 -344.2530
v 711.2179 373.9001 -348.2758
v 714.3821 373.9001 -344.9752
v 711.8120 373.8388 -348.9173
v 715.1887 373.8388 -345.7457
v 712.3626 373.7776 -349.5816
v 715.9585 373.7776 -346.5663
v 712.8664 373.7162 -350.2645
v 716.6857 373.7162 -347.4411
v 713.3198 373.6547 -350.9659
v 717.3588 373.6547 -348.3710
v 713.7211 373.5932 -351.6833
v 717.9714 373.5932 -349.3538
v 714.0659 373.5316 -352.4151
v 718.5130 373.5316 -350.3889
v 714.3533 373.4700 -353.1590
v 718.9763 373.4700 -351.4712
v 714.5800 373.4084 -353.9129
v 719.3516 373.4084 -352.5960
v 714.7455 373.3467 -354.6740
v 719.6327 373.3467 -353.7552
v 714.8479 373.2851 -355.4421
v 719.8115 373.2851 -354.9375
v 714.8886 373.2235 -356.2152
v 719.8877 373.2235 -356.1307
v 714.8664 373.1619 -356.9884
v 719.8594 373.1619 -357.3269
v 714.7817 373.1003 -357.7575
v 719.7284 373.1003 -358.5162
v 714.6314 373.0387 -358.5200
v 719.4975 373.0387 -359.6876
v 714.4183 372.9772 -359.2715
v 719.1723 372.9772 -360.8340
v 714.1426 372.9157 -360.0067
v 718.7551 372.9157 -361.9468
v 713.8076 372.8541 -360.7228
v 718.2534 372.8541 -363.0191
v 713.4162 372.7926 -361.4128
v 717.6703 372.7926 -364.0472
v 712.9703 372.7311 -362.0745
v 717.0118 372.7311 -365.0243
v 712.4748 372.6696 -362.7055
v 716.2826 372.6696 -365.9456
v 711.9351 372.6082 -363.3003
v 715.4858 372.6082 -366.8085
v 711.3520 372.5468 -363.8569
v 714.6268 372.5468 -367.6063
v 710.7297 372.4854 -364.3735
v 713.7131 372.4854 -368.3365
v 710.0716 372.4239 -364.8461
v 712.7482 372.4239 -368.9952
v 709.3786 372.3625 -365.2748
v 711.7412 372.3625 -369.5788
v 708.6514 372.3009 -365.6595
v 710.7009 372.3009 -370.0852
v 707.8921 372.2395 -366.0010
v 709.6351 372.2395 -370.5162
v 707.1049 372.1779 -366.2983
v 708.5495 372.1779 -370.8739
v 706.2933 372.1164 -366.5513
v 707.4501 372.1164 -371.1605
v 705.4584 372.0548 -366.7607
v 706.3439 372.0548 -371.3782
v 704.6029 371.9932 -366.9283
v 705.2369 371.9932 -371.5320
v 703.7308 371.9315 -367.0550
v 704.1318 371.9315 -371.6265
v 702.8439 371.8698 -367.1416
v 703.0325 371.8698 -371.6665
v 701.9433 371.8081 -367.1893
v 701.9411 371.8081 -371.6579
v 701.0315 371.7462 -367.2005
v 700.8594 371.7462 -371.6056
v 700.1123 371.6843 -367.1777
v 699.7865 371.6843 -371.5139
v 699.1861 371.6223 -367.1218
v 698.7255 371.6223 -371.3852
v 698.2521 371.5603 -367.0369
v 697.6779 371.5603 -371.2259
v 697.3130 371.4982 -366.9256
v 696.6424 371.4982 -371.0393
v 696.3710 371.4360 -366.7910
v 695.6171 371.4360 -370.8292
v 695.4261 371.3737 -366.6342
v 694.6020 371.3737 -370.5974
v 694.4753 371.3113 -366.4580
v 693.5996 371.3113 -370.3485
v 693.5166 371.2489 -366.2659
v 692.6109 371.2489 -370.0878
v 692.5524 371.1863 -366.0640
v 691.6312 371.1863 -369.8204
v 691.5844 371.1237 -365.8519
v 690.6586 371.1237 -369.5491
v 690.6108 371.0611 -365.6334
v 689.6928 371.0611 -369.2794
v 689.6348 370.9984 -365.4119
v 688.7293 370.9984 -369.0125
v 688.6563 370.9356 -365.1879
v 687.7681 370.9356 -368.7494
v 687.6751 370.8727 -364.9641
v 686.8080 370.8727 -368.4924
v 686.6930 370.8097 -364.7412
v 685.8472 370.8097 -368.2414
v 685.7094 370.7466 -364.5200
v 684.8859 370.7466 -367.9970
v 684.7257 370.6834 -364.3014
v 683.9224 370.6834 -367.7595
v 683.7430 370.6201 -364.0845
v 682.9562 370.6201 -367.5275
v 682.7599 370.5568 -363.8688
v 681.9889 370.5568 -367.3010
v 681.7773 370.4934 -363.6552
v 681.0193 370.4934 -367.0802
v 680.7963 370.4299 -363.4422
v 680.0470 370.4299 -366.8632
v 679.8161 370.3664 -363.2296
v 679.0731 370.3664 -366.6499
v 678.8370 370.3028 -363.0176
v 678.0975 370.3028 -366.4386
v 677.8586 370.2392 -362.8065
v 677.1209 370.2392 -366.2279
v 676.8808 370.1754 -362.5959
v 676.1436 370.1754 -366.0173
v 675.9037 370.1117 -362.3853
v 675.1655 370.1117 -365.8066
v 674.9275 370.0478 -362.1744
v 674.1868 370.0478 -365.5952
v 673.9522 369.9838 -361.9628
v 673.2076 369.9838 -365.3826
v 672.9778 369.9198 -361.7499
v 672.2281 369.9198 -365.1687
v 672.0046 369.8557 -361.5357
v 671.2481 369.8557 -364.9530
v 671.0328 369.7916 -361.3194
v 670.2677 369.7916 -364.7347
v 670.0618 369.7273 -361.1004
v 669.2877 369.7273 -364.5137
v 669.0911 369.6630 -360.8790
v 668.3086 369.6630 -364.2904
v 668.1208 369.5986 -360.6552
v 667.3300 369.5986 -364.0647
v 667.1511 369.5341 -360.4290
v 666.3521 369.5341 -363.8366
v 666.1817 369.4696 -360.2005
v 665.3748 369.4696 -363.6062
v 665.2119 369.4050 -359.9696
v 664.3990 369.4050 -363.3739
v 664.2413 369.3403 -359.7371
v 663.4247 369.3403 -363.1406
v 663.2710 369.2756 -359.5039
v 662.4504 369.2756 -362.9064
v 662.3019 369.2107 -359.2694
v 661.4756 369.2107 -362.6705
v 661.3330 369.1458 -359.0331
v 660.5014 369.1458 -362.4329
v 660.3645 369.0808 -358.7955
v 659.5275 369.0808 -362.1939
v 659.3964 369.0158 -358.5562
v 658.5541 369.0158 -361.9533
v 658.4287 368.9506 -358.3154
v 657.5810 368.9506 -361.7113
v 657.4616 368.8854 -358.0724
v 656.6080 368.8854 -361.4683
v 656.4946 368.8201 -357.8272
v 655.6358 368.8201 -361.2244
v 655.5272 368.7548 -357.5800
v 654.6644 368.7548 -360.9803
v 654.5599 368.6895 -357.3316
v 653.6933 368.6895 -360.7362
v 653.5930 368.6240 -357.0819
v 652.7222 368.6240 -360.4918
v 652.6272 368.5585 -356.8311
v 651.7505 368.5585 -360.2470
v 651.6634 368.4929 -356.5787
v 650.7775 368.4929 -360.0006
v 650.7021 368.4273 -356.3240
v 649.8033 368.4273 -359.7515
v 649.7437 368.3616 -356.0659
v 648.8281 368.3616 -359.4988
v 648.7888 368.2958 -355.8037
v 647.8519 368.2958 -359.2411
v 647.8380 368.2300 -355.5361
v 646.8749 368.2300 -358.9769
v 646.8917 368.1641 -355.2618
v 645.8976 368.1641 -358.7048
v 645.9497 368.0982 -354.9799
v 644.9208 368.0982 -358.4238
v 645.0122 368.0321 -354.6891
v 643.9453 368.0321 -358.1327
v 644.0795 367.9660 -354.3893
v 642.9711 367.9660 -357.8310
v 643.1530 367.8999 -354.0793
v 641.9982 367.8999 -357.5168
v 642.2323 367.8338 -353.7578
v 641.0280 367.8338 -357.1890
v 641.3176 367.7675 -353.4246
v 640.0610 367.7675 -356.8472
v 640.4093 367.7012 -353.0787
v 639.0979 367.7012 -356.4903
v 639.5072 367.6348 -352.7196
v 638.1398 367.6348 -356.1179
v 638.6114 367.5684 -352.3471
v 637.1871 367.5684 -355.7296
v 637.7221 367.5019 -351.9610
v 636.2406 367.5019 -355.3251
v 636.8388 367.4353 -351.5610
v 635.3011 367.4353 -354.9045
v 635.9618 367.3687 -351.1476
v 634.3689 367.3687 -354.4681
v 635.0911 367.3020 -350.7208
v 633.4444 367.3020 -354.0156
v 634.2270 367.2353 -350.2810
v 632.5277 367.2353 -353.5475
v 633.3704 367.1685 -349.8280
v 631.6186 367.1685 -353.0635
v 632.5214 367.1016 -349.3614
v 630.7178 367.1016 -352.5638
v 631.6793 367.0347 -348.8807
v 629.8265 367.0347 -352.0491
v 630.8440 366.9677 -348.3869
v 628.9444 366.9677 -351.5202
v 630.0162 366.9006 -347.8803
v 628.0711 366.9006 -350.9770
v 629.1962 366.8336 -347.3609
v 627.2068 366.8336 -350.4197
v 628.3837 366.7664 -346.8286
v 626.3521 366.7664 -349.8490
v 627.5787 366.6992 -346.2830
v 625.5069 366.6992 -349.2663
v 626.7814 366.6320 -345.7238
v 624.6706 366.6320 -348.6733
v 625.9918 366.5647 -345.1519
v 623.8424 366.5647 -348.0707
v 625.2093 366.4973 -344.5670
v 623.0231 366.4973 -347.4592
v 624.4318 366.4298 -343.9700
v 622.2126 366.4298 -346.8414
v 623.6580 366.3623 -343.3619
v 621.4102 366.3623 -346.2189
v 622.8864 366.2948 -342.7445
v 620.6147 366.2948 -345.5938
v 622.1159 366.2272 -342.1194
v 619.8249 366.2272 -344.9679
v 621.3447 366.1596 -341.4883
v 619.0396 366.1596 -344.3433
v 620.5712 366.0919 -340.8529
v 618.2575 366.0919 -343.7217
v 619.7939 366.0242 -340.2153
v 617.4768 366.0242 -343.1052
v 619.0118 365.9565 -339.5775
v 616.6962 365.9565 -342.4950
v 618.2230 365.8887 -338.9407
v 615.9150 365.8887 -341.8933
v 617.4247 365.8209 -338.3067
v 615.1325 365.8209 -341.3028
v 616.6146 365.7531 -337.6777
v 614.3475 365.7531 -340.7266
v 615.7912 365.6852 -337.0573
v 613.5579 365.6852 -340.1666
v 614.9536 365.6173 -336.4481
v 612.7621 365.6173 -339.6244
v 614.1001 365.5493 -335.8530
v 611.9597 365.5493 -339.1015
v 613.2296 365.4814 -335.2751
v 611.1500 365.4814 -338.5993
v 612.3417 365.4134 -334.7172
v 610.3316 365.4134 -338.1187
v 611.4362 365.3454 -334.1813
v 609.5047 365.3454 -337.6611
v 610.5128 365.2774 -333.6700
v 608.6690 365.2774 -337.2280
v 609.5724 365.2094 -333.1855
v 607.8239 365.2094 -336.8199
v 608.6157 365.1413 -332.7299
v 606.9692 365.1413 -336.4376
v 607.6442 365.0732 -332.3047
v 606.1046 365.0732 -336.0811
v 606.6581 365.0051 -331.9110
v 605.2313 365.0051 -335.7500
v 605.6579 364.9370 -331.5512
v 604.3499 364.9370 -335.4441
v 604.6464 364.8689 -331.2265
v 603.4595 364.8689 -335.1633
v 603.6254 364.8007 -330.9364
v 602.5605 364.8007 -334.9067
v 602.5957 364.7326 -330.6808
v 601.6546 364.7326 -334.6748
v 601.5568 364.6644 -330.4595
v 600.7439 364.6644 -334.4681
v 600.5100 364.5962 -330.2742
v 599.8287 364.5962 -334.2882
v 599.4586 364.5280 -330.1240
v 598.9073 364.5280 -334.1358
v 598.4046 364.4597 -330.0080
v 597.9802 364.4597 -334.0110
v 597.3484 364.3914 -329.9253
v 597.0486 364.3914 -333.9137
v 596.2924 364.3231 -329.8759
v 596.1119 364.3231 -333.8439
v 595.2395 364.2548 -329.8575
v 595.1691 364.2548 -333.8002
v 594.1911 364.1864 -329.8676
v 594.2201 364.1864 -333.7809
v 593.1480 364.1181 -329.9032
v 593.2660 364.1181 -333.7841
v 592.1103 364.0497 -329.9618
v 592.3072 364.0497 -333.8082
v 591.0795 363.9812 -330.0403
v 591.3431 363.9812 -333.8512
v 590.0566 363.9128 -330.1353
v 590.3728 363.9128 -333.9106
v 589.0413 363.8444 -330.2424
v 589.3968 363.8444 -333.9829
v 588.0321 363.7759 -330.3587
v 588.4163 363.7759 -334.0654
v 587.0292 363.7074 -330.4814
v 587.4308 363.7074 -334.1561
v 586.0320 363.6388 -330.6069
v 586.4403 363.6388 -334.2518
v 585.0391 363.5703 -330.7326
v 585.4458 363.5703 -334.3502
v 584.0489 363.5017 -330.8565
v 584.4484 363.5017 -334.4490
v 583.0606 363.4331 -330.9775
v 583.4488 363.4331 -334.5474
v 582.0738 363.3645 -331.0940
v 582.4471 363.3645 -334.6440
v 581.0875 363.2958 -331.2052
v 581.4440 363.2958 -334.7380
v 580.1014 363.2271 -331.3106
v 580.4398 363.2271 -334.8290
v 579.1152 363.1585 -331.4096
v 579.4349 363.1585 -334.9166
v 578.1285 363.0898 -331.5021
v 578.4295 363.0898 -335.0006
v 577.1414 363.0211 -331.5880
v 577.4237 363.0211 -335.0811
v 576.1538 362.9524 -331.6671
v 576.4174 362.9524 -335.1579
v 575.1657 362.8836 -331.7394
v 575.4109 362.8836 -335.2309
v 574.1770 362.8149 -331.8063
v 574.4043 362.8149 -335.2989
v 573.1875 362.7461 -331.8682
v 573.3978 362.7461 -335.3618
v 572.1975 362.6773 -331.9254
v 572.3913 362.6773 -335.4201
v 571.2070 362.6085 -331.9780
v 571.3847 362.6085 -335.4735
v 570.2159 362.5397 -332.0261
v 570.3782 362.5397 -335.5224
v 569.2241 362.4708 -332.0701
v 569.3721 362.4708 -335.5669
v 568.2314 362.4019 -332.1101
v 568.3665 362.4019 -335.6075
v 567.2378 362.3331 -332.1468
v 567.3614 362.3331 -335.6446
v 566.2441 362.2642 -332.1803
v 566.3563 362.2642 -335.6785
v 565.2502 362.1953 -332.2106
v 565.3512 362.1953 -335.7091
v 564.2561 362.1263 -332.2377
v 564.3461 362.1263 -335.7366
v 563.2622 362.0574 -332.2617
v 563.3406 362.0574 -335.7609
v 562.2687 361.9885 -332.2823
v 562.3346 361.9885 -335.7817
v 561.2759 361.9195 -332.2992
v 561.3278 361.9195 -335.7988
v 560.2840 361.8506 -332.3117
v 560.3199 361.8506 -335.8115
v 559.2929 361.7816 -332.3195
v 559.3112 361.7816 -335.8194
v 558.3024 361.7127 -332.3221
v 558.3018 361.7127 -335.8221
v 557.3128 361.6437 -332.3191
v 557.2915 361.6437 -335.8191
v 556.3243 361.5747 -332.3100
v 556.2803 361.5747 -335.8098
v 555.3368 361.5057 -332.2943
v 555.2683 361.5057 -335.7937
v 554.3506 361.4367 -332.2714
v 554.2552 361.4367 -335.7702
v 553.3659 361.3676 -332.2406
v 553.2412 361.3676 -335.7384
v 552.3822 361.2986 -332.2012
v 552.2268 361.2986 -335.6978
v 551.3993 361.2296 -332.1532
v 551.2125 361.2296 -335.6482
v 550.4172 361.1606 -332.0962
v 550.1983 361.1606 -335.5894
v 549.4356 361.0915 -332.0301
v 549.1848 361.0915 -335.5212
v 548.4544 361.0225 -331.9552
v 548.1721 361.0225 -335.4438
v 547.4735 360.9534 -331.8713
v 547.1606 360.9534 -335.3574
v 546.4926 360.8844 -331.7791
v 546.1506 360.8844 -335.2624
v 545.5120 360.8153 -331.6787
v 545.1418 360.8153 -335.1591
v 544.5319 360.7462 -331.5706
v 544.1343 360.7462 -335.0479
v 543.5522 360.6772 -331.4547
v 543.1281 360.6772 -334.9289
v 542.5730 360.6081 -331.3314
v 542.1232 360.6081 -334.8024
v 541.5942 360.5391 -331.2010
v 541.1197 360.5391 -334.6687
v 540.6159 360.4700 -331.0635
v 540.1177 360.4700 -334.5281
v 539.6381 360.4010 -330.9194
v 539.1170 360.4010 -334.3810
v 538.6611 360.3319 -330.7689
v 538.1174 360.3319 -334.2274
v 537.6851 360.2629 -330.6119
v 537.1188 360.2629 -334.0673
v 536.7104 360.1938 -330.4487
v 536.1211 360.1938 -333.9007
v 535.7368 360.1247 -330.2790
v 535.1245 360.1247 -333.7273
v 534.7647 360.0556 -330.1030
v 534.1288 360.0556 -333.5471
v 533.7944 359.9866 -329.9203
v 533.1338 359.9866 -333.3598
v 532.8260 359.9175 -329.7306
v 532.1398 359.9175 -333.1651
v 531.8594 359.8484 -329.5337
v 531.1469 359.8484 -332.9628
v 530.8950 359.7793 -329.3294
v 530.1550 359.7793 -332.7527
v 529.9330 359.7103 -329.1173
v 529.1642 359.7103 -332.5343
v 528.9738 359.6412 -328.8971
v 528.1744 359.6412 -332.3071
v 528.0172 359.5722 -328.6682
v 527.1863 359.5722 -332.0706
v 527.0628 359.5031 -328.4304
v 526.2003 359.5031 -331.8250
v 526.1110 359.4341 -328.1839
v 525.2164 359.4341 -331.5701
v 525.1619 359.3650 -327.9283
v 524.2347 359.3650 -331.3057
v 524.2154 359.2960 -327.6635
v 523.2556 359.2960 -331.0318
v 523.2710 359.2270 -327.3895
v 522.2795 359.2270 -330.7486
v 522.3286 359.1580 -327.1066
v 521.3067 359.1580 -330.4566
v 521.3883 359.0889 -326.8151
v 520.3370 359.0889 -330.1560
v 520.4498 359.0199 -326.5153
v 519.3706 359.0199 -329.8473
v 519.5129 358.9509 -326.2077
v 518.4076 358.9509 -329.5311
v 518.5774 358.8820 -325.8926
v 517.4480 358.8820 -329.2079
v 517.6436 358.8130 -325.5709
v 516.4910 358.8130 -328.8782
v 516.7117 358.7440 -325.2426
v 515.5368 358.7440 -328.5418
v 515.7810 358.6750 -324.9079
v 514.5857 358.6750 -328.1994
v 514.8513 358.6061 -324.5674
v 513.6377 358.6061 -327.8517
v 513.9229 358.5371 -324.2217
v 512.6921 358.5371 -327.4992
v 512.9958 358.4682 -323.8711
v 511.7488 358.4682 -327.1419
v 512.0698 358.3993 -323.5157
v 510.8078 358.3993 -326.7804
v 511.1442 358.3304 -323.1556
v 509.8696 358.3304 -326.4152
v 510.2183 358.2615 -322.7918
v 508.9340 358.2615 -326.0476
v 509.2927 358.1926 -322.4252
v 508.0002 358.1926 -325.6778
v 508.3674 358.1237 -322.0563
v 507.0677 358.1237 -325.3061
v 507.4427 358.0548 -321.6853
v 506.1363 358.0548 -324.9323
v 506.5180 357.9859 -321.3122
v 505.2062 357.9859 -324.5571
v 505.5935 357.9170 -320.9377
v 504.2771 357.9170 -324.1807
v 504.6695 357.8481 -320.5619
v 503.3485 357.8481 -323.8030
v 503.7462 357.7792 -320.1848
v 502.4203 357.7792 -323.4239
v 502.8239 357.7103 -319.8064
v 501.4922 357.7103 -323.0431
v 501.9024 357.6415 -319.4262
v 500.5649 357.6415 -322.6605
v 500.9812 357.5726 -319.0444
v 499.6386 357.5726 -322.2766
v 500.0605 357.5037 -318.6611
v 498.7129 357.5037 -321.8912
v 499.1404 357.4348 -318.2764
v 497.7878 357.4348 -321.5045
v 498.2207 357.3659 -317.8902
v 496.8635 357.3659 -321.1164
v 497.3013 357.2971 -317.5027
v 495.9399 357.2971 -320.7271
v 496.3819 357.2282 -317.1139
v 495.0172 357.2282 -320.3368
v 495.4627 357.1593 -316.7242
v 494.0951 357.1593 -319.9459
v 494.5439 357.0904 -316.3336
v 493.1733 357.0904 -319.5541
v 493.6254 357.0215 -315.9422
v 492.2518 357.0215 -319.1614
v 492.7075 356.9526 -315.5500
v 491.3306 356.9526 -318.7678
v 491.7900 356.8837 -315.1569
v 490.4098 356.8837 -318.3733
v 490.8730 356.8148 -314.7628
v 489.4892 356.8148 -317.9777
v 489.9565 356.7459 -314.3677
v 488.5691 356.7459 -317.5810
v 489.0404 356.6770 -313.9715
v 487.6496 356.6770 -317.1833
v 488.1245 356.6081 -313.5743
v 486.7306 356.6081 -316.7848
v 487.2086 356.5392 -313.1762
v 485.8123 356.5392 -316.3856
v 486.2926 356.4703 -312.7774
v 484.8946 356.4703 -315.9860
v 485.3767 356.4014 -312.3780
v 483.9772 356.4014 -315.5861
v 484.4609 356.3324 -311.9783
v 483.0600 356.3324 -315.1857
v 483.5453 356.2635 -311.5781
v 482.1429 356.2635 -314.7849
v 482.6301 356.1946 -311.1776
v 481.2259 356.1946 -314.3836
v 481.7154 356.1256 -310.7767
v 480.3089 356.1256 -313.9816
v 480.8013 356.0567 -310.3751
v 479.3919 356.0567 -313.5787
v 479.8877 355.9877 -309.9726
v 478.4752 355.9877 -313.1749
v 478.9745 355.9187 -309.5693
v 477.5589 355.9187 -312.7702
v 478.0618 355.8497 -309.1651
v 476.6429 355.8497 -312.3646
v 477.1498 355.7807 -308.7601
v 475.7270 355.7807 -311.9578
v 476.2387 355.7117 -308.3539
v 474.8114 355.7117 -311.5497
v 475.3285 355.6427 -307.9466
v 473.8961 355.6427 -311.1401
v 474.4196 355.5736 -307.5379
v 472.9810 355.5736 -310.7286
v 473.5120 355.5045 -307.1276
v 472.0661 355.5045 -310.3150
v 472.6060 355.4355 -306.7153
v 471.1518 355.4355 -309.8989
v 471.7014 355.3664 -306.3006
v 470.2384 355.3664 -309.4801
v 470.7981 355.2973 -305.8833
v 469.3261 355.2973 -309.0588
v 469.8958 355.2282 -305.4636
v 468.4150 355.2282 -308.6349
v 468.9944 355.1591 -305.0411
v 467.5054 355.1591 -308.2086
v 468.0938 355.0899 -304.6165
v 466.5971 355.0899 -307.7803
v 467.1942 355.0207 -304.1895
v 465.6899 355.0207 -307.3498
v 466.2952 354.9516 -303.7603
v 464.7841 354.9516 -306.9173
v 465.3969 354.8823 -303.3292
v 463.8792 354.8823 -306.4831
v 464.4999 354.8131 -302.8964
v 462.9751 354.8131 -306.0468
v 463.6043 354.7438 -302.4616
v 462.0714 354.7438 -305.6081
v 462.7105 354.6745 -302.0247
v 461.1685 354.6745 -305.1667
v 461.8185 354.6052 -301.5851
v 460.2665 354.6052 -304.7222
v 460.9282 354.5359 -301.1430
v 459.3656 354.5359 -304.2748
v 460.0404 354.4666 -300.6979
v 458.4656 354.4666 -303.8236
v 459.1548 354.3972 -300.2495
v 457.5669 354.3972 -303.3686
v 458.2716 354.3278 -299.7975
v 456.6698 354.3278 -302.9094
v 457.3906 354.2584 -299.3414
v 455.7747 354.2584 -302.4461
v 456.5114 354.1890 -298.8813
v 454.8820 354.1890 -301.9789
v 455.6339 354.1195 -298.4174
v 453.9915 354.1195 -301.5081
v 454.7583 354.0500 -297.9497
v 453.1030 354.0500 -301.0336
v 453.8847 353.9805 -297.4785
v 452.2165 353.9805 -300.5553
v 453.0131 353.9109 -297.0035
v 451.3319 353.9109 -300.0733
v 452.1433 353.8413 -296.5247
v 450.4497 353.8413 -299.5877
v 451.2752 353.7717 -296.0425
v 449.5695 353.7717 -299.0988
v 450.4093 353.7020 -295.5570
v 448.6909 353.7020 -298.6062
v 449.5458 353.6323 -295.0679
v 447.8143 353.6323 -298.1096
v 448.6843 353.5626 -294.5750
v 446.9399 353.5626 -297.6094
v 447.8243 353.4928 -294.0783
v 446.0681 353.4928 -297.1058
v 446.9655 353.4231 -293.5780
v 445.1988 353.4231 -296.5994
v 446.1081 353.3533 -293.0747
v 444.3314 353.3533 -296.0903
v 445.2520 353.2834 -292.5684
v 443.4661 353.2834 -295.5785
v 444.3967 353.2136 -292.0593
v 442.6028 353.2136 -295.0647
v 443.5420 353.1437 -291.5478
v 441.7414 353.1437 -294.5491
v 442.6882 353.0737 -291.0343
v 440.8813 353.0737 -294.0318
v 441.8353 353.0037 -290.5190
v 440.0224 353.0037 -293.5129
v 440.9835 352.9337 -290.0021
v 439.1644 352.9337 -292.9922
v 440.1333 352.8637 -289.4835
v 438.3072 352.8637 -292.4694
v 439.2845 352.7935 -288.9630
v 437.4510 352.7935 -291.9443
v 438.4372 352.7234 -288.4405
v 436.5961 352.7234 -291.4171
v 437.5913 352.6532 -287.9157
v 435.7424 352.6532 -290.8876
v 436.7471 352.5830 -287.3890
v 434.8898 352.5830 -290.3556
v 435.9050 352.5127 -286.8600
v 434.0385 352.5127 -289.8207
v 435.0643 352.4424 -286.3282
v 433.1889 352.4424 -289.2833
v 434.2250 352.3721 -285.7938
v 432.3412 352.3721 -288.7436
v 433.3873 352.3018 -285.2572
v 431.4948 352.3018 -288.2015
v 432.5515 352.2314 -284.7181
v 430.6500 352.2314 -287.6565
v 431.7173 352.1609 -284.1765
v 429.8067 352.1609 -287.1091
v 430.8846 352.0904 -283.6322
v 428.9654 352.0904 -286.5591
v 430.0533 352.0199 -283.0854
v 428.1258 352.0199 -286.0068
v 429.2235 351.9493 -282.5363
v 427.2877 351.9493 -285.4522
v 428.3952 351.8786 -281.9846
v 426.4515 351.8786 -284.8953
v 427.5676 351.8079 -281.4305
v 425.6172 351.8079 -284.3367
v 426.7412 351.7372 -280.8746
v 424.7841 351.7372 -283.7763
v 425.9163 351.6665 -280.3167
v 423.9523 351.6665 -283.2138
v 425.0924 351.5957 -279.7568
v 423.1221 351.5957 -282.6496
v 424.2695 351.5249 -279.1951
v 422.2932 351.5249 -282.0837
v 423.4477 351.4540 -278.6316
v 421.4654 351.4540 -281.5162
v 422.6272 351.3831 -278.0665
v 420.6389 351.3831 -280.9469
v 421.8077 351.3121 -277.4996
v 419.8136 351.3121 -280.3760
v 420.9894 351.2411 -276.9310
v 418.9894 351.2411 -279.8033
v 420.1722 351.1701 -276.3608
v 418.1665 351.1701 -279.2291
v 419.3565 351.0990 -275.7891
v 417.3444 351.0990 -278.6530
v 418.5424 351.0278 -275.2157
v 416.5234 351.0278 -278.0747
v 417.7297 350.9566 -274.6403
v 415.7038 350.9566 -277.4944
v 416.9186 350.8854 -274.0632
v 414.8854 350.8854 -276.9120
v 416.1098 350.8142 -273.4841
v 414.0680 350.8142 -276.3269
v 415.3031 350.7428 -272.9029
v 413.2521 350.7428 -275.7389
v 414.4988 350.6715 -272.3191
v 412.4379 350.6715 -275.1480
v 413.6966 350.6001 -271.7324
v 411.6257 350.6001 -274.5541
v 412.8968 350.5287 -271.1433
v 410.8152 350.5287 -273.9571
v 412.1002 350.4573 -270.5515
v 410.0065 350.4573 -273.3562
v 411.3067 350.3858 -269.9563
v 409.2001 350.3858 -272.7514
v 410.5161 350.3143 -269.3576
v 408.3964 350.3143 -272.1427
v 409.7285 350.2427 -268.7552
v 407.5954 350.2427 -271.5301
v 408.9440 350.1710 -268.1491
v 406.7974 350.1710 -270.9135
v 408.1623 350.0994 -267.5390
v 406.0025 350.0994 -270.2932
v 407.3831 350.0277 -266.9250
v 405.2109 350.0277 -269.6694
v 406.6061 349.9559 -266.3073
v 404.4224 349.9559 -269.0425
v 405.8313 349.8841 -265.6861
v 403.6368 349.8841 -268.4127
v 405.0586 349.8123 -265.0619
v 402.8538 349.8123 -267.7801
v 404.2880 349.7405 -264.4344
v 402.0736 349.7405 -267.1448
v 403.5194 349.6687 -263.8043
v 401.2955 349.6687 -266.5069
v 402.7535 349.5967 -263.1716
v 400.5195 349.5967 -265.8659
v 401.9900 349.5248 -262.5361
v 399.7458 349.5248 -265.2220
v 401.2289 349.4528 -261.8978
v 398.9746 349.4528 -264.5751
v 400.4704 349.3808 -261.2567
v 398.2057 349.3808 -263.9252
v 399.7147 349.3087 -260.6126
v 397.4393 349.3087 -263.2721
v 398.9616 349.2366 -259.9657
v 396.6753 349.2366 -262.6158
v 398.2115 349.1645 -259.3157
v 395.9140 349.1645 -261.9561
v 397.4640 349.0923 -258.6626
v 395.1555 349.0923 -261.2934
v 396.7194 349.0201 -258.0065
v 394.3996 349.0201 -260.6272
v 395.9781 348.9478 -257.3473
v 393.6464 348.9478 -259.9575
v 395.2398 348.8755 -256.6847
v 392.8963 348.8755 -259.2843
v 394.5044 348.8032 -256.0188
v 392.1492 348.8032 -258.6078
v 393.7723 348.7308 -255.3498
v 391.4050 348.7308 -257.9278
v 393.0437 348.6584 -254.6774
v 390.6638 348.6584 -257.2438
v 392.3184 348.5860 -254.0016
v 389.9260 348.5860 -256.5563
v 391.5966 348.5135 -253.3223
v 389.1914 348.5135 -255.8649
v 390.8787 348.4411 -252.6396
v 388.4601 348.4411 -255.1695
v 390.1647 348.3685 -251.9533
v 387.7323 348.3685 -254.4700
v 389.4545 348.2960 -251.2631
v 387.0083 348.2960 -253.7663
v 388.7480 348.2234 -250.5689
v 386.2884 348.2234 -253.0589
v 388.0451 348.1507 -249.8709
v 385.5721 348.1507 -252.3477
v 387.3464 348.0781 -249.1694
v 384.8595 348.0781 -251.6323
v 386.6516 348.0054 -248.4638
v 384.1512 348.0054 -250.9129
v 385.9601 347.9327 -247.7541
v 383.4470 347.9327 -250.1902
v 385.2722 347.8600 -247.0409
v 382.7466 347.8600 -249.4640
v 384.5882 347.7873 -246.3242
v 382.0499 347.7873 -248.7339
v 383.9079 347.7145 -245.6038
v 381.3571 347.7145 -248.0004
v 383.2310 347.6417 -244.8796
v 380.6683 347.6417 -247.2634
v 382.5572 347.5689 -244.1517
v 379.9836 347.5689 -246.5237
v 381.8864 347.4961 -243.4207
v 379.3022 347.4961 -245.7812
v 381.2188 347.4233 -242.6866
v 378.6243 347.4233 -245.0357
v 380.5540 347.3505 -241.9492
v 377.9499 347.3505 -244.2877
v 379.8920 347.2776 -241.2090
v 377.2786 347.2776 -243.5372
v 379.2330 347.2048 -240.4664
v 376.6103 347.2048 -242.7839
v 378.5772 347.1319 -239.7211
v 375.9449 347.1319 -242.0278
v 377.9245 347.0590 -238.9732
v 375.2826 347.0590 -241.2689
v 377.2751 346.9862 -238.2226
v 374.6234 346.9862 -240.5071
v 376.6291 346.9133 -237.4696
v 373.9673 346.9133 -239.7422
v 375.9869 346.8403 -236.7139
v 373.3144 346.8403 -238.9740
v 375.3483 346.7674 -235.9552
v 372.6652 346.7674 -238.2026
v 374.7132 346.6945 -235.1933
v 372.0197 346.6945 -237.4283
v 374.0815 346.6216 -234.4284
v 371.3779 346.6216 -236.6512
v 373.4531 346.5486 -233.6607
v 370.7396 346.5486 -235.8713
v 372.8281 346.4757 -232.8899
v 370.1050 346.4757 -235.0887
v 372.2061 346.4028 -232.1162
v 369.4739 346.4028 -234.3037
v 371.5870 346.3298 -231.3397
v 368.8462 346.3298 -233.5165
v 370.9707 346.2569 -230.5607
v 368.2217 346.2569 -232.7270
v 370.3574 346.1840 -229.7793
v 367.6002 346.1840 -231.9352
v 369.7470 346.1110 -228.9956
v 366.9817 346.1110 -231.1411
v 369.1395 346.0381 -228.2097
v 366.3661 346.0381 -230.3446
v 368.5354 345.9651 -227.4216
v 365.7534 345.9651 -229.5455
v 367.9345 345.8922 -226.6313
v 365.1439 345.8922 -228.7437
v 367.3371 345.8193 -225.8386
v 364.5376 345.8193 -227.9393
v 366.7431 345.7463 -225.0435
v 363.9346 345.7463 -227.1322
v 366.1527 345.6734 -224.2460
v 363.3351 345.6734 -226.3224
v 365.5658 345.6005 -223.4460
v 362.7391 345.6005 -225.5098
v 364.9824 345.5276 -222.6432
v 362.1468 345.5276 -224.6948
v 364.4024 345.4546 -221.8380
v 361.5579 345.4546 -223.8772
v 363.8261 345.3818 -221.0303
v 360.9726 345.3818 -223.0569
v 363.2531 345.3089 -220.2198
v 360.3911 345.3089 -222.2344
v 362.6832 345.2360 -219.4066
v 359.8131 345.2360 -221.4098
v 362.1162 345.1632 -218.5909
v 359.2387 345.1632 -220.5833
v 361.5518 345.0903 -217.7726
v 358.6675 345.0903 -219.7553
v 360.9896 345.0175 -216.9521
v 358.0994 345.0175 -218.9260
v 360.4293 344.9447 -216.1290
v 357.5342 344.9447 -218.0958
v 359.8701 344.8718 -215.3041
v 356.9712 344.8718 -217.2653
v 359.3122 344.7990 -214.4778
v 356.4099 344.7990 -216.4340
v 358.7555 344.7262 -213.6503
v 355.8502 344.7262 -215.6021
v 358.1995 344.6535 -212.8216
v 355.2920 344.6535 -214.7700
v 357.6441 344.5807 -211.9918
v 354.7349 344.5807 -213.9377
v 357.0889 344.5080 -211.1612
v 354.1787 344.5080 -213.1056
v 356.5337 344.4354 -210.3300
v 353.6230 344.4354 -212.2736
v 355.9784 344.3627 -209.4983
v 353.0678 344.3627 -211.4420
v 355.4226 344.2901 -208.6662
v 352.5127 344.2901 -210.6110
v 354.8661 344.2175 -207.8340
v 351.9574 344.2175 -209.7806
v 354.3088 344.1449 -207.0019
v 351.4018 344.1449 -208.9510
v 353.7507 344.0723 -206.1703
v 350.8453 344.0723 -208.1220
v 353.1919 343.9998 -205.3392
v 350.2882 343.9998 -207.2933
v 352.6323 343.9273 -204.5085
v 349.7305 343.9273 -206.4653
v 352.0719 343.8548 -203.6782
v 349.1719 343.8548 -205.6379
v 351.5106 343.7824 -202.8485
v 348.6126 343.7824 -204.8110
v 350.9485 343.7100 -202.0194
v 348.0524 343.7100 -203.9847
v 350.3857 343.6377 -201.1908
v 347.4914 343.6377 -203.1589
v 349.8222 343.5653 -200.3629
v 346.9296 343.5653 -202.3334
v 349.2580 343.4930 -199.5355
v 346.3670 343.4930 -201.5084
v 348.6933 343.4208 -198.7088
v 345.8037 343.4208 -200.6836
v 348.1283 343.3486 -197.8825
v 345.2398 343.3486 -199.8590
v 347.5629 343.2765 -197.0567
v 344.6753 343.2765 -199.0345
v 346.9973 343.2044 -196.2312
v 344.1104 343.2044 -198.2101
v 346.4313 343.1323 -195.4059
v 343.5453 343.1323 -197.3861
v 345.8648 343.0603 -194.5807
v 342.9799 343.0603 -196.5624
v 345.2977 342.9883 -193.7556
v 342.4141 342.9883 -195.7393
v 344.7298 342.9164 -192.9308
v 341.8478 342.9164 -194.9168
v 344.1611 342.8445 -192.1062
v 341.2810 342.8445 -194.0950
v 343.5913 342.7727 -191.2821
v 340.7134 342.7727 -193.2740
v 343.0206 342.7009 -190.4586
v 340.1449 342.7009 -192.4537
v 342.4491 342.6291 -189.6358
v 339.5755 342.6291 -191.6338
v 341.8769 342.5574 -188.8137
v 339.0052 342.5574 -190.8145
v 341.3040 342.4858 -187.9923
v 338.4339 342.4858 -189.9954
v 340.7308 342.4142 -187.1715
v 337.8619 342.4142 -189.1765
v 340.1572 342.3427 -186.3513
v 337.2894 342.3427 -188.3577
v 339.5832 342.2712 -185.5313
v 336.7165 342.2712 -187.5393
v 339.0086 342.1997 -184.7115
v 336.1431 342.1997 -186.7213
v 338.4334 342.1284 -183.8920
v 335.5693 342.1284 -185.9037
v 337.8576 342.0571 -183.0728
v 334.9950 342.0571 -185.0867
v 337.2811 341.9858 -182.2541
v 334.4201 341.9858 -184.2701
v 336.7039 341.9146 -181.4356
v 333.8447 341.9146 -183.4542
v 336.1258 341.8435 -180.6176
v 333.2685 341.8435 -182.6389
v 335.5469 341.7723 -179.8001
v 332.6916 341.7723 -181.8242
v 334.9671 341.7013 -178.9831
v 332.1139 341.7013 -181.0102
v 334.3866 341.6304 -178.1669
v 331.5352 341.6304 -180.1966
v 333.8057 341.5595 -177.3514
v 330.9557 341.5595 -179.3831
v 333.2242 341.4887 -176.5365
v 330.3756 341.4887 -178.5700
v 332.6425 341.4179 -175.7221
v 329.7948 341.4179 -177.7569
v 332.0608 341.3472 -174.9083
v 329.2135 341.3472 -176.9436
v 331.4793 341.2765 -174.0948
v 328.6319 341.2765 -176.1301
v 330.8978 341.2060 -173.2813
v 328.0504 341.2060 -175.3165
v 330.3165 341.1355 -172.4679
v 327.4688 341.1355 -174.5028
v 329.7352 341.0651 -171.6544
v 326.8874 341.0651 -173.6890
v 329.1539 340.9948 -170.8407
v 326.3060 340.9948 -172.8753
v 328.5726 340.9245 -170.0270
v 325.7247 340.9245 -172.0616
v 327.9913 340.8543 -169.2132
v 325.1435 340.8543 -171.2480
v 327.4097 340.7842 -168.3994
v 324.5623 340.7842 -170.4346
v 326.8279 340.7142 -167.5857
v 323.9809 340.7142 -169.6214
v 326.2460 340.6443 -166.7719
v 323.3994 340.6443 -168.8084
v 325.6635 340.5744 -165.9581
v 322.8178 340.5744 -167.9958
v 325.0807 340.5047 -165.1446
v 322.2359 340.5047 -167.1835
v 324.4976 340.4350 -164.3313
v 321.6536 340.4350 -166.3713
v 323.9143 340.3654 -163.5184
v 321.0709 340.3654 -165.5593
v 323.3307 340.2959 -162.7056
v 320.4881 340.2959 -164.7476
v 322.7466 340.2265 -161.8929
v 319.9049 340.2265 -163.9361
v 322.1623 340.1571 -161.0805
v 319.3214 340.1571 -163.1249
v 321.5776 340.0878 -160.2685
v 318.7375 340.0878 -162.3138
v 320.9927 340.0186 -159.4566
v 318.1533 340.0186 -161.5030
v 320.4075 339.9495 -158.6449
v 317.5689 339.9495 -160.6924
v 319.8218 339.8805 -157.8332
v 316.9843 339.8805 -159.8822
v 319.2355 339.8116 -157.0219
v 316.3992 339.8116 -159.0725
v 318.6489 339.7428 -156.2109
v 315.8136 339.7428 -158.2629
v 318.0620 339.6741 -155.4004
v 315.2275 339.6741 -157.4536
v 317.4748 339.6055 -154.5899
v 314.6413 339.6055 -156.6445
v 316.8868 339.5370 -153.7796
v 314.0547 339.5370 -155.8361
v 316.2982 339.4685 -152.9696
v 313.4676 339.4685 -155.0282
v 315.7088 339.4002 -152.1598
v 312.8800 339.4002 -154.2209
v 315.1183 339.3320 -151.3503
v 312.2918 339.3320 -153.4146
v 314.5268 339.2638 -150.5414
v 311.7028 339.2638 -152.6091
v 313.9340 339.1958 -149.7329
v 311.1131 339.1958 -151.8047
v 313.3396 339.1279 -148.9250
v 310.5223 339.1279 -151.0016
v 312.7437 339.0601 -148.1180
v 309.9301 339.0601 -150.1998
v 312.1460 338.9923 -147.3117
v 309.3367 338.9923 -149.3994
v 311.5463 338.9247 -146.5067
v 308.7417 338.9247 -148.6006
v 310.9448 338.8572 -145.7029
v 308.1449 338.8572 -147.8031
v 310.3412 338.7898 -144.9001
v 307.5466 338.7898 -147.0073
v 309.7352 338.7224 -144.0987
v 306.9463 338.7224 -146.2134
v 309.1268 338.6552 -143.2986
v 306.3442 338.6552 -145.4215
v 308.5156 338.5882 -142.5000
v 305.7398 338.5882 -144.6320
v 307.9015 338.5212 -141.7034
v 305.1330 338.5212 -143.8447
v 307.2846 338.4543 -140.9085
v 304.5237 338.4543 -143.0596
v 306.6644 338.3876 -140.1156
v 303.9117 338.3876 -142.2772
v 306.0410 338.3209 -139.3249
v 303.2969 338.3209 -141.4974
v 305.4145 338.2544 -138.5368
v 302.6789 338.2544 -140.7200
v 304.7850 338.1880 -137.7511
v 302.0579 338.1880 -139.9449
v 304.1525 338.1216 -136.9679
v 301.4338 338.1216 -139.1722
v 303.5169 338.0555 -136.1871
v 300.8068 338.0555 -138.4019
v 302.8785 337.9894 -135.4089
v 300.1768 337.9894 -137.6340
v 302.2372 337.9234 -134.6333
v 299.5437 337.9234 -136.8682
v 301.5933 337.8576 -133.8601
v 298.9078 337.8576 -136.1047
v 300.9467 337.7918 -133.0893
v 298.2691 337.7918 -135.3432
v 300.2977 337.7262 -132.3210
v 297.6275 337.7262 -134.5837
v 299.6465 337.6608 -131.5549
v 296.9834 337.6608 -133.8260
v 298.9928 337.5954 -130.7908
v 296.3369 337.5954 -133.0704
v 298.3367 337.5302 -130.0289
v 295.6879 337.5302 -132.3168
v 297.6785 337.4651 -129.2692
v 295.0366 337.4651 -131.5649
v 297.0180 337.4001 -128.5114
v 294.3830 337.4001 -130.8150
v 296.3552 337.3352 -127.7555
v 293.7272 337.3352 -130.0672
v 295.6900 337.2704 -127.0016
v 293.0692 337.2704 -129.3215
v 295.0225 337.2058 -126.2500
v 292.4087 337.2058 -128.5777
v 294.3532 337.1413 -125.5006
v 291.7458 337.1413 -127.8354
v 293.6822 337.0769 -124.7532
v 291.0807 337.0769 -127.0946
v 293.0096 337.0127 -124.0077
v 290.4136 337.0127 -126.3552
v 292.3355 336.9485 -123.2639
v 289.7446 336.9485 -125.6171
v 291.6598 336.8845 -122.5215
v 289.0741 336.8845 -124.8804
v 290.9824 336.8206 -121.7806
v 288.4019 336.8206 -124.1453
v 290.3034 336.7568 -121.0413
v 287.7281 336.7568 -123.4115
v 289.6226 336.6932 -120.3033
v 287.0529 336.6932 -122.6795
v 288.9398 336.6296 -119.5667
v 286.3760 336.6296 -121.9493
v 288.2553 336.5662 -118.8319
v 285.6973 336.5662 -121.2208
v 287.5692 336.5029 -118.0990
v 285.0166 336.5029 -120.4936
v 286.8820 336.4397 -117.3680
v 284.3339 336.4397 -119.7674
v 286.1942 336.3767 -116.6387
v 283.6495 336.3767 -119.0418
v 285.5056 336.3138 -115.9106
v 282.9639 336.3138 -118.3167
v 284.8165 336.2510 -115.1835
v 282.2772 336.2510 -117.5922
v 284.1270 336.1883 -114.4571
v 281.5898 336.1883 -116.8681
v 283.4366 336.1258 -113.7313
v 280.9018 336.1258 -116.1447
v 282.7453 336.0634 -113.0060
v 280.2132 336.0634 -115.4223
v 282.0528 336.0011 -112.2812
v 279.5241 336.0011 -114.7011
v 281.3586 335.9390 -111.5570
v 278.8343 335.9390 -113.9815
v 280.6627 335.8771 -110.8339
v 278.1434 335.8771 -113.2635
v 279.9654 335.8152 -110.1123
v 277.4509 335.8152 -112.5469
v 279.2666 335.7535 -109.3920
v 276.7571 335.7535 -111.8318
v 278.5662 335.6919 -108.6731
v 276.0618 335.6919 -111.1182
v 277.8647 335.6304 -107.9560
v 275.3647 335.6304 -110.4056
v 277.1623 335.5691 -107.2404
v 274.6662 335.5691 -109.6939
v 276.4593 335.5080 -106.5262
v 273.9662 335.5080 -108.9828
v 275.7559 335.4470 -105.8131
v 273.2651 335.4470 -108.2720
v 275.0520 335.3860 -105.1007
v 272.5634 335.3860 -107.5617
v 274.3476 335.3253 -104.3890
v 271.8608 335.3253 -106.8519
v 273.6430 335.2646 -103.6781
v 271.1575 335.2646 -106.1423
v 272.9381 335.2042 -102.9673
v 270.4541 335.2042 -105.4331
v 272.2326 335.1438 -102.2572
v 269.7500 335.1438 -104.7243
v 271.5273 335.0836 -101.5477
v 269.0453 335.0836 -104.0154
v 270.8223 335.0235 -100.8387
v 268.3401 335.0235 -103.3063
v 270.1179 334.9635 -100.1300
v 267.6346 334.9635 -102.5964
v 269.4146 334.9036 -99.4214
v 266.9290 334.9036 -101.8855
v 268.7132 334.8439 -98.7129
v 266.2233 334.8439 -101.1727
v 268.0144 334.7844 -98.0041
v 265.5180 334.7844 -100.4572
v 267.3189 334.7249 -97.2941
v 264.8140 334.7249 -99.7386
v 266.6269 334.6656 -96.5823
v 264.1119 334.6656 -99.0165
v 265.9393 334.6064 -95.8683
v 263.4119 334.6064 -98.2903
v 265.2566 334.5473 -95.1517
v 262.7149 334.5473 -97.5593
v 264.5790 334.4884 -94.4316
v 262.0216 334.4884 -96.8233
v 263.9066 334.4296 -93.7074
v 261.3329 334.4296 -96.0824
v 263.2397 334.3710 -92.9793
v 260.6486 334.3710 -95.3362
v 262.5789 334.3125 -92.2471
v 259.9693 334.3125 -94.5841
v 261.9242 334.2541 -91.5100
v 259.2959 334.2541 -93.8261
v 261.2754 334.1959 -90.7677
v 258.6287 334.1959 -93.0628
v 260.6324 334.1378 -90.0204
v 257.9675 334.1378 -92.2943
v 259.9960 334.0799 -89.2683
v 257.3122 334.0799 -91.5199
v 259.3660 334.0221 -88.5109
v 256.6634 334.0221 -90.7399
v 258.7419 333.9645 -87.7478
v 256.0215 333.9645 -89.9550
v 258.1240 333.9070 -86.9800
v 255.3856 333.9070 -89.1650
v 257.5132 333.8497 -86.2078
v 254.7559 333.8497 -88.3688
v 256.9095 333.7925 -85.4305
v 254.1330 333.7925 -87.5667
v 256.3129 333.7354 -84.6478
v 253.5174 333.7354 -86.7591
v 255.7234 333.6785 -83.8601
v 252.9088 333.6785 -85.9458
v 255.1421 333.6217 -83.0679
v 252.3071 333.6217 -85.1260
v 254.5694 333.5651 -82.2705
v 251.7134 333.5651 -84.2992
v 254.0045 333.5086 -81.4665
v 251.1288 333.5086 -83.4671
v 253.4463 333.4523 -80.6561
v 250.5526 333.4523 -82.6307
v 252.8950 333.3961 -79.8406
v 249.9840 333.3961 -81.7896
v 252.3508 333.3401 -79.0199
v 249.4231 333.3401 -80.9437
v 251.8129 333.2842 -78.1937
v 248.8699 333.2842 -80.0941
v 251.2800 333.2285 -77.3618
v 248.3243 333.2285 -79.2420
v 250.7512 333.1728 -76.5253
v 247.7848 333.1728 -78.3879
v 250.2267 333.1173 -75.6851
v 247.2507 333.1173 -77.5313
v 249.7061 333.0619 -74.8415
v 246.7215 333.0619 -76.6728
v 249.1887 333.0066 -73.9943
v 246.1969 333.0066 -75.8129
v 248.6736 332.9515 -73.1440
v 245.6763 332.9515 -74.9523
v 248.1608 332.8964 -72.2915
v 245.1586 332.8964 -74.0908
v 247.6501 332.8415 -71.4368
v 244.6435 332.8415 -73.2286
v 247.1410 332.7866 -70.5802
v 244.1308 332.7866 -72.3660
v 246.6329 332.7319 -69.7222
v 243.6199 332.7319 -71.5031
v 246.1260 332.6772 -68.8631
v 243.1104 332.6772 -70.6397
v 245.6202 332.6228 -68.0031
v 242.6023 332.6228 -69.7758
v 245.1152 332.5684 -67.1422
v 242.0953 332.5684 -68.9115
v 244.6109 332.5140 -66.2805
v 241.5894 332.5140 -68.0471
v 244.1073 332.4598 -65.4184
v 241.0843 332.4598 -67.1823
v 243.6046 332.4057 -64.5559
v 240.5799 332.4057 -66.3169
v 243.1026 332.3517 -63.6926
v 240.0765 332.3517 -65.4512
v 242.6008 332.2977 -62.8285
v 239.5739 332.2977 -64.5858
v 242.0988 332.2438 -61.9637
v 239.0718 332.2438 -63.7209
v 241.5967 332.1901 -61.0988
v 238.5699 332.1901 -62.8561
v 241.0943 332.1364 -60.2336
v 238.0680 332.1364 -61.9918
v 240.5913 332.0827 -59.3683
v 237.5658 332.0827 -61.1280
v 240.0879 332.0292 -58.5033
v 237.0633 332.0292 -60.2644
v 239.5842 331.9758 -57.6387
v 236.5602 331.9758 -59.4008
v 239.0807 331.9224 -56.7748
v 236.0566 331.9224 -58.5368
v 238.5778 331.8691 -55.9114
v 235.5529 331.8691 -57.6721
v 238.0758 331.8158 -55.0483
v 235.0494 331.8158 -56.8063
v 237.5751 331.7627 -54.1852
v 234.5464 331.7627 -55.9395
v 237.0756 331.7096 -53.3216
v 234.0446 331.7096 -55.0717
v 236.5775 331.6565 -52.4574
v 233.5439 331.6565 -54.2032
v 236.0807 331.6036 -51.5927
v 233.0444 331.6036 -53.3338
v 235.5854 331.5507 -50.7273
v 232.5463 331.5507 -52.4634
v 235.0914 331.4979 -49.8610
v 232.0496 331.4979 -51.5922
v 234.5987 331.4451 -48.9937
v 231.5544 331.4451 -50.7206
v 234.1071 331.3924 -48.1256
v 231.0604 331.3924 -49.8484
v 233.6164 331.3397 -47.2567
v 230.5677 331.3397 -48.9758
v 233.1267 331.2871 -46.3870
v 230.0761 331.2871 -48.1028
v 232.6378 331.2345 -45.5167
v 229.5855 331.2345 -47.2294
v 232.1496 331.1820 -44.6457
v 229.0958 331.1820 -46.3558
v 231.6621 331.1295 -43.7742
v 228.6069 331.1295 -45.4818
v 231.1751 331.0770 -42.9022
v 228.1187 331.0770 -44.6076
v 230.6889 331.0245 -42.0301
v 227.6311 331.0245 -43.7329
v 230.2036 330.9721 -41.1577
v 227.1441 330.9721 -42.8575
v 229.7193 330.9197 -40.2849
v 226.6580 330.9197 -41.9815
v 229.2360 330.8673 -39.4116
v 226.1728 330.8673 -41.1049
v 228.7535 330.8150 -38.5378
v 225.6886 330.8150 -40.2278
v 228.2721 330.7627 -37.6635
v 225.2053 330.7627 -39.3502
v 227.7914 330.7104 -36.7886
v 224.7230 330.7104 -38.4723
v 227.3115 330.6580 -35.9129
v 224.2417 330.6580 -37.5941
v 226.8321 330.6057 -35.0368
v 223.7610 330.6057 -36.7157
v 226.3533 330.5535 -34.1602
v 223.2811 330.5535 -35.8370
v 225.8749 330.5011 -33.2831
v 222.8019 330.5011 -34.9583
v 225.3968 330.4488 -32.4056
v 222.3231 330.4488 -34.0796
v 224.9188 330.3965 -31.5276
v 221.8448 330.3965 -33.2010
v 224.4410 330.3442 -30.6497
v 221.3665 330.3442 -32.3223
v 223.9635 330.2918 -29.7716
v 220.8885 330.2918 -31.4434
v 223.4861 330.2395 -28.8932
v 220.4109 330.2395 -30.5645
v 223.0086 330.1871 -28.0147
v 219.9333 330.1871 -29.6858
v 222.5313 330.1347 -27.1362
v 219.4558 330.1347 -28.8069
v 222.0541 330.0823 -26.2576
v 218.9785 330.0823 -27.9280
v 221.5769 330.0299 -25.3789
v 218.5012 330.0299 -27.0492
v 221.0997 329.9774 -24.5000
v 218.0240 329.9774 -26.1705
v 220.6222 329.9248 -23.6210
v 217.5469 329.9248 -25.2921
v 220.1443 329.8723 -22.7419
v 217.0695 329.8723 -24.4140
v 219.6659 329.8197 -21.8625
v 216.5922 329.8197 -23.5365
v 219.1864 329.7671 -20.9831
v 216.1143 329.7671 -22.6600
v 218.7061 329.7144 -20.1041
v 215.6355 329.7144 -21.7840
v 218.2247 329.6617 -19.2254
v 215.1561 329.6617 -20.9086
v 217.7423 329.6089 -18.3470
v 214.6757 329.6089 -20.0340
v 217.2586 329.5561 -17.4692
v 214.1942 329.5561 -19.1601
v 216.7740 329.5032 -16.5921
v 213.7116 329.5032 -18.2866
v 216.2885 329.4503 -15.7159
v 213.2277 329.4503 -17.4135
v 215.8023 329.3973 -14.8402
v 212.7431 329.3973 -16.5405
v 215.3153 329.3442 -13.9649
v 212.2577 329.3442 -15.6682
v 214.8273 329.2910 -13.0900
v 211.7715 329.2910 -14.7964
v 214.3382 329.2378 -12.2152
v 211.2846 329.2378 -13.9256
v 213.8476 329.1845 -11.3408
v 210.7965 329.1845 -13.0558
v 213.3556 329.1311 -10.4671
v 210.3072 329.1311 -12.1868
v 212.8622 329.0777 -9.5940
v 209.8166 329.0777 -11.3187
v 212.3673 329.0241 -8.7218
v 209.3245 329.0241 -10.4515
v 211.8709 328.9705 -7.8503
v 208.8310 328.9705 -9.5850
v 211.3732 328.9168 -6.9798
v 208.3361 328.9168 -8.7193
v 210.8744 328.8630 -6.1104
v 207.8396 328.8630 -7.8539
v 210.3749 328.8092 -5.2420
v 207.3419 328.8092 -6.9887
v 209.8745 328.7552 -4.3741
v 206.8433 328.7552 -6.1240
v 209.3732 328.7011 -3.5068
v 206.3438 328.7011 -5.2597
v 208.8711 328.6469 -2.6400
v 205.8434 328.6469 -4.3958
v 208.3682 328.5926 -1.7738
v 205.3422 328.5926 -3.5325
v 207.8645 328.5381 -0.9080
v 204.8401 328.5381 -2.6695
v 207.3600 328.4835 -0.0427
v 204.3372 328.4835 -1.8071
v 206.8544 328.4289 0.8224
v 203.8337 328.4289 -0.9454
v 206.3479 328.3741 1.6871
v 203.3290 328.3741 -0.0846
v 205.8408 328.3192 2.5516
v 202.8227 328.3192 0.7752
v 205.3330 328.2642 3.4161
v 202.3149 328.2642 1.6336
v 204.8242 328.2090 4.2805
v 201.8053 328.2090 2.4905
v 204.3140 328.1537 5.1448
v 201.2939 328.1537 3.3455
v 203.8020 328.0983 6.0091
v 200.7803 328.0983 4.1983
v 203.2878 328.0427 6.8729
v 200.2641 328.0427 5.0485
v 202.7709 327.9870 7.7362
v 199.7450 327.9870 5.8960
v 202.2507 327.9312 8.5988
v 199.2228 327.9312 6.7401
v 201.7264 327.8752 9.4606
v 198.6969 327.8752 7.5803
v 201.1975 327.8190 10.3210
v 198.1668 327.8190 8.4163
v 200.6630 327.7627 11.1799
v 197.6320 327.7627 9.2474
v 200.1221 327.7063 12.0369
v 197.0920 327.7063 10.0728
v 199.5736 327.6497 12.8916
v 196.5460 327.6497 10.8918
v 199.0166 327.5929 13.7431
v 195.9933 327.5929 11.7036
v 198.4501 327.5360 14.5910
v 195.4330 327.5360 12.5076
v 197.8732 327.4789 15.4343
v 194.8644 327.4789 13.3030
v 197.2849 327.4216 16.2725
v 194.2869 327.4216 14.0890
v 196.6843 327.3643 17.1045
v 193.6995 327.3643 14.8647
v 196.0709 327.3068 17.9292
v 193.1012 327.3068 15.6302
v 195.4444 327.2491 18.7461
v 192.4920 327.2491 16.3845
v 194.8035 327.1913 19.5547
v 191.8716 327.1913 17.1264
v 194.1477 327.1334 20.3537
v 191.2390 327.1334 17.8555
v 193.4767 327.0753 21.1423
v 190.5940 327.0753 18.5709
v 192.7898 327.0170 21.9199
v 189.9365 327.0170 19.2718
v 192.0861 326.9586 22.6851
v 189.2661 326.9586 19.9575
v 191.3648 326.9001 23.4369
v 188.5832 326.9001 20.6272
v 190.6255 326.8414 24.1735
v 187.8871 326.8414 21.2802
v 189.8686 326.7825 24.8939
v 187.1777 326.7825 21.9165
v 189.0938 326.7235 25.5972
v 186.4549 326.7235 22.5354
v 188.3015 326.6645 26.2821
v 185.7187 326.6645 23.1366
v 187.4924 326.6053 26.9476
v 184.9687 326.6053 23.7201
v 186.6672 326.5459 27.5935
v 184.2059 326.5459 24.2860
v 185.8255 326.4864 28.2193
v 183.4307 326.4864 24.8334
v 184.9669 326.4268 28.8249
v 182.6446 326.4268 25.3614
v 184.0901 326.3672 29.4093
v 181.8483 326.3672 25.8680
v 183.1943 326.3074 29.9708
v 181.0426 326.3074 26.3518
v 182.2790 326.2474 30.5070
v 180.2274 326.2474 26.8108
v 181.3444 326.1873 31.0156
v 179.4026 326.1873 27.2440
v 180.3905 326.1271 31.4944
v 178.5680 326.1271 27.6500
v 179.4181 326.0667 31.9408
v 177.7237 326.0667 28.0279
v 178.4293 326.0062 32.3524
v 176.8683 326.0062 28.3772
v 177.4256 325.9455 32.7288
v 176.0029 325.9455 28.6980
v 176.4087 325.8847 33.0679
v 175.1270 325.8847 28.9896
v 175.3807 325.8237 33.3702
v 174.2417 325.8237 29.2527
v 174.3416 325.7626 33.6350
v 173.3492 325.7626 29.4861
v 173.2945 325.7013 33.8610
v 172.4482 325.7013 29.6899
v 172.2407 325.6399 34.0494
v 171.5403 325.6399 29.8649
v 171.1805 325.5783 34.1995
v 170.6273 325.5783 30.0101
v 170.1181 325.5165 34.3109
v 169.7074 325.5165 30.1257
v 169.0546 325.4545 34.3859
v 168.7820 325.4545 30.2134
v 167.9905 325.3923 34.4244
v 167.8526 325.3923 30.2725
v 166.9290 325.3300 34.4279
v 166.9184 325.3300 30.3039
v 165.8700 325.2674 34.3982
v 165.9813 325.2674 30.3089
v 164.8153 325.2047 34.3365
v 165.0411 325.2047 30.2867
v 163.7667 325.1418 34.2459
v 164.0976 325.1418 30.2388
v 162.7239 325.0786 34.1283
v 163.1523 325.0786 30.1662
v 161.6878 325.0152 33.9853
v 162.2052 325.0152 30.0700
v 160.6599 324.9516 33.8195
v 161.2553 324.9516 29.9515
v 159.6403 324.8877 33.6342
v 160.3029 324.8877 29.8132
v 158.6280 324.8236 33.4314
v 159.3490 324.8236 29.6568
v 157.6235 324.7593 33.2137
v 158.3929 324.7593 29.4837
v 156.6264 324.6948 32.9840
v 157.4346 324.6948 29.2963
v 155.6349 324.6300 32.7465
v 156.4754 324.6300 29.0949
v 154.6480 324.5650 32.5038
v 155.5157 324.5650 28.8796
v 153.6643 324.4997 32.2583
v 154.5564 324.4997 28.6519
v 152.6826 324.4343 32.0110
v 153.5985 324.4343 28.4120
v 151.7027 324.3684 31.7635
v 152.6419 324.3684 28.1601
v 150.7238 324.3023 31.5172
v 151.6869 324.3023 27.8971
v 149.7452 324.2357 31.2723
v 150.7341 324.2357 27.6230
v 148.7675 324.1688 31.0265
v 149.7825 324.1688 27.3416
v 147.7915 324.1015 30.7782
v 148.8315 324.1015 27.0550
v 146.8178 324.0339 30.5284
v 147.8798 324.0339 26.7636
v 145.8468 323.9658 30.2786
v 146.9265 323.9658 26.4686
v 144.8782 323.8973 30.0301
v 145.9711 323.8973 26.1712
v 143.9121 323.8283 29.7845
v 145.0126 323.8283 25.8728
v 142.9491 323.7591 29.5435
v 144.0498 323.7591 25.5746
v 141.9891 323.6896 29.3094
v 143.0813 323.6896 25.2789
v 141.0349 323.6198 29.0849
v 142.1036 323.6198 24.9870
v 140.0906 323.5498 28.8757
v 141.1103 323.5498 24.7034
v 139.1594 323.4797 28.6882
v 140.0961 323.4797 24.4348
v 138.2458 323.4094 28.5296
v 139.0548 323.4094 24.1906
v 137.3513 323.3390 28.4035
v 137.9844 323.3390 23.9885
v 136.4790 323.2686 28.3160
v 136.8831 323.2686 23.8394
v 135.6383 323.1983 28.2765
v 135.7460 323.1983 23.7586
v 134.8333 323.1281 28.2941
v 134.5773 323.1281 23.7668
v 134.0650 323.0581 28.3740
v 133.3907 323.0581 23.8829
v 133.3408 322.9884 28.5194
v 132.1981 322.9884 24.1224
v 132.6632 322.9190 28.7346
v 131.0261 322.9190 24.5003
v 132.0285 322.8499 29.0181
v 129.9011 322.8499 25.0186
v 131.4342 322.7814 29.3723
v 128.8483 322.7814 25.6746
v 130.8618 322.7132 29.8096
v 127.9021 322.7132 26.4414
v 130.2927 322.6455 30.3383
v 127.0700 322.6455 27.2753
v 129.7279 322.5782 30.9521
v 126.3324 322.5782 28.1445
v 129.1656 322.5115 31.6432
v 125.6733 322.5115 29.0233
v 128.6004 322.4454 32.3978
v 125.0688 322.4454 29.8864
v 128.0257 322.3798 33.2002
v 124.4980 322.3798 30.7222
v 127.4258 322.3147 34.0368
v 123.9456 322.3147 31.5187
v 126.7950 322.2500 34.8868
v 123.3863 322.2500 32.2730
v 126.1286 322.1857 35.7277
v 122.8135 322.1857 32.9959
v 125.4021 322.1217 36.5297
v 122.2445 322.1217 33.7062
v 124.6539 322.0580 37.3081
v 121.6357 322.0580 34.3819
v 123.8861 321.9960 38.0459
v 120.9912 321.9960 35.0462
v 123.1153 321.9643 38.7431
v 120.3080 321.9643 35.7129
v 122.3641 321.9328 39.4024
v 119.5867 321.9328 36.4010
v 121.6597 321.9015 40.0304
v 118.8360 321.9015 37.1347
v 121.0312 321.8703 40.6348
v 118.0749 321.8703 37.9422
v 120.5018 321.8392 41.2352
v 117.3418 321.8392 38.8405
v 120.0522 321.8080 41.8763
v 116.7019 321.8080 39.8026
v 119.6286 321.7770 42.6217
v 116.2425 321.7770 40.6299
v 119.4052 321.7460 42.9892
v 115.9644 321.7460 41.0769
v 119.2854 321.7150 43.2526
v 115.6593 321.7150 41.6654
v 119.1699 321.6841 43.6064
v 115.4408 321.6841 42.1924
f 1 2 4 3
f 3 4 6 5
f 5 6 8 7
f 7 8 10 9
f 9 10 12 11
f 11 12 14 13
f 13 14 16 15
f 15 16 18 17
f 17 18 20 19
f 19 20 22 21
f 21 22 24 23
f 23 24 26 25
f 25 26 28 27
f 27 28 30 29
f 29 30 32 31
f 31 32 34 33
f 33 34 36 35
f 35 36 38 37
f 37 38 40 39
f 39 40 42 41
f 41 42 44 43
f 43 44 46 45
f 45 46 48 47
f 47 48 50 49
f 49 50 52 51
f 51 52 54 53
f 53 54 56 55
f 55 56 58 57
f 57 58 60 59
f 59 60 62 61
f 61 62 64 63
f 63 64 66 65
f 65 66 68 67
f 67 68 70 69
f 69 70 72 71
f 71 72 74 73
f 73 74 76 75
f 75 76 78 77
f 77 78 80 79
f 79 80 82 81
f 81 82 84 83
f 83 84 86 85
f 85 86 88 87
f 87 88 90 89
f 89 90 92 91
f 91 92 94 93
f 93 94 96 95
f 95 96 98 97
f 97 98 100 99
f 99 100 102 101
f 101 102 104 103
f 103 104 106 105
f 105 106 108 107
f 107 108 110 109
f 109 110 112 111
f 111 112 114 113
f 113 114 116 115
f 115 116 118 117
f 117 118 120 119
f 119 120 122 121
f 121 122 124 123
f 123 124 126 125
f 125 126 128 127
f 127 128 130 129
f 129 130 132 131
f 131 132 134 133
f 133 134 136 135
f 135 136 138 137
f 137 138 140 139
f 139 140 142 141
f 141 142 144 143
f 143 144 146 145
f 145 146 148 147
f 147 148 150 149
f 149 150 152 151
f 151 152 154 153
f 153 154 156 155
f 155 156 158 157
f 157 158 160 159
f 159 160 162 161
f 161 162 164 163
f 163 164 166 165
f 165 166 168 167
f 167 168 170 169
f 169 170 172 171
f 171 172 174 173
f 173 174 176 175
f 175 176 178 177
f 177 178 180 179
f 179 180 182 181
f 181 182 184 183
f 183 184 186 185
f 185 186 188 187
f 187 188 190 189
f 189 190 192 191
f 191 192 194 193
f 193 194 196 195
f 195 196 198 197
f 197 198 200 199
f 199 200 202 201
f 201 202 204 203
f 203 204 206 205
f 205 206 208 207
f 207 208 210 209
f 209 210 212 211
f 211 212 214 213
f 213 214 216 215
f 215 216 218 217
f 217 218 220 219
f 219 220 222 221
f 221 222 224 223
f 223 224 226 225
f 225 226 228 227
f 227 228 230 229
f 229 230 232 231
f 231 232 234 233
f 233 234 236 235
f 235 236 238 237
f 237 238 240 239
f 239 240 242 241
f 241 242 244 243
f 243 244 246 245
f 245 246 248 247
f 247 248 250 249
f 249 250 252 251
f 251 252 254 253
f 253 254 256 255
f 255 256 258 257
f 257 258 260 259
f 259 260 262 261
f 261 262 264 263
f 263 264 266 265
f 265 266 268 267
f 267 268 270 269
f 269 270 272 271
f 271 272 274 273
f 273 274 276 275
f 275 276 278 277
f 277 278 280 279
f 279 280 282 281
f 281 282 284 283
f 283 284 286 285
f 285 286 288 287
f 287 288 290 289
f 289 290 292 291
f 291 292 294 293
f 293 294 296 295
f 295 296 298 297
f 297 298 300 299
f 299 300 302 301
f 301 302 304 303
f 303 304 306 305
f 305 306 308 307
f 307 308 310 309
f 309 310 312 311
f 311 312 314 313
f 313 314 316 315
f 315 316 318 317
f 317 318 320 319
f 319 320 322 321
f 321 322 324 323
f 323 324 326 325
f 325 326 328 327
f 327 328 330 329
f 329 330 332 331
f 331 332 334 333
f 333 334 336 335
f 335 336 338 337
f 337 338 340 339
f 339 340 342 341
f 341 342 344 343
f 343 344 346 345
f 345 346 348 347
f 347 348 350 349
f 349 350 352 351
f 351 352 354 353
f 353 354 356 355
f 355 356 358 357
f 357 358 360 359
f 359 360 362 361
f 361 362 364 363
f 363 364 366 365
f 365 366 368 367
f 367 368 370 369
f 369 370 372 371
f 371 372 374 373
f 373 374 376 375
f 375 376 378 377
f 377 378 380 379
f 379 380 382 381
f 381 382 384 383
f 383 384 386 385
f 385 386 388 387
f 387 388 390 389
f 389 390 392 391
f 391 392 394 393
f 393 394 396 395
f 395 396 398 397
f 397 398 400 399
f 399 400 402 401
f 401 402 404 403
f 403 404 406 405
f 405 406 408 407
f 407 408 410 409
f 409 410 412 411
f 411 412 414 413
f 413 414 416 415
f 415 416 418 417
f 417 418 420 419
f 419 420 422 421
f 421 422 424 423
f 423 424 426 425
f 425 426 428 427
f 427 428 430 429
f 429 430 432 431
f 431 432 434 433
f 433 434 436 435
f 435 436 438 437
f 437 438 440 439
f 439 440 442 441
f 441 442 444 443
f 443 444 446 445
f 445 446 448 447
f 447 448 450 449
f 449 450 452 451
f 451 452 454 453
f 453 454 456 455
f 455 456 458 457
f 457 458 460 459
f 459 460 462 461
f 461 462 464 463
f 463 464 466 465
f 465 466 468 467
f 467 468 470 469
f 469 470 472 471
f 471 472 474 473
f 473 474 476 475
f 475 476 478 477
f 477 478 480 479
f 479 480 482 481
f 481 482 484 483
f 483 484 486 485
f 485 486 488 487
f 487 488 490 489
f 489 490 492 491
f 491 492 494 493
f 493 494 496 495
f 495 496 498 497
f 497 498 500 499
f 499 500 502 501
f 501 502 504 503
f 503 504 506 505
f 505 506 508 507
f 507 508 510 509
f 509 510 512 511
f 511 512 514 513
f 513 514 516 515
f 515 516 518 517
f 517 518 520 519
f 519 520 522 521
f 521 522 524 523
f 523 524 526 525
f 525 526 528 527
f 527 528 530 529
f 529 530 532 531
f 531 532 534 533
f 533 534 536 535
f 535 536 538 537
f 537 538 540 539
f 539 540 542 541
f 541 542 544 543
f 543 544 546 545
f 545 546 548 547
f 547 548 550 549
f 549 550 552 551
f 551 552 554 553
f 553 554 556 555
f 555 556 558 557
f 557 558 560 559
f 559 560 562 561
f 561 562 564 563
f 563 564 566 565
f 565 566 568 567
f 567 568 570 569
f 569 570 572 571
f 571 572 574 573
f 573 574 576 575
f 575 576 578 577
f 577 578 580 579
f 579 580 582 581
f 581 582 584 583
f 583 584 586 585
f 585 586 588 587
f 587 588 590 589
f 589 590 592 591
f 591 592 594 593
f 593 594 596 595
f 595 596 598 597
f 597 598 600 599
f 599 600 602 601
f 601 602 604 603
f 603 604 606 605
f 605 606 608 607
f 607 608 610 609
f 609 610 612 611
f 611 612 614 613
f 613 614 616 615
f 615 616 618 617
f 617 618 620 619
f 619 620 622 621
f 621 622 624 623
f 623 624 626 625
f 625 626 628 627
f 627 628 630 629
f 629 630 632 631
f 631 632 634 633
f 633 634 636 635
f 635 636 638 637
f 637 638 640 639
f 639 640 642 641
f 641 642 644 643
f 643 644 646 645
f 645 646 648 647
f 647 648 650 649
f 649 650 652 651
f 651 652 654 653
f 653 654 656 655
f 655 656 658 657
f 657 658 660 659
f 659 660 662 661
f 661 662 664 663
f 663 664 666 665
f 665 666 668 667
f 667 668 670 669
f 669 670 672 671
f 671 672 674 673
f 673 674 676 675
f 675 676 678 677
f 677 678 680 679
f 679 680 682 681
f 681 682 684 683
f 683 684 686 685
f 685 686 688 687
f 687 688 690 689
f 689 690 692 691
f 691 692 694 693
f 693 694 696 695
f 695 696 698 697
f 697 698 700 699
f 699 700 702 701
f 701 702 704 703
f 703 704 706 705
f 705 706 708 707
f 707 708 710 709
f 709 710 712 711
f 711 712 714 713
f 713 714 716 715
f 715 716 718 717
f 717 718 720 719
f 719 720 722 721
f 721 722 724 723
f 723 724 726 725
f 725 726 728 727
f 727 728 730 729
f 729 730 732 731
f 731 732 734 733
f 733 734 736 735
f 735 736 738 737
f 737 738 740 739
f 739 740 742 741
f 741 742 744 743
f 743 744 746 745
f 745 746 748 747
f 747 748 750 749
f 749 750 752 751
f 751 752 754 753
f 753 754 756 755
f 755 756 758 757
f 757 758 760 759
f 759 760 762 761
f 761 762 764 763
f 763 764 766 765
f 765 766 768 767
f 767 768 770 769
f 769 770 772 771
f 771 772 774 773
f 773 774 776 775
f 775 776 778 777
f 777 778 780 779
f 779 780 782 781
f 781 782 784 783
f 783 784 786 785
f 785 786 788 787
f 787 788 790 789
f 789 790 792 791
f 791 792 794 793
f 793 794 796 795
f 795 796 798 797
f 797 798 800 799
f 799 800 802 801
f 801 802 804 803
f 803 804 806 805
f 805 806 808 807
f 807 808 810 809
f 809 810 812 811
f 811 812 814 813
f 813 814 816 815
f 815 816 818 817
f 817 818 820 819
f 819 820 822 821
f 821 822 824 823
f 823 824 826 825
f 825 826 828 827
f 827 828 830 829
f 829 830 832 831
f 831 832 834 833
f 833 834 836 835
f 835 836 838 837
f 837 838 840 839
f 839 840 842 841
f 841 842 844 843
f 843 844 846 845
f 845 846 848 847
f 847 848 850 849
f 849 850 852 851
f 851 852 854 853
f 853 854 856 855
f 855 856 858 857
f 857 858 860 859
f 859 860 862 861
f 861 862 864 863
f 863 864 866 865
f 865 866 868 867
f 867 868 870 869
f 869 870 872 871
f 871 872 874 873
f 873 874 876 875
f 875 876 878 877
f 877 878 880 879
f 879 880 882 881
f 881 882 884 883
f 883 884 886 885
f 885 886 888 887
f 887 888 890 889
f 889 890 892 891
f 891 892 894 893
f 893 894 896 895
f 895 896 898 897
f 897 898 900 899
f 899 900 902 901
f 901 902 904 903
f 903 904 906 905
f 905 906 908 907
f 907 908 910 909
f 909 910 912 911
f 911 912 914 913
f 913 914 916 915
f 915 916 918 917
f 917 918 920 919
f 919 920 922 921
f 921 922 924 923
f 923 924 926 925
f 925 926 928 927
f 927 928 930 929
f 929 930 932 931
f 931 932 934 933
f 933 934 936 935
f 935 936 938 937
f 937 938 940 939
f 939 940 942 941
f 941 942 944 943
f 943 944 946 945
f 945 946 948 947
f 947 948 950 949
f 949 950 952 951
f 951 952 954 953
f 953 954 956 955
f 955 956 958 957
f 957 958 960 959
f 959 960 962 961
f 961 962 964 963
f 963 964 966 965
f 965 966 968 967
f 967 968 970 969
f 969 970 972 971
f 971 972 974 973
f 973 974 976 975
f 975 976 978 977
f 977 978 980 979
f 979 980 982 981
f 981 982 984 983
f 983 984 986 985
f 985 986 988 987
f 987 988 990 989
f 989 990 992 991
f 991 992 994 993
f 993 994 996 995
f 995 996 998 997
f 997 998 1000 999
f 999 1000 1002 1001
f 1001 1002 1004 1003
f 1003 1004 1006 1005
f 1005 1006 1008 1007
f 1007 1008 1010 1009
f 1009 1010 1012 1011
f 1011 1012 1014 1013
f 1013 1014 1016 1015
f 1015 1016 1018 1017
f 1017 1018 1020 1019
f 1019 1020 1022 1021
f 1021 1022 1024 1023
f 1023 1024 1026 1025
f 1025 1026 1028 1027
f 1027 1028 1030 1029
f 1029 1030 1032 1031
f 1031 1032 1034 1033
f 1033 1034 1036 1035
f 1035 1036 1038 1037
f 1037 1038 1040 1039
f 1039 1040 1042 1041
f 1041 1042 1044 1043
f 1043 1044 1046 1045
f 1045 1046 1048 1047
f 1047 1048 1050 1049
f 1049 1050 1052 1051
f 1051 1052 1054 1053
f 1053 1054 1056 1055
f 1055 1056 1058 1057
f 1057 1058 1060 1059
f 1059 1060 1062 1061
f 1061 1062 1064 1063
f 1063 1064 1066 1065
f 1065 1066 1068 1067
f 1067 1068 1070 1069
f 1069 1070 1072 1071
f 1071 1072 1074 1073
f 1073 1074 1076 1075
f 1075 1076 1078 1077
f 1077 1078 1080 1079
f 1079 1080 1082 1081
f 1081 1082 1084 1083
f 1083 1084 1086 1085
f 1085 1086 1088 1087
f 1087 1088 1090 1089
f 1089 1090 1092 1091
f 1091 1092 1094 1093
f 1093 1094 1096 1095
f 1095 1096 1098 1097
f 1097 1098 1100 1099
f 1099 1100 1102 1101
f 1101 1102 1104 1103
f 1103 1104 1106 1105
f 1105 1106 1108 1107
f 1107 1108 1110 1109
f 1109 1110 1112 1111
f 1111 1112 1114 1113
f 1113 1114 1116 1115
f 1115 1116 1118 1117
f 1117 1118 1120 1119
f 1119 1120 1122 1121
f 1121 1122 1124 1123
f 1123 1124 1126 1125
f 1125 1126 1128 1127
f 1127 1128 1130 1129
f 1129 1130 1132 1131
f 1131 1132 1134 1133
f 1133 1134 1136 1135
f 1135 1136 1138 1137
f 1137 1138 1140 1139
f 1139 1140 1142 1141
f 1141 1142 1144 1143
f 1143 1144 1146 1145
f 1145 1146 1148 1147
f 1147 1148 1150 1149
f 1149 1150 1152 1151
f 1151 1152 1154 1153
f 1153 1154 1156 1155
f 1155 1156 1158 1157
f 1157 1158 1160 1159
f 1159 1160 1162 1161
f 1161 1162 1164 1163
f 1163 1164 1166 1165
f 1165 1166 1168 1167
f 1167 1168 1170 1169
f 1169 1170 1172 1171
f 1171 1172 1174 1173
f 1173 1174 1176 1175
f 1175 1176 1178 1177
f 1177 1178 1180 1179
f 1179 1180 1182 1181
f 1181 1182 1184 1183
f 1183 1184 1186 1185
f 1185 1186 1188 1187
f 1187 1188 1190 1189
f 1189 1190 1192 1191
f 1191 1192 1194 1193
f 1193 1194 1196 1195
f 1195 1196 1198 1197
f 1197 1198 1200 1199
f 1199 1200 1202 1201
f 1201 1202 1204 1203
f 1203 1204 1206 1205
f 1205 1206 1208 1207
f 1207 1208 1210 1209
f 1209 1210 1212 1211
f 1211 1212 1214 1213
f 1213 1214 1216 1215
f 1215 1216 1218 1217
f 1217 1218 1220 1219
f 1219 1220 1222 1221
f 1221 1222 1224 1223
f 1223 1224 1226 1225
f 1225 1226 1228 1227
f 1227 1228 1230 1229
f 1229 1230 1232 1231
f 1231 1232 1234 1233
f 1233 1234 1236 1235
f 1235 1236 1238 1237
f 1237 1238 1240 1239
f 1239 1240 1242 1241
f 1241 1242 1244 1243
f 1243 1244 1246 1245
f 1245 1246 1248 1247
f 1247 1248 1250 1249
f 1249 1250 1252 1251
f 1251 1252 1254 1253
f 1253 1254 1256 1255
f 1255 1256 1258 1257
f 1257 1258 1260 1259
f 1259 1260 1262 1261
f 1261 1262 1264 1263
f 1263 1264 1266 1265
f 1265 1266 1268 1267
f 1267 1268 1270 1269
f 1269 1270 1272 1271
f 1271 1272 1274 1273
f 1273 1274 1276 1275
f 1275 1276 1278 1277
f 1277 1278 1280 1279
f 1279 1280 1282 1281
f 1281 1282 1284 1283
f 1283 1284 1286 1285
f 1285 1286 1288 1287
f 1287 1288 1290 1289
f 1289 1290 1292 1291
f 1291 1292 1294 1293
f 1293 1294 1296 1295
f 1295 1296 1298 1297
f 1297 1298 1300 1299
f 1299 1300 1302 1301
f 1301 1302 1304 1303
f 1303 1304 1306 1305
f 1305 1306 1308 1307
f 1307 1308 1310 1309
f 1309 1310 1312 1311
f 1311 1312 1314 1313
f 1313 1314 1316 1315
f 1315 1316 1318 1317
f 1317 1318 1320 1319
f 1319 1320 1322 1321
f 1321 1322 1324 1323
f 1323 1324 1326 1325
f 1325 1326 1328 1327
f 1327 1328 1330 1329
f 1329 1330 1332 1331
f 1331 1332 1334 1333
f 1333 1334 1336 1335
f 1335 1336 1338 1337
f 1337 1338 1340 1339
f 1339 1340 1342 1341
f 1341 1342 1344 1343
f 1343 1344 1346 1345
f 1345 1346 1348 1347
f 1347 1348 1350 1349
f 1349 1350 1352 1351
f 1351 1352 1354 1353
f 1353 1354 1356 1355
f 1355 1356 1358 1357
f 1357 1358 1360 1359
f 1359 1360 1362 1361
f 1361 1362 1364 1363
f 1363 1364 1366 1365
f 1365 1366 1368 1367
f 1367 1368 1370 1369
f 1369 1370 1372 1371
f 1371 1372 1374 1373
f 1373 1374 1376 1375
f 1375 1376 1378 1377
f 1377 1378 1380 1379
f 1379 1380 1382 1381
f 1381 1382 1384 1383
f 1383 1384 1386 1385
f 1385 1386 1388 1387
f 1387 1388 1390 1389
f 1389 1390 1392 1391
f 1391 1392 1394 1393
f 1393 1394 1396 1395
f 1395 1396 1398 1397
f 1397 1398 1400 1399
f 1399 1400 1402 1401
f 1401 1402 1404 1403
f 1403 1404 1406 1405
f 1405 1406 1408 1407
f 1407 1408 1410 1409
f 1409 1410 1412 1411
f 1411 1412 1414 1413
f 1413 1414 1416 1415
f 1415 1416 1418 1417
f 1417 1418 1420 1419
f 1419 1420 1422 1421
f 1421 1422 1424 1423
f 1423 1424 1426 1425
f 1425 1426 1428 1427
f 1427 1428 1430 1429
f 1429 1430 1432 1431
f 1431 1432 1434 1433
f 1433 1434 1436 1435
f 1435 1436 1438 1437
f 1437 1438 1440 1439
f 1439 1440 1442 1441
f 1441 1442 1444 1443
f 1443 1444 1446 1445
f 1445 1446 1448 1447
f 1447 1448 1450 1449
f 1449 1450 1452 1451
f 1451 1452 1454 1453
f 1453 1454 1456 1455
f 1455 1456 1458 1457
f 1457 1458 1460 1459
f 1459 1460 1462 1461
f 1461 1462 1464 1463
f 1463 1464 1466 1465
f 1465 1466 1468 1467
f 1467 1468 1470 1469
f 1469 1470 1472 1471
f 1471 1472 1474 1473
f 1473 1474 1476 1475
f 1475 1476 1478 1477
f 1477 1478 1480 1479
f 1479 1480 1482 1481
f 1481 1482 1484 1483
f 1483 1484 1486 1485
f 1485 1486 1488 1487
f 1487 1488 1490 1489
f 1489 1490 1492 1491
f 1491 1492 1494 1493
f 1493 1494 1496 1495
f 1495 1496 1498 1497
f 1497 1498 1500 1499
f 1499 1500 1502 1501
f 1501 1502 1504 1503
f 1503 1504 1506 1505
f 1505 1506 1508 1507
f 1507 1508 1510 1509
f 1509 1510 1512 1511
f 1511 1512 1514 1513
f 1513 1514 1516 1515
f 1515 1516 1518 1517
f 1517 1518 1520 1519
f 1519 1520 1522 1521
f 1521 1522 1524 1523
f 1523 1524 1526 1525
f 1525 1526 1528 1527
f 1527 1528 1530 1529
f 1529 1530 1532 1531
f 1531 1532 1534 1533
f 1533 1534 1536 1535
f 1535 1536 1538 1537
f 1537 1538 1540 1539
f 1539 1540 1542 1541
f 1541 1542 1544 1543
f 1543 1544 1546 1545
f 1545 1546 1548 1547
f 1547 1548 1550 1549
f 1549 1550 1552 1551
f 1551 1552 1554 1553
f 1553 1554 1556 1555
f 1555 1556 1558 1557
f 1557 1558 1560 1559
f 1559 1560 1562 1561
f 1561 1562 1564 1563
f 1563 1564 1566 1565
f 1565 1566 1568 1567
f 1567 1568 1570 1569
f 1569 1570 1572 1571
f 1571 1572 1574 1573
f 1573 1574 1576 1575
f 1575 1576 1578 1577
f 1577 1578 1580 1579
f 1579 1580 1582 1581
f 1581 1582 1584 1583
f 1583 1584 1586 1585
f 1585 1586 1588 1587
f 1587 1588 1590 1589
f 1589 1590 1592 1591
f 1591 1592 1594 1593
f 1593 1594 1596 1595
f 1595 1596 1598 1597
f 1597 1598 1600 1599
f 1599 1600 1602 1601
f 1601 1602 1604 1603
f 1603 1604 1606 1605
f 1605 1606 1608 1607
f 1607 1608 1610 1609
f 1609 1610 1612 1611
f 1611 1612 1614 1613
f 1613 1614 1616 1615
f 1615 1616 1618 1617
f 1617 1618 1620 1619
f 1619 1620 1622 1621
f 1621 1622 1624 1623
f 1623 1624 1626 1625
f 1625 1626 1628 1627
f 1627 1628 1630 1629
f 1629 1630 1632 1631
f 1631 1632 1634 1633
f 1633 1634 1636 1635
f 1635 1636 1638 1637
f 1637 1638 1640 1639
f 1639 1640 1642 1641
f 1641 1642 1644 1643
f 1643 1644 1646 1645
f 1645 1646 1648 1647
f 1647 1648 1650 1649
f 1649 1650 1652 1651
f 1651 1652 1654 1653
f 1653 1654 1656 1655
f 1655 1656 1658 1657
f 1657 1658 1660 1659
f 1659 1660 1662 1661
f 1661 1662 1664 1663
f 1663 1664 1666 1665
f 1665 1666 1668 1667
f 1667 1668 1670 1669
f 1669 1670 1672 1671
f 1671 1672 1674 1673
f 1673 1674 1676 1675
f 1675 1676 1678 1677
f 1677 1678 1680 1679
f 1679 1680 1682 1681
f 1681 1682 1684 1683
f 1683 1684 1686 1685
f 1685 1686 1688 1687
f 1687 1688 1690 1689
f 1689 1690 1692 1691
f 1691 1692 1694 1693
f 1693 1694 1696 1695
f 1695 1696 1698 1697
f 1697 1698 1700 1699
f 1699 1700 1702 1701
f 1701 1702 1704 1703
f 1703 1704 1706 1705
f 1705 1706 1708 1707
f 1707 1708 1710 1709
f 1709 1710 1712 1711
f 1711 1712 1714 1713
f 1713 1714 1716 1715
f 1715 1716 1718 1717
f 1717 1718 1720 1719
f 1719 1720 1722 1721
f 1721 1722 1724 1723
f 1723 1724 1726 1725
f 1725 1726 1728 1727
f 1727 1728 1730 1729
f 1729 1730 1732 1731
f 1731 1732 1734 1733
f 1733 1734 1736 1735
f 1735 1736 1738 1737
f 1737 1738 1740 1739
f 1739 1740 1742 1741
f 1741 1742 1744 1743
f 1743 1744 1746 1745
f 1745 1746 1748 1747
f 1747 1748 1750 1749
f 1749 1750 1752 1751
f 1751 1752 1754 1753
f 1753 1754 1756 1755
f 1755 1756 1758 1757
f 1757 1758 1760 1759
f 1759 1760 1762 1761
f 1761 1762 1764 1763
f 1763 1764 1766 1765
f 1765 1766 1768 1767
f 1767 1768 1770 1769
f 1769 1770 1772 1771
f 1771 1772 1774 1773
f 1773 1774 1776 1775
f 1775 1776 1778 1777
f 1777 1778 1780 1779
f 1779 1780 1782 1781
f 1781 1782 1784 1783
f 1783 1784 1786 1785
f 1785 1786 1788 1787
f 1787 1788 1790 1789
f 1789 1790 1792 1791
f 1791 1792 1794 1793
f 1793 1794 1796 1795
f 1795 1796 1798 1797
f 1797 1798 1800 1799
f 1799 1800 1802 1801
f 1801 1802 1804 1803
f 1803 1804 1806 1805
f 1805 1806 1808 1807
f 1807 1808 1810 1809
f 1809 1810 1812 1811
f 1811 1812 1814 1813
f 1813 1814 1816 1815
f 1815 1816 1818 1817
f 1817 1818 1820 1819
f 1819 1820 1822 1821
f 1821 1822 1824 1823
f 1823 1824 1826 1825
f 1825 1826 1828 1827
f 1827 1828 1830 1829
f 1829 1830 1832 1831
f 1831 1832 1834 1833
f 1833 1834 1836 1835
f 1835 1836 1838 1837
f 1837 1838 1840 1839
f 1839 1840 1842 1841
f 1841 1842 1844 1843
f 1843 1844 1846 1845
f 1845 1846 1848 1847
f 1847 1848 1850 1849
f 1849 1850 1852 1851
f 1851 1852 1854 1853
f 1853 1854 1856 1855
f 1855 1856 1858 1857
f 1857 1858 1860 1859
f 1859 1860 1862 1861
f 1861 1862 1864 1863
f 1863 1864 1866 1865
f 1865 1866 1868 1867
f 1867 1868 1870 1869
f 1869 1870 1872 1871
f 1871 1872 1874 1873
f 1873 1874 1876 1875
f 1875 1876 1878 1877
f 1877 1878 1880 1879
f 1879 1880 1882 1881
f 1881 1882 1884 1883
f 1883 1884 1886 1885
f 1885 1886 1888 1887
f 1887 1888 1890 1889
f 1889 1890 1892 1891
f 1891 1892 1894 1893
f 1893 1894 1896 1895
f 1895 1896 1898 1897
f 1897 1898 1900 1899
f 1899 1900 1902 1901
f 1901 1902 1904 1903
f 1903 1904 1906 1905
f 1905 1906 1908 1907
f 1907 1908 1910 1909
f 1909 1910 1912 1911
f 1911 1912 1914 1913
f 1913 1914 1916 1915
f 1915 1916 1918 1917
f 1917 1918 1920 1919
f 1919 1920 1922 1921
f 1921 1922 1924 1923
f 1923 1924 1926 1925
f 1925 1926 1928 1927
f 1927 1928 1930 1929
f 1929 1930 1932 1931
f 1931 1932 1934 1933
f 1933 1934 1936 1935
f 1935 1936 1938 1937
f 1937 1938 1940 1939
f 1939 1940 1942 1941
f 1941 1942 1944 1943
f 1943 1944 1946 1945
f 1945 1946 1948 1947
f 1947 1948 1950 1949
f 1949 1950 1952 1951
f 1951 1952 1954 1953
f 1953 1954 1956 1955
f 1955 1956 1958 1957
f 1957 1958 1960 1959
f 1959 1960 1962 1961
f 1961 1962 1964 1963
f 1963 1964 1966 1965
f 1965 1966 1968 1967
f 1967 1968 1970 1969
f 1969 1970 1972 1971
f 1971 1972 1974 1973
f 1973 1974 1976 1975
f 1975 1976 1978 1977
f 1977 1978 1980 1979
f 1979 1980 1982 1981
f 1981 1982 1984 1983
f 1983 1984 1986 1985
f 1985 1986 1988 1987
f 1987 1988 1990 1989
f 1989 1990 1992 1991
f 1991 1992 1994 1993
f 1993 1994 1996 1995
f 1995 1996 1998 1997
f 1997 1998 2000 1999
f 1999 2000 2002 2001
f 2001 2002 2004 2003
f 2003 2004 2006 2005
f 2005 2006 2008 2007
f 2007 2008 2010 2009
f 2009 2010 2012 2011
f 2011 2012 2014 2013
f 2013 2014 2016 2015
f 2015 2016 2018 2017
f 2017 2018 2020 2019
f 2019 2020 2022 2021
f 2021 2022 2024 2023
f 2023 2024 2026 2025
f 2025 2026 2028 2027
f 2027 2028 2030 2029
f 2029 2030 2032 2031
f 2031 2032 2034 2033
f 2033 2034 2036 2035
f 2035 2036 2038 2037
f 2037 2038 2040 2039
f 2039 2040 2042 2041
f 2041 2042 2044 2043
f 2043 2044 2046 2045
f 2045 2046 2048 2047
f 2047 2048 2050 2049
f 2049 2050 2052 2051
f 2051 2052 2054 2053
f 2053 2054 2056 2055
f 2055 2056 2058 2057
f 2057 2058 2060 2059
f 2059 2060 2062 2061
f 2061 2062 2064 2063
f 2063 2064 2066 2065
f 2065 2066 2068 2067
f 2067 2068 2070 2069
f 2069 2070 2072 2071
f 2071 2072 2074 2073
f 2073 2074 2076 2075
f 2075 2076 2078 2077
f 2077 2078 2080 2079
f 2079 2080 2082 2081
f 2081 2082 2084 2083
f 2083 2084 2086 2085
f 2085 2086 2088 2087
f 2087 2088 2090 2089
f 2089 2090 2092 2091
f 2091 2092 2094 2093
f 2093 2094 2096 2095
f 2095 2096 2098 2097
f 2097 2098 2100 2099
f 2099 2100 2102 2101
f 2101 2102 2104 2103
f 2103 2104 2106 2105
f 2105 2106 2108 2107
f 2107 2108 2110 2109
f 2109 2110 2112 2111
f 2111 2112 2114 2113
f 2113 2114 2116 2115
f 2115 2116 2118 2117
f 2117 2118 2120 2119
f 2119 2120 2122 2121
f 2121 2122 2124 2123
f 2123 2124 2126 2125
f 2125 2126 2128 2127
f 2127 2128 2130 2129
f 2129 2130 2132 2131
f 2131 2132 2134 2133
f 2133 2134 2136 2135
f 2135 2136 2138 2137
f 2137 2138 2140 2139
f 2139 2140 2142 2141
f 2141 2142 2144 2143
f 2143 2144 2146 2145
f 2145 2146 2148 2147
f 2147 2148 2150 2149
f 2149 2150 2152 2151
f 2151 2152 2154 2153
f 2153 2154 2156 2155
f 2155 2156 2158 2157
f 2157 2158 2160 2159
f 2159 2160 2162 2161
f 2161 2162 2164 2163
f 2163 2164 2166 2165
f 2165 2166 2168 2167
f 2167 2168 2170 2169
f 2169 2170 2172 2171
f 2171 2172 2174 2173
f 2173 2174 2176 2175
f 2175 2176 2178 2177
f 2177 2178 2180 2179
f 2179 2180 2182 2181
f 2181 2182 2184 2183
f 2183 2184 2186 2185
f 2185 2186 2188 2187
f 2187 2188 2190 2189
f 2189 2190 2192 2191
f 2191 2192 2194 2193
f 2193 2194 2196 2195
f 2195 2196 2198 2197
f 2197 2198 2200 2199
f 2199 2200 2202 2201
f 2201 2202 2204 2203
f 2203 2204 2206 2205
f 2205 2206 2208 2207
f 2207 2208 2210 2209
f 2209 2210 2212 2211
f 2211 2212 2214 2213
f 2213 2214 2216 2215
f 2215 2216 2218 2217
f 2217 2218 2220 2219
f 2219 2220 2222 2221
f 2221 2222 2224 2223
f 2223 2224 2226 2225
f 2225 2226 2228 2227
f 2227 2228 2230 2229
f 2229 2230 2232 2231
f 2231 2232 2234 2233
f 2233 2234 2236 2235
f 2235 2236 2238 2237
f 2237 2238 2240 2239
f 2239 2240 2242 2241
f 2241 2242 2244 2243
f 2243 2244 2246 2245
f 2245 2246 2248 2247
f 2247 2248 2250 2249
f 2249 2250 2252 2251
f 2251 2252 2254 2253
f 2253 2254 2256 2255
f 2255 2256 2258 2257
f 2257 2258 2260 2259
f 2259 2260 2262 2261
f 2261 2262 2264 2263
f 2263 2264 2266 2265
f 2265 2266 2268 2267
f 2267 2268 2270 2269
f 2269 2270 2272 2271
f 2271 2272 2274 2273
f 2273 2274 2276 2275
f 2275 2276 2278 2277
f 2277 2278 2280 2279
f 2279 2280 2282 2281
f 2281 2282 2284 2283
f 2283 2284 2286 2285
f 2285 2286 2288 2287
f 2287 2288 2290 2289
f 2289 2290 2292 2291
f 2291 2292 2294 2293
f 2293 2294 2296 2295
f 2295 2296 2298 2297
f 2297 2298 2300 2299
f 2299 2300 2302 2301
f 2301 2302 2304 2303
f 2303 2304 2306 2305
f 2305 2306 2308 2307
f 2307 2308 2310 2309
f 2309 2310 2312 2311
f 2311 2312 2314 2313
f 2313 2314 2316 2315
f 2315 2316 2318 2317
f 2317 2318 2320 2319
f 2319 2320 2322 2321
f 2321 2322 2324 2323
f 2323 2324 2326 2325
f 2325 2326 2328 2327
f 2327 2328 2330 2329
f 2329 2330 2332 2331
f 2331 2332 2334 2333
f 2333 2334 2336 2335
f 2335 2336 2338 2337
f 2337 2338 2340 2339
f 2339 2340 2342 2341
f 2341 2342 2344 2343
f 2343 2344 2346 2345
f 2345 2346 2348 2347
f 2347 2348 2350 2349
f 2349 2350 2352 2351
f 2351 2352 2354 2353
f 2353 2354 2356 2355
f 2355 2356 2358 2357
f 2357 2358 2360 2359
f 2359 2360 2362 2361
f 2361 2362 2364 2363
f 2363 2364 2366 2365
f 2365 2366 2368 2367
f 2367 2368 2370 2369
f 2369 2370 2372 2371
f 2371 2372 2374 2373
f 2373 2374 2376 2375
f 2375 2376 2378 2377
f 2377 2378 2380 2379
f 2379 2380 2382 2381
f 2381 2382 2384 2383
f 2383 2384 2386 2385
f 2385 2386 2388 2387
f 2387 2388 2390 2389
f 2389 2390 2392 2391
f 2391 2392 2394 2393
f 2393 2394 2396 2395
f 2395 2396 2398 2397
f 2397 2398 2400 2399
f 2399 2400 2402 2401
f 2401 2402 2404 2403
f 2403 2404 2406 2405
f 2405 2406 2408 2407
f 2407 2408 2410 2409
f 2409 2410 2412 2411
f 2411 2412 2414 2413
f 2413 2414 2416 2415
f 2415 2416 2418 2417
f 2417 2418 2420 2419
f 2419 2420 2422 2421
f 2421 2422 2424 2423
f 2423 2424 2426 2425
f 2425 2426 2428 2427
f 2427 2428 2430 2429
f 2429 2430 2432 2431
f 2431 2432 2434 2433
f 2433 2434 2436 2435
f 2435 2436 2438 2437
f 2437 2438 2440 2439
f 2439 2440 2442 2441
f 2441 2442 2444 2443
f 2443 2444 2446 2445
f 2445 2446 2448 2447
f 2447 2448 2450 2449
f 2449 2450 2452 2451
f 2451 2452 2454 2453
f 2453 2454 2456 2455
f 2455 2456 2458 2457
f 2457 2458 2460 2459
f 2459 2460 2462 2461
f 2461 2462 2464 2463
f 2463 2464 2466 2465
f 2465 2466 2468 2467
f 2467 2468 2470 2469
f 2469 2470 2472 2471
f 2471 2472 2474 2473
f 2473 2474 2476 2475
f 2475 2476 2478 2477
f 2477 2478 2480 2479
f 2479 2480 2482 2481
f 2481 2482 2484 2483
f 2483 2484 2486 2485
f 2485 2486 2488 2487
f 2487 2488 2490 2489
f 2489 2490 2492 2491
f 2491 2492 2494 2493
f 2493 2494 2496 2495
f 2495 2496 2498 2497
f 2497 2498 2500 2499
f 2499 2500 2502 2501
f 2501 2502 2504 2503
f 2503 2504 2506 2505
f 2505 2506 2508 2507
f 2507 2508 2510 2509
f 2509 2510 2512 2511
f 2511 2512 2514 2513
f 2513 2514 2516 2515
f 2515 2516 2518 2517
f 2517 2518 2520 2519
f 2519 2520 2522 2521
f 2521 2522 2524 2523
f 2523 2524 2526 2525
f 2525 2526 2528 2527
f 2527 2528 2530 2529
f 2529 2530 2532 2531
f 2531 2532 2534 2533
f 2533 2534 2536 2535
f 2535 2536 2538 2537
f 2537 2538 2540 2539
f 2539 2540 2542 2541
f 2541 2542 2544 2543
f 2543 2544 2546 2545
f 2545 2546 2548 2547
f 2547 2548 2550 2549
f 2549 2550 2552 2551
f 2551 2552 2554 2553
f 2553 2554 2556 2555
f 2555 2556 2558 2557
f 2557 2558 2560 2559
f 2559 2560 2562 2561
f 2561 2562 2564 2563
f 2563 2564 2566 2565
f 2565 2566 2568 2567
f 2567 2568 2570 2569
f 2569 2570 2572 2571
f 2571 2572 2574 2573
f 2573 2574 2576 2575
f 2575 2576 2578 2577
f 2577 2578 2580 2579
f 2579 2580 2582 2581
f 2581 2582 2584 2583
f 2583 2584 2586 2585
f 2585 2586 2588 2587
f 2587 2588 2590 2589
f 2589 2590 2592 2591
f 2591 2592 2594 2593
f 2593 2594 2596 2595
f 2595 2596 2598 2597
f 2597 2598 2600 2599
f 2599 2600 2602 2601
f 2601 2602 2604 2603
f 2603 2604 2606 2605
f 2605 2606 2608 2607
f 2607 2608 2610 2609
f 2609 2610 2612 2611
f 2611 2612 2614 2613
f 2613 2614 2616 2615
f 2615 2616 2618 2617
f 2617 2618 2620 2619
f 2619 2620 2622 2621
f 2621 2622 2624 2623
f 2623 2624 2626 2625
f 2625 2626 2628 2627
f 2627 2628 2630 2629
f 2629 2630 2632 2631
f 2631 2632 2634 2633
f 2633 2634 2636 2635
f 2635 2636 2638 2637
f 2637 2638 2640 2639
f 2639 2640 2642 2641
f 2641 2642 2644 2643
f 2643 2644 2646 2645
f 2645 2646 2648 2647
f 2647 2648 2650 2649
f 2649 2650 2652 2651
f 2651 2652 2654 2653
f 2653 2654 2656 2655
f 2655 2656 2658 2657
f 2657 2658 2660 2659
f 2659 2660 2662 2661
f 2661 2662 2664 2663
f 2663 2664 2666 2665
f 2665 2666 2668 2667
f 2667 2668 2670 2669
f 2669 2670 2672 2671
f 2671 2672 2674 2673
f 2673 2674 2676 2675
f 2675 2676 2678 2677
f 2677 2678 2680 2679
f 2679 2680 2682 2681
f 2681 2682 2684 2683
f 2683 2684 2686 2685
f 2685 2686 2688 2687
f 2687 2688 2690 2689
f 2689 2690 2692 2691
f 2691 2692 2694 2693
f 2693 2694 2696 2695
f 2695 2696 2698 2697
f 2697 2698 2700 2699
f 2699 2700 2702 2701
f 2701 2702 2704 2703
f 2703 2704 2706 2705
f 2705 2706 2708 2707
f 2707 2708 2710 2709
f 2709 2710 2712 2711
f 2711 2712 2714 2713
f 2713 2714 2716 2715
f 2715 2716 2718 2717
f 2717 2718 2720 2719
f 2719 2720 2722 2721
f 2721 2722 2724 2723
f 2723 2724 2726 2725
f 2725 2726 2728 2727
f 2727 2728 2730 2729
f 2729 2730 2732 2731
f 2731 2732 2734 2733
f 2733 2734 2736 2735
f 2735 2736 2738 2737
f 2737 2738 2740 2739
f 2739 2740 2742 2741
f 2741 2742 2744 2743
f 2743 2744 2746 2745
f 2745 2746 2748 2747
f 2747 2748 2750 2749
f 2749 2750 2752 2751
f 2751 2752 2754 2753
f 2753 2754 2756 2755
f 2755 2756 2758 2757
f 2757 2758 2760 2759
f 2759 2760 2762 2761
f 2761 2762 2764 2763
f 2763 2764 2766 2765
f 2765 2766 2768 2767
f 2767 2768 2770 2769
f 2769 2770 2772 2771
f 2771 2772 2774 2773
f 2773 2774 2776 2775
f 2775 2776 2778 2777
f 2777 2778 2780 2779
f 2779 2780 2782 2781
f 2781 2782 2784 2783
f 2783 2784 2786 2785
f 2785 2786 2788 2787
f 2787 2788 2790 2789
f 2789 2790 2792 2791
f 2791 2792 2794 2793
f 2793 2794 2796 2795
f 2795 2796 2798 2797
f 2797 2798 2800 2799
f 2799 2800 2802 2801
f 2801 2802 2804 2803
f 2803 2804 2806 2805
f 2805 2806 2808 2807
f 2807 2808 2810 2809
f 2809 2810 2812 2811
f 2811 2812 2814 2813
f 2813 2814 2816 2815
f 2815 2816 2818 2817
f 2817 2818 2820 2819
f 2819 2820 2822 2821
f 2821 2822 2824 2823
f 2823 2824 2826 2825
f 2825 2826 2828 2827
f 2827 2828 2830 2829
f 2829 2830 2832 2831
f 2831 2832 2834 2833
f 2833 2834 2836 2835
f 2835 2836 2838 2837
f 2837 2838 2840 2839
f 2839 2840 2842 2841
f 2841 2842 2844 2843
f 2843 2844 2846 2845
f 2845 2846 2848 2847
f 2847 2848 2850 2849
f 2849 2850 2852 2851
f 2851 2852 2854 2853
f 2853 2854 2856 2855
f 2855 2856 2858 2857
f 2857 2858 2860 2859
f 2859 2860 2862 2861
f 2861 2862 2864 2863
f 2863 2864 2866 2865
f 2865 2866 2868 2867
f 2867 2868 2870 2869
f 2869 2870 2872 2871
f 2871 2872 2874 2873
f 2873 2874 2876 2875
f 2875 2876 2878 2877
f 2877 2878 2880 2879
f 2879 2880 2882 2881
f 2881 2882 2884 2883
f 2883 2884 2886 2885
f 2885 2886 2888 2887
f 2887 2888 2890 2889
f 2889 2890 2892 2891
f 2891 2892 2894 2893
f 2893 2894 2896 2895
f 2895 2896 2898 2897
f 2897 2898 2900 2899
f 2899 2900 2902 2901
f 2901 2902 2904 2903
f 2903 2904 2906 2905
f 2905 2906 2908 2907
f 2907 2908 2910 2909
f 2909 2910 2912 2911
f 2911 2912 2914 2913
f 2913 2914 2916 2915
f 2915 2916 2918 2917
f 2917 2918 2920 2919
f 2919 2920 2922 2921
f 2921 2922 2924 2923
f 2923 2924 2926 2925
f 2925 2926 2928 2927
f 2927 2928 2930 2929
f 2929 2930 2932 2931
f 2931 2932 2934 2933
f 2933 2934 2936 2935
f 2935 2936 2938 2937
f 2937 2938 2940 2939
f 2939 2940 2942 2941
f 2941 2942 2944 2943
f 2943 2944 2946 2945
f 2945 2946 2948 2947
f 2947 2948 2950 2949
f 2949 2950 2952 2951
f 2951 2952 2954 2953
f 2953 2954 2956 2955
f 2955 2956 2958 2957
f 2957 2958 2960 2959
f 2959 2960 2962 2961
f 2961 2962 2964 2963
f 2963 2964 2966 2965
f 2965 2966 2968 2967
f 2967 2968 2970 2969
f 2969 2970 2972 2971
f 2971 2972 2974 2973
f 2973 2974 2976 2975
f 2975 2976 2978 2977
f 2977 2978 2980 2979
f 2979 2980 2982 2981
f 2981 2982 2984 2983
f 2983 2984 2986 2985
f 2985 2986 2988 2987
f 2987 2988 2990 2989
f 2989 2990 2992 2991
f 2991 2992 2994 2993
f 2993 2994 2996 2995
f 2995 2996 2998 2997
f 2997 2998 3000 2999
f 2999 3000 3002 3001
f 3001 3002 3004 3003
f 3003 3004 3006 3005
f 3005 3006 3008 3007
f 3007 3008 3010 3009
f 3009 3010 3012 3011
f 3011 3012 3014 3013
f 3013 3014 3016 3015
f 3015 3016 3018 3017
f 3017 3018 3020 3019
f 3019 3020 3022 3021
f 3021 3022 3024 3023
f 3023 3024 3026 3025
f 3025 3026 3028 3027
f 3027 3028 3030 3029
f 3029 3030 3032 3031
f 3031 3032 3034 3033
f 3033 3034 3036 3035
f 3035 3036 3038 3037
f 3037 3038 3040 3039
f 3039 3040 3042 3041
f 3041 3042 3044 3043
f 3043 3044 3046 3045
f 3045 3046 3048 3047
f 3047 3048 3050 3049
f 3049 3050 3052 3051
f 3051 3052 3054 3053
f 3053 3054 3056 3055
f 3055 3056 3058 3057
f 3057 3058 3060 3059
f 3059 3060 3062 3061
f 3061 3062 3064 3063
f 3063 3064 3066 3065
f 3065 3066 3068 3067
f 3067 3068 3070 3069
f 3069 3070 3072 3071
f 3071 3072 3074 3073
f 3073 3074 3076 3075
f 3075 3076 3078 3077
f 3077 3078 3080 3079
f 3079 3080 3082 3081
f 3081 3082 3084 3083
f 3083 3084 3086 3085
f 3085 3086 3088 3087
f 3087 3088 3090 3089
f 3089 3090 3092 3091
f 3091 3092 3094 3093
f 3093 3094 3096 3095
f 3095 3096 3098 3097
f 3097 3098 3100 3099
f 3099 3100 3102 3101
f 3101 3102 3104 3103
f 3103 3104 3106 3105
f 3105 3106 3108 3107
f 3107 3108 3110 3109
f 3109 3110 3112 3111
f 3111 3112 3114 3113
f 3113 3114 3116 3115
f 3115 3116 3118 3117
f 3117 3118 3120 3119
f 3119 3120 3122 3121
f 3121 3122 3124 3123
f 3123 3124 3126 3125
f 3125 3126 3128 3127
f 3127 3128 3130 3129
f 3129 3130 3132 3131
f 3131 3132 3134 3133
f 3133 3134 3136 3135
f 3135 3136 3138 3137
f 3137 3138 3140 3139
f 3139 3140 3142 3141
f 3141 3142 3144 3143
f 3143 3144 3146 3145
f 3145 3146 3148 3147
f 3147 3148 3150 3149
f 3149 3150 3152 3151
f 3151 3152 3154 3153
f 3153 3154 3156 3155
f 3155 3156 3158 3157
f 3157 3158 3160 3159
f 3159 3160 3162 3161
f 3161 3162 3164 3163
f 3163 3164 3166 3165
f 3165 3166 3168 3167
f 3167 3168 3170 3169
f 3169 3170 3172 3171
f 3171 3172 3174 3173
f 3173 3174 3176 3175
f 3175 3176 3178 3177
f 3177 3178 3180 3179
f 3179 3180 3182 3181
f 3181 3182 3184 3183
f 3183 3184 3186 3185
f 3185 3186 3188 3187
f 3187 3188 3190 3189
f 3189 3190 3192 3191
f 3191 3192 3194 3193
f 3193 3194 3196 3195
f 3195 3196 3198 3197
f 3197 3198 3200 3199
f 3199 3200 3202 3201
f 3201 3202 3204 3203
f 3203 3204 3206 3205
f 3205 3206 3208 3207
f 3207 3208 3210 3209
f 3209 3210 3212 3211
f 3211 3212 3214 3213
f 3213 3214 3216 3215
f 3215 3216 3218 3217
f 3217 3218 3220 3219
f 3219 3220 3222 3221
f 3221 3222 3224 3223
f 3223 3224 3226 3225
f 3225 3226 3228 3227
f 3227 3228 3230 3229
f 3229 3230 3232 3231
f 3231 3232 3234 3233
f 3233 3234 3236 3235
f 3235 3236 3238 3237
f 3237 3238 3240 3239
f 3239 3240 3242 3241
f 3241 3242 3244 3243
f 3243 3244 3246 3245
f 3245 3246 3248 3247
f 3247 3248 3250 3249
f 3249 3250 3252 3251
f 3251 3252 3254 3253
f 3253 3254 3256 3255
f 3255 3256 3258 3257
f 3257 3258 3260 3259
f 3259 3260 3262 3261
f 3261 3262 3264 3263
f 3263 3264 3266 3265
f 3265 3266 3268 3267
f 3267 3268 3270 3269
f 3269 3270 3272 3271
f 3271 3272 3274 3273
f 3273 3274 3276 3275
f 3275 3276 3278 3277
f 3277 3278 3280 3279
f 3279 3280 3282 3281
f 3281 3282 3284 3283
f 3283 3284 3286 3285
f 3285 3286 3288 3287
f 3287 3288 3290 3289
f 3289 3290 3292 3291
f 3291 3292 3294 3293
f 3293 3294 3296 3295
f 3295 3296 3298 3297
f 3297 3298 3300 3299
f 3299 3300 3302 3301
f 3301 3302 3304 3303
f 3303 3304 3306 3305
f 3305 3306 3308 3307
f 3307 3308 3310 3309
f 3309 3310 3312 3311
f 3311 3312 3314 3313
f 3313 3314 3316 3315
f 3315 3316 3318 3317
f 3317 3318 3320 3319
f 3319 3320 3322 3321
f 3321 3322 3324 3323
f 3323 3324 3326 3325
f 3325 3326 3328 3327
f 3327 3328 3330 3329
f 3329 3330 3332 3331
f 3331 3332 3334 3333
f 3333 3334 3336 3335
f 3335 3336 3338 3337
f 3337 3338 3340 3339
f 3339 3340 3342 3341
f 3341 3342 3344 3343
f 3343 3344 3346 3345
f 3345 3346 3348 3347
f 3347 3348 3350 3349
f 3349 3350 3352 3351
f 3351 3352 3354 3353
f 3353 3354 3356 3355
f 3355 3356 3358 3357
f 3357 3358 3360 3359
f 3359 3360 3362 3361
f 3361 3362 3364 3363
f 3363 3364 3366 3365
f 3365 3366 3368 3367
f 3367 3368 3370 3369
f 3369 3370 3372 3371
f 3371 3372 3374 3373
f 3373 3374 3376 3375
f 3375 3376 3378 3377
f 3377 3378 3380 3379
f 3379 3380 3382 3381
f 3381 3382 3384 3383
f 3383 3384 3386 3385
f 3385 3386 3388 3387
f 3387 3388 3390 3389
f 3389 3390 3392 3391
f 3391 3392 3394 3393
f 3393 3394 3396 3395
f 3395 3396 3398 3397
f 3397 3398 3400 3399
f 3399 3400 3402 3401
f 3401 3402 3404 3403
f 3403 3404 3406 3405
f 3405 3406 3408 3407
f 3407 3408 3410 3409
f 3409 3410 3412 3411
f 3411 3412 3414 3413
f 3413 3414 3416 3415
f 3415 3416 3418 3417
f 3417 3418 3420 3419
f 3419 3420 3422 3421
f 3421 3422 3424 3423
f 3423 3424 3426 3425
f 3425 3426 3428 3427
f 3427 3428 3430 3429
f 3429 3430 3432 3431
f 3431 3432 3434 3433
f 3433 3434 3436 3435
f 3435 3436 3438 3437
f 3437 3438 3440 3439
f 3439 3440 3442 3441
f 3441 3442 3444 3443
f 3443 3444 3446 3445
f 3445 3446 3448 3447
f 3447 3448 3450 3449
f 3449 3450 3452 3451
f 3451 3452 3454 3453
f 3453 3454 3456 3455
f 3455 3456 3458 3457
f 3457 3458 3460 3459
f 3459 3460 3462 3461
f 3461 3462 3464 3463
f 3463 3464 3466 3465
f 3465 3466 3468 3467
f 3467 3468 3470 3469
f 3469 3470 3472 3471
f 3471 3472 3474 3473
f 3473 3474 3476 3475
f 3475 3476 3478 3477
f 3477 3478 3480 3479
f 3479 3480 3482 3481
f 3481 3482 3484 3483
f 3483 3484 3486 3485
f 3485 3486 3488 3487
f 3487 3488 3490 3489
f 3489 3490 3492 3491
f 3491 3492 3494 3493
f 3493 3494 3496 3495
f 3495 3496 3498 3497
f 3497 3498 3500 3499
f 3499 3500 3502 3501
f 3501 3502 3504 3503
f 3503 3504 3506 3505
f 3505 3506 3508 3507
f 3507 3508 3510 3509
f 3509 3510 3512 3511
f 3511 3512 3514 3513
f 3513 3514 3516 3515
f 3515 3516 3518 3517
f 3517 3518 3520 3519
f 3519 3520 3522 3521
f 3521 3522 3524 3523
f 3523 3524 3526 3525
f 3525 3526 3528 3527
f 3527 3528 3530 3529
f 3529 3530 3532 3531
f 3531 3532 3534 3533
f 3533 3534 3536 3535
f 3535 3536 3538 3537
f 3537 3538 3540 3539
f 3539 3540 3542 3541
f 3541 3542 3544 3543
f 3543 3544 3546 3545
f 3545 3546 3548 3547
f 3547 3548 3550 3549
f 3549 3550 3552 3551
f 3551 3552 3554 3553
f 3553 3554 3556 3555
f 3555 3556 3558 3557
f 3557 3558 3560 3559
f 3559 3560 3562 3561
f 3561 3562 3564 3563
f 3563 3564 3566 3565
f 3565 3566 3568 3567
f 3567 3568 3570 3569
f 3569 3570 3572 3571
f 3571 3572 3574 3573
f 3573 3574 3576 3575
f 3575 3576 3578 3577
f 3577 3578 3580 3579
f 3579 3580 3582 3581
f 3581 3582 3584 3583
f 3583 3584 3586 3585
f 3585 3586 3588 3587
f 3587 3588 3590 3589
f 3589 3590 3592 3591
f 3591 3592 3594 3593
f 3593 3594 3596 3595
f 3595 3596 3598 3597
f 3597 3598 3600 3599
f 3599 3600 3602 3601
f 3601 3602 3604 3603
f 3603 3604 3606 3605
f 3605 3606 3608 3607
f 3607 3608 3610 3609
f 3609 3610 3612 3611
f 3611 3612 3614 3613
f 3613 3614 3616 3615
f 3615 3616 3618 3617
f 3617 3618 3620 3619
f 3619 3620 3622 3621
f 3621 3622 3624 3623
f 3623 3624 3626 3625
f 3625 3626 3628 3627
f 3627 3628 3630 3629
f 3629 3630 3632 3631
f 3631 3632 3634 3633
f 3633 3634 3636 3635
f 3635 3636 3638 3637
f 3637 3638 3640 3639
f 3639 3640 3642 3641
f 3641 3642 3644 3643
f 3643 3644 3646 3645
f 3645 3646 3648 3647
f 3647 3648 3650 3649
f 3649 3650 3652 3651
f 3651 3652 3654 3653
f 3653 3654 3656 3655
f 3655 3656 3658 3657
f 3657 3658 3660 3659
f 3659 3660 3662 3661
f 3661 3662 3664 3663
f 3663 3664 3666 3665
f 3665 3666 3668 3667
f 3667 3668 3670 3669
f 3669 3670 3672 3671
f 3671 3672 3674 3673
f 3673 3674 3676 3675
f 3675 3676 3678 3677
f 3677 3678 3680 3679
f 3679 3680 3682 3681
f 3681 3682 3684 3683
f 3683 3684 3686 3685
f 3685 3686 3688 3687
f 3687 3688 3690 3689
f 3689 3690 3692 3691
f 3691 3692 3694 3693
f 3693 3694 3696 3695
f 3695 3696 3698 3697
f 3697 3698 3700 3699
f 3699 3700 3702 3701
f 3701 3702 3704 3703
f 3703 3704 3706 3705
f 3705 3706 3708 3707
f 3707 3708 3710 3709
f 3709 3710 3712 3711
f 3711 3712 3714 3713
f 3713 3714 3716 3715
f 3715 3716 3718 3717
f 3717 3718 3720 3719
f 3719 3720 3722 3721
f 3721 3722 3724 3723
f 3723 3724 3726 3725
f 3725 3726 3728 3727
f 3727 3728 3730 3729
f 3729 3730 3732 3731
f 3731 3732 3734 3733
f 3733 3734 3736 3735
f 3735 3736 3738 3737
f 3737 3738 3740 3739
f 3739 3740 3742 3741
f 3741 3742 3744 3743
f 3743 3744 3746 3745
f 3745 3746 3748 3747
f 3747 3748 3750 3749
f 3749 3750 3752 3751
f 3751 3752 3754 3753
f 3753 3754 3756 3755
f 3755 3756 3758 3757
f 3757 3758 3760 3759
f 3759 3760 3762 3761
f 3761 3762 3764 3763
f 3763 3764 3766 3765
f 3765 3766 3768 3767
f 3767 3768 3770 3769
f 3769 3770 3772 3771
f 3771 3772 3774 3773
f 3773 3774 3776 3775
f 3775 3776 3778 3777
f 3777 3778 3780 3779
f 3779 3780 3782 3781
f 3781 3782 3784 3783
f 3783 3784 3786 3785
f 3785 3786 3788 3787
f 3787 3788 3790 3789
f 3789 3790 3792 3791
f 3791 3792 3794 3793
f 3793 3794 3796 3795
f 3795 3796 3798 3797
f 3797 3798 3800 3799
f 3799 3800 3802 3801
f 3801 3802 3804 3803
f 3803 3804 3806 3805
f 3805 3806 3808 3807
f 3807 3808 3810 3809
f 3809 3810 3812 3811
f 3811 3812 3814 3813
f 3813 3814 3816 3815
f 3815 3816 3818 3817
f 3817 3818 3820 3819
f 3819 3820 3822 3821
f 3821 3822 3824 3823
f 3823 3824 3826 3825
f 3825 3826 3828 3827
f 3827 3828 3830 3829
f 3829 3830 3832 3831
f 3831 3832 3834 3833
f 3833 3834 3836 3835
f 3835 3836 3838 3837
f 3837 3838 3840 3839
f 3839 3840 3842 3841
f 3841 3842 3844 3843
f 3843 3844 3846 3845
f 3845 3846 3848 3847
f 3847 3848 3850 3849
f 3849 3850 3852 3851
f 3851 3852 3854 3853
f 3853 3854 3856 3855
f 3855 3856 3858 3857
f 3857 3858 3860 3859
f 3859 3860 3862 3861
f 3861 3862 3864 3863
f 3863 3864 3866 3865
f 3865 3866 3868 3867
f 3867 3868 3870 3869
f 3869 3870 3872 3871
f 3871 3872 3874 3873
f 3873 3874 3876 3875
f 3875 3876 3878 3877
f 3877 3878 3880 3879
f 3879 3880 3882 3881
f 3881 3882 3884 3883
f 3883 3884 3886 3885
f 3885 3886 3888 3887
f 3887 3888 3890 3889
f 3889 3890 3892 3891
f 3891 3892 3894 3893
f 3893 3894 3896 3895
f 3895 3896 3898 3897
f 3897 3898 3900 3899
f 3899 3900 3902 3901
f 3901 3902 3904 3903
f 3903 3904 3906 3905
f 3905 3906 3908 3907
f 3907 3908 3910 3909
f 3909 3910 3912 3911
f 3911 3912 3914 3913
f 3913 3914 3916 3915
f 3915 3916 3918 3917
f 3917 3918 3920 3919
f 3919 3920 3922 3921
f 3921 3922 3924 3923
f 3923 3924 3926 3925
f 3925 3926 3928 3927
f 3927 3928 3930 3929
f 3929 3930 3932 3931
f 3931 3932 3934 3933
f 3933 3934 3936 3935
f 3935 3936 3938 3937
f 3937 3938 3940 3939
f 3939 3940 3942 3941
f 3941 3942 3944 3943
f 3943 3944 3946 3945
f 3945 3946 3948 3947
f 3947 3948 3950 3949
f 3949 3950 3952 3951
f 3951 3952 3954 3953
f 3953 3954 3956 3955
f 3955 3956 3958 3957
f 3957 3958 3960 3959
f 3959 3960 3962 3961
f 3961 3962 3964 3963
f 3963 3964 3966 3965
f 3965 3966 3968 3967
f 3967 3968 3970 3969
f 3969 3970 3972 3971
f 3971 3972 3974 3973
f 3973 3974 3976 3975
f 3975 3976 3978 3977
f 3977 3978 3980 3979
f 3979 3980 3982 3981
f 3981 3982 3984 3983
f 3983 3984 3986 3985
f 3985 3986 3988 3987
f 3987 3988 3990 3989
f 3989 3990 3992 3991
f 3991 3992 3994 3993
f 3993 3994 3996 3995
f 3995 3996 3998 3997
f 3997 3998 4000 3999
f 3999 4000 4002 4001
f 4001 4002 4004 4003
f 4003 4004 4006 4005
f 4005 4006 4008 4007
f 4007 4008 4010 4009
f 4009 4010 4012 4011
f 4011 4012 4014 4013
f 4013 4014 4016 4015
f 4015 4016 4018 4017
f 4017 4018 4020 4019
f 4019 4020 4022 4021
f 4021 4022 4024 4023
f 4023 4024 4026 4025
f 4025 4026 4028 4027
f 4027 4028 4030 4029
f 4029 4030 4032 4031
f 4031 4032 4034 4033
f 4033 4034 4036 4035
f 4035 4036 4038 4037
f 4037 4038 4040 4039
f 4039 4040 4042 4041
f 4041 4042 4044 4043
f 4043 4044 4046 4045
f 4045 4046 4048 4047
f 4047 4048 4050 4049
f 4049 4050 4052 4051
f 4051 4052 4054 4053
f 4053 4054 4056 4055
f 4055 4056 4058 4057
f 4057 4058 4060 4059
f 4059 4060 4062 4061
f 4061 4062 4064 4063
f 4063 4064 4066 4065
f 4065 4066 4068 4067
f 4067 4068 4070 4069
f 4069 4070 4072 4071
f 4071 4072 4074 4073
f 4073 4074 4076 4075
f 4075 4076 4078 4077
f 4077 4078 4080 4079
f 4079 4080 4082 4081
f 4081 4082 4084 4083
f 4083 4084 4086 4085
f 4085 4086 4088 4087
f 4087 4088 4090 4089
f 4089 4090 4092 4091
f 4091 4092 4094 4093
f 4093 4094 4096 4095
f 4095 4096 4098 4097
f 4097 4098 4100 4099
f 4099 4100 4102 4101
f 4101 4102 4104 4103
f 4103 4104 4106 4105
f 4105 4106 4108 4107
f 4107 4108 4110 4109
f 4109 4110 4112 4111
f 4111 4112 4114 4113
f 4113 4114 4116 4115
f 4115 4116 4118 4117
f 4117 4118 4120 4119
f 4119 4120 4122 4121
f 4121 4122 4124 4123
f 4123 4124 4126 4125
f 4125 4126 4128 4127
f 4127 4128 4130 4129
f 4129 4130 4132 4131
f 4131 4132 4134 4133
f 4133 4134 4136 4135
f 4135 4136 4138 4137
f 4137 4138 4140 4139
f 4139 4140 4142 4141
f 4141 4142 4144 4143
f 4143 4144 4146 4145
f 4145 4146 4148 4147
f 4147 4148 4150 4149
f 4149 4150 4152 4151
f 4151 4152 4154 4153
f 4153 4154 4156 4155
f 4155 4156 4158 4157
f 4157 4158 4160 4159
f 4159 4160 4162 4161
f 4161 4162 4164 4163
f 4163 4164 4166 4165
f 4165 4166 4168 4167
f 4167 4168 4170 4169
f 4169 4170 4172 4171
f 4171 4172 4174 4173
f 4173 4174 4176 4175
f 4175 4176 4178 4177
f 4177 4178 4180 4179
f 4179 4180 4182 4181
f 4181 4182 4184 4183
f 4183 4184 4186 4185
f 4185 4186 4188 4187
f 4187 4188 4190 4189
f 4189 4190 4192 4191
f 4191 4192 4194 4193
f 4193 4194 4196 4195
f 4195 4196 4198 4197
f 4197 4198 4200 4199
f 4199 4200 4202 4201
f 4201 4202 4204 4203
f 4203 4204 4206 4205
f 4205 4206 4208 4207
f 4207 4208 4210 4209
f 4209 4210 4212 4211
f 4211 4212 4214 4213
f 4213 4214 4216 4215
f 4215 4216 4218 4217
f 4217 4218 4220 4219
f 4219 4220 4222 4221
f 4221 4222 4224 4223
f 4223 4224 4226 4225
f 4225 4226 4228 4227
f 4227 4228 4230 4229
f 4229 4230 4232 4231
f 4231 4232 4234 4233
f 4233 4234 4236 4235
f 4235 4236 4238 4237
f 4237 4238 4240 4239
f 4239 4240 4242 4241
f 4241 4242 4244 4243
f 4243 4244 4246 4245
f 4245 4246 4248 4247
f 4247 4248 4250 4249
f 4249 4250 4252 4251
f 4251 4252 4254 4253
f 4253 4254 4256 4255
f 4255 4256 4258 4257
f 4257 4258 4260 4259
f 4259 4260 4262 4261
f 4261 4262 4264 4263
f 4263 4264 4266 4265
f 4265 4266 4268 4267
f 4267 4268 4270 4269
f 4269 4270 4272 4271
f 4271 4272 4274 4273
f 4273 4274 4276 4275
f 4275 4276 4278 4277
f 4277 4278 4280 4279
f 4279 4280 4282 4281
f 4281 4282 4284 4283
f 4283 4284 4286 4285
f 4285 4286 4288 4287
f 4287 4288 4290 4289
f 4289 4290 4292 4291
f 4291 4292 4294 4293
f 4293 4294 4296 4295
f 4295 4296 4298 4297
f 4297 4298 4300 4299
f 4299 4300 4302 4301
f 4301 4302 4304 4303
f 4303 4304 4306 4305
f 4305 4306 4308 4307
f 4307 4308 4310 4309
f 4309 4310 4312 4311
f 4311 4312 4314 4313
f 4313 4314 4316 4315
f 4315 4316 4318 4317
f 4317 4318 4320 4319
f 4319 4320 4322 4321
f 4321 4322 4324 4323
f 4323 4324 4326 4325
f 4325 4326 4328 4327
f 4327 4328 4330 4329
f 4329 4330 4332 4331
f 4331 4332 4334 4333
f 4333 4334 4336 4335
f 4335 4336 4338 4337
f 4337 4338 4340 4339
f 4339 4340 4342 4341
f 4341 4342 4344 4343
f 4343 4344 4346 4345
f 4345 4346 4348 4347
f 4347 4348 4350 4349
f 4349 4350 4352 4351
f 4351 4352 4354 4353
f 4353 4354 4356 4355
f 4355 4356 4358 4357
f 4357 4358 4360 4359
f 4359 4360 4362 4361
f 4361 4362 4364 4363
f 4363 4364 4366 4365
f 4365 4366 4368 4367
f 4367 4368 4370 4369
f 4369 4370 4372 4371
f 4371 4372 4374 4373
f 4373 4374 4376 4375
f 4375 4376 4378 4377
f 4377 4378 4380 4379
f 4379 4380 4382 4381
f 4381 4382 4384 4383
f 4383 4384 4386 4385
f 4385 4386 4388 4387
f 4387 4388 4390 4389
f 4389 4390 4392 4391
f 4391 4392 4394 4393
f 4393 4394 4396 4395
f 4395 4396 4398 4397
f 4397 4398 4400 4399
f 4399 4400 4402 4401
f 4401 4402 4404 4403
f 4403 4404 4406 4405
f 4405 4406 4408 4407
f 4407 4408 4410 4409
f 4409 4410 4412 4411
f 4411 4412 4414 4413
f 4413 4414 4416 4415
f 4415 4416 4418 4417
f 4417 4418 4420 4419
f 4419 4420 4422 4421
f 4421 4422 4424 4423
f 4423 4424 4426 4425
f 4425 4426 4428 4427
f 4427 4428 4430 4429
f 4429 4430 4432 4431
f 4431 4432 4434 4433
f 4433 4434 4436 4435
f 4435 4436 4438 4437
f 4437 4438 4440 4439
f 4439 4440 4442 4441
f 4441 4442 4444 4443
f 4443 4444 4446 4445
f 4445 4446 4448 4447
f 4447 4448 4450 4449
f 4449 4450 4452 4451
f 4451 4452 4454 4453
f 4453 4454 4456 4455
f 4455 4456 4458 4457
f 4457 4458 4460 4459
f 4459 4460 4462 4461
f 4461 4462 4464 4463
f 4463 4464 4466 4465
f 4465 4466 4468 4467
f 4467 4468 4470 4469
f 4469 4470 4472 4471
f 4471 4472 4474 4473
f 4473 4474 4476 4475
f 4475 4476 4478 4477
f 4477 4478 4480 4479
f 4479 4480 4482 4481
f 4481 4482 4484 4483
f 4483 4484 4486 4485
f 4485 4486 4488 4487
f 4487 4488 4490 4489
f 4489 4490 4492 4491
f 4491 4492 4494 4493
f 4493 4494 4496 4495
f 4495 4496 4498 4497
f 4497 4498 4500 4499
f 4499 4500 4502 4501
f 4501 4502 4504 4503
f 4503 4504 4506 4505
f 4505 4506 4508 4507
f 4507 4508 4510 4509
f 4509 4510 4512 4511
f 4511 4512 4514 4513
f 4513 4514 4516 4515
f 4515 4516 4518 4517
f 4517 4518 4520 4519
f 4519 4520 4522 4521
f 4521 4522 4524 4523
f 4523 4524 4526 4525
f 4525 4526 4528 4527
f 4527 4528 4530 4529
f 4529 4530 4532 4531
f 4531 4532 4534 4533
f 4533 4534 4536 4535
f 4535 4536 4538 4537
f 4537 4538 4540 4539
f 4539 4540 4542 4541
f 4541 4542 4544 4543
f 4543 4544 4546 4545
f 4545 4546 4548 4547
f 4547 4548 4550 4549
f 4549 4550 4552 4551
f 4551 4552 4554 4553
f 4553 4554 4556 4555
f 4555 4556 4558 4557
f 4557 4558 4560 4559
f 4559 4560 4562 4561
f 4561 4562 4564 4563
f 4563 4564 4566 4565
f 4565 4566 4568 4567
f 4567 4568 4570 4569
f 4569 4570 4572 4571
f 4571 4572 4574 4573
f 4573 4574 4576 4575
f 4575 4576 4578 4577
f 4577 4578 4580 4579
f 4579 4580 4582 4581
f 4581 4582 4584 4583
f 4583 4584 4586 4585
f 4585 4586 4588 4587
f 4587 4588 4590 4589
f 4589 4590 4592 4591
f 4591 4592 4594 4593
f 4593 4594 4596 4595
f 4595 4596 4598 4597
f 4597 4598 4600 4599
f 4599 4600 4602 4601
f 4601 4602 4604 4603
f 4603 4604 4606 4605
f 4605 4606 4608 4607
f 4607 4608 4610 4609
f 4609 4610 4612 4611
f 4611 4612 4614 4613
f 4613 4614 4616 4615
f 4615 4616 4618 4617
f 4617 4618 4620 4619
f 4619 4620 4622 4621
f 4621 4622 4624 4623
f 4623 4624 4626 4625
f 4625 4626 4628 4627
f 4627 4628 4630 4629
f 4629 4630 4632 4631
f 4631 4632 4634 4633
f 4633 4634 4636 4635
f 4635 4636 4638 4637
f 4637 4638 4640 4639
f 4639 4640 4642 4641
f 4641 4642 4644 4643
f 4643 4644 4646 4645
f 4645 4646 4648 4647
f 4647 4648 4650 4649
f 4649 4650 4652 4651
f 4651 4652 4654 4653
f 4653 4654 4656 4655
f 4655 4656 4658 4657
f 4657 4658 4660 4659
f 4659 4660 4662 4661
f 4661 4662 4664 4663
f 4663 4664 4666 4665
f 4665 4666 4668 4667
f 4667 4668 4670 4669
f 4669 4670 4672 4671
f 4671 4672 4674 4673
f 4673 4674 4676 4675
f 4675 4676 4678 4677
f 4677 4678 4680 4679
f 4679 4680 4682 4681
f 4681 4682 4684 4683
f 4683 4684 4686 4685
f 4685 4686 4688 4687
f 4687 4688 4690 4689
f 4689 4690 4692 4691
f 4691 4692 4694 4693
f 4693 4694 4696 4695
f 4695 4696 4698 4697
f 4697 4698 4700 4699
f 4699 4700 4702 4701
f 4701 4702 4704 4703
f 4703 4704 4706 4705
f 4705 4706 4708 4707
f 4707 4708 4710 4709
f 4709 4710 4712 4711
f 4711 4712 4714 4713
f 4713 4714 4716 4715
f 4715 4716 4718 4717
f 4717 4718 4720 4719
f 4719 4720 4722 4721
f 4721 4722 4724 4723
f 4723 4724 4726 4725
f 4725 4726 4728 4727
f 4727 4728 4730 4729
f 4729 4730 4732 4731
f 4731 4732 4734 4733
f 4733 4734 4736 4735
f 4735 4736 4738 4737
f 4737 4738 4740 4739
f 4739 4740 4742 4741
f 4741 4742 4744 4743
f 4743 4744 4746 4745
f 4745 4746 4748 4747
f 4747 4748 4750 4749
f 4749 4750 4752 4751
f 4751 4752 4754 4753
f 4753 4754 4756 4755
f 4755 4756 4758 4757
f 4757 4758 4760 4759
f 4759 4760 4762 4761
f 4761 4762 4764 4763
f 4763 4764 4766 4765
f 4765 4766 4768 4767
f 4767 4768 4770 4769
f 4769 4770 4772 4771
f 4771 4772 4774 4773
f 4773 4774 4776 4775
f 4775 4776 4778 4777
f 4777 4778 4780 4779
f 4779 4780 4782 4781
f 4781 4782 4784 4783
f 4783 4784 4786 4785
f 4785 4786 4788 4787
f 4787 4788 4790 4789
f 4789 4790 4792 4791
f 4791 4792 4794 4793
f 4793 4794 4796 4795
f 4795 4796 4798 4797
f 4797 4798 4800 4799
f 4799 4800 4802 4801
f 4801 4802 4804 4803
f 4803 4804 4806 4805
f 4805 4806 4808 4807
f 4807 4808 4810 4809
f 4809 4810 4812 4811
f 4811 4812 4814 4813
f 4813 4814 4816 4815
f 4815 4816 4818 4817
f 4817 4818 4820 4819
f 4819 4820 4822 4821
f 4821 4822 4824 4823
f 4823 4824 4826 4825
f 4825 4826 4828 4827
f 4827 4828 4830 4829
f 4829 4830 4832 4831
f 4831 4832 4834 4833
f 4833 4834 4836 4835
f 4835 4836 4838 4837
f 4837 4838 4840 4839
f 4839 4840 4842 4841
f 4841 4842 4844 4843
f 4843 4844 4846 4845
f 4845 4846 4848 4847
f 4847 4848 4850 4849
f 4849 4850 4852 4851
f 4851 4852 4854 4853
f 4853 4854 4856 4855
f 4855 4856 4858 4857
f 4857 4858 4860 4859
f 4859 4860 4862 4861
f 4861 4862 4864 4863
f 4863 4864 4866 4865
f 4865 4866 4868 4867
f 4867 4868 4870 4869
f 4869 4870 4872 4871
f 4871 4872 4874 4873
f 4873 4874 4876 4875
f 4875 4876 4878 4877
f 4877 4878 4880 4879
f 4879 4880 4882 4881
f 4881 4882 4884 4883
f 4883 4884 4886 4885
f 4885 4886 4888 4887
f 4887 4888 4890 4889
f 4889 4890 4892 4891
f 4891 4892 4894 4893
f 4893 4894 4896 4895
f 4895 4896 4898 4897
f 4897 4898 4900 4899
f 4899 4900 4902 4901
f 4901 4902 4904 4903
f 4903 4904 4906 4905
f 4905 4906 4908 4907
f 4907 4908 4910 4909
f 4909 4910 4912 4911
f 4911 4912 4914 4913
f 4913 4914 4916 4915
f 4915 4916 4918 4917
f 4917 4918 4920 4919
f 4919 4920 4922 4921
f 4921 4922 4924 4923
f 4923 4924 4926 4925
f 4925 4926 4928 4927
f 4927 4928 4930 4929
f 4929 4930 4932 4931
f 4931 4932 4934 4933
f 4933 4934 4936 4935
f 4935 4936 4938 4937
f 4937 4938 4940 4939
f 4939 4940 4942 4941
f 4941 4942 4944 4943
f 4943 4944 4946 4945
f 4945 4946 4948 4947
f 4947 4948 4950 4949
f 4949 4950 4952 4951
f 4951 4952 4954 4953
f 4953 4954 4956 4955
f 4955 4956 4958 4957
f 4957 4958 4960 4959
f 4959 4960 4962 4961
f 4961 4962 4964 4963
f 4963 4964 4966 4965
f 4965 4966 4968 4967
f 4967 4968 4970 4969
f 4969 4970 4972 4971
f 4971 4972 4974 4973
f 4973 4974 4976 4975
f 4975 4976 4978 4977
f 4977 4978 4980 4979
f 4979 4980 4982 4981
f 4981 4982 4984 4983
f 4983 4984 4986 4985
f 4985 4986 4988 4987
f 4987 4988 4990 4989
f 4989 4990 4992 4991
f 4991 4992 4994 4993
f 4993 4994 4996 4995
f 4995 4996 4998 4997
f 4997 4998 5000 4999
f 4999 5000 5002 5001
f 5001 5002 5004 5003
f 5003 5004 5006 5005
f 5005 5006 5008 5007
f 5007 5008 5010 5009
f 5009 5010 5012 5011
f 5011 5012 5014 5013
f 5013 5014 5016 5015
f 5015 5016 5018 5017
f 5017 5018 5020 5019
f 5019 5020 5022 5021
f 5021 5022 5024 5023
f 5023 5024 5026 5025
f 5025 5026 5028 5027
f 5027 5028 5030 5029
f 5029 5030 5032 5031
f 5031 5032 5034 5033
f 5033 5034 5036 5035
f 5035 5036 5038 5037
f 5037 5038 5040 5039
f 5039 5040 5042 5041
f 5041 5042 5044 5043
f 5043 5044 5046 5045
f 5045 5046 5048 5047
f 5047 5048 5050 5049
f 5049 5050 5052 5051
f 5051 5052 5054 5053
f 5053 5054 5056 5055
f 5055 5056 5058 5057
f 5057 5058 5060 5059
f 5059 5060 5062 5061
f 5061 5062 5064 5063
f 5063 5064 5066 5065
f 5065 5066 5068 5067
f 5067 5068 5070 5069
f 5069 5070 5072 5071
f 5071 5072 5074 5073
f 5073 5074 5076 5075
f 5075 5076 5078 5077
f 5077 5078 5080 5079
f 5079 5080 5082 5081
f 5081 5082 5084 5083
f 5083 5084 5086 5085
f 5085 5086 5088 5087
f 5087 5088 5090 5089
f 5089 5090 5092 5091
f 5091 5092 5094 5093
f 5093 5094 5096 5095
f 5095 5096 5098 5097
f 5097 5098 5100 5099
f 5099 5100 5102 5101
f 5101 5102 5104 5103
f 5103 5104 5106 5105
f 5105 5106 5108 5107
f 5107 5108 5110 5109
f 5109 5110 5112 5111
f 5111 5112 5114 5113
f 5113 5114 5116 5115
f 5115 5116 5118 5117
f 5117 5118 5120 5119
f 5119 5120 5122 5121
f 5121 5122 5124 5123
f 5123 5124 5126 5125
f 5125 5126 5128 5127
f 5127 5128 5130 5129
f 5129 5130 5132 5131
f 5131 5132 5134 5133
f 5133 5134 5136 5135
f 5135 5136 5138 5137
f 5137 5138 5140 5139
f 5139 5140 5142 5141
f 5141 5142 5144 5143
f 5143 5144 5146 5145
f 5145 5146 5148 5147
f 5147 5148 5150 5149
f 5149 5150 5152 5151
f 5151 5152 5154 5153
f 5153 5154 5156 5155
f 5155 5156 5158 5157
f 5157 5158 5160 5159
f 5159 5160 5162 5161
f 5161 5162 5164 5163
f 5163 5164 5166 5165
f 5165 5166 5168 5167
f 5167 5168 5170 5169
f 5169 5170 5172 5171
f 5171 5172 5174 5173
f 5173 5174 5176 5175
f 5175 5176 5178 5177
f 5177 5178 5180 5179
f 5179 5180 5182 5181
f 5181 5182 5184 5183
f 5183 5184 5186 5185
f 5185 5186 5188 5187
f 5187 5188 5190 5189
f 5189 5190 5192 5191
f 5191 5192 5194 5193
f 5193 5194 5196 5195
f 5195 5196 5198 5197
f 5197 5198 5200 5199
f 5199 5200 5202 5201
f 5201 5202 5204 5203
f 5203 5204 5206 5205
f 5205 5206 5208 5207
f 5207 5208 5210 5209
f 5209 5210 5212 5211
f 5211 5212 5214 5213
f 5213 5214 5216 5215
f 5215 5216 5218 5217
f 5217 5218 5220 5219
f 5219 5220 5222 5221
f 5221 5222 5224 5223
f 5223 5224 5226 5225
f 5225 5226 5228 5227
f 5227 5228 5230 5229
f 5229 5230 5232 5231
f 5231 5232 5234 5233
f 5233 5234 5236 5235
f 5235 5236 5238 5237
f 5237 5238 5240 5239
f 5239 5240 5242 5241
f 5241 5242 5244 5243
f 5243 5244 5246 5245
f 5245 5246 5248 5247
f 5247 5248 5250 5249
f 5249 5250 5252 5251
f 5251 5252 5254 5253
f 5253 5254 5256 5255
f 5255 5256 5258 5257
f 5257 5258 5260 5259
f 5259 5260 5262 5261
f 5261 5262 5264 5263
f 5263 5264 5266 5265
f 5265 5266 5268 5267
f 5267 5268 5270 5269
f 5269 5270 5272 5271
f 5271 5272 5274 5273
f 5273 5274 5276 5275
f 5275 5276 5278 5277
f 5277 5278 5280 5279
f 5279 5280 5282 5281
f 5281 5282 5284 5283
f 5283 5284 5286 5285
f 5285 5286 5288 5287
f 5287 5288 5290 5289
f 5289 5290 5292 5291
f 5291 5292 5294 5293
f 5293 5294 5296 5295
f 5295 5296 5298 5297
f 5297 5298 5300 5299
f 5299 5300 5302 5301
f 5301 5302 5304 5303
f 5303 5304 5306 5305
f 5305 5306 5308 5307
f 5307 5308 5310 5309
f 5309 5310 5312 5311
f 5311 5312 5314 5313
f 5313 5314 5316 5315
f 5315 5316 5318 5317
f 5317 5318 5320 5319
f 5319 5320 5322 5321
f 5321 5322 5324 5323
f 5323 5324 5326 5325
f 5325 5326 5328 5327
f 5327 5328 5330 5329
f 5329 5330 5332 5331
f 5331 5332 5334 5333
f 5333 5334 5336 5335
f 5335 5336 5338 5337
f 5337 5338 5340 5339
f 5339 5340 5342 5341
f 5341 5342 5344 5343
f 5343 5344 5346 5345
f 5345 5346 5348 5347
f 5347 5348 5350 5349
f 5349 5350 5352 5351
f 5351 5352 5354 5353
f 5353 5354 5356 5355
f 5355 5356 5358 5357
f 5357 5358 5360 5359
f 5359 5360 5362 5361
f 5361 5362 5364 5363
f 5363 5364 5366 5365
f 5365 5366 5368 5367
f 5367 5368 5370 5369
f 5369 5370 5372 5371
f 5371 5372 5374 5373
f 5373 5374 5376 5375
f 5375 5376 5378 5377
f 5377 5378 5380 5379
f 5379 5380 5382 5381
f 5381 5382 5384 5383
f 5383 5384 5386 5385
f 5385 5386 5388 5387
f 5387 5388 5390 5389
f 5389 5390 5392 5391
f 5391 5392 5394 5393
f 5393 5394 5396 5395
f 5395 5396 5398 5397
f 5397 5398 5400 5399
f 5399 5400 5402 5401
f 5401 5402 5404 5403
f 5403 5404 5406 5405
f 5405 5406 5408 5407
f 5407 5408 5410 5409
f 5409 5410 5412 5411
f 5411 5412 5414 5413
f 5413 5414 5416 5415
f 5415 5416 5418 5417
f 5417 5418 5420 5419
f 5419 5420 5422 5421
f 5421 5422 5424 5423
f 5423 5424 5426 5425
f 5425 5426 5428 5427
f 5427 5428 5430 5429
f 5429 5430 5432 5431
f 5431 5432 5434 5433
f 5433 5434 5436 5435
f 5435 5436 5438 5437
f 5437 5438 5440 5439
f 5439 5440 5442 5441
f 5441 5442 5444 5443
f 5443 5444 5446 5445
f 5445 5446 5448 5447
f 5447 5448 5450 5449
f 5449 5450 5452 5451
f 5451 5452 5454 5453
f 5453 5454 5456 5455
f 5455 5456 5458 5457
f 5457 5458 5460 5459
f 5459 5460 5462 5461
f 5461 5462 5464 5463
f 5463 5464 5466 5465
f 5465 5466 5468 5467
f 5467 5468 5470 5469
f 5469 5470 5472 5471
f 5471 5472 5474 5473
f 5473 5474 5476 5475
f 5475 5476 5478 5477
f 5477 5478 5480 5479
f 5479 5480 5482 5481
f 5481 5482 5484 5483
f 5483 5484 5486 5485
f 5485 5486 5488 5487
f 5487 5488 5490 5489
f 5489 5490 5492 5491
f 5491 5492 5494 5493
f 5493 5494 5496 5495
f 5495 5496 5498 5497
f 5497 5498 5500 5499
f 5499 5500 5502 5501
f 5501 5502 5504 5503
f 5503 5504 5506 5505
f 5505 5506 5508 5507
f 5507 5508 5510 5509
f 5509 5510 5512 5511
f 5511 5512 5514 5513
f 5513 5514 5516 5515
f 5515 5516 5518 5517
f 5517 5518 5520 5519
f 5519 5520 5522 5521
f 5521 5522 5524 5523
f 5523 5524 5526 5525
f 5525 5526 5528 5527
f 5527 5528 5530 5529
f 5529 5530 5532 5531
f 5531 5532 5534 5533
f 5533 5534 5536 5535
f 5535 5536 5538 5537
f 5537 5538 5540 5539
f 5539 5540 5542 5541
f 5541 5542 5544 5543
f 5543 5544 5546 5545
f 5545 5546 5548 5547
f 5547 5548 5550 5549
f 5549 5550 5552 5551
f 5551 5552 5554 5553
f 5553 5554 5556 5555
f 5555 5556 5558 5557
f 5557 5558 5560 5559
f 5559 5560 5562 5561
f 5561 5562 5564 5563
f 5563 5564 5566 5565
f 5565 5566 5568 5567
f 5567 5568 5570 5569
f 5569 5570 5572 5571
f 5571 5572 5574 5573
f 5573 5574 5576 5575
f 5575 5576 5578 5577
f 5577 5578 5580 5579
f 5579 5580 5582 5581
f 5581 5582 5584 5583
f 5583 5584 5586 5585
f 5585 5586 5588 5587
f 5587 5588 5590 5589
f 5589 5590 5592 5591
f 5591 5592 5594 5593
f 5593 5594 5596 5595
f 5595 5596 5598 5597
f 5597 5598 5600 5599
f 5599 5600 5602 5601
f 5601 5602 5604 5603
f 5603 5604 5606 5605
f 5605 5606 5608 5607
f 5607 5608 5610 5609
f 5609 5610 5612 5611
f 5611 5612 5614 5613
f 5613 5614 5616 5615
f 5615 5616 5618 5617
f 5617 5618 5620 5619
f 5619 5620 5622 5621
f 5621 5622 5624 5623
f 5623 5624 5626 5625
f 5625 5626 5628 5627
f 5627 5628 5630 5629
f 5629 5630 5632 5631
f 5631 5632 5634 5633
f 5633 5634 5636 5635
f 5635 5636 5638 5637
f 5637 5638 5640 5639
f 5639 5640 5642 5641
f 5641 5642 5644 5643
f 5643 5644 5646 5645
f 5645 5646 5648 5647
f 5647 5648 5650 5649
f 5649 5650 5652 5651
f 5651 5652 5654 5653
f 5653 5654 5656 5655
f 5655 5656 5658 5657
f 5657 5658 5660 5659
f 5659 5660 5662 5661
f 5661 5662 5664 5663
f 5663 5664 5666 5665
f 5665 5666 5668 5667
f 5667 5668 5670 5669
f 5669 5670 5672 5671
f 5671 5672 5674 5673
f 5673 5674 5676 5675
f 5675 5676 5678 5677
f 5677 5678 5680 5679
f 5679 5680 5682 5681
f 5681 5682 5684 5683
f 5683 5684 5686 5685
f 5685 5686 5688 5687
f 5687 5688 5690 5689
f 5689 5690 5692 5691
f 5691 5692 5694 5693
f 5693 5694 5696 5695
f 5695 5696 5698 5697
f 5697 5698 5700 5699
f 5699 5700 5702 5701
f 5701 5702 5704 5703
f 5703 5704 5706 5705
f 5705 5706 5708 5707
f 5707 5708 5710 5709
f 5709 5710 5712 5711
f 5711 5712 5714 5713
f 5713 5714 5716 5715
f 5715 5716 5718 5717
f 5717 5718 5720 5719
f 5719 5720 5722 5721
f 5721 5722 5724 5723
f 5723 5724 5726 5725
f 5725 5726 5728 5727
f 5727 5728 5730 5729
f 5729 5730 5732 5731
f 5731 5732 5734 5733
f 5733 5734 5736 5735
f 5735 5736 5738 5737
f 5737 5738 5740 5739
f 5739 5740 5742 5741
f 5741 5742 5744 5743
f 5743 5744 5746 5745
f 5745 5746 5748 5747
f 5747 5748 5750 5749
f 5749 5750 5752 5751
f 5751 5752 5754 5753
f 5753 5754 5756 5755
f 5755 5756 5758 5757
f 5757 5758 5760 5759
f 5759 5760 5762 5761
f 5761 5762 5764 5763
f 5763 5764 5766 5765
f 5765 5766 5768 5767
f 5767 5768 5770 5769
f 5769 5770 5772 5771
f 5771 5772 5774 5773
f 5773 5774 5776 5775
f 5775 5776 5778 5777
f 5777 5778 5780 5779
f 5779 5780 5782 5781
f 5781 5782 5784 5783
f 5783 5784 5786 5785
f 5785 5786 5788 5787
f 5787 5788 5790 5789
f 5789 5790 5792 5791
f 5791 5792 5794 5793
f 5793 5794 5796 5795
f 5795 5796 5798 5797
f 5797 5798 5800 5799
f 5799 5800 5802 5801
f 5801 5802 5804 5803
f 5803 5804 5806 5805
f 5805 5806 5808 5807
f 5807 5808 5810 5809
f 5809 5810 5812 5811
f 5811 5812 5814 5813
f 5813 5814 5816 5815
f 5815 5816 5818 5817
f 5817 5818 5820 5819
f 5819 5820 5822 5821
f 5821 5822 5824 5823
f 5823 5824 5826 5825
f 5825 5826 5828 5827
f 5827 5828 5830 5829
f 5829 5830 5832 5831
f 5831 5832 5834 5833
f 5833 5834 5836 5835
f 5835 5836 5838 5837
f 5837 5838 5840 5839
f 5839 5840 5842 5841
f 5841 5842 5844 5843
f 5843 5844 5846 5845
f 5845 5846 5848 5847
f 5847 5848 5850 5849
f 5849 5850 5852 5851
f 5851 5852 5854 5853
f 5853 5854 5856 5855
f 5855 5856 5858 5857
f 5857 5858 5860 5859
f 5859 5860 5862 5861
f 5861 5862 5864 5863
f 5863 5864 5866 5865
f 5865 5866 5868 5867
f 5867 5868 5870 5869
f 5869 5870 5872 5871
f 5871 5872 5874 5873
f 5873 5874 5876 5875
f 5875 5876 5878 5877
f 5877 5878 5880 5879
f 5879 5880 5882 5881
f 5881 5882 5884 5883
f 5883 5884 5886 5885
f 5885 5886 5888 5887
f 5887 5888 5890 5889
f 5889 5890 5892 5891
f 5891 5892 5894 5893
f 5893 5894 5896 5895
f 5895 5896 5898 5897
f 5897 5898 5900 5899
f 5899 5900 5902 5901
f 5901 5902 5904 5903
f 5903 5904 5906 5905
f 5905 5906 5908 5907
f 5907 5908 5910 5909
f 5909 5910 5912 5911
f 5911 5912 5914 5913
f 5913 5914 5916 5915
f 5915 5916 5918 5917
f 5917 5918 5920 5919
f 5919 5920 5922 5921
f 5921 5922 5924 5923
f 5923 5924 5926 5925
f 5925 5926 5928 5927
f 5927 5928 5930 5929
f 5929 5930 5932 5931
f 5931 5932 5934 5933
f 5933 5934 5936 5935
f 5935 5936 5938 5937
f 5937 5938 5940 5939
f 5939 5940 5942 5941
f 5941 5942 5944 5943
f 5943 5944 5946 5945
f 5945 5946 5948 5947
f 5947 5948 5950 5949
f 5949 5950 5952 5951
f 5951 5952 5954 5953
f 5953 5954 5956 5955
f 5955 5956 5958 5957
f 5957 5958 5960 5959
f 5959 5960 5962 5961
f 5961 5962 5964 5963
f 5963 5964 5966 5965
f 5965 5966 5968 5967
f 5967 5968 5970 5969
f 5969 5970 5972 5971
f 5971 5972 5974 5973
f 5973 5974 5976 5975
f 5975 5976 5978 5977
f 5977 5978 5980 5979
f 5979 5980 5982 5981
f 5981 5982 5984 5983
f 5983 5984 5986 5985
f 5985 5986 5988 5987
f 5987 5988 5990 5989
f 5989 5990 5992 5991
f 5991 5992 5994 5993
f 5993 5994 5996 5995
f 5995 5996 5998 5997
f 5997 5998 6000 5999
f 5999 6000 6002 6001
f 6001 6002 6004 6003
f 6003 6004 6006 6005
f 6005 6006 6008 6007
f 6007 6008 6010 6009
f 6009 6010 6012 6011
f 6011 6012 6014 6013
f 6013 6014 6016 6015
f 6015 6016 6018 6017
f 6017 6018 6020 6019
f 6019 6020 6022 6021
f 6021 6022 6024 6023
f 6023 6024 6026 6025
f 6025 6026 6028 6027
f 6027 6028 6030 6029
f 6029 6030 6032 6031
f 6031 6032 6034 6033
f 6033 6034 6036 6035
f 6035 6036 6038 6037
f 6037 6038 6040 6039
f 6039 6040 6042 6041
f 6041 6042 6044 6043
f 6043 6044 6046 6045
f 6045 6046 6048 6047
f 6047 6048 6050 6049
f 6049 6050 6052 6051
f 6051 6052 6054 6053
f 6053 6054 6056 6055
f 6055 6056 6058 6057
f 6057 6058 6060 6059
f 6059 6060 6062 6061
f 6061 6062 6064 6063
f 6063 6064 6066 6065
f 6065 6066 6068 6067
f 6067 6068 6070 6069
f 6069 6070 6072 6071
f 6071 6072 6074 6073
f 6073 6074 6076 6075
f 6075 6076 6078 6077
f 6077 6078 6080 6079
f 6079 6080 6082 6081
f 6081 6082 6084 6083
f 6083 6084 6086 6085
f 6085 6086 6088 6087
f 6087 6088 6090 6089
f 6089 6090 6092 6091
f 6091 6092 6094 6093
f 6093 6094 6096 6095
f 6095 6096 6098 6097
f 6097 6098 6100 6099
f 6099 6100 6102 6101
f 6101 6102 6104 6103
f 6103 6104 6106 6105
f 6105 6106 6108 6107
f 6107 6108 6110 6109
f 6109 6110 6112 6111
f 6111 6112 6114 6113
f 6113 6114 6116 6115
f 6115 6116 6118 6117
f 6117 6118 6120 6119
f 6119 6120 6122 6121
f 6121 6122 6124 6123
f 6123 6124 6126 6125
f 6125 6126 6128 6127
f 6127 6128 6130 6129
f 6129 6130 6132 6131
f 6131 6132 6134 6133
f 6133 6134 6136 6135
f 6135 6136 6138 6137
f 6137 6138 6140 6139
f 6139 6140 6142 6141
f 6141 6142 6144 6143
f 6143 6144 6146 6145
f 6145 6146 6148 6147
f 6147 6148 6150 6149
f 6149 6150 6152 6151
f 6151 6152 6154 6153
f 6153 6154 6156 6155
f 6155 6156 6158 6157
f 6157 6158 6160 6159
f 6159 6160 6162 6161
f 6161 6162 6164 6163
f 6163 6164 6166 6165
f 6165 6166 6168 6167
f 6167 6168 6170 6169
f 6169 6170 6172 6171
f 6171 6172 6174 6173
f 6173 6174 6176 6175
f 6175 6176 6178 6177
f 6177 6178 6180 6179
f 6179 6180 6182 6181
f 6181 6182 6184 6183
f 6183 6184 6186 6185
f 6185 6186 6188 6187
f 6187 6188 6190 6189
f 6189 6190 6192 6191
f 6191 6192 6194 6193
f 6193 6194 6196 6195
f 6195 6196 6198 6197
f 6197 6198 6200 6199
f 6199 6200 6202 6201
f 6201 6202 6204 6203
f 6203 6204 6206 6205
f 6205 6206 6208 6207
f 6207 6208 6210 6209
f 6209 6210 6212 6211
f 6211 6212 6214 6213
f 6213 6214 6216 6215
f 6215 6216 6218 6217
f 6217 6218 6220 6219
f 6219 6220 6222 6221
f 6221 6222 6224 6223
f 6223 6224 6226 6225
f 6225 6226 6228 6227
f 6227 6228 6230 6229
f 6229 6230 6232 6231
f 6231 6232 6234 6233
f 6233 6234 6236 6235
f 6235 6236 6238 6237
f 6237 6238 6240 6239
f 6239 6240 6242 6241
f 6241 6242 6244 6243
f 6243 6244 6246 6245
f 6245 6246 6248 6247
f 6247 6248 6250 6249
f 6249 6250 6252 6251
f 6251 6252 6254 6253
f 6253 6254 6256 6255
f 6255 6256 6258 6257
f 6257 6258 6260 6259
f 6259 6260 6262 6261
f 6261 6262 6264 6263
f 6263 6264 6266 6265
f 6265 6266 6268 6267
f 6267 6268 6270 6269
f 6269 6270 6272 6271
f 6271 6272 6274 6273
f 6273 6274 6276 6275
f 6275 6276 6278 6277
f 6277 6278 6280 6279
f 6279 6280 6282 6281
f 6281 6282 6284 6283
f 6283 6284 6286 6285
f 6285 6286 6288 6287
f 6287 6288 6290 6289
f 6289 6290 6292 6291
f 6291 6292 6294 6293
f 6293 6294 6296 6295
f 6295 6296 6298 6297
f 6297 6298 6300 6299
f 6299 6300 6302 6301
f 6301 6302 6304 6303
f 6303 6304 6306 6305
f 6305 6306 6308 6307
f 6307 6308 6310 6309
f 6309 6310 6312 6311
f 6311 6312 6314 6313
f 6313 6314 6316 6315
f 6315 6316 6318 6317
f 6317 6318 6320 6319
f 6319 6320 6322 6321
f 6321 6322 6324 6323
f 6323 6324 6326 6325
f 6325 6326 6328 6327
f 6327 6328 6330 6329
f 6329 6330 6332 6331
f 6331 6332 6334 6333
f 6333 6334 6336 6335
f 6335 6336 6338 6337
f 6337 6338 6340 6339
f 6339 6340 6342 6341
f 6341 6342 6344 6343
f 6343 6344 6346 6345
f 6345 6346 6348 6347
f 6347 6348 6350 6349
f 6349 6350 6352 6351
f 6351 6352 6354 6353
f 6353 6354 6356 6355
f 6355 6356 6358 6357
f 6357 6358 6360 6359
f 6359 6360 6362 6361
f 6361 6362 6364 6363
f 6363 6364 6366 6365
f 6365 6366 6368 6367
f 6367 6368 6370 6369
f 6369 6370 6372 6371
f 6371 6372 6374 6373
f 6373 6374 6376 6375
f 6375 6376 6378 6377
f 6377 6378 6380 6379
f 6379 6380 6382 6381
f 6381 6382 6384 6383
f 6383 6384 6386 6385
f 6385 6386 6388 6387
f 6387 6388 6390 6389
f 6389 6390 6392 6391
f 6391 6392 6394 6393
f 6393 6394 6396 6395
f 6395 6396 6398 6397
f 6397 6398 6400 6399
f 6399 6400 6402 6401
f 6401 6402 6404 6403
f 6403 6404 6406 6405
f 6405 6406 6408 6407
f 6407 6408 6410 6409
f 6409 6410 6412 6411
f 6411 6412 6414 6413
f 6413 6414 6416 6415
f 6415 6416 6418 6417
f 6417 6418 6420 6419
f 6419 6420 6422 6421
f 6421 6422 6424 6423
f 6423 6424 6426 6425
f 6425 6426 6428 6427
f 6427 6428 6430 6429
f 6429 6430 6432 6431
f 6431 6432 6434 6433
f 6433 6434 6436 6435
f 6435 6436 6438 6437
f 6437 6438 6440 6439
f 6439 6440 6442 6441
f 6441 6442 6444 6443
f 6443 6444 6446 6445
f 6445 6446 6448 6447
f 6447 6448 6450 6449
f 6449 6450 6452 6451
f 6451 6452 6454 6453
f 6453 6454 6456 6455
f 6455 6456 6458 6457
f 6457 6458 6460 6459
f 6459 6460 6462 6461
f 6461 6462 6464 6463
f 6463 6464 6466 6465
f 6465 6466 6468 6467
f 6467 6468 6470 6469
f 6469 6470 6472 6471
f 6471 6472 6474 6473
f 6473 6474 6476 6475
f 6475 6476 6478 6477
f 6477 6478 6480 6479
f 6479 6480 6482 6481
f 6481 6482 6484 6483
f 6483 6484 6486 6485
f 6485 6486 6488 6487
f 6487 6488 6490 6489
f 6489 6490 6492 6491
f 6491 6492 6494 6493
f 6493 6494 6496 6495
f 6495 6496 6498 6497
f 6497 6498 6500 6499
f 6499 6500 6502 6501
f 6501 6502 6504 6503
f 6503 6504 6506 6505
f 6505 6506 6508 6507
f 6507 6508 6510 6509
f 6509 6510 6512 6511
f 6511 6512 6514 6513
f 6513 6514 6516 6515
f 6515 6516 6518 6517
f 6517 6518 6520 6519
f 6519 6520 6522 6521
f 6521 6522 6524 6523
f 6523 6524 6526 6525
f 6525 6526 6528 6527
f 6527 6528 6530 6529
f 6529 6530 6532 6531
f 6531 6532 6534 6533
f 6533 6534 6536 6535
f 6535 6536 6538 6537
f 6537 6538 6540 6539
f 6539 6540 6542 6541
f 6541 6542 6544 6543
f 6543 6544 6546 6545
f 6545 6546 6548 6547
f 6547 6548 6550 6549
f 6549 6550 6552 6551
f 6551 6552 6554 6553
f 6553 6554 6556 6555
f 6555 6556 6558 6557
f 6557 6558 6560 6559
f 6559 6560 6562 6561
f 6561 6562 6564 6563
f 6563 6564 6566 6565
f 6565 6566 6568 6567
f 6567 6568 6570 6569
f 6569 6570 6572 6571
f 6571 6572 6574 6573
f 6573 6574 6576 6575
f 6575 6576 6578 6577
f 6577 6578 6580 6579
f 6579 6580 6582 6581
f 6581 6582 6584 6583
f 6583 6584 6586 6585
f 6585 6586 6588 6587
f 6587 6588 6590 6589
f 6589 6590 6592 6591
f 6591 6592 6594 6593
f 6593 6594 6596 6595
f 6595 6596 6598 6597
f 6597 6598 6600 6599
f 6599 6600 6602 6601
f 6601 6602 6604 6603
f 6603 6604 6606 6605
f 6605 6606 6608 6607
f 6607 6608 6610 6609
f 6609 6610 6612 6611
f 6611 6612 6614 6613
f 6613 6614 6616 6615
f 6615 6616 6618 6617
f 6617 6618 6620 6619
f 6619 6620 6622 6621
f 6621 6622 6624 6623
f 6623 6624 6626 6625
f 6625 6626 6628 6627
f 6627 6628 6630 6629
f 6629 6630 6632 6631
f 6631 6632 6634 6633
f 6633 6634 6636 6635
f 6635 6636 6638 6637
f 6637 6638 6640 6639
f 6639 6640 6642 6641
f 6641 6642 6644 6643
f 6643 6644 6646 6645
f 6645 6646 6648 6647
f 6647 6648 6650 6649
f 6649 6650 6652 6651
f 6651 6652 6654 6653
f 6653 6654 6656 6655
f 6655 6656 6658 6657
f 6657 6658 6660 6659
f 6659 6660 6662 6661
f 6661 6662 6664 6663
f 6663 6664 6666 6665
f 6665 6666 6668 6667
f 6667 6668 6670 6669
f 6669 6670 6672 6671
f 6671 6672 6674 6673
f 6673 6674 6676 6675
f 6675 6676 6678 6677
f 6677 6678 6680 6679
f 6679 6680 6682 6681
f 6681 6682 6684 6683
f 6683 6684 6686 6685
f 6685 6686 6688 6687
f 6687 6688 6690 6689
f 6689 6690 6692 6691
f 6691 6692 6694 6693
f 6693 6694 6696 6695
f 6695 6696 6698 6697
f 6697 6698 6700 6699
f 6699 6700 6702 6701
f 6701 6702 6704 6703
f 6703 6704 6706 6705
f 6705 6706 6708 6707
f 6707 6708 6710 6709
f 6709 6710 6712 6711
f 6711 6712 6714 6713
f 6713 6714 6716 6715
f 6715 6716 6718 6717
f 6717 6718 6720 6719
f 6719 6720 6722 6721
f 6721 6722 6724 6723
f 6723 6724 6726 6725
f 6725 6726 6728 6727
f 6727 6728 6730 6729
f 6729 6730 6732 6731
f 6731 6732 6734 6733
f 6733 6734 6736 6735
f 6735 6736 6738 6737
f 6737 6738 6740 6739
f 6739 6740 6742 6741
f 6741 6742 6744 6743
f 6743 6744 6746 6745
f 6745 6746 6748 6747
f 6747 6748 6750 6749
f 6749 6750 6752 6751
f 6751 6752 6754 6753
f 6753 6754 6756 6755
f 6755 6756 6758 6757
f 6757 6758 6760 6759
f 6759 6760 6762 6761
f 6761 6762 6764 6763
f 6763 6764 6766 6765
f 6765 6766 6768 6767
f 6767 6768 6770 6769
f 6769 6770 6772 6771
f 6771 6772 6774 6773
f 6773 6774 6776 6775
f 6775 6776 6778 6777
f 6777 6778 6780 6779
f 6779 6780 6782 6781
f 6781 6782 6784 6783
f 6783 6784 6786 6785
f 6785 6786 6788 6787
f 6787 6788 6790 6789
f 6789 6790 6792 6791
f 6791 6792 6794 6793
f 6793 6794 6796 6795
f 6795 6796 6798 6797
f 6797 6798 6800 6799
f 6799 6800 6802 6801
f 6801 6802 6804 6803
f 6803 6804 6806 6805
f 6805 6806 6808 6807
f 6807 6808 6810 6809
f 6809 6810 6812 6811
f 6811 6812 6814 6813
f 6813 6814 6816 6815
f 6815 6816 6818 6817
f 6817 6818 6820 6819
f 6819 6820 6822 6821
f 6821 6822 6824 6823
f 6823 6824 6826 6825
f 6825 6826 6828 6827
f 6827 6828 6830 6829
f 6829 6830 6832 6831
f 6831 6832 6834 6833
f 6833 6834 6836 6835
f 6835 6836 6838 6837
f 6837 6838 6840 6839
f 6839 6840 6842 6841
f 6841 6842 6844 6843
f 6843 6844 6846 6845
f 6845 6846 6848 6847
f 6847 6848 6850 6849
f 6849 6850 6852 6851
f 6851 6852 6854 6853
f 6853 6854 6856 6855
f 6855 6856 6858 6857
f 6857 6858 6860 6859
f 6859 6860 6862 6861
f 6861 6862 6864 6863
f 6863 6864 6866 6865
f 6865 6866 6868 6867
f 6867 6868 6870 6869
f 6869 6870 6872 6871
f 6871 6872 6874 6873
f 6873 6874 6876 6875
f 6875 6876 6878 6877
f 6877 6878 6880 6879
f 6879 6880 6882 6881
f 6881 6882 6884 6883
f 6883 6884 6886 6885
f 6885 6886 6888 6887
f 6887 6888 6890 6889
f 6889 6890 6892 6891
f 6891 6892 6894 6893
f 6893 6894 6896 6895
f 6895 6896 6898 6897
f 6897 6898 6900 6899
f 6899 6900 6902 6901
f 6901 6902 6904 6903
f 6903 6904 6906 6905
f 6905 6906 6908 6907
f 6907 6908 6910 6909
f 6909 6910 6912 6911
f 6911 6912 6914 6913
f 6913 6914 6916 6915
f 6915 6916 6918 6917
f 6917 6918 6920 6919
f 6919 6920 6922 6921
f 6921 6922 6924 6923
f 6923 6924 6926 6925
f 6925 6926 6928 6927
f 6927 6928 6930 6929
f 6929 6930 6932 6931
f 6931 6932 6934 6933
f 6933 6934 6936 6935
f 6935 6936 6938 6937
f 6937 6938 6940 6939
f 6939 6940 6942 6941
f 6941 6942 6944 6943
f 6943 6944 6946 6945
f 6945 6946 6948 6947
f 6947 6948 6950 6949
f 6949 6950 6952 6951
f 6951 6952 6954 6953
f 6953 6954 6956 6955
f 6955 6956 6958 6957
f 6957 6958 6960 6959
f 6959 6960 6962 6961
f 6961 6962 6964 6963
f 6963 6964 6966 6965
f 6965 6966 6968 6967
f 6967 6968 6970 6969
f 6969 6970 6972 6971
f 6971 6972 6974 6973
f 6973 6974 6976 6975
f 6975 6976 6978 6977
f 6977 6978 6980 6979
f 6979 6980 6982 6981
f 6981 6982 6984 6983
f 6983 6984 6986 6985
f 6985 6986 6988 6987
f 6987 6988 6990 6989
f 6989 6990 6992 6991
f 6991 6992 6994 6993
f 6993 6994 6996 6995
f 6995 6996 6998 6997
f 6997 6998 7000 6999
f 6999 7000 7002 7001
f 7001 7002 7004 7003
f 7003 7004 7006 7005
f 7005 7006 7008 7007
f 7007 7008 7010 7009
f 7009 7010 7012 7011
f 7011 7012 7014 7013
f 7013 7014 7016 7015
f 7015 7016 7018 7017
f 7017 7018 7020 7019
f 7019 7020 7022 7021
f 7021 7022 7024 7023
f 7023 7024 7026 7025
f 7025 7026 7028 7027
f 7027 7028 7030 7029
f 7029 7030 7032 7031
f 7031 7032 7034 7033
f 7033 7034 7036 7035
f 7035 7036 7038 7037
f 7037 7038 7040 7039
f 7039 7040 7042 7041
f 7041 7042 7044 7043
f 7043 7044 7046 7045
f 7045 7046 7048 7047
f 7047 7048 7050 7049
f 7049 7050 7052 7051
f 7051 7052 7054 7053
f 7053 7054 7056 7055
f 7055 7056 7058 7057
f 7057 7058 7060 7059
f 7059 7060 7062 7061
f 7061 7062 7064 7063
f 7063 7064 7066 7065
f 7065 7066 7068 7067
f 7067 7068 7070 7069
f 7069 7070 7072 7071
f 7071 7072 7074 7073
f 7073 7074 7076 7075
f 7075 7076 7078 7077
f 7077 7078 7080 7079
f 7079 7080 7082 7081
f 7081 7082 7084 7083
f 7083 7084 7086 7085
f 7085 7086 7088 7087
f 7087 7088 7090 7089
f 7089 7090 7092 7091
f 7091 7092 7094 7093
f 7093 7094 7096 7095
f 7095 7096 7098 7097
f 7097 7098 7100 7099
f 7099 7100 7102 7101
f 7101 7102 7104 7103
f 7103 7104 7106 7105
f 7105 7106 7108 7107
f 7107 7108 7110 7109
f 7109 7110 7112 7111
f 7111 7112 7114 7113
f 7113 7114 7116 7115
f 7115 7116 7118 7117
f 7117 7118 7120 7119
f 7119 7120 7122 7121
f 7121 7122 7124 7123
f 7123 7124 7126 7125
f 7125 7126 7128 7127
f 7127 7128 7130 7129
f 7129 7130 7132 7131
f 7131 7132 7134 7133
f 7133 7134 7136 7135
f 7135 7136 7138 7137
f 7137 7138 7140 7139
f 7139 7140 7142 7141
f 7141 7142 7144 7143
f 7143 7144 7146 7145
f 7145 7146 7148 7147
f 7147 7148 7150 7149
f 7149 7150 7152 7151
f 7151 7152 7154 7153
f 7153 7154 7156 7155
f 7155 7156 7158 7157
f 7157 7158 7160 7159
f 7159 7160 7162 7161
f 7161 7162 7164 7163
f 7163 7164 7166 7165
f 7165 7166 7168 7167
f 7167 7168 7170 7169
f 7169 7170 7172 7171
f 7171 7172 7174 7173
f 7173 7174 7176 7175
f 7175 7176 7178 7177
f 7177 7178 7180 7179
f 7179 7180 7182 7181
f 7181 7182 7184 7183
f 7183 7184 7186 7185
f 7185 7186 7188 7187
f 7187 7188 7190 7189
f 7189 7190 7192 7191
f 7191 7192 7194 7193
f 7193 7194 7196 7195
f 7195 7196 7198 7197
f 7197 7198 7200 7199
f 7199 7200 7202 7201
f 7201 7202 7204 7203
f 7203 7204 7206 7205
f 7205 7206 7208 7207
f 7207 7208 7210 7209
f 7209 7210 7212 7211
f 7211 7212 7214 7213
f 7213 7214 7216 7215
f 7215 7216 7218 7217
f 7217 7218 7220 7219
f 7219 7220 7222 7221
f 7221 7222 7224 7223
f 7223 7224 7226 7225
f 7225 7226 7228 7227
f 7227 7228 7230 7229
f 7229 7230 7232 7231
f 7231 7232 7234 7233
f 7233 7234 7236 7235
f 7235 7236 7238 7237
f 7237 7238 7240 7239
f 7239 7240 7242 7241
f 7241 7242 7244 7243
f 7243 7244 7246 7245
f 7245 7246 7248 7247
f 7247 7248 7250 7249
f 7249 7250 7252 7251
f 7251 7252 7254 7253
f 7253 7254 7256 7255
f 7255 7256 7258 7257
f 7257 7258 7260 7259
f 7259 7260 7262 7261
f 7261 7262 7264 7263
f 7263 7264 7266 7265
f 7265 7266 7268 7267
f 7267 7268 7270 7269
f 7269 7270 7272 7271
f 7271 7272 7274 7273
f 7273 7274 7276 7275
f 7275 7276 7278 7277
f 7277 7278 7280 7279
f 7279 7280 7282 7281
f 7281 7282 7284 7283
f 7283 7284 7286 7285
f 7285 7286 7288 7287
f 7287 7288 7290 7289
f 7289 7290 7292 7291
f 7291 7292 7294 7293
f 7293 7294 7296 7295
f 7295 7296 7298 7297
f 7297 7298 7300 7299
f 7299 7300 7302 7301
f 7301 7302 7304 7303
f 7303 7304 7306 7305
f 7305 7306 7308 7307
f 7307 7308 7310 7309
f 7309 7310 7312 7311
f 7311 7312 7314 7313
f 7313 7314 7316 7315
f 7315 7316 7318 7317
f 7317 7318 7320 7319
f 7319 7320 7322 7321
f 7321 7322 7324 7323
f 7323 7324 7326 7325
f 7325 7326 7328 7327
f 7327 7328 7330 7329
f 7329 7330 7332 7331
f 7331 7332 7334 7333
f 7333 7334 7336 7335
f 7335 7336 7338 7337
f 7337 7338 7340 7339
f 7339 7340 7342 7341
f 7341 7342 7344 7343
f 7343 7344 7346 7345
f 7345 7346 7348 7347
f 7347 7348 7350 7349
f 7349 7350 7352 7351
f 7351 7352 7354 7353
f 7353 7354 7356 7355
f 7355 7356 7358 7357
f 7357 7358 7360 7359
f 7359 7360 7362 7361
f 7361 7362 7364 7363
f 7363 7364 7366 7365
f 7365 7366 7368 7367
f 7367 7368 7370 7369
f 7369 7370 7372 7371
f 7371 7372 7374 7373
f 7373 7374 7376 7375
f 7375 7376 7378 7377
f 7377 7378 7380 7379
f 7379 7380 7382 7381
f 7381 7382 7384 7383
f 7383 7384 7386 7385
f 7385 7386 7388 7387
f 7387 7388 7390 7389
f 7389 7390 7392 7391
f 7391 7392 7394 7393
f 7393 7394 7396 7395
f 7395 7396 7398 7397
f 7397 7398 7400 7399
f 7399 7400 7402 7401
f 7401 7402 7404 7403
f 7403 7404 7406 7405
f 7405 7406 7408 7407
f 7407 7408 7410 7409
f 7409 7410 7412 7411
f 7411 7412 7414 7413
f 7413 7414 7416 7415
f 7415 7416 7418 7417
f 7417 7418 7420 7419
f 7419 7420 7422 7421
f 7421 7422 7424 7423
f 7423 7424 7426 7425
f 7425 7426 7428 7427
f 7427 7428 7430 7429
f 7429 7430 7432 7431
f 7431 7432 7434 7433
f 7433 7434 7436 7435
f 7435 7436 7438 7437
f 7437 7438 7440 7439
f 7439 7440 7442 7441
f 7441 7442 7444 7443
f 7443 7444 7446 7445
f 7445 7446 7448 7447
f 7447 7448 7450 7449
f 7449 7450 7452 7451
f 7451 7452 7454 7453
f 7453 7454 7456 7455
f 7455 7456 7458 7457
f 7457 7458 7460 7459
f 7459 7460 7462 7461
f 7461 7462 7464 7463
f 7463 7464 7466 7465
f 7465 7466 7468 7467
f 7467 7468 7470 7469
f 7469 7470 7472 7471
f 7471 7472 7474 7473
f 7473 7474 7476 7475
f 7475 7476 7478 7477
f 7477 7478 7480 7479
f 7479 7480 7482 7481
f 7481 7482 7484 7483
f 7483 7484 7486 7485
f 7485 7486 7488 7487
f 7487 7488 7490 7489
f 7489 7490 7492 7491
f 7491 7492 7494 7493
f 7493 7494 7496 7495
f 7495 7496 7498 7497
f 7497 7498 7500 7499
f 7499 7500 7502 7501
f 7501 7502 7504 7503
f 7503 7504 7506 7505
f 7505 7506 7508 7507
f 7507 7508 7510 7509
f 7509 7510 7512 7511
f 7511 7512 7514 7513
f 7513 7514 7516 7515
f 7515 7516 7518 7517
f 7517 7518 7520 7519
f 7519 7520 7522 7521
f 7521 7522 7524 7523
f 7523 7524 7526 7525
f 7525 7526 7528 7527
f 7527 7528 7530 7529
f 7529 7530 7532 7531
f 7531 7532 7534 7533
f 7533 7534 7536 7535
f 7535 7536 7538 7537
f 7537 7538 7540 7539
f 7539 7540 7542 7541
f 7541 7542 7544 7543
f 7543 7544 7546 7545
f 7545 7546 7548 7547
f 7547 7548 7550 7549
f 7549 7550 7552 7551
f 7551 7552 7554 7553
f 7553 7554 7556 7555
f 7555 7556 7558 7557
f 7557 7558 7560 7559
f 7559 7560 7562 7561
f 7561 7562 7564 7563
f 7563 7564 7566 7565
f 7565 7566 7568 7567
f 7567 7568 7570 7569
f 7569 7570 7572 7571
f 7571 7572 7574 7573
f 7573 7574 7576 7575
f 7575 7576 7578 7577
f 7577 7578 7580 7579
f 7579 7580 7582 7581
f 7581 7582 7584 7583
f 7583 7584 7586 7585
f 7585 7586 7588 7587
f 7587 7588 7590 7589
f 7589 7590 7592 7591
f 7591 7592 7594 7593
f 7593 7594 7596 7595
f 7595 7596 7598 7597
f 7597 7598 7600 7599
f 7599 7600 7602 7601
f 7601 7602 7604 7603
f 7603 7604 7606 7605
f 7605 7606 7608 7607
f 7607 7608 7610 7609
f 7609 7610 7612 7611
f 7611 7612 7614 7613
f 7613 7614 7616 7615
f 7615 7616 7618 7617
f 7617 7618 7620 7619
f 7619 7620 7622 7621
f 7621 7622 7624 7623
f 7623 7624 7626 7625
f 7625 7626 7628 7627
f 7627 7628 7630 7629
f 7629 7630 7632 7631
f 7631 7632 7634 7633
f 7633 7634 7636 7635
f 7635 7636 7638 7637
f 7637 7638 7640 7639
f 7639 7640 7642 7641
f 7641 7642 7644 7643
f 7643 7644 7646 7645
f 7645 7646 7648 7647
f 7647 7648 7650 7649
f 7649 7650 7652 7651
f 7651 7652 7654 7653
f 7653 7654 7656 7655
f 7655 7656 7658 7657
f 7657 7658 7660 7659
f 7659 7660 7662 7661
f 7661 7662 7664 7663
f 7663 7664 7666 7665
f 7665 7666 7668 7667
f 7667 7668 7670 7669
f 7669 7670 7672 7671
f 7671 7672 7674 7673
f 7673 7674 7676 7675
f 7675 7676 7678 7677
f 7677 7678 7680 7679
f 7679 7680 7682 7681
f 7681 7682 7684 7683
f 7683 7684 7686 7685
f 7685 7686 7688 7687
f 7687 7688 7690 7689
f 7689 7690 7692 7691
f 7691 7692 7694 7693
f 7693 7694 7696 7695
f 7695 7696 7698 7697
f 7697 7698 7700 7699
f 7699 7700 7702 7701
f 7701 7702 7704 7703
f 7703 7704 7706 7705
