# generated by gpx2obj.py
# source: 2026-09-05T15-06-34-638Z-fused.gpx
# mode: road
# origin: lat=44.695970867268 lon=20.501830006043 ele_offset=0.000
# flat earth: 111125.8382 m/deg lat, 79262.6668 m/deg lon
# axes: X=east Y=up Z=south
# trkpt in source: 5324, used: 4425 (min-step 0.200 m)
# road: continuous strip, width 3.50 m (R>=120 m) .. 5.00 m (R<=20 m), step 1.00 m, smooth 6.0/20.0 m, curv-span 12.0 m, width-smooth 25.0 m, jump 3.0/2.5 m blend 40/100 m glitch 60 m
o road
v 118.5305 321.6946 44.9463
v 114.9704 321.6946 44.9960
v 118.5352 321.6589 45.4379
v 114.9796 321.6589 45.5038
v 118.5443 321.6247 45.9131
v 114.9936 321.6247 46.0280
v 118.5630 321.5917 46.4003
v 115.0165 321.5917 46.5390
v 118.5972 321.5596 47.3770
v 115.0553 321.5596 47.5578
v 118.6585 321.5282 48.3308
v 115.1247 321.5282 48.5969
v 118.7392 321.4975 49.2933
v 115.2132 321.4975 49.6242
v 118.8372 321.4671 50.2581
v 115.3192 321.4671 50.6464
v 118.9504 321.4370 51.2251
v 115.4403 321.4370 51.6640
v 119.0782 321.4070 52.1988
v 115.5743 321.4070 52.6725
v 119.2135 321.3774 53.1833
v 115.7129 321.3774 53.6688
v 119.3512 321.3148 54.1783
v 115.8507 321.3148 54.6545
v 119.4836 321.2523 55.1787
v 115.9820 321.2523 55.6365
v 119.6120 321.1903 56.1780
v 116.1085 321.1903 56.6208
v 119.7315 321.1285 57.1789
v 116.2356 321.1285 57.6045
v 119.8471 321.0670 58.1828
v 116.3567 321.0670 58.5864
v 119.9570 321.0054 59.1902
v 116.4694 321.0054 59.5663
v 120.0592 320.9441 60.1996
v 116.5735 320.9441 60.5461
v 120.1542 320.8829 61.2120
v 116.6679 320.8829 61.5241
v 120.2395 320.8197 62.2301
v 116.7497 320.8197 62.4984
v 120.3107 320.7576 63.2493
v 116.8178 320.7576 63.4735
v 120.3704 320.6964 64.2686
v 116.8750 320.6964 64.4499
v 120.4166 320.6356 65.2924
v 116.9190 320.6356 65.4233
v 120.4479 320.5753 66.3151
v 116.9469 320.5753 66.3989
v 120.4690 320.5155 67.3305
v 116.9622 320.5155 67.3824
v 120.4846 320.4564 68.3229
v 116.9694 320.4564 68.3894
v 120.5166 320.3983 69.3042
v 116.9902 320.3983 69.4025
v 120.5535 320.3410 70.3025
v 117.0116 320.3410 70.3983
v 120.5878 320.2849 71.3056
v 117.0269 320.2849 71.3894
v 120.6206 320.2305 72.3017
v 117.0383 320.2305 72.3875
v 120.6578 320.1786 73.2919
v 117.0524 320.1786 73.3916
v 120.6995 320.1308 74.2834
v 117.0696 320.1308 74.3944
v 120.7442 320.0880 75.2935
v 117.0880 320.0880 75.3784
v 120.7717 320.0503 76.3099
v 117.0901 320.0503 76.3614
v 120.7966 320.0159 77.3068
v 117.0915 320.0159 77.3640
v 120.8249 319.9842 78.2951
v 117.0986 319.9842 78.3752
v 120.8594 319.9550 79.2820
v 117.1146 319.9550 79.3876
v 120.8982 319.9283 80.2698
v 117.1381 319.9283 80.3987
v 120.9416 319.9040 81.2560
v 117.1695 319.9040 81.4109
v 120.9902 319.8823 82.2362
v 117.2102 319.8823 82.4284
v 121.0479 319.8659 83.1976
v 117.2662 319.8659 83.4629
v 121.1270 319.8514 84.1323
v 117.3530 319.8514 84.5176
v 121.2376 319.8387 85.0469
v 117.4814 319.8387 85.5805
v 121.3846 319.8276 85.9468
v 117.6550 319.8276 86.6428
v 121.5714 319.8177 86.8357
v 117.8767 319.8177 87.6980
v 121.7977 319.8094 87.7167
v 118.1449 319.8094 88.7421
v 122.0644 319.8025 88.5917
v 118.4588 319.8025 89.7717
v 122.3729 319.7970 89.4731
v 118.8097 319.7970 90.7745
v 122.7127 319.7928 90.3685
v 119.1808 319.7928 91.7467
v 123.0711 319.7896 91.2719
v 119.5647 319.7896 92.6997
v 123.4426 319.7869 92.1773
v 119.9590 319.7869 93.6415
v 123.8240 319.7843 93.0826
v 120.3614 319.7843 94.5759
v 124.2139 319.7804 93.9865
v 120.7716 319.7804 95.5047
v 124.6111 319.7742 94.8895
v 121.1882 319.7742 96.4284
v 125.0146 319.7656 95.7904
v 121.6110 319.7656 97.3486
v 125.4245 319.7565 96.6889
v 122.0396 319.7565 98.2656
v 125.8415 319.7477 97.5865
v 122.4729 319.7477 99.1781
v 126.2650 319.7400 98.4859
v 122.9077 319.7400 100.0850
v 126.6931 319.7335 99.3878
v 123.3414 319.7335 100.9879
v 127.1238 319.7282 100.2920
v 123.7722 319.7282 101.8886
v 127.5565 319.7240 101.1997
v 124.1982 319.7240 102.7871
v 127.9891 319.7211 102.1128
v 124.6162 319.7211 103.6839
v 128.4196 319.7195 103.0328
v 125.0240 319.7195 104.5795
v 128.8449 319.7187 103.9614
v 125.4181 319.7187 105.4747
v 129.2620 319.7192 104.8984
v 125.7968 319.7192 106.3716
v 129.6687 319.7209 105.8439
v 126.1586 319.7209 107.2713
v 130.0629 319.7237 106.7990
v 126.5017 319.7237 108.1737
v 130.4417 319.7274 107.7646
v 126.8249 319.7274 109.0790
v 130.8016 319.7320 108.7409
v 127.1280 319.7320 109.9876
v 131.1403 319.7375 109.7270
v 127.4103 319.7375 110.9006
v 131.4571 319.7442 110.7220
v 127.6716 319.7442 111.8179
v 131.7505 319.7522 111.7258
v 127.9112 319.7522 112.7394
v 132.0198 319.7609 112.7382
v 128.1287 319.7609 113.6642
v 132.2634 319.7704 113.7597
v 128.3230 319.7704 114.5914
v 132.4798 319.7806 114.7891
v 128.4936 319.7806 115.5213
v 132.6673 319.7917 115.8263
v 128.6406 319.7917 116.4528
v 132.8236 319.8037 116.8713
v 128.7637 319.8037 117.3849
v 132.9471 319.8163 117.9220
v 128.8620 319.8163 118.3183
v 133.0373 319.8296 118.9783
v 128.9354 319.8296 119.2515
v 133.0920 319.8435 120.0398
v 128.9822 319.8435 120.1833
v 133.1102 319.8581 121.1038
v 129.0018 319.8581 121.1146
v 133.0911 319.8735 122.1686
v 128.9936 319.8735 122.0450
v 133.0345 319.8896 123.2329
v 128.9571 319.8896 122.9739
v 132.9400 319.9065 124.2944
v 128.8918 319.9065 123.9013
v 132.8085 319.9241 125.3508
v 128.7974 319.9241 124.8274
v 132.6422 319.9422 126.4001
v 128.6732 319.9422 125.7525
v 132.4430 319.9610 127.4400
v 128.5203 319.9610 126.6773
v 132.2134 319.9803 128.4699
v 128.3401 319.9803 127.6014
v 131.9557 320.0002 129.4893
v 128.1339 320.0002 128.5244
v 131.6725 320.0208 130.4970
v 127.9032 320.0208 129.4470
v 131.3674 320.0419 131.4926
v 127.6502 320.0419 130.3699
v 131.0431 320.0636 132.4771
v 127.3771 320.0636 131.2925
v 130.7025 320.0858 133.4506
v 127.0859 320.0858 132.2154
v 130.3490 320.1085 134.4138
v 126.7791 320.1085 133.1391
v 129.9850 320.1318 135.3679
v 126.4588 320.1318 134.0638
v 129.6135 320.1557 136.3138
v 126.1275 320.1557 134.9899
v 129.2368 320.1802 137.2529
v 125.7871 320.1802 135.9176
v 128.8573 320.2053 138.1863
v 125.4399 320.2053 136.8475
v 128.4768 320.2310 139.1156
v 125.0880 320.2310 137.7792
v 128.0967 320.2572 140.0427
v 124.7331 320.2572 138.7121
v 127.7175 320.2839 140.9682
v 124.3760 320.2839 139.6461
v 127.3404 320.3112 141.8930
v 124.0178 320.3112 140.5812
v 126.9655 320.3389 142.8183
v 123.6591 320.3389 141.5166
v 126.5929 320.3673 143.7444
v 123.3000 320.3673 142.4519
v 126.2223 320.3962 144.6719
v 122.9408 320.3962 143.3864
v 125.8530 320.4257 145.6010
v 122.5810 320.4257 144.3197
v 125.4846 320.4557 146.5312
v 122.2198 320.4557 145.2517
v 125.1171 320.4862 147.4622
v 121.8573 320.4862 146.1827
v 124.7499 320.5174 148.3941
v 121.4931 320.5174 147.1122
v 124.3825 320.5490 149.3261
v 121.1270 320.5490 148.0409
v 124.0142 320.5812 150.2577
v 120.7600 320.5812 148.9691
v 123.6448 320.6141 151.1890
v 120.3920 320.6141 149.8970
v 123.2747 320.6475 152.1194
v 120.0229 320.6475 150.8249
v 122.9042 320.6816 153.0493
v 119.6531 320.6816 151.7530
v 122.5335 320.7162 153.9789
v 119.2828 320.7162 152.6811
v 122.1628 320.7515 154.9084
v 118.9115 320.7515 153.6088
v 121.7924 320.7873 155.8373
v 118.5392 320.7873 154.5369
v 121.4230 320.8236 156.7656
v 118.1666 320.8236 155.4659
v 121.0549 320.8605 157.6937
v 117.7940 320.8605 156.3956
v 120.6885 320.8977 158.6210
v 117.4217 320.8977 157.3268
v 120.3249 320.9355 159.5478
v 117.0507 320.9355 158.2601
v 119.9647 320.9738 160.4742
v 116.6816 320.9738 159.1960
v 119.6089 321.0125 161.4005
v 116.3154 321.0125 160.1347
v 119.2582 321.0517 162.3272
v 115.9531 321.0517 161.0766
v 118.9135 321.0912 163.2538
v 115.5954 321.0912 162.0223
v 118.5763 321.1310 164.1804
v 115.2433 321.1310 162.9729
v 118.2478 321.1712 165.1077
v 114.8987 321.1712 163.9286
v 117.9290 321.2117 166.0361
v 114.5626 321.2117 164.8894
v 117.6208 321.2525 166.9661
v 114.2363 321.2525 165.8555
v 117.3239 321.2935 167.8980
v 113.9209 321.2935 166.8269
v 117.0391 321.3348 168.8326
v 113.6176 321.3348 167.8031
v 116.7661 321.3763 169.7707
v 113.3267 321.3763 168.7832
v 116.5048 321.4180 170.7123
v 113.0484 321.4180 169.7667
v 116.2550 321.4600 171.6576
v 112.7826 321.4600 170.7531
v 116.0162 321.5021 172.6065
v 112.5290 321.5021 171.7422
v 115.7883 321.5445 173.5585
v 112.2872 321.5445 172.7336
v 115.5711 321.5870 174.5133
v 112.0571 321.5870 173.7276
v 115.3647 321.6296 175.4702
v 111.8383 321.6296 174.7245
v 115.1695 321.6724 176.4289
v 111.6313 321.6724 175.7244
v 114.9857 321.7153 177.3890
v 111.4364 321.7153 176.7275
v 114.8136 321.7585 178.3500
v 111.2547 321.7585 177.7342
v 114.6537 321.8019 179.3126
v 111.0866 321.8019 178.7438
v 114.5061 321.8456 180.2768
v 110.9325 321.8456 179.7559
v 114.3711 321.8896 181.2429
v 110.7924 321.8896 180.7700
v 114.2485 321.9339 182.2111
v 110.6663 321.9339 181.7855
v 114.1380 321.9784 183.1816
v 110.5537 321.9784 182.8018
v 114.0392 322.0233 184.1548
v 110.4542 322.0233 183.8182
v 113.9512 322.0684 185.1304
v 110.3667 322.0684 184.8344
v 113.8736 322.1138 186.1077
v 110.2906 322.1138 185.8507
v 113.8063 322.1595 187.0865
v 110.2257 322.1595 186.8670
v 113.7485 322.2055 188.0668
v 110.1711 322.2055 187.8832
v 113.7002 322.2518 189.0477
v 110.1267 322.2518 188.8997
v 113.6616 322.2986 190.0292
v 110.0925 322.2986 189.9165
v 113.6325 322.3456 191.0114
v 110.0682 322.3456 190.9332
v 113.6129 322.3929 191.9940
v 110.0536 322.3929 191.9499
v 113.6026 322.4405 192.9770
v 110.0485 322.4405 192.9664
v 113.6016 322.4884 193.9598
v 110.0529 322.4884 193.9832
v 113.6104 322.5365 194.9424
v 110.0671 322.5365 195.0002
v 113.6287 322.5850 195.9251
v 110.0910 322.5850 196.0167
v 113.6566 322.6338 196.9079
v 110.1243 322.6338 197.0325
v 113.6938 322.6829 197.8906
v 110.1670 322.6829 198.0479
v 113.7402 322.7324 198.8732
v 110.2189 322.7324 199.0624
v 113.7956 322.7822 199.8560
v 110.2797 322.7822 200.0760
v 113.8598 322.8322 200.8387
v 110.3492 322.8322 201.0886
v 113.9324 322.8825 201.8210
v 110.4269 322.8825 202.1002
v 114.0135 322.9330 202.8029
v 110.5130 322.9330 203.1111
v 114.1028 322.9839 203.7844
v 110.6074 322.9839 204.1208
v 114.2001 323.0349 204.7657
v 110.7095 323.0349 205.1293
v 114.3052 323.0863 205.7464
v 110.8193 323.0863 206.1367
v 114.4179 323.1379 206.7268
v 110.9367 323.1379 207.1428
v 114.5379 323.1899 207.7070
v 111.0612 323.1899 208.1474
v 114.6648 323.2422 208.6871
v 111.1924 323.2422 209.1504
v 114.7982 323.2947 209.6672
v 111.3298 323.2947 210.1518
v 114.9376 323.3474 210.6468
v 111.4731 323.3474 211.1519
v 115.0830 323.4004 211.6261
v 111.6220 323.4004 212.1507
v 115.2340 323.4536 212.6052
v 111.7762 323.4536 213.1480
v 115.3901 323.5071 213.5845
v 111.9351 323.5071 214.1437
v 115.5509 323.5608 214.5637
v 112.0984 323.5608 215.1380
v 115.7159 323.6147 215.5431
v 112.2656 323.6147 216.1308
v 115.8846 323.6689 216.5227
v 112.4363 323.6689 217.1221
v 116.0565 323.7233 217.5024
v 112.6100 323.7233 218.1122
v 116.2313 323.7780 218.4823
v 112.7865 323.7780 219.1012
v 116.4086 323.8328 219.4621
v 112.9653 323.8328 220.0895
v 116.5883 323.8879 220.4414
v 113.1466 323.8879 221.0773
v 116.7704 323.9431 221.4205
v 113.3302 323.9431 222.0645
v 116.9548 323.9984 222.3990
v 113.5161 323.9984 223.0514
v 117.1415 324.0540 223.3767
v 113.7046 324.0540 224.0381
v 117.3309 324.1097 224.3536
v 113.8958 324.1097 225.0246
v 117.5230 324.1656 225.3293
v 114.0900 324.1656 226.0112
v 117.7183 324.2217 226.3037
v 114.2878 324.2217 226.9978
v 117.9170 324.2779 227.2767
v 114.4893 324.2779 227.9843
v 118.1197 324.3343 228.2481
v 114.6950 324.3343 228.9706
v 118.3266 324.3908 229.2180
v 114.9054 324.3908 229.9566
v 118.5381 324.4475 230.1866
v 115.1206 324.4475 230.9419
v 118.7544 324.5043 231.1536
v 115.3408 324.5043 231.9265
v 118.9757 324.5613 232.1195
v 115.5661 324.5613 232.9100
v 119.2020 324.6185 233.0843
v 115.7965 324.6185 233.8922
v 119.4332 324.6758 234.0480
v 116.0319 324.6758 234.8732
v 119.6693 324.7332 235.0103
v 116.2723 324.7332 235.8532
v 119.9104 324.7908 235.9712
v 116.5179 324.7908 236.8321
v 120.1566 324.8485 236.9309
v 116.7687 324.8485 237.8095
v 120.4078 324.9064 237.8894
v 117.0245 324.9064 238.7855
v 120.6640 324.9644 238.8464
v 117.2854 324.9644 239.7604
v 120.9252 325.0226 239.8019
v 117.5516 325.0226 240.7340
v 121.1915 325.0808 240.7560
v 117.8230 325.0808 241.7062
v 121.4630 325.1392 241.7088
v 118.0995 325.1392 242.6767
v 121.7396 325.1978 242.6602
v 118.3811 325.1978 243.6457
v 122.0210 325.2564 243.6104
v 118.6677 325.2564 244.6131
v 122.3074 325.3152 244.5594
v 118.9591 325.3152 245.5786
v 122.5986 325.3741 245.5077
v 119.2549 325.3741 246.5422
v 122.8940 325.4331 246.4554
v 119.5547 325.4331 247.5037
v 123.1935 325.4922 247.4028
v 119.8580 325.4922 248.4633
v 123.4964 325.5515 248.3502
v 120.1642 325.5515 249.4209
v 123.8024 325.6108 249.2976
v 120.4728 325.6108 250.3766
v 124.1106 325.6703 250.2453
v 120.7832 325.6703 251.3308
v 124.4207 325.7299 251.1931
v 121.0950 325.7299 252.2839
v 124.7323 325.7896 252.1410
v 121.4080 325.7896 253.2359
v 125.0451 325.8493 253.0889
v 121.7219 325.8493 254.1873
v 125.3588 325.9092 254.0365
v 122.0368 325.9092 255.1384
v 125.6736 325.9692 254.9837
v 122.3527 325.9692 256.0891
v 125.9893 326.0293 255.9304
v 122.6697 326.0293 257.0397
v 126.3061 326.0894 256.8763
v 122.9881 326.0894 257.9903
v 126.6242 326.1497 257.8216
v 123.3079 326.1497 258.9405
v 126.9438 326.2101 258.7663
v 123.6292 326.2101 259.8903
v 127.2648 326.2705 259.7105
v 123.9519 326.2705 260.8396
v 127.5872 326.3311 260.6543
v 124.2761 326.3311 261.7884
v 127.9111 326.3917 261.5976
v 124.6017 326.3917 262.7367
v 128.2364 326.4524 262.5403
v 124.9288 326.4524 263.6846
v 128.5632 326.5131 263.4824
v 125.2574 326.5131 264.6321
v 128.8913 326.5739 264.4234
v 125.5878 326.5739 265.5795
v 129.2213 326.6347 265.3631
v 125.9205 326.6347 266.5269
v 129.5535 326.6957 266.3014
v 126.2557 326.6957 267.4739
v 129.8880 326.7566 267.2382
v 126.5938 326.7566 268.4206
v 130.2255 326.8177 268.1737
v 126.9349 326.8177 269.3664
v 130.5657 326.8787 269.1080
v 127.2791 326.8787 270.3113
v 130.9091 326.9398 270.0409
v 127.6265 326.9398 271.2552
v 131.2555 327.0010 270.9727
v 127.9771 327.0010 272.1980
v 131.6051 327.0622 271.9033
v 128.3308 327.0622 273.1396
v 131.9579 327.1234 272.8327
v 128.6877 327.1234 274.0800
v 132.3137 327.1847 273.7610
v 129.0477 327.1847 275.0192
v 132.6725 327.2460 274.6879
v 129.4109 327.2460 275.9573
v 133.0345 327.3073 275.6130
v 129.7776 327.3073 276.8947
v 133.3999 327.3687 276.5362
v 130.1482 327.3687 277.8311
v 133.7690 327.4301 277.4574
v 130.5230 327.4301 278.7664
v 134.1420 327.4914 278.3763
v 130.9022 327.4914 279.7005
v 134.5192 327.5528 279.2928
v 131.2861 327.5528 280.6334
v 134.9010 327.6142 280.2069
v 131.6751 327.6142 281.5646
v 135.2877 327.6757 281.1187
v 132.0692 327.6757 282.4939
v 135.6793 327.7371 282.0284
v 132.4684 327.7371 283.4212
v 136.0759 327.7986 282.9358
v 132.8726 327.7986 284.3462
v 136.4774 327.8601 283.8410
v 133.2820 327.8601 285.2691
v 136.8841 327.9217 284.7442
v 133.6965 327.9217 286.1895
v 137.2956 327.9833 285.6454
v 134.1156 327.9833 287.1075
v 137.7119 328.0448 286.5445
v 134.5396 328.0448 288.0232
v 138.1330 328.1064 287.4419
v 134.9681 328.1064 288.9363
v 138.5586 328.1680 288.3378
v 135.4006 328.1680 289.8468
v 138.9885 328.2297 289.2322
v 135.8371 328.2297 290.7549
v 139.4224 328.2913 290.1255
v 136.2770 328.2913 291.6606
v 139.8598 328.3529 291.0175
v 136.7201 328.3529 292.5643
v 140.3005 328.4146 291.9079
v 137.1666 328.4146 293.4662
v 140.7444 328.4762 292.7966
v 137.6163 328.4762 294.3667
v 141.1916 328.5379 293.6831
v 138.0699 328.5379 295.2659
v 141.6422 328.5996 294.5673
v 138.5273 328.5996 296.1635
v 142.0966 328.6613 295.4492
v 138.9890 328.6613 297.0595
v 142.5548 328.7229 296.3284
v 139.4550 328.7229 297.9537
v 143.0172 328.7847 297.2050
v 139.9257 328.7847 298.8460
v 143.4840 328.8464 298.0789
v 140.4012 328.8464 299.7361
v 143.9554 328.9081 298.9502
v 140.8814 328.9081 300.6238
v 144.4313 328.9698 299.8189
v 141.3664 328.9698 301.5089
v 144.9119 329.0315 300.6848
v 141.8563 329.0315 302.3917
v 145.3972 329.0932 301.5481
v 142.3510 329.0932 303.2717
v 145.8873 329.1549 302.4087
v 142.8505 329.1549 304.1489
v 146.3821 329.2166 303.2667
v 143.3548 329.2166 305.0234
v 146.8813 329.2783 304.1217
v 143.8640 329.2783 305.8954
v 147.3855 329.3400 304.9739
v 144.3782 329.3400 306.7644
v 147.8946 329.4017 305.8236
v 144.8969 329.4017 307.6302
v 148.4082 329.4634 306.6707
v 145.4201 329.4634 308.4932
v 148.9264 329.5252 307.5153
v 145.9478 329.5252 309.3532
v 149.4490 329.5868 308.3575
v 146.4796 329.5868 310.2103
v 149.9759 329.6485 309.1973
v 147.0157 329.6485 311.0647
v 150.5072 329.7102 310.0349
v 147.5555 329.7102 311.9158
v 151.0422 329.7718 310.8707
v 148.0988 329.7718 312.7644
v 151.5810 329.8335 311.7039
v 148.6459 329.8335 313.6106
v 152.1234 329.8951 312.5350
v 149.1966 329.8951 314.4543
v 152.6696 329.9568 313.3639
v 149.7507 329.9568 315.2954
v 153.2192 330.0184 314.1909
v 150.3082 330.0184 316.1341
v 153.7723 330.0800 315.0158
v 150.8688 330.0800 316.9703
v 154.3286 330.1416 315.8389
v 151.4324 330.1416 317.8041
v 154.8881 330.2031 316.6603
v 151.9988 330.2031 318.6356
v 155.4506 330.2647 317.4801
v 152.5678 330.2647 319.4649
v 156.0159 330.3263 318.2984
v 153.1392 330.3263 320.2921
v 156.5838 330.3878 319.1153
v 153.7130 330.3878 321.1173
v 157.1542 330.4493 319.9306
v 154.2890 330.4493 321.9408
v 157.7269 330.5108 320.7444
v 154.8673 330.5108 322.7626
v 158.3019 330.5723 321.5569
v 155.4477 330.5723 323.5826
v 158.8790 330.6337 322.3677
v 156.0303 330.6337 324.4011
v 159.4581 330.6951 323.1767
v 156.6153 330.6951 325.2184
v 160.0396 330.7564 323.9838
v 157.2029 330.7564 326.0340
v 160.6233 330.8178 324.7888
v 157.7932 330.8178 326.8481
v 161.2095 330.8791 325.5916
v 158.3864 330.8791 327.6605
v 161.7983 330.9404 326.3922
v 158.9825 330.9404 328.4710
v 162.3900 331.0016 327.1907
v 159.5815 331.0016 329.2794
v 162.9844 331.0628 327.9870
v 160.1835 331.0628 330.0858
v 163.5817 331.1240 328.7810
v 160.7884 331.1240 330.8900
v 164.1818 331.1851 329.5729
v 161.3963 331.1851 331.6920
v 164.7849 331.2462 330.3626
v 162.0070 331.2462 332.4918
v 165.3909 331.3073 331.1503
v 162.6205 331.3073 333.2892
v 165.9995 331.3684 331.9359
v 163.2367 331.3684 334.0846
v 166.6108 331.4294 332.7190
v 163.8560 331.4294 334.8780
v 167.2251 331.4904 333.4998
v 164.4784 331.4904 335.6690
v 167.8424 331.5513 334.2785
v 165.1035 331.5513 336.4575
v 168.4626 331.6122 335.0552
v 165.7312 331.6122 337.2437
v 169.0855 331.6730 335.8300
v 166.3614 331.6730 338.0275
v 169.7111 331.7338 336.6029
v 166.9940 331.7338 338.8092
v 170.3393 331.7946 337.3741
v 167.6290 331.7946 339.5886
v 170.9700 331.8553 338.1436
v 168.2660 331.8553 340.3660
v 171.6029 331.9160 338.9115
v 168.9052 331.9160 341.1413
v 172.2380 331.9767 339.6778
v 169.5463 331.9767 341.9149
v 172.8752 332.0373 340.4423
v 170.1896 332.0373 342.6867
v 173.5145 332.0980 341.2053
v 170.8348 332.0980 343.4567
v 174.1558 332.1586 341.9665
v 171.4820 332.1586 344.2250
v 174.7991 332.2191 342.7260
v 172.1313 332.2191 344.9916
v 175.4445 332.2796 343.4841
v 172.7824 332.2796 345.7564
v 176.0918 332.3401 344.2405
v 173.4355 332.3401 346.5195
v 176.7410 332.4004 344.9952
v 174.0905 332.4004 347.2810
v 177.3920 332.4608 345.7482
v 174.7475 332.4608 348.0410
v 178.0447 332.5212 346.4989
v 175.4071 332.5212 348.7995
v 178.6995 332.5815 347.2472
v 176.0693 332.5815 349.5563
v 179.3566 332.6417 347.9932
v 176.7341 332.6417 350.3110
v 180.0162 332.7019 348.7371
v 177.4013 332.7019 351.0636
v 180.6781 332.7621 349.4785
v 178.0713 332.7621 351.8141
v 181.3426 332.8222 350.2175
v 178.7441 332.8222 352.5622
v 182.0098 332.8823 350.9543
v 179.4193 332.8823 353.3079
v 182.6796 332.9424 351.6890
v 180.0969 332.9424 354.0512
v 183.3520 333.0024 352.4219
v 180.7766 333.0024 354.7919
v 184.0266 333.0624 353.1528
v 181.4584 333.0624 355.5307
v 184.7032 333.1223 353.8812
v 182.1430 333.1223 356.2676
v 185.3822 333.1822 354.6072
v 182.8301 333.1822 357.0023
v 186.0636 333.2420 355.3308
v 183.5198 333.2420 357.7347
v 186.7475 333.3018 356.0519
v 184.2120 333.3018 358.4647
v 187.4338 333.3616 356.7706
v 184.9069 333.3616 359.1924
v 188.1226 333.4213 357.4867
v 185.6046 333.4213 359.9177
v 188.8139 333.4809 358.2000
v 186.3051 333.4809 360.6405
v 189.5080 333.5406 358.9109
v 187.0082 333.5406 361.3606
v 190.2047 333.6002 359.6191
v 187.7141 333.6002 362.0782
v 190.9038 333.6598 360.3246
v 188.4227 333.6598 362.7932
v 191.6053 333.7193 361.0268
v 189.1346 333.7193 363.5059
v 192.3097 333.7788 361.7258
v 189.8499 333.7788 364.2156
v 193.0171 333.8382 362.4216
v 190.5682 333.8382 364.9222
v 193.7273 333.8976 363.1140
v 191.2900 333.8976 365.6259
v 194.4406 333.9569 363.8029
v 192.0152 333.9569 366.3263
v 195.1572 334.0162 364.4883
v 192.7439 334.0162 367.0233
v 195.8771 334.0754 365.1705
v 193.4757 334.0754 367.7166
v 196.6006 334.1346 365.8496
v 194.2103 334.1346 368.4063
v 197.3270 334.1938 366.5260
v 194.9476 334.1938 369.0927
v 198.0565 334.2529 367.1994
v 195.6876 334.2529 369.7759
v 198.7890 334.3119 367.8702
v 196.4301 334.3119 370.4558
v 199.5245 334.3710 368.5387
v 197.1745 334.3710 371.1324
v 200.2626 334.4299 369.2053
v 197.9207 334.4299 371.8063
v 201.0029 334.4889 369.8698
v 198.6687 334.4889 372.4777
v 201.7455 334.5477 370.5325
v 199.4182 334.5477 373.1467
v 202.4901 334.6066 371.1937
v 200.1691 334.6066 373.8135
v 203.2363 334.6653 371.8533
v 200.9214 334.6653 374.4785
v 203.9839 334.7240 372.5109
v 201.6755 334.7240 375.1417
v 204.7332 334.7827 373.1667
v 202.4312 334.7827 375.8032
v 205.4840 334.8413 373.8206
v 203.1885 334.8413 376.4628
v 206.2363 334.8998 374.4726
v 203.9476 334.8998 377.1206
v 206.9904 334.9583 375.1228
v 204.7082 334.9583 377.7763
v 207.7462 335.0167 375.7712
v 205.4703 335.0167 378.4302
v 208.5038 335.0751 376.4181
v 206.2336 335.0751 379.0820
v 209.2630 335.1335 377.0638
v 206.9979 335.1335 379.7320
v 210.0236 335.1918 377.7083
v 207.7631 335.1918 380.3805
v 210.7855 335.2501 378.3518
v 208.5293 335.2501 381.0275
v 211.5484 335.3083 378.9941
v 209.2963 335.3083 381.6733
v 212.3122 335.3665 379.6351
v 210.0645 335.3665 382.3179
v 213.0772 335.4246 380.2749
v 210.8336 335.4246 382.9613
v 213.8434 335.4826 380.9138
v 211.6035 335.4826 383.6032
v 214.6106 335.5406 381.5520
v 212.3738 335.5406 384.2440
v 215.3788 335.5986 382.1896
v 213.1446 335.5986 384.8838
v 216.1478 335.6565 382.8268
v 213.9157 335.6565 385.5226
v 216.9177 335.7143 383.4638
v 214.6866 335.7143 386.1605
v 217.6883 335.7722 384.1013
v 215.4571 335.7722 386.7979
v 218.4590 335.8299 384.7391
v 216.2272 335.8299 387.4352
v 219.2297 335.8876 385.3773
v 216.9969 335.8876 388.0726
v 220.0001 335.9453 386.0157
v 217.7664 335.9453 388.7103
v 220.7702 336.0029 386.6543
v 218.5359 336.0029 389.3483
v 221.5402 336.0605 387.2931
v 219.3052 336.0605 389.9865
v 222.3101 336.1180 387.9321
v 220.0743 336.1180 390.6249
v 223.0797 336.1754 388.5713
v 220.8432 336.1754 391.2635
v 223.8489 336.2328 389.2104
v 221.6122 336.2328 391.9025
v 224.6181 336.2901 389.8495
v 222.3814 336.2901 392.5415
v 225.3874 336.3473 390.4887
v 223.1504 336.3473 393.1805
v 226.1567 336.4045 391.1281
v 223.9192 336.4045 393.8195
v 226.9259 336.4616 391.7678
v 224.6877 336.4616 394.4586
v 227.6949 336.5187 392.4075
v 225.4562 336.5187 395.0980
v 228.4638 336.5756 393.0474
v 226.2246 336.5756 395.7374
v 229.2327 336.6326 393.6876
v 226.9927 336.6326 396.3769
v 230.0016 336.6894 394.3283
v 227.7603 336.6894 397.0166
v 230.7702 336.7462 394.9694
v 228.5275 336.7462 397.6566
v 231.5385 336.8029 395.6110
v 229.2944 336.8029 398.2969
v 232.3065 336.8596 396.2530
v 230.0608 336.8596 398.9376
v 233.0741 336.9162 396.8956
v 230.8268 336.9162 399.5788
v 233.8412 336.9726 397.5384
v 231.5926 336.9726 400.2205
v 234.6081 337.0290 398.1816
v 232.3581 337.0290 400.8626
v 235.3746 337.0854 398.8252
v 233.1233 337.0854 401.5051
v 236.1412 337.1417 399.4694
v 233.8877 337.1417 402.1478
v 236.9079 337.1978 400.1142
v 234.6508 337.1978 402.7912
v 237.6746 337.2539 400.7600
v 235.4124 337.2539 403.4356
v 238.4412 337.3099 401.4071
v 236.1721 337.3099 404.0809
v 239.2076 337.3658 402.0562
v 236.9291 337.3658 404.7275
v 239.9735 337.4216 402.7080
v 237.6830 337.4216 405.3757
v 240.7383 337.4773 403.3630
v 238.4331 337.4773 406.0263
v 241.5016 337.5329 404.0216
v 239.1792 337.5329 406.6798
v 242.2629 337.5885 404.6843
v 239.9207 337.5885 407.3366
v 243.0220 337.6439 405.3518
v 240.6568 337.6439 407.9972
v 243.7783 337.6992 406.0246
v 241.3870 337.6992 408.6621
v 244.5311 337.7545 406.7032
v 242.1108 337.7545 409.3320
v 245.2801 337.8096 407.3882
v 242.8275 337.8096 410.0075
v 246.0249 337.8645 408.0802
v 243.5363 337.8645 410.6886
v 246.7647 337.9194 408.7800
v 244.2364 337.9194 411.3762
v 247.4985 337.9741 409.4877
v 244.9276 337.9741 412.0711
v 248.2259 338.0287 410.2036
v 245.6095 338.0287 412.7735
v 248.9464 338.0832 410.9278
v 246.2818 338.0832 413.4838
v 249.6591 338.1375 411.6603
v 246.9444 338.1375 414.2024
v 250.3641 338.1917 412.4012
v 247.5973 338.1917 414.9292
v 251.0609 338.2457 413.1506
v 248.2399 338.2457 415.6641
v 251.7493 338.2996 413.9086
v 248.8722 338.2996 416.4072
v 252.4294 338.3534 414.6760
v 249.4933 338.3534 417.1577
v 253.1008 338.4070 415.4541
v 250.1017 338.4070 417.9154
v 253.7626 338.4605 416.2439
v 250.6964 338.4605 418.6804
v 254.4143 338.5138 417.0476
v 251.2752 338.5138 419.4517
v 255.0529 338.5669 417.8672
v 251.8362 338.5669 420.2302
v 255.6764 338.6199 418.7027
v 252.3789 338.6199 421.0171
v 256.2834 338.6727 419.5558
v 252.9009 338.6727 421.8118
v 256.8710 338.7254 420.4276
v 253.4006 338.7254 422.6152
v 257.4370 338.7778 421.3182
v 253.8769 338.7778 423.4279
v 257.9789 338.8302 422.2277
v 254.3283 338.8302 424.2501
v 258.4942 338.8823 423.1552
v 254.7544 338.8823 425.0831
v 258.9817 338.9343 424.1004
v 255.1545 338.9343 425.9256
v 259.4397 338.9862 425.0640
v 255.5269 338.9862 426.7768
v 259.8660 339.0378 426.0455
v 255.8705 339.0378 427.6363
v 260.2583 339.0893 427.0444
v 256.1842 339.0893 428.5034
v 260.6141 339.1406 428.0583
v 256.4674 339.1406 429.3791
v 260.9327 339.1917 429.0859
v 256.7202 339.1917 430.2623
v 261.2126 339.2427 430.1266
v 256.9416 339.2427 431.1519
v 261.4525 339.2934 431.1788
v 257.1313 339.2934 432.0472
v 261.6512 339.3440 432.2405
v 257.2887 339.3440 432.9476
v 261.8079 339.3943 433.3095
v 257.4139 339.3943 433.8529
v 261.9224 339.4445 434.3840
v 257.5069 339.4445 434.7616
v 261.9943 339.4944 435.4627
v 257.5673 339.4944 435.6723
v 262.0228 339.5442 436.5438
v 257.5949 339.5442 436.5841
v 262.0081 339.5938 437.6248
v 257.5897 339.5938 437.4968
v 261.9505 339.6432 438.7033
v 257.5518 339.6432 438.4099
v 261.8508 339.6924 439.7776
v 257.4816 339.6924 439.3225
v 261.7097 339.7415 440.8463
v 257.3795 339.7415 440.2334
v 261.5278 339.7903 441.9081
v 257.2457 339.7903 441.1409
v 261.3057 339.8390 442.9606
v 257.0800 339.8390 442.0447
v 261.0451 339.8874 444.0028
v 256.8836 339.8874 442.9440
v 260.7460 339.9356 445.0338
v 256.6563 339.9356 443.8369
v 260.4099 339.9836 446.0513
v 256.3984 339.9836 444.7236
v 260.0389 340.0314 447.0525
v 256.1099 340.0314 445.6052
v 259.6364 340.0789 448.0370
v 255.7927 340.0789 446.4822
v 259.2054 340.1263 449.0037
v 255.4466 340.1263 447.3544
v 258.7503 340.1734 449.9535
v 255.0743 340.1734 448.2221
v 258.2729 340.2204 450.8870
v 254.6772 340.2204 449.0846
v 257.7768 340.2671 451.8045
v 254.2574 340.2671 449.9429
v 257.2642 340.3136 452.7075
v 253.8174 340.3136 450.7965
v 256.7367 340.3599 453.5983
v 253.3595 340.3599 451.6445
v 256.1952 340.4059 454.4775
v 252.8846 340.4059 452.4865
v 255.6418 340.4516 455.3454
v 252.3940 340.4516 453.3232
v 255.0776 340.4972 456.2032
v 251.8892 340.4972 454.1547
v 254.5038 340.5425 457.0513
v 251.3708 340.5425 454.9812
v 253.9225 340.5876 457.8903
v 250.8400 340.5876 455.8038
v 253.3348 340.6325 458.7214
v 250.2982 340.6325 456.6227
v 252.7423 340.6771 459.5453
v 249.7464 340.6771 457.4388
v 252.1470 340.7214 460.3624
v 249.1856 340.7214 458.2535
v 251.5508 340.7655 461.1745
v 248.6177 340.7655 459.0676
v 250.9556 340.8093 461.9834
v 248.0435 340.8093 459.8811
v 250.3629 340.8529 462.7903
v 247.4643 340.8529 460.6950
v 249.7739 340.8961 463.5965
v 246.8818 340.8961 461.5097
v 249.1893 340.9391 464.4034
v 246.2975 340.9391 462.3256
v 248.6089 340.9819 465.2124
v 245.7128 340.9819 463.1421
v 248.0323 341.0245 466.0242
v 245.1283 341.0245 463.9587
v 247.4591 341.0668 466.8390
v 244.5442 341.0668 464.7750
v 246.8888 341.1089 467.6565
v 243.9604 341.1089 465.5909
v 246.3208 341.1507 468.4766
v 243.3769 341.1507 466.4061
v 245.7547 341.1923 469.2986
v 242.7933 341.1923 467.2206
v 245.1908 341.2336 470.1205
v 242.2094 341.2336 468.0366
v 244.6306 341.2748 470.9416
v 241.6259 341.2748 468.8561
v 244.0760 341.3157 471.7615
v 241.0435 341.3157 469.6814
v 243.5303 341.3564 472.5805
v 240.4638 341.3564 470.5154
v 242.9958 341.3969 473.3998
v 239.8899 341.3969 471.3601
v 242.4752 341.4372 474.2204
v 239.3241 341.4372 472.2175
v 241.9713 341.4773 475.0437
v 238.7701 341.4773 473.0897
v 241.4857 341.5172 475.8722
v 238.2315 341.5172 473.9767
v 241.0192 341.5569 476.7074
v 237.7111 341.5569 474.8786
v 240.5729 341.5964 477.5505
v 237.2114 341.5964 475.7948
v 240.1471 341.6357 478.4025
v 236.7339 341.6357 476.7244
v 239.7420 341.6748 479.2637
v 236.2798 341.6748 477.6664
v 239.3579 341.7137 480.1340
v 235.8496 341.7137 478.6200
v 238.9950 341.7525 481.0134
v 235.4440 341.7525 479.5843
v 238.6534 341.7910 481.9011
v 235.0628 341.7910 480.5587
v 238.3326 341.8293 482.7963
v 234.7076 341.8293 481.5431
v 238.0325 341.8674 483.6993
v 234.3786 341.8674 482.5358
v 237.7524 341.9053 484.6108
v 234.0757 341.9053 483.5350
v 237.4913 341.9430 485.5304
v 233.7978 341.9430 484.5391
v 237.2486 341.9805 486.4579
v 233.5439 341.9805 485.5470
v 237.0227 342.0178 487.3933
v 233.3122 342.0178 486.5569
v 236.8126 342.0550 488.3362
v 233.1010 342.0550 487.5679
v 236.6167 342.0919 489.2862
v 232.9079 342.0919 488.5787
v 236.4336 342.1287 490.2420
v 232.7309 342.1287 489.5894
v 236.2627 342.1653 491.2022
v 232.5680 342.1653 490.6004
v 236.1034 342.2017 492.1665
v 232.4182 342.2017 491.6115
v 235.9549 342.2380 493.1348
v 232.2802 342.2380 492.6221
v 235.8165 342.2741 494.1060
v 232.1526 342.2741 493.6327
v 235.6880 342.3099 495.0796
v 232.0346 342.3099 494.6434
v 235.5693 342.3455 496.0553
v 231.9258 342.3455 495.6544
v 235.4599 342.3810 497.0331
v 231.8254 342.3810 496.6653
v 235.3596 342.4162 498.0126
v 231.7328 342.4162 497.6762
v 235.2681 342.4513 498.9933
v 231.6477 342.4513 498.6874
v 235.1857 342.4863 499.9745
v 231.5700 342.4863 499.6996
v 235.1126 342.5211 500.9559
v 231.5000 342.5211 500.7127
v 235.0491 342.5558 501.9377
v 231.4379 342.5558 501.7266
v 234.9952 342.5903 502.9194
v 231.3840 342.5903 502.7417
v 234.9515 342.6245 503.9006
v 231.3389 342.6245 503.7581
v 234.9185 342.6586 504.8811
v 231.3032 342.6586 504.7760
v 234.8966 342.6924 505.8607
v 231.2776 342.6924 505.7954
v 234.8865 342.7261 506.8394
v 231.2630 342.7261 506.8160
v 234.8884 342.7595 507.8172
v 231.2600 342.7595 507.8375
v 234.9027 342.7927 508.7938
v 231.2693 342.7927 508.8602
v 234.9299 342.8258 509.7691
v 231.2916 342.8258 509.8835
v 234.9702 342.8585 510.7438
v 231.3274 342.8585 510.9066
v 235.0233 342.8911 511.7180
v 231.3767 342.8911 511.9290
v 235.0890 342.9235 512.6912
v 231.4396 342.9235 512.9509
v 235.1674 342.9557 513.6628
v 231.5164 342.9557 513.9725
v 235.2587 342.9876 514.6329
v 231.6077 342.9876 514.9933
v 235.3630 343.0194 515.6019
v 231.7135 343.0194 516.0124
v 235.4797 343.0510 516.5694
v 231.8336 343.0510 517.0301
v 235.6092 343.0824 517.5343
v 231.9685 343.0824 518.0467
v 235.7516 343.1137 518.4962
v 232.1190 343.1137 519.0623
v 235.9077 343.1448 519.4556
v 232.2855 343.1448 520.0758
v 236.0774 343.1758 520.4129
v 232.4679 343.1758 521.0864
v 236.2605 343.2066 521.3675
v 232.6662 343.2066 522.0940
v 236.4573 343.2373 522.3194
v 232.8801 343.2373 523.0985
v 236.6682 343.2678 523.2685
v 233.1093 343.2678 524.0995
v 236.8930 343.2982 524.2145
v 233.3535 343.2982 525.0968
v 237.1319 343.3285 525.1574
v 233.6126 343.3285 526.0899
v 237.3845 343.3587 526.0977
v 233.8860 343.3587 527.0784
v 237.6503 343.3888 527.0349
v 234.1734 343.3888 528.0623
v 237.9292 343.4188 527.9690
v 234.4743 343.4188 529.0415
v 238.2207 343.4487 528.8996
v 234.7884 343.4487 530.0161
v 238.5249 343.4785 529.8273
v 235.1154 343.4785 530.9854
v 238.8413 343.5082 530.7532
v 235.4538 343.5082 531.9486
v 239.1687 343.5378 531.6774
v 235.8023 343.5378 532.9062
v 239.5061 343.5674 532.5995
v 236.1603 343.5674 533.8589
v 239.8532 343.5970 533.5204
v 236.5267 343.5970 534.8061
v 240.2086 343.6264 534.4407
v 236.8997 343.6264 535.7481
v 240.5713 343.6558 535.3609
v 237.2782 343.6558 536.6853
v 240.9399 343.6851 536.2811
v 237.6608 343.6851 537.6186
v 241.3133 343.7143 537.2008
v 238.0468 343.7143 538.5490
v 241.6911 343.7434 538.1204
v 238.4356 343.7434 539.4766
v 242.0721 343.7724 539.0398
v 238.8263 343.7724 540.4023
v 242.4560 343.8014 539.9584
v 239.2189 343.8014 541.3267
v 242.8428 343.8303 540.8769
v 239.6130 343.8303 542.2495
v 243.2320 343.8591 541.7957
v 240.0075 343.8591 543.1708
v 243.6229 343.8878 542.7148
v 240.4020 343.8878 544.0910
v 244.0150 343.9166 543.6343
v 240.7961 343.9166 545.0105
v 244.4079 343.9452 544.5544
v 241.1893 343.9452 545.9293
v 244.8013 343.9738 545.4761
v 241.5810 343.9738 546.8471
v 245.1937 344.0024 546.3999
v 241.9705 344.0024 547.7641
v 245.5840 344.0310 547.3252
v 242.3575 344.0310 548.6815
v 245.9722 344.0595 548.2518
v 242.7421 344.0595 549.5996
v 246.3580 344.0879 549.1802
v 243.1238 344.0879 550.5180
v 246.7410 344.1163 550.1104
v 243.5022 344.1163 551.4372
v 247.1209 344.1447 551.0426
v 243.8771 344.1447 552.3570
v 247.4974 344.1730 551.9772
v 244.2479 344.1730 553.2774
v 247.8699 344.2012 552.9143
v 244.6141 344.2012 554.1988
v 248.2377 344.2295 553.8536
v 244.9755 344.2295 555.1217
v 248.6008 344.2577 554.7947
v 245.3323 344.2577 556.0464
v 248.9591 344.2859 555.7373
v 245.6845 344.2859 556.9732
v 249.3127 344.3141 556.6809
v 246.0327 344.3141 557.9023
v 249.6620 344.3423 557.6250
v 246.3774 344.3423 558.8339
v 250.0075 344.3704 558.5687
v 246.7195 344.3704 559.7682
v 250.3504 344.3985 559.5119
v 247.0599 344.3985 560.7047
v 250.6912 344.4265 560.4547
v 247.3990 344.4265 561.6428
v 251.0306 344.4545 561.3967
v 247.7375 344.4545 562.5824
v 251.3692 344.4824 562.3378
v 248.0760 344.4824 563.5231
v 251.7078 344.5104 563.2783
v 248.4149 344.5104 564.4644
v 252.0465 344.5383 564.2181
v 248.7544 344.5383 565.4062
v 252.3857 344.5662 565.1569
v 249.0948 344.5662 566.3483
v 252.7258 344.5941 566.0942
v 249.4368 344.5941 567.2912
v 253.0673 344.6219 567.0296
v 249.7812 344.6219 568.2344
v 253.4110 344.6497 567.9631
v 250.1285 344.6497 569.1777
v 253.7572 344.6776 568.8943
v 250.4793 344.6776 570.1210
v 254.1070 344.7054 569.8229
v 250.8344 344.7054 571.0640
v 254.4608 344.7332 570.7495
v 251.1940 344.7332 572.0058
v 254.8187 344.7609 571.6735
v 251.5584 344.7609 572.9466
v 255.1816 344.7887 572.5955
v 251.9280 344.7887 573.8855
v 255.5494 344.8164 573.5163
v 252.3020 344.8164 574.8220
v 255.9217 344.8442 574.4360
v 252.6801 344.8442 575.7560
v 256.2983 344.8719 575.3554
v 253.0616 344.8719 576.6873
v 256.6783 344.8996 576.2748
v 253.4456 344.8996 577.6162
v 257.0612 344.9273 577.1938
v 253.8318 344.9273 578.5433
v 257.4465 344.9551 578.1131
v 254.2196 344.9551 579.4685
v 257.8334 344.9830 579.0325
v 254.6085 344.9830 580.3926
v 258.2218 345.0108 579.9513
v 254.9987 345.0108 581.3160
v 258.6113 345.0387 580.8696
v 255.3902 345.0387 582.2389
v 259.0020 345.0666 581.7869
v 255.7833 345.0666 583.1616
v 259.3943 345.0946 582.7029
v 256.1784 345.0946 584.0841
v 259.7882 345.1226 583.6173
v 256.5757 345.1226 585.0065
v 260.1843 345.1507 584.5297
v 256.9760 345.1507 585.9286
v 260.5831 345.1789 585.4402
v 257.3795 345.1789 586.8500
v 260.9848 345.2071 586.3487
v 257.7866 345.2071 587.7706
v 261.3899 345.2354 587.2550
v 258.1977 345.2354 588.6902
v 261.7987 345.2637 588.1591
v 258.6129 345.2637 589.6084
v 262.2115 345.2921 589.0610
v 259.0323 345.2921 590.5249
v 262.6285 345.3206 589.9610
v 259.4561 345.3206 591.4396
v 263.0496 345.3492 590.8594
v 259.8839 345.3492 592.3520
v 263.4748 345.3778 591.7562
v 260.3154 345.3778 593.2622
v 263.9040 345.4065 592.6517
v 260.7506 345.4065 594.1703
v 264.3369 345.4353 593.5462
v 261.1889 345.4353 595.0760
v 264.7732 345.4641 594.4403
v 261.6297 345.4641 595.9793
v 265.2123 345.4931 595.3343
v 262.0723 345.4931 596.8803
v 265.6537 345.5221 596.2287
v 262.5160 345.5221 597.7795
v 266.0967 345.5512 597.1236
v 262.9603 345.5512 598.6770
v 266.5406 345.5804 598.0193
v 263.4045 345.5804 599.5733
v 266.9848 345.6097 598.9158
v 263.8482 345.6097 600.4688
v 267.4288 345.6391 599.8133
v 264.2911 345.6391 601.3639
v 267.8722 345.6686 600.7117
v 264.7328 345.6686 602.2590
v 268.3146 345.6982 601.6107
v 265.1735 345.6982 603.1545
v 268.7560 345.7278 602.5099
v 265.6134 345.7278 604.0506
v 269.1965 345.7576 603.4094
v 266.0525 345.7576 604.9473
v 269.6362 345.7875 604.3093
v 266.4908 345.7875 605.8444
v 270.0750 345.8175 605.2095
v 266.9284 345.8175 606.7420
v 270.5131 345.8476 606.1097
v 267.3654 345.8476 607.6401
v 270.9505 345.8777 607.0102
v 267.8019 345.8777 608.5387
v 271.3875 345.9080 607.9110
v 268.2378 345.9080 609.4373
v 271.8239 345.9383 608.8125
v 268.6729 345.9383 610.3359
v 272.2595 345.9688 609.7145
v 269.1069 345.9688 611.2349
v 272.6942 345.9995 610.6170
v 269.5401 345.9995 612.1343
v 273.1279 346.0302 611.5199
v 269.9725 346.0302 613.0342
v 273.5608 346.0611 612.4229
v 270.4041 346.0611 613.9346
v 273.9929 346.0921 613.3260
v 270.8352 346.0921 614.8357
v 274.4242 346.1232 614.2290
v 271.2660 346.1232 615.7374
v 274.8550 346.1545 615.1312
v 271.6969 346.1545 616.6399
v 275.2859 346.1858 616.0327
v 272.1285 346.1858 617.5429
v 275.7172 346.2173 616.9337
v 272.5608 346.2173 618.4460
v 276.1491 346.2490 617.8342
v 272.9937 346.2490 619.3488
v 276.5816 346.2808 618.7344
v 273.4273 346.2808 620.2512
v 277.0148 346.3127 619.6345
v 273.8615 346.3127 621.1533
v 277.4486 346.3448 620.5345
v 274.2961 346.3448 622.0549
v 277.8829 346.3771 621.4346
v 274.7309 346.3771 622.9561
v 278.3175 346.4094 622.3347
v 275.1660 346.4094 623.8571
v 278.7523 346.4420 623.2344
v 275.6014 346.4420 624.7581
v 279.1874 346.4747 624.1335
v 276.0375 346.4747 625.6592
v 279.6230 346.5076 625.0319
v 276.4744 346.5076 626.5605
v 280.0593 346.5406 625.9293
v 276.9126 346.5406 627.4618
v 280.4965 346.5738 626.8255
v 277.3523 346.5738 628.3630
v 280.9351 346.6072 627.7205
v 277.7939 346.6072 629.2640
v 281.3754 346.6407 628.6141
v 278.2374 346.6407 630.1644
v 281.8175 346.6745 629.5064
v 278.6833 346.6745 631.0643
v 282.2615 346.7084 630.3969
v 279.1317 346.7084 631.9635
v 282.7080 346.7425 631.2855
v 279.5832 346.7425 632.8620
v 283.1570 346.7768 632.1717
v 280.0380 346.7768 633.7598
v 283.6092 346.8112 633.0553
v 280.4969 346.8112 634.6566
v 284.0649 346.8458 633.9363
v 280.9601 346.8458 635.5519
v 284.5245 346.8807 634.8143
v 281.4279 346.8807 636.4457
v 284.9883 346.9157 635.6891
v 281.9009 346.9157 637.3378
v 285.4568 346.9509 636.5603
v 282.3796 346.9509 638.2278
v 285.9306 346.9862 637.4280
v 282.8642 346.9862 639.1154
v 286.4100 347.0218 638.2923
v 283.3548 347.0218 639.9999
v 286.8950 347.0575 639.1534
v 283.8512 347.0575 640.8813
v 287.3857 347.0935 640.0111
v 284.3536 347.0935 641.7593
v 287.8820 347.1296 640.8653
v 284.8619 347.1296 642.6342
v 288.3843 347.1659 641.7161
v 285.3763 347.1659 643.5056
v 288.8925 347.2025 642.5638
v 285.8964 347.2025 644.3730
v 289.4064 347.2392 643.4088
v 286.4216 347.2392 645.2367
v 289.9257 347.2762 644.2508
v 286.9521 347.2762 646.0969
v 290.4502 347.3134 645.0900
v 287.4875 347.3134 646.9536
v 290.9795 347.3508 645.9261
v 288.0279 347.3508 647.8071
v 291.5139 347.3884 646.7591
v 288.5734 347.3884 648.6575
v 292.0531 347.4263 647.5891
v 289.1236 347.4263 649.5044
v 292.5972 347.4643 648.4160
v 289.6788 347.4643 650.3482
v 293.1460 347.5026 649.2399
v 290.2388 347.5026 651.1887
v 293.6994 347.5411 650.0603
v 290.8037 347.5411 652.0262
v 294.2574 347.5799 650.8769
v 291.3740 347.5799 652.8608
v 294.8205 347.6189 651.6897
v 291.9497 347.6189 653.6919
v 295.3887 347.6581 652.4989
v 292.5307 347.6581 654.5193
v 295.9620 347.6976 653.3044
v 293.1170 347.6976 655.3431
v 296.5402 347.7373 654.1059
v 293.7088 347.7373 656.1635
v 297.1234 347.7772 654.9026
v 294.3068 347.7772 656.9804
v 297.7123 347.8174 655.6947
v 294.9111 347.8174 657.7932
v 298.3071 347.8578 656.4828
v 295.5210 347.8578 658.6012
v 298.9078 347.8985 657.2672
v 296.1362 347.8985 659.4045
v 299.5140 347.9393 658.0479
v 296.7564 347.9393 660.2033
v 300.1256 347.9804 658.8251
v 297.3815 347.9804 660.9978
v 300.7423 348.0218 659.5993
v 298.0109 348.0218 661.7878
v 301.3640 348.0634 660.3708
v 298.6441 348.0634 662.5735
v 301.9901 348.1053 661.1400
v 299.2804 348.1053 663.3554
v 302.6198 348.1474 661.9068
v 299.9200 348.1474 664.1341
v 303.2529 348.1897 662.6706
v 300.5631 348.1897 664.9101
v 303.8894 348.2323 663.4316
v 301.2097 348.2323 665.6832
v 304.5291 348.2752 664.1896
v 301.8599 348.2752 666.4535
v 305.1724 348.3182 664.9444
v 302.5138 348.3182 667.2208
v 305.8192 348.3616 665.6963
v 303.1712 348.3616 667.9851
v 306.4695 348.4052 666.4451
v 303.8323 348.4052 668.7462
v 307.1233 348.4491 667.1908
v 304.4969 348.4491 669.5043
v 307.7805 348.4932 667.9334
v 305.1651 348.4932 670.2593
v 308.4412 348.5376 668.6728
v 305.8370 348.5376 671.0112
v 309.1052 348.5823 669.4087
v 306.5128 348.5823 671.7601
v 309.7728 348.6273 670.1409
v 307.1925 348.6273 672.5057
v 310.4440 348.6725 670.8694
v 307.8764 348.6725 673.2481
v 311.1186 348.7180 671.5935
v 308.5650 348.7180 673.9871
v 311.7972 348.7638 672.3131
v 309.2585 348.7638 674.7225
v 312.4800 348.8099 673.0280
v 309.9570 348.8099 675.4538
v 313.1673 348.8562 673.7381
v 310.6605 348.8562 676.1806
v 313.8594 348.9028 674.4438
v 311.3687 348.9028 676.9027
v 314.5561 348.9497 675.1448
v 312.0816 348.9497 677.6201
v 315.2573 348.9968 675.8412
v 312.7994 348.9968 678.3330
v 315.9631 349.0443 676.5327
v 313.5221 349.0443 679.0410
v 316.6736 349.0920 677.2196
v 314.2494 349.0920 679.7441
v 317.3887 349.1401 677.9017
v 314.9813 349.1401 680.4423
v 318.1081 349.1884 678.5788
v 315.7182 349.1884 681.1358
v 318.8321 349.2370 679.2507
v 316.4600 349.2370 681.8243
v 319.5606 349.2860 679.9176
v 317.2065 349.2860 682.5077
v 320.2937 349.3351 680.5791
v 317.9581 349.3351 683.1859
v 321.0314 349.3846 681.2353
v 318.7146 349.3846 683.8588
v 321.7739 349.4343 681.8864
v 319.4757 349.4343 684.5261
v 322.5213 349.4843 682.5326
v 320.2411 349.4843 685.1879
v 323.2731 349.5346 683.1738
v 321.0108 349.5346 685.8444
v 324.0294 349.5851 683.8101
v 321.7848 349.5851 686.4956
v 324.7901 349.6360 684.4417
v 322.5627 349.6360 687.1415
v 325.5552 349.6871 685.0690
v 323.3441 349.6871 687.7821
v 326.3243 349.7385 685.6921
v 324.1289 349.7385 688.4179
v 327.0970 349.7902 686.3107
v 324.9174 349.7902 689.0492
v 327.8732 349.8421 686.9249
v 325.7095 349.8421 689.6760
v 328.6530 349.8943 687.5344
v 326.5053 349.8943 690.2981
v 329.4361 349.9468 688.1394
v 327.3048 349.9468 690.9157
v 330.2221 349.9996 688.7390
v 328.1088 349.9996 691.5290
v 331.0116 350.0526 689.3327
v 328.9176 350.0526 692.1373
v 331.8049 350.1059 689.9207
v 329.7309 350.1059 692.7401
v 332.6019 350.1594 690.5026
v 330.5489 350.1594 693.3373
v 333.4031 350.2133 691.0782
v 331.3718 350.2133 693.9285
v 334.2084 350.2673 691.6475
v 332.1994 350.2673 694.5136
v 335.0182 350.3217 692.2104
v 333.0318 350.3217 695.0921
v 335.8326 350.3762 692.7670
v 333.8683 350.3762 695.6639
v 336.6512 350.4311 693.3177
v 334.7090 350.4311 696.2294
v 337.4738 350.4862 693.8618
v 335.5543 350.4862 696.7885
v 338.3009 350.5415 694.3996
v 336.4037 350.5415 697.3408
v 339.1323 350.5971 694.9316
v 337.2567 350.5971 697.8866
v 339.9678 350.6529 695.4576
v 338.1135 350.6529 698.4261
v 340.8070 350.7090 695.9777
v 338.9742 350.7090 698.9594
v 341.6499 350.7654 696.4915
v 339.8388 350.7654 699.4865
v 342.4966 350.8220 696.9994
v 340.7070 350.8220 700.0073
v 343.3472 350.8789 697.5014
v 341.5787 350.8789 700.5218
v 344.2009 350.9360 697.9973
v 342.4542 350.9360 701.0303
v 345.0577 350.9935 698.4865
v 343.3339 350.9935 701.5326
v 345.9182 351.0512 698.9691
v 344.2176 351.0512 702.0282
v 346.7827 351.1091 699.4454
v 345.1047 351.1091 702.5170
v 347.6511 351.1674 699.9158
v 345.9947 351.1674 702.9990
v 348.5229 351.2259 700.3803
v 346.8877 351.2259 703.4748
v 349.3984 351.2847 700.8391
v 347.7835 351.2847 703.9443
v 350.2772 351.3437 701.2926
v 348.6819 351.3437 704.4079
v 351.1593 351.4030 701.7408
v 349.5827 351.4030 704.8657
v 352.0444 351.4625 702.1842
v 350.4857 351.4625 705.3179
v 352.9322 351.5224 702.6227
v 351.3910 351.5224 705.7651
v 353.8225 351.5825 703.0563
v 352.2987 351.5825 706.2071
v 354.7158 351.6430 703.4843
v 353.2080 351.6430 706.6450
v 355.6123 351.7037 703.9068
v 354.1189 351.7037 707.0787
v 356.5125 351.7648 704.3247
v 355.0301 351.7648 707.5084
v 357.4162 351.8261 704.7390
v 355.9410 351.8261 707.9349
v 358.3228 351.8877 705.1505
v 356.8514 351.8877 708.3591
v 359.2320 351.9495 705.5597
v 357.7610 351.9495 708.7816
v 360.1438 352.0115 705.9678
v 358.6691 352.0115 709.2031
v 361.0581 352.0738 706.3759
v 359.5747 352.0738 709.6244
v 361.9746 352.1364 706.7857
v 360.4768 352.1364 710.0467
v 362.8922 352.1992 707.1984
v 361.3754 352.1992 710.4715
v 363.8111 352.2623 707.6149
v 362.2694 352.2623 710.8992
v 364.7315 352.3256 708.0381
v 363.1567 352.3256 711.3313
v 365.6521 352.3892 708.4698
v 364.0366 352.3892 711.7696
v 366.5717 352.4529 708.9119
v 364.9082 352.4529 712.2159
v 367.4891 352.5168 709.3658
v 365.7711 352.5168 712.6718
v 368.4030 352.5807 709.8330
v 366.6246 352.5807 713.1385
v 369.3129 352.6448 710.3149
v 367.4679 352.6448 713.6169
v 370.2169 352.7091 710.8128
v 368.3005 352.7091 714.1087
v 371.1135 352.7734 711.3266
v 369.1229 352.7734 714.6145
v 372.0023 352.8378 711.8570
v 369.9343 352.8378 715.1346
v 372.8835 352.9022 712.4053
v 370.7331 352.9022 715.6685
v 373.7560 352.9667 712.9734
v 371.5175 352.9667 716.2173
v 374.6177 353.0312 713.5615
v 372.2877 353.0312 716.7818
v 375.4676 353.0957 714.1702
v 373.0428 353.0957 717.3625
v 376.3044 353.1601 714.8001
v 373.7823 353.1601 717.9596
v 377.1274 353.2246 715.4529
v 374.5050 353.2246 718.5718
v 377.9346 353.2891 716.1304
v 375.2091 353.2891 719.1997
v 378.7234 353.3536 716.8318
v 375.8951 353.3536 719.8446
v 379.4930 353.4180 717.5571
v 376.5621 353.4180 720.5060
v 380.2425 353.4825 718.3079
v 377.2077 353.4825 721.1830
v 380.9692 353.5469 719.0840
v 377.8312 353.5469 721.8768
v 381.6714 353.6112 719.8847
v 378.4321 353.6112 722.5875
v 382.3469 353.6754 720.7089
v 379.0103 353.6754 723.3161
v 382.9948 353.7396 721.5548
v 379.5659 353.7396 724.0620
v 383.6152 353.8037 722.4229
v 380.0975 353.8037 724.8236
v 384.2064 353.8679 723.3124
v 380.6041 353.8679 725.6008
v 384.7672 353.9320 724.2216
v 381.0855 353.9320 726.3935
v 385.2968 353.9961 725.1492
v 381.5413 353.9961 727.2011
v 385.7947 354.0602 726.0941
v 381.9712 354.0602 728.0226
v 386.2606 354.1243 727.0557
v 382.3744 354.1243 728.8571
v 386.6937 354.1885 728.0332
v 382.7503 354.1885 729.7037
v 387.0926 354.2526 729.0242
v 383.0989 354.2526 730.5630
v 387.4576 354.3168 730.0254
v 383.4213 354.3168 731.4355
v 387.7898 354.3810 731.0355
v 383.7181 354.3810 732.3198
v 388.0902 354.4453 732.0540
v 383.9896 354.4453 733.2140
v 388.3590 354.5096 733.0795
v 384.2356 354.5096 734.1174
v 388.5974 354.5739 734.1111
v 384.4571 354.5739 735.0291
v 388.8053 354.6383 735.1476
v 384.6538 354.6383 735.9480
v 388.9839 354.7028 736.1882
v 384.8266 354.7028 736.8732
v 389.1333 354.7673 737.2334
v 384.9750 354.7673 737.8026
v 389.2534 354.8319 738.2833
v 385.0987 354.8319 738.7348
v 389.3429 354.8965 739.3357
v 385.1969 354.8965 739.6702
v 389.4028 354.9613 740.3892
v 385.2705 354.9613 740.6090
v 389.4328 355.0261 741.4433
v 385.3192 355.0261 741.5502
v 389.4336 355.0909 742.4985
v 385.3435 355.0909 742.4918
v 389.4035 355.1558 743.5543
v 385.3419 355.1558 743.4326
v 389.3428 355.2208 744.6063
v 385.3147 355.2208 744.3755
v 389.2536 355.2859 745.6530
v 385.2633 355.2859 745.3210
v 389.1382 355.3511 746.6957
v 385.1880 355.3511 746.2664
v 388.9969 355.4164 747.7342
v 385.0885 355.4164 747.2107
v 388.8307 355.4818 748.7669
v 384.9651 355.4818 748.1547
v 388.6416 355.5472 749.7912
v 384.8189 355.5472 749.1002
v 388.4327 355.6127 750.8076
v 384.6524 355.6127 750.0466
v 388.2046 355.6783 751.8189
v 384.4672 355.6783 750.9906
v 387.9573 355.7439 752.8243
v 384.2629 355.7439 751.9321
v 387.6929 355.8096 753.8219
v 384.0405 355.8096 752.8731
v 387.4134 355.8754 754.8121
v 383.8017 355.8754 753.8134
v 387.1202 355.9412 755.7955
v 383.5478 355.9412 754.7527
v 386.8149 356.0071 756.7726
v 383.2799 356.0071 755.6910
v 386.4996 356.0730 757.7430
v 382.9984 356.0730 756.6290
v 386.1769 356.1390 758.7066
v 382.7052 356.1390 757.5678
v 385.8492 356.2049 759.6639
v 382.4024 356.2049 758.5084
v 385.5185 356.2710 760.6160
v 382.0923 356.2710 759.4506
v 385.1868 356.3370 761.5639
v 381.7768 356.3370 760.3951
v 384.8563 356.4031 762.5075
v 381.4577 356.4031 761.3430
v 384.5294 356.4692 763.4479
v 381.1375 356.4692 762.2950
v 384.2081 356.5354 764.3863
v 380.8186 356.5354 763.2512
v 383.8940 356.6015 765.3238
v 380.5028 356.6015 764.2118
v 383.5886 356.6677 766.2612
v 380.1919 356.6677 765.1767
v 383.2931 356.7339 767.1992
v 379.8874 356.7339 766.1462
v 383.0087 356.8001 768.1385
v 379.5905 356.8001 767.1201
v 382.7362 356.8663 769.0799
v 379.3025 356.8663 768.0980
v 382.4759 356.9325 770.0237
v 379.0239 356.9325 769.0797
v 382.2277 356.9987 770.9697
v 378.7563 356.9987 770.0653
v 381.9914 357.0649 771.9182
v 378.5003 357.0649 771.0546
v 381.7674 357.1312 772.8689
v 378.2564 357.1312 772.0476
v 381.5561 357.1974 773.8220
v 378.0249 357.1974 773.0442
v 381.3576 357.2636 774.7779
v 377.8061 357.2636 774.0435
v 381.1715 357.3298 775.7363
v 377.5998 357.3298 775.0456
v 380.9983 357.3961 776.6968
v 377.4062 357.3961 776.0504
v 380.8379 357.4623 777.6595
v 377.2252 357.4623 777.0577
v 380.6904 357.5285 778.6238
v 377.0572 357.5285 778.0676
v 380.5558 357.5947 779.5901
v 376.9022 357.5947 779.0795
v 380.4338 357.6610 780.5582
v 376.7602 357.6610 780.0932
v 380.3240 357.7272 781.5273
v 376.6319 357.7272 781.1091
v 380.2265 357.7934 782.4974
v 376.5175 357.7934 782.1271
v 380.1416 357.8597 783.4682
v 376.4171 357.8597 783.1469
v 380.0696 357.9259 784.4393
v 376.3308 357.9259 784.1688
v 380.0108 357.9922 785.4103
v 376.2593 357.9922 785.1927
v 379.9658 358.0585 786.3809
v 376.2030 358.0585 786.2186
v 379.9352 358.1248 787.3507
v 376.1626 358.1248 787.2465
v 379.9196 358.1911 788.3195
v 376.1389 358.1911 788.2763
v 379.9195 358.2573 789.2863
v 376.1326 358.2573 789.3081
v 379.9363 358.3237 790.2510
v 376.1452 358.3237 790.3419
v 379.9705 358.3900 791.2144
v 376.1774 358.3900 791.3758
v 380.0220 358.4563 792.1765
v 376.2293 358.4563 792.4095
v 380.0913 358.5226 793.1358
v 376.3016 358.5226 793.4436
v 380.1794 358.5889 794.0928
v 376.3953 358.5889 794.4766
v 380.2860 358.6552 795.0482
v 376.5101 358.6552 795.5072
v 380.4110 358.7216 796.0016
v 376.6460 358.7216 796.5351
v 380.5543 358.7879 796.9535
v 376.8025 358.7879 797.5590
v 380.7150 358.8543 797.9029
v 376.9790 358.8543 798.5794
v 380.8933 358.9206 798.8494
v 377.1756 358.9206 799.5960
v 381.0891 358.9870 799.7942
v 377.3918 358.9870 800.6070
v 381.3011 359.0534 800.7366
v 377.6261 359.0534 801.6127
v 381.5291 359.1197 801.6760
v 377.8787 359.1197 802.6134
v 381.7729 359.1861 802.6131
v 378.1485 359.1861 803.6080
v 382.0315 359.2525 803.5477
v 378.4345 359.2525 804.5967
v 382.3045 359.3190 804.4794
v 378.7362 359.3190 805.5796
v 382.5911 359.3854 805.4083
v 379.0528 359.3854 806.5567
v 382.8914 359.4518 806.3338
v 379.3836 359.4518 807.5281
v 383.2050 359.5182 807.2561
v 379.7277 359.5182 808.4938
v 383.5313 359.5846 808.1748
v 380.0845 359.5846 809.4540
v 383.8700 359.6511 809.0895
v 380.4538 359.6511 810.4090
v 384.2212 359.7176 810.0003
v 380.8352 359.7176 811.3584
v 384.5842 359.7840 810.9074
v 381.2280 359.7840 812.3023
v 384.9591 359.8506 811.8108
v 381.6319 359.8506 813.2403
v 385.3450 359.9171 812.7108
v 382.0457 359.9171 814.1729
v 385.7416 359.9836 813.6068
v 382.4696 359.9836 815.1003
v 386.1486 360.0502 814.4996
v 382.9026 360.0502 816.0221
v 386.5655 360.1168 815.3894
v 383.3440 360.1168 816.9383
v 386.9914 360.1834 816.2764
v 383.7928 360.1834 817.8495
v 387.4258 360.2500 817.1605
v 384.2487 360.2500 818.7559
v 387.8680 360.3166 818.0422
v 384.7109 360.3166 819.6578
v 388.3176 360.3833 818.9216
v 385.1788 360.3833 820.5553
v 388.7739 360.4500 819.7990
v 385.6517 360.4500 821.4488
v 389.2361 360.5167 820.6745
v 386.1290 360.5167 822.3387
v 389.7039 360.5834 821.5484
v 386.6102 360.5834 823.2252
v 390.1766 360.6501 822.4211
v 387.0945 360.6501 824.1087
v 390.6535 360.7169 823.2924
v 387.5816 360.7169 824.9896
v 391.1342 360.7836 824.1624
v 388.0712 360.7836 825.8684
v 391.6185 360.8504 825.0316
v 388.5628 360.8504 826.7449
v 392.1058 360.9172 825.9002
v 389.0557 360.9172 827.6196
v 392.5956 360.9840 826.7679
v 389.5500 360.9840 828.4930
v 393.0875 361.0507 827.6345
v 390.0456 361.0507 829.3657
v 393.5812 361.1175 828.4998
v 390.5430 361.1175 830.2375
v 394.0768 361.1843 829.3643
v 391.0421 361.1843 831.1080
v 394.5742 361.2512 830.2281
v 391.5427 361.2512 831.9774
v 395.0732 361.3180 831.0911
v 392.0448 361.3180 832.8459
v 395.5737 361.3848 831.9531
v 392.5486 361.3848 833.7133
v 396.0759 361.4517 832.8144
v 393.0537 361.4517 834.5798
v 396.5797 361.5185 833.6752
v 393.5602 361.5185 835.4452
v 397.0848 361.5854 834.5356
v 394.0676 361.5854 836.3095
v 397.5910 361.6522 835.3953
v 394.5762 361.6522 837.1732
v 398.0983 361.7190 836.2542
v 395.0860 361.7190 838.0363
v 398.6069 361.7859 837.1125
v 395.5970 361.7859 838.8986
v 399.1168 361.8527 837.9705
v 396.1088 361.8527 839.7600
v 399.6274 361.9195 838.8278
v 396.6217 361.9195 840.6210
v 400.1391 361.9864 839.6840
v 397.1359 361.9864 841.4816
v 400.6520 362.0532 840.5395
v 397.6514 362.0532 842.3413
v 401.1662 362.1200 841.3945
v 398.1680 362.1200 843.2002
v 401.6816 362.1868 842.2492
v 398.6854 362.1868 844.0583
v 402.1980 362.2536 843.1034
v 399.2037 362.2536 844.9156
v 402.7153 362.3204 843.9571
v 399.7228 362.3204 845.7724
v 403.2337 362.3872 844.8107
v 400.2426 362.3872 846.6282
v 403.7527 362.4540 845.6645
v 400.7625 362.4540 847.4834
v 404.2721 362.5208 846.5178
v 401.2830 362.5208 848.3385
v 404.7920 362.5876 847.3707
v 401.8040 362.5876 849.1933
v 405.3125 362.6544 848.2234
v 402.3256 362.6544 850.0478
v 405.8334 362.7211 849.0757
v 402.8476 362.7211 850.9020
v 406.3549 362.7879 849.9276
v 403.3703 362.7879 851.7559
v 406.8769 362.8546 850.7792
v 403.8936 362.8546 852.6094
v 407.3994 362.9214 851.6302
v 404.4175 362.9214 853.4628
v 407.9227 362.9881 852.4808
v 404.9422 362.9881 854.3157
v 408.4465 363.0548 853.3312
v 405.4673 363.0548 855.1681
v 408.9710 363.1215 854.1811
v 405.9931 363.1215 856.0202
v 409.4960 363.1882 855.0306
v 406.5196 363.1882 856.8720
v 410.0217 363.2549 855.8795
v 407.0469 363.2549 857.7235
v 410.5479 363.3215 856.7275
v 407.5752 363.3215 858.5748
v 411.0751 363.3882 857.5747
v 408.1047 363.3882 859.4257
v 411.6033 363.4548 858.4211
v 408.6353 363.4548 860.2761
v 412.1325 363.5214 859.2665
v 409.1672 363.5214 861.1259
v 412.6629 363.5879 860.1109
v 409.7006 363.5879 861.9751
v 413.1945 363.6544 860.9540
v 410.2358 363.6544 862.8238
v 413.7275 363.7209 861.7957
v 410.7728 363.7209 863.6717
v 414.2624 363.7874 862.6359
v 411.3119 363.7874 864.5187
v 414.7991 363.8538 863.4749
v 411.8530 363.8538 865.3644
v 415.3376 363.9202 864.3124
v 412.3961 363.9202 866.2091
v 415.8781 363.9866 865.1483
v 412.9415 363.9866 867.0526
v 416.4208 364.0530 865.9828
v 413.4892 364.0530 867.8948
v 416.9656 364.1193 866.8157
v 414.0391 364.1193 868.7356
v 417.5127 364.1856 867.6471
v 414.5914 364.1856 869.5749
v 418.0620 364.2519 868.4772
v 415.1459 364.2519 870.4127
v 418.6136 364.3182 869.3058
v 415.7025 364.3182 871.2489
v 419.1674 364.3844 870.1331
v 416.2613 364.3844 872.0836
v 419.7231 364.4506 870.9589
v 416.8221 364.4506 872.9170
v 420.2810 364.5167 871.7830
v 417.3854 364.5167 873.7491
v 420.8411 364.5828 872.6053
v 417.9512 364.5828 874.5798
v 421.4034 364.6489 873.4258
v 418.5195 364.6489 875.4089
v 421.9681 364.7150 874.2442
v 419.0906 364.7150 876.2367
v 422.5350 364.7810 875.0599
v 419.6650 364.7810 877.0633
v 423.1047 364.8470 875.8725
v 420.2434 364.8470 877.8882
v 423.6777 364.9130 876.6820
v 420.8259 364.9130 878.7111
v 424.2541 364.9790 877.4880
v 421.4128 364.9790 879.5318
v 424.8345 365.0449 878.2902
v 422.0047 365.0449 880.3499
v 425.4190 365.1109 879.0884
v 422.6017 365.1109 881.1651
v 426.0082 365.1767 879.8825
v 423.2041 365.1767 881.9771
v 426.6024 365.2426 880.6726
v 423.8119 365.2426 882.7853
v 427.2016 365.3084 881.4588
v 424.4249 365.3084 883.5896
v 427.8060 365.3742 882.2411
v 425.0432 365.3742 884.3898
v 428.4153 365.4399 883.0192
v 425.6668 365.4399 885.1863
v 429.0298 365.5057 883.7932
v 426.2958 365.5057 885.9785
v 429.6493 365.5714 884.5632
v 426.9299 365.5714 886.7666
v 430.2738 365.6371 885.3285
v 427.5698 365.6371 887.5508
v 430.9034 365.7027 886.0891
v 428.2154 365.7027 888.3307
v 431.5381 365.7684 886.8446
v 428.8670 365.7684 889.1062
v 432.1782 365.8340 887.5947
v 429.5250 365.8340 889.8774
v 432.8240 365.8996 888.3392
v 430.1895 365.8996 890.6434
v 433.4755 365.9651 889.0780
v 430.8606 365.9651 891.4044
v 434.1333 366.0307 889.8109
v 431.5384 366.0307 892.1597
v 434.7974 366.0962 890.5383
v 432.2226 366.0962 892.9091
v 435.4676 366.1617 891.2600
v 432.9132 366.1617 893.6528
v 436.1442 366.2272 891.9760
v 433.6100 366.2272 894.3902
v 436.8270 366.2927 892.6870
v 434.3123 366.2927 895.1215
v 437.5159 366.3581 893.3930
v 435.0201 366.3581 895.8468
v 438.2104 366.4235 894.0941
v 435.7329 366.4235 896.5663
v 438.9103 366.4889 894.7904
v 436.4507 366.4889 897.2804
v 439.6157 366.5542 895.4822
v 437.1730 366.5542 897.9889
v 440.3260 366.6195 896.1699
v 437.8996 366.6195 898.6923
v 441.0407 366.6848 896.8530
v 438.6305 366.6848 899.3909
v 441.7598 366.7501 897.5315
v 439.3659 366.7501 900.0848
v 442.4835 366.8153 898.2057
v 440.1056 366.8153 900.7739
v 443.2115 366.8805 898.8756
v 440.8491 366.8805 901.4581
v 443.9436 366.9458 899.5414
v 441.5966 366.9458 902.1378
v 444.6793 367.0109 900.2024
v 442.3484 367.0109 902.8134
v 445.4190 367.0761 900.8585
v 443.1049 367.0761 903.4843
v 446.1630 367.1412 901.5100
v 443.8654 367.1412 904.1503
v 446.9111 367.2063 902.1569
v 444.6300 367.2063 904.8115
v 447.6632 367.2714 902.7992
v 445.3986 367.2714 905.4678
v 448.4193 367.3365 903.4367
v 446.1714 367.3365 906.1195
v 449.1793 367.4016 904.0695
v 446.9483 367.4016 906.7663
v 449.9435 367.4666 904.6977
v 447.7289 367.4666 907.4081
v 450.7114 367.5316 905.3214
v 448.5134 367.5316 908.0451
v 451.4833 367.5966 905.9403
v 449.3017 367.5966 908.6773
v 452.2589 367.6615 906.5548
v 450.0937 367.6615 909.3047
v 453.0383 367.7265 907.1647
v 450.8892 367.7265 909.9272
v 453.8214 367.7914 907.7703
v 451.6881 367.7914 910.5450
v 454.6079 367.8564 908.3715
v 452.4904 367.8564 911.1583
v 455.3982 367.9213 908.9684
v 453.2960 367.9213 911.7668
v 456.1922 367.9862 909.5617
v 454.1040 367.9862 912.3705
v 456.9896 368.0511 910.1516
v 454.9144 368.0511 912.9700
v 457.7901 368.1160 910.7382
v 455.7270 368.1160 913.5655
v 458.5936 368.1809 911.3219
v 456.5416 368.1809 914.1573
v 459.3996 368.2458 911.9030
v 457.3579 368.2458 914.7458
v 460.2083 368.3106 912.4816
v 458.1757 368.3106 915.3309
v 461.0194 368.3755 913.0585
v 458.9944 368.3755 915.9132
v 461.8325 368.4404 913.6337
v 459.8140 368.4404 916.4930
v 462.6474 368.5052 914.2078
v 460.6341 368.5052 917.0708
v 463.4637 368.5701 914.7808
v 461.4548 368.5701 917.6468
v 464.2812 368.6349 915.3531
v 462.2757 368.6349 918.2215
v 465.0998 368.6997 915.9247
v 463.0969 368.6997 918.7950
v 465.9192 368.7645 916.4961
v 463.9180 368.7645 919.3675
v 466.7392 368.8293 917.0673
v 464.7391 368.8293 919.9395
v 467.5595 368.8941 917.6383
v 465.5603 368.8941 920.5111
v 468.3799 368.9590 918.2090
v 466.3816 368.9590 921.0825
v 469.2007 369.0238 918.7797
v 467.2030 369.0238 921.6535
v 470.0220 369.0887 919.3505
v 468.0239 369.0887 922.2241
v 470.8436 369.1535 919.9220
v 468.8442 369.1535 922.7948
v 471.6650 369.2183 920.4940
v 469.6641 369.2183 923.3657
v 472.4862 369.2832 921.0665
v 470.4835 369.2832 923.9369
v 473.3072 369.3480 921.6398
v 471.3024 369.3480 924.5087
v 474.1277 369.4128 922.2136
v 472.1208 369.4128 925.0811
v 474.9478 369.4776 922.7880
v 472.9388 369.4776 925.6540
v 475.7672 369.5424 923.3628
v 473.7568 369.5424 926.2278
v 476.5860 369.6072 923.9375
v 474.5749 369.6072 926.8021
v 477.4046 369.6720 924.5123
v 475.3932 369.6720 927.3766
v 478.2229 369.7368 925.0870
v 476.2115 369.7368 927.9513
v 479.0413 369.8016 925.6617
v 477.0299 369.8016 928.5260
v 479.8598 369.8664 926.2365
v 477.8481 369.8664 929.1006
v 480.6782 369.9313 926.8114
v 478.6663 369.9313 929.6753
v 481.4967 369.9961 927.3865
v 479.4842 369.9961 930.2501
v 482.3152 370.0609 927.9618
v 480.3020 370.0609 930.8249
v 483.1336 370.1257 928.5375
v 481.1194 370.1257 931.3999
v 483.9517 370.1905 929.1135
v 481.9366 370.1905 931.9752
v 484.7697 370.2552 929.6896
v 482.7538 370.2552 932.5508
v 485.5875 370.3199 930.2659
v 483.5708 370.3199 933.1265
v 486.4051 370.3847 930.8426
v 484.3876 370.3847 933.7026
v 487.2226 370.4494 931.4194
v 485.2042 370.4494 934.2788
v 488.0400 370.5142 931.9966
v 486.0206 370.5142 934.8553
v 488.8569 370.5789 932.5738
v 486.8371 370.5789 935.4322
v 489.6739 370.6436 933.1511
v 487.6535 370.6436 936.0091
v 490.4910 370.7083 933.7290
v 488.4692 370.7083 936.5860
v 491.3080 370.7729 934.3076
v 489.2845 370.7729 937.1633
v 492.1245 370.8376 934.8865
v 490.0995 370.8376 937.7411
v 492.9407 370.9023 935.4658
v 490.9142 370.9023 938.3195
v 493.7566 370.9670 936.0454
v 491.7288 370.9670 938.8981
v 494.5724 371.0316 936.6257
v 492.5427 371.0316 939.4771
v 495.3878 371.0962 937.2066
v 493.3562 371.0962 940.0566
v 496.2024 371.1607 937.7876
v 494.1699 371.1607 940.6370
v 497.0165 371.2253 938.3683
v 494.9840 371.2253 941.2177
v 497.8305 371.2899 938.9489
v 495.7982 371.2899 941.7985
v 498.6445 371.3544 939.5295
v 496.6125 371.3544 942.3792
v 499.4585 371.4189 940.1098
v 497.4270 371.4189 942.9599
v 500.2725 371.4833 940.6898
v 498.2418 371.4833 943.5405
v 501.0868 371.5478 941.2697
v 499.0567 371.5478 944.1208
v 501.9013 371.6123 941.8495
v 499.8715 371.6123 944.7009
v 502.7159 371.6768 942.4294
v 500.6862 371.6768 945.2808
v 503.5304 371.7412 943.0092
v 501.5011 371.7412 945.8608
v 504.3448 371.8056 943.5887
v 502.3163 371.8056 946.4408
v 505.1593 371.8700 944.1677
v 503.1319 371.8700 947.0207
v 505.9737 371.9343 944.7461
v 503.9480 371.9343 947.6004
v 506.7881 371.9986 945.3237
v 504.7650 371.9986 948.1797
v 507.6030 372.0629 945.9003
v 505.5827 372.0629 948.7584
v 508.4184 372.1272 946.4761
v 506.4011 372.1272 949.3362
v 509.2343 372.1914 947.0510
v 507.2201 372.1914 949.9133
v 510.0509 372.2557 947.6249
v 508.0397 372.2557 950.4894
v 510.8681 372.3198 948.1980
v 508.8600 372.3198 951.0647
v 511.6859 372.3840 948.7702
v 509.6809 372.3840 951.6390
v 512.5042 372.4482 949.3415
v 510.5025 372.4482 952.2126
v 513.3230 372.5123 949.9116
v 511.3250 372.5123 952.7853
v 514.1424 372.5763 950.4806
v 512.1484 372.5763 953.3570
v 514.9625 372.6404 951.0482
v 512.9728 372.6404 953.9276
v 515.7836 372.7044 951.6147
v 513.7980 372.7044 954.4969
v 516.6056 372.7683 952.1802
v 514.6236 372.7683 955.0649
v 517.4285 372.8323 952.7448
v 515.4499 372.8323 955.6318
v 518.2524 372.8962 953.3089
v 516.2763 372.8962 956.1976
v 519.0772 372.9600 953.8727
v 517.1026 372.9600 956.7625
v 519.9026 373.0239 954.4364
v 517.9287 373.0239 957.3268
v 520.7283 373.0877 955.0002
v 518.7547 373.0877 957.8907
v 521.5542 373.1515 955.5642
v 519.5805 373.1515 958.4546
v 522.3802 373.2152 956.1282
v 520.4062 373.2152 959.0184
v 523.2062 373.2789 956.6925
v 521.2316 373.2789 959.5822
v 524.0320 373.3426 957.2569
v 522.0570 373.3426 960.1464
v 524.8576 373.4062 957.8211
v 522.8826 373.4062 960.7107
v 525.6832 373.4698 958.3854
v 523.7081 373.4698 961.2749
v 526.5089 373.5333 958.9499
v 524.5336 373.5333 961.8392
v 527.3344 373.5968 959.5143
v 525.3590 373.5968 962.4035
v 528.1600 373.6603 960.0788
v 526.1844 373.6603 962.9679
v 528.9855 373.7237 960.6433
v 527.0098 373.7237 963.5324
v 529.8110 373.7871 961.2078
v 527.8352 373.7871 964.0968
v 530.6366 373.8505 961.7725
v 528.6604 373.8505 964.6612
v 531.4619 373.9138 962.3372
v 529.4857 373.9138 965.2259
v 532.2870 373.9770 962.9016
v 530.3113 373.9770 965.7907
v 533.1124 374.0403 963.4659
v 531.1370 374.0403 966.3552
v 533.9377 374.1035 964.0302
v 531.9626 374.1035 966.9196
v 534.7632 374.1666 964.5943
v 532.7884 374.1666 967.4840
v 535.5887 374.2297 965.1584
v 533.6142 374.2297 968.0483
v 536.4141 374.2927 965.7223
v 534.4402 374.2927 968.6126
v 537.2399 374.3557 966.2861
v 535.2661 374.3557 969.1765
v 538.0659 374.4186 966.8503
v 536.0917 374.4186 969.7403
v 538.8919 374.4815 967.4146
v 536.9170 374.4815 970.3043
v 539.7177 374.5443 967.9792
v 537.7423 374.5443 970.8684
v 540.5436 374.6071 968.5439
v 538.5673 374.6071 971.4326
v 541.3693 374.6698 969.1090
v 539.3921 374.6698 971.9971
v 542.1949 374.7325 969.6745
v 540.2166 374.7325 972.5617
v 543.0202 374.7952 970.2402
v 541.0409 374.7952 973.1268
v 543.8449 374.8578 970.8058
v 541.8656 374.8578 973.6924
v 544.6692 374.9203 971.3708
v 542.6908 374.9203 974.2584
v 545.4932 374.9828 971.9343
v 543.5172 374.9828 974.8246
v 546.3171 375.0452 972.4960
v 544.3449 375.0452 975.3907
v 547.1412 375.1075 973.0551
v 545.1748 375.1075 975.9560
v 547.9659 375.1699 973.6111
v 546.0070 375.1699 976.5200
v 548.7913 375.2321 974.1632
v 546.8425 375.2321 977.0822
v 549.6176 375.2943 974.7102
v 547.6820 375.2943 977.6417
v 550.4458 375.3565 975.2517
v 548.5257 375.3565 978.1974
v 551.2765 375.4186 975.7874
v 549.3737 375.4186 978.7487
v 552.1097 375.4807 976.3163
v 550.2267 375.4807 979.2950
v 552.9460 375.5427 976.8379
v 551.0848 375.5427 979.8352
v 553.7859 375.6047 977.3520
v 551.9481 375.6047 980.3690
v 554.6295 375.6666 977.8581
v 552.8168 375.6666 980.8956
v 555.4775 375.7285 978.3559
v 553.6907 375.7285 981.4146
v 556.3295 375.7903 978.8453
v 554.5699 375.7903 981.9257
v 557.1860 375.8521 979.3257
v 555.4547 375.8521 982.4285
v 558.0469 375.9138 979.7970
v 556.3448 375.9138 982.9226
v 558.9120 375.9755 980.2588
v 557.2407 375.9755 983.4079
v 559.7818 376.0372 980.7106
v 558.1422 376.0372 983.8836
v 560.6566 376.0987 981.1528
v 559.0487 376.0987 984.3496
v 561.5362 376.1602 981.5853
v 559.9602 376.1602 984.8058
v 562.4205 376.2218 982.0079
v 560.8767 376.2218 985.2522
v 563.3094 376.2832 982.4206
v 561.7980 376.2832 985.6887
v 564.2028 376.3446 982.8235
v 562.7240 376.3446 986.1152
v 565.1006 376.4060 983.2164
v 563.6546 376.4060 986.5317
v 566.0017 376.4673 983.5990
v 564.5906 376.4673 986.9384
v 566.9064 376.5286 983.9707
v 565.5322 376.5286 987.3339
v 567.8152 376.5899 984.3317
v 566.4787 376.5899 987.7182
v 568.7274 376.6511 984.6815
v 567.4307 376.6511 988.0910
v 569.6433 376.7122 985.0195
v 568.3880 376.7122 988.4517
v 570.5633 376.7733 985.3459
v 569.3501 376.7733 988.8000
v 571.4873 376.8345 985.6607
v 570.3166 376.8345 989.1357
v 572.4155 376.8955 985.9638
v 571.2872 376.8955 989.4587
v 573.3468 376.9566 986.2553
v 572.2624 376.9566 989.7696
v 574.2810 377.0176 986.5342
v 573.2425 377.0176 990.0673
v 575.2185 377.0785 986.8007
v 574.2268 377.0785 990.3518
v 576.1587 377.1394 987.0543
v 575.2157 377.1394 990.6227
v 577.1012 377.2003 987.2945
v 576.2096 377.2003 990.8795
v 578.0460 377.2612 987.5206
v 577.2082 377.2612 991.1213
v 578.9935 377.3220 987.7324
v 578.2110 377.3220 991.3477
v 579.9440 377.3829 987.9295
v 579.2175 377.3829 991.5580
v 580.8977 377.4437 988.1124
v 580.2269 377.4437 991.7525
v 581.8543 377.5044 988.2810
v 581.2389 377.5044 991.9312
v 582.8138 377.5652 988.4354
v 582.2531 377.5652 992.0941
v 583.7760 377.6259 988.5761
v 583.2691 377.6259 992.2417
v 584.7400 377.6867 988.7030
v 584.2873 377.6867 992.3743
v 585.7060 377.7473 988.8158
v 585.3072 377.7473 992.4913
v 586.6736 377.8080 988.9149
v 586.3285 377.8080 992.5935
v 587.6425 377.8687 989.0000
v 587.3512 377.8687 992.6804
v 588.6129 377.9293 989.0714
v 588.3748 377.9293 992.7525
v 589.5842 377.9899 989.1289
v 589.3993 377.9899 992.8096
v 590.5566 378.0504 989.1726
v 590.4242 378.0504 992.8519
v 591.5309 378.1110 989.2028
v 591.4484 378.1110 992.8796
v 592.5064 378.1715 989.2203
v 592.4719 378.1715 992.8939
v 593.4830 378.2321 989.2251
v 593.4946 378.2321 992.8948
v 594.4600 378.2926 989.2182
v 594.5168 378.2926 992.8834
v 595.4370 378.3531 989.1988
v 595.5388 378.3531 992.8591
v 596.4149 378.4136 989.1678
v 596.5592 378.4136 992.8226
v 597.3928 378.4741 989.1256
v 597.5787 378.4741 992.7745
v 598.3702 378.5345 989.0722
v 598.5976 378.5345 992.7148
v 599.3469 378.5949 989.0075
v 599.6157 378.5949 992.6434
v 600.3229 378.6553 988.9317
v 600.6328 378.6553 992.5605
v 601.2982 378.7157 988.8447
v 601.6488 378.7157 992.4660
v 602.2723 378.7761 988.7467
v 602.6638 378.7761 992.3600
v 603.2443 378.8364 988.6377
v 603.6783 378.8364 992.2422
v 604.2142 378.8968 988.5169
v 604.6919 378.8968 992.1118
v 605.1825 378.9571 988.3843
v 605.7038 378.9571 991.9688
v 606.1491 379.0174 988.2400
v 606.7139 379.0174 991.8132
v 607.1138 379.0777 988.0839
v 607.7221 379.0777 991.6449
v 608.0767 379.1379 987.9161
v 608.7278 379.1379 991.4638
v 609.0379 379.1982 987.7365
v 609.7309 379.1982 991.2705
v 609.9974 379.2584 987.5451
v 610.7311 379.2584 991.0653
v 610.9554 379.3186 987.3424
v 611.7281 379.3186 990.8487
v 611.9112 379.3788 987.1287
v 612.7225 379.3788 990.6210
v 612.8639 379.4390 986.9044
v 613.7147 379.4390 990.3819
v 613.8140 379.4991 986.6685
v 614.7039 379.4991 990.1309
v 614.7619 379.5593 986.4218
v 615.6896 379.5593 989.8691
v 615.7066 379.6194 986.1644
v 616.6727 379.6194 989.5958
v 616.6487 379.6795 985.8959
v 617.6521 379.6795 989.3113
v 617.5885 379.7396 985.6168
v 618.6275 379.7396 989.0161
v 618.5259 379.7996 985.3275
v 619.5992 379.7996 988.7108
v 619.4616 379.8597 985.0280
v 620.5663 379.8597 988.3958
v 620.3956 379.9198 984.7195
v 621.5295 379.9198 988.0723
v 621.3276 379.9798 984.4022
v 622.4888 379.9798 987.7403
v 622.2589 380.0398 984.0765
v 623.4435 380.0398 987.4013
v 623.1898 380.0998 983.7437
v 624.3941 380.0998 987.0564
v 624.1202 380.1598 983.4047
v 625.3412 380.1598 986.7065
v 625.0506 380.2198 983.0603
v 626.2848 380.2198 986.3526
v 625.9810 380.2797 982.7115
v 627.2257 380.2797 985.9957
v 626.9115 380.3397 982.3589
v 628.1642 380.3397 985.6364
v 627.8422 380.3996 982.0036
v 629.1008 380.3996 985.2755
v 628.7730 380.4595 981.6458
v 630.0360 380.4595 984.9134
v 629.7035 380.5195 981.2864
v 630.9705 380.5195 984.5505
v 630.6331 380.5794 980.9253
v 631.9047 380.5794 984.1865
v 631.5621 380.6394 980.5624
v 632.8385 380.6394 983.8214
v 632.4905 380.6993 980.1980
v 633.7719 380.6993 983.4551
v 633.4182 380.7591 979.8323
v 634.7048 380.7591 983.0872
v 634.3454 380.8190 979.4648
v 635.6369 380.8190 982.7179
v 635.2723 380.8788 979.0961
v 636.5683 380.8788 982.3474
v 636.1987 380.9387 978.7261
v 637.4993 380.9387 981.9755
v 637.1248 380.9985 978.3547
v 638.4295 380.9985 981.6025
v 638.0506 381.0584 977.9822
v 639.3591 381.0584 981.2284
v 638.9762 381.1182 977.6084
v 640.2880 381.1182 980.8533
v 639.9017 381.1781 977.2339
v 641.2164 381.1781 980.4776
v 640.8266 381.2379 976.8585
v 642.1447 381.2379 980.1008
v 641.7512 381.2978 976.4820
v 643.0724 381.2978 979.7231
v 642.6761 381.3576 976.1045
v 643.9992 381.3576 979.3448
v 643.6014 381.4174 975.7265
v 644.9254 381.4174 978.9664
v 644.5273 381.4773 975.3480
v 645.8508 381.4773 978.5881
v 645.4542 381.5371 974.9696
v 646.7755 381.5371 978.2106
v 646.3823 381.5969 974.5918
v 647.6998 381.5969 977.8343
v 647.3117 381.6567 974.2149
v 648.6238 381.6567 977.4596
v 648.2422 381.7165 973.8396
v 649.5481 381.7165 977.0869
v 649.1733 381.7762 973.4662
v 650.4732 381.7762 976.7158
v 650.1045 381.8359 973.0946
v 651.3996 381.8359 976.3462
v 651.0354 381.8956 972.7245
v 652.3272 381.8956 975.9774
v 651.9662 381.9553 972.3554
v 653.2555 381.9553 975.6092
v 652.8967 382.0150 971.9870
v 654.1846 382.0150 975.2414
v 653.8269 382.0747 971.6191
v 655.1142 382.0747 974.8737
v 654.7567 382.1344 971.2513
v 656.0442 382.1344 974.5059
v 655.6860 382.1940 970.8836
v 656.9746 382.1940 974.1377
v 656.6155 382.2535 970.5153
v 657.9045 382.2535 973.7693
v 657.5450 382.3130 970.1471
v 658.8344 382.3130 973.4009
v 658.4740 382.3726 969.7788
v 659.7646 382.3726 973.0321
v 659.4031 382.4320 969.4101
v 660.6945 382.4320 972.6631
v 660.3321 382.4915 969.0411
v 661.6243 382.4915 972.2938
v 661.2609 382.5509 968.6720
v 662.5540 382.5509 971.9244
v 662.1899 382.6103 968.3025
v 663.4834 382.6103 971.5547
v 663.1192 382.6696 967.9329
v 664.4125 382.6696 971.1851
v 664.0489 382.7288 967.5632
v 665.3413 382.7288 970.8159
v 664.9793 382.7880 967.1938
v 666.2698 382.7880 970.4473
v 665.9100 382.8472 966.8250
v 667.1984 382.8472 970.0792
v 666.8411 382.9064 966.4567
v 668.1271 382.9064 969.7119
v 667.7727 382.9654 966.0891
v 669.0559 382.9654 969.3454
v 668.7047 383.0245 965.7223
v 669.9850 383.0245 968.9798
v 669.6370 383.0835 965.3564
v 670.9143 383.0835 968.6150
v 670.5697 383.1424 964.9913
v 671.8440 383.1424 968.2510
v 671.5030 383.2013 964.6269
v 672.7738 383.2013 967.8881
v 672.4369 383.2602 964.2637
v 673.7038 383.2602 967.5263
v 673.3712 383.3190 963.9015
v 674.6344 383.3190 967.1656
v 674.3059 383.3778 963.5404
v 675.5653 383.3778 966.8060
v 675.2410 383.4365 963.1804
v 676.4966 383.4365 966.4474
v 676.1763 383.4952 962.8215
v 677.4285 383.4952 966.0898
v 677.1119 383.5539 962.4636
v 678.3609 383.5539 965.7332
v 678.0474 383.6125 962.1068
v 679.2942 383.6125 965.3772
v 678.9824 383.6710 961.7505
v 680.2280 383.6710 965.0213
v 679.9176 383.7295 961.3946
v 681.1620 383.7295 964.6659
v 680.8526 383.7879 961.0391
v 682.0965 383.7879 964.3105
v 681.7872 383.8462 960.6837
v 683.0312 383.8462 963.9551
v 682.7219 383.9046 960.3282
v 683.9660 383.9046 963.5997
v 683.6564 383.9629 959.9728
v 684.9008 383.9629 963.2441
v 684.5911 384.0212 959.6172
v 685.8354 384.0212 962.8885
v 685.5262 384.0794 959.2617
v 686.7698 384.0794 962.5333
v 686.4611 384.1375 958.9063
v 687.7044 384.1375 962.1781
v 687.3964 384.1956 958.5510
v 688.6387 384.1956 961.8231
v 688.3320 384.2537 958.1960
v 689.5730 384.2537 961.4686
v 689.2677 384.3117 957.8414
v 690.5075 384.3117 961.1144
v 690.2033 384.3697 957.4871
v 691.4423 384.3697 960.7605
v 691.1388 384.4276 957.1331
v 692.3773 384.4276 960.4066
v 692.0746 384.4854 956.7791
v 693.3122 384.4854 960.0530
v 693.0106 384.5432 956.4255
v 694.2471 384.5432 959.6998
v 693.9465 384.6009 956.0722
v 695.1823 384.6009 959.3468
v 694.8822 384.6586 955.7187
v 696.1179 384.6586 958.9942
v 695.8178 384.7162 955.3646
v 697.0536 384.7162 958.6425
v 696.7535 384.7738 955.0098
v 697.9894 384.7738 958.2920
v 697.6893 384.8313 954.6548
v 698.9255 384.8313 957.9428
v 698.6249 384.8888 954.2994
v 699.8622 384.8888 957.5947
v 699.5606 384.9462 953.9437
v 700.7989 384.9462 957.2478
v 700.4972 385.0036 953.5878
v 701.7354 385.0036 956.9026
v 701.4354 385.0610 953.2321
v 702.6713 385.0610 956.5598
v 702.3753 385.1182 952.8775
v 703.6070 385.1182 956.2202
v 703.3174 385.1754 952.5246
v 704.5425 385.1754 955.8844
v 704.2624 385.2325 952.1741
v 705.4777 385.2325 955.5534
v 705.2114 385.2896 951.8270
v 706.4123 385.2896 955.2284
v 706.1655 385.3466 951.4847
v 707.3461 385.3466 954.9113
v 707.1253 385.4035 951.1490
v 708.2796 385.4035 954.6036
v 708.0914 385.4604 950.8216
v 709.2132 385.4604 954.3070
v 709.0643 385.5172 950.5044
v 710.1471 385.5172 954.0231
v 710.0440 385.5740 950.1993
v 711.0820 385.5740 953.7533
v 711.0305 385.6306 949.9079
v 712.0183 385.6306 953.4988
v 712.0233 385.6872 949.6318
v 712.9569 385.6872 953.2605
v 713.0219 385.7437 949.3719
v 713.8982 385.7437 953.0388
v 714.0258 385.8002 949.1290
v 714.8422 385.8002 952.8341
v 715.0347 385.8565 948.9037
v 715.7890 385.8565 952.6469
v 716.0479 385.9128 948.6965
v 716.7385 385.9128 952.4770
v 717.0656 385.9690 948.5074
v 717.6900 385.9690 952.3249
v 718.0880 386.0251 948.3373
v 718.6428 386.0251 952.1910
v 719.1152 386.0811 948.1873
v 719.5963 386.0811 952.0755
v 720.1471 386.1370 948.0587
v 720.5499 386.1370 951.9788
v 721.1836 386.1928 947.9527
v 721.5032 386.1928 951.9017
v 722.2240 386.2485 947.8703
v 722.4558 386.2485 951.8449
v 723.2683 386.3042 947.8125
v 723.4070 386.3042 951.8092
v 724.3158 386.3597 947.7809
v 724.3564 386.3597 951.7957
v 725.3658 386.4151 947.7762
v 725.3037 386.4151 951.8051
v 726.4171 386.4704 947.7998
v 726.2487 386.4704 951.8384
v 727.4683 386.5257 947.8520
v 727.1915 386.5257 951.8957
v 728.5184 386.5808 947.9333
v 728.1316 386.5808 951.9777
v 729.5661 386.6358 948.0438
v 729.0689 386.6358 952.0842
v 730.6103 386.6907 948.1833
v 730.0031 386.6907 952.2155
v 731.6500 386.7455 948.3515
v 730.9340 386.7455 952.3711
v 732.6843 386.8002 948.5481
v 731.8609 386.8002 952.5510
v 733.7122 386.8548 948.7725
v 732.7837 386.8548 952.7548
v 734.7331 386.9093 949.0241
v 733.7018 386.9093 952.9820
v 735.7464 386.9636 949.3022
v 734.6146 386.9636 953.2322
v 736.7515 387.0178 949.6064
v 735.5217 387.0178 953.5050
v 737.7480 387.0720 949.9360
v 736.4225 387.0720 953.8000
v 738.7357 387.1260 950.2907
v 737.3160 387.1260 954.1168
v 739.7135 387.1799 950.6701
v 738.2022 387.1799 954.4555
v 740.6816 387.2336 951.0735
v 739.0801 387.2336 954.8152
v 741.6393 387.2873 951.5012
v 739.9489 387.2873 955.1962
v 742.5859 387.3408 951.9524
v 740.8084 387.3408 955.5983
v 743.5208 387.3942 952.4267
v 741.6581 387.3942 956.0213
v 744.4436 387.4476 952.9237
v 742.4974 387.4476 956.4649
v 745.3534 387.5008 953.4427
v 743.3265 387.5008 956.9293
v 746.2500 387.5538 953.9828
v 744.1448 387.5538 957.4136
v 747.1328 387.6068 954.5435
v 744.9522 387.6068 957.9180
v 748.0013 387.6596 955.1231
v 745.7492 387.6596 958.4418
v 748.8558 387.7123 955.7211
v 746.5354 387.7123 958.9841
v 749.6966 387.7649 956.3367
v 747.3104 387.7649 959.5440
v 750.5235 387.8174 956.9693
v 748.0738 387.8174 960.1212
v 751.3365 387.8697 957.6179
v 748.8258 387.8697 960.7150
v 752.1358 387.9220 958.2823
v 749.5660 387.9220 961.3248
v 752.9212 387.9741 958.9615
v 750.2943 387.9741 961.9501
v 753.6933 388.0261 959.6556
v 751.0102 388.0261 962.5901
v 754.4522 388.0779 960.3645
v 751.7129 388.0779 963.2440
v 755.1971 388.1297 961.0882
v 752.4021 388.1297 963.9121
v 755.9278 388.1813 961.8259
v 753.0778 388.1813 964.5940
v 756.6442 388.2328 962.5778
v 753.7394 388.2328 965.2893
v 757.3465 388.2841 963.3441
v 754.3861 388.2841 965.9972
v 758.0336 388.3354 964.1252
v 755.0170 388.3354 966.7179
v 758.7047 388.3865 964.9204
v 755.6325 388.3865 967.4516
v 759.3594 388.4375 965.7294
v 756.2323 388.4375 968.1979
v 759.9972 388.4884 966.5519
v 756.8161 388.4884 968.9566
v 760.6178 388.5392 967.3877
v 757.3836 388.5392 969.7273
v 761.2208 388.5898 968.2370
v 757.9345 388.5898 970.5092
v 761.8054 388.6403 969.0992
v 758.4686 388.6403 971.3026
v 762.3715 388.6908 969.9742
v 758.9857 388.6908 972.1065
v 762.9185 388.7410 970.8627
v 759.4848 388.7410 972.9203
v 763.4451 388.7911 971.7637
v 759.9659 388.7911 973.7443
v 763.9511 388.8412 972.6771
v 760.4289 388.8412 974.5780
v 764.4361 388.8911 973.6040
v 760.8724 388.8911 975.4200
v 764.8986 388.9409 974.5446
v 761.2953 388.9409 976.2701
v 765.3369 388.9906 975.4984
v 761.6969 388.9906 977.1284
v 765.7494 389.0402 976.4641
v 762.0769 389.0402 977.9958
v 766.1355 389.0897 977.4403
v 762.4356 389.0897 978.8725
v 766.4953 389.1390 978.4266
v 762.7728 389.1390 979.7578
v 766.8281 389.1882 979.4227
v 763.0879 389.1882 980.6507
v 767.1330 389.2374 980.4268
v 763.3809 389.2374 981.5525
v 767.4117 389.2864 981.4360
v 763.6522 389.2864 982.4637
v 767.6650 389.3353 982.4492
v 763.9024 389.3353 983.3837
v 767.8946 389.3840 983.4659
v 764.1323 389.3840 984.3112
v 768.1011 389.4327 984.4863
v 764.3421 389.4327 985.2450
v 768.2850 389.4813 985.5090
v 764.5325 389.4813 986.1852
v 768.4475 389.5298 986.5322
v 764.7045 389.5298 987.1323
v 768.5905 389.5782 987.5551
v 764.8597 389.5782 988.0856
v 768.7157 389.6265 988.5776
v 764.9991 389.6265 989.0443
v 768.8245 389.6746 989.5993
v 765.1238 389.6746 990.0080
v 768.9185 389.7227 990.6193
v 765.2352 389.7227 990.9767
v 768.9998 389.7707 991.6368
v 765.3348 389.7707 991.9504
v 769.0703 389.8186 992.6511
v 765.4244 389.8186 992.9293
v 769.1328 389.8663 993.6621
v 765.5061 389.8663 993.9128
v 769.1891 389.9140 994.6696
v 765.5814 389.9140 994.9009
v 769.2420 389.9616 995.6733
v 765.6528 389.9616 995.8933
v 769.2933 390.0090 996.6738
v 765.7219 390.0090 996.8891
v 769.3452 390.0564 997.6719
v 765.7902 390.0564 997.8874
v 769.3986 390.1037 998.6683
v 765.8587 390.1037 998.8873
v 769.4545 390.1509 999.6636
v 765.9279 390.1509 999.8880
v 769.5133 390.1979 1000.6583
v 765.9981 390.1979 1000.8892
v 769.5752 390.2449 1001.6529
v 766.0694 390.2449 1001.8901
v 769.6400 390.2917 1002.6474
v 766.1414 390.2917 1002.8908
v 769.7079 390.3385 1003.6416
v 766.2143 390.3385 1003.8917
v 769.7788 390.3851 1004.6352
v 766.2881 390.3851 1004.8928
v 769.8532 390.4316 1005.6281
v 766.3633 390.4316 1005.8943
v 769.9302 390.4780 1006.6205
v 766.4410 390.4780 1006.8959
v 770.0098 390.5243 1007.6125
v 766.5214 390.5243 1007.8975
v 770.0922 390.5705 1008.6041
v 766.6047 390.5705 1008.8989
v 770.1775 390.6165 1009.5956
v 766.6907 390.6165 1009.9000
v 770.2654 390.6624 1010.5872
v 766.7795 390.6624 1010.9006
v 770.3558 390.7083 1011.5791
v 766.8706 390.7083 1011.9004
v 770.4483 390.7540 1012.5711
v 766.9637 390.7540 1012.8997
v 770.5429 390.7996 1013.5632
v 767.0590 390.7996 1013.8986
v 770.6393 390.8450 1014.5557
v 767.1560 390.8450 1014.8968
v 770.7373 390.8904 1015.5483
v 767.2545 390.8904 1015.8945
v 770.8367 390.9356 1016.5410
v 767.3543 390.9356 1016.8918
v 770.9373 390.9808 1017.5337
v 767.4554 390.9808 1017.8889
v 771.0392 391.0257 1018.5266
v 767.5576 391.0257 1018.8856
v 771.1421 391.0707 1019.5197
v 767.6609 391.0707 1019.8818
v 771.2458 391.1155 1020.5128
v 767.7649 391.1155 1020.8778
v 771.3504 391.1602 1021.5061
v 767.8697 391.1602 1021.8735
v 771.4555 391.2048 1022.4998
v 767.9750 391.2048 1022.8687
v 771.5611 391.2493 1023.4937
v 768.0807 391.2493 1023.8637
v 771.6668 391.2938 1024.4877
v 768.1865 391.2938 1024.8584
v 771.7728 391.3381 1025.4819
v 768.2926 391.3381 1025.8530
v 771.8789 391.3824 1026.4761
v 768.3986 391.3824 1026.8475
v 771.9850 391.4265 1027.4701
v 768.5049 391.4265 1027.8422
v 772.0914 391.4706 1028.4640
v 768.6113 391.4706 1028.8370
v 772.1981 391.5145 1029.4576
v 768.7181 391.5145 1029.8319
v 772.3051 391.5584 1030.4508
v 768.8254 391.5584 1030.8272
v 772.4129 391.6022 1031.4436
v 768.9335 391.6022 1031.8227
v 772.5215 391.6459 1032.4359
v 769.0424 391.6459 1032.8185
v 772.6311 391.6895 1033.4281
v 769.1525 391.6895 1033.8143
v 772.7417 391.7330 1034.4201
v 769.2635 391.7330 1034.8099
v 772.8534 391.7765 1035.4120
v 769.3756 391.7765 1035.8054
v 772.9661 391.8198 1036.4036
v 769.4888 391.8198 1036.8011
v 773.0801 391.8631 1037.3948
v 769.6032 391.8631 1037.7967
v 773.1953 391.9063 1038.3860
v 769.7189 391.9063 1038.7922
v 773.3117 391.9494 1039.3771
v 769.8358 391.9494 1039.7874
v 773.4293 391.9924 1040.3679
v 769.9539 391.9924 1040.7827
v 773.5482 392.0353 1041.3584
v 770.0734 392.0353 1041.7779
v 773.6684 392.0781 1042.3484
v 770.1943 392.0781 1042.7733
v 773.7902 392.1209 1043.3381
v 770.3168 392.1209 1043.7686
v 773.9137 392.1635 1044.3274
v 770.4410 392.1635 1044.7638
v 774.0388 392.2061 1045.3163
v 770.5670 392.2061 1045.7592
v 774.1659 392.2486 1046.3044
v 770.6950 392.2486 1046.7548
v 774.2952 392.2911 1047.2915
v 770.8254 392.2911 1047.7506
v 774.4270 392.3334 1048.2776
v 770.9586 392.3334 1048.7468
v 774.5618 392.3756 1049.2626
v 771.0950 392.3756 1049.7434
v 774.7003 392.4178 1050.2464
v 771.2347 392.4178 1050.7400
v 774.8428 392.4599 1051.2293
v 771.3779 392.4599 1051.7366
v 774.9897 392.5019 1052.2111
v 771.5247 392.5019 1052.7330
v 775.1410 392.5438 1053.1918
v 771.6754 392.5438 1053.7292
v 775.2971 392.5856 1054.1716
v 771.8302 392.5856 1054.7251
v 775.4580 392.6274 1055.1504
v 771.9891 392.6274 1055.7205
v 775.6237 392.6691 1056.1283
v 772.1522 392.6691 1056.7153
v 775.7942 392.7108 1057.1048
v 772.3198 392.7108 1057.7099
v 775.9700 392.7523 1058.0796
v 772.4922 392.7523 1058.7045
v 776.1513 392.7938 1059.0520
v 772.6701 392.7938 1059.6994
v 776.3390 392.8352 1060.0221
v 772.8544 392.8352 1060.6942
v 776.5334 392.8765 1060.9898
v 773.0453 392.8765 1061.6888
v 776.7352 392.9178 1061.9541
v 773.2440 392.9178 1062.6837
v 776.9454 392.9590 1062.9150
v 773.4514 392.9590 1063.6783
v 777.1645 393.0002 1063.8724
v 773.6683 393.0002 1064.6724
v 777.3933 393.0413 1064.8259
v 773.8956 393.0413 1065.6657
v 777.6326 393.0823 1065.7757
v 774.1339 393.0823 1066.6575
v 777.8827 393.1233 1066.7214
v 774.3836 393.1233 1067.6477
v 778.1442 393.1643 1067.6629
v 774.6456 393.1643 1068.6358
v 778.4175 393.2052 1068.6006
v 774.9199 393.2052 1069.6210
v 778.7028 393.2461 1069.5341
v 775.2068 393.2461 1070.6031
v 779.0000 393.2869 1070.4628
v 775.5067 393.2869 1071.5824
v 779.3097 393.3277 1071.3865
v 775.8202 393.3277 1072.5583
v 779.6321 393.3684 1072.3052
v 776.1473 393.3684 1073.5303
v 779.9674 393.4092 1073.2183
v 776.4886 393.4092 1074.4984
v 780.3155 393.4498 1074.1256
v 776.8445 393.4498 1075.4621
v 780.6767 393.4904 1075.0266
v 777.2159 393.4904 1076.4211
v 781.0513 393.5310 1075.9211
v 777.6029 393.5310 1077.3747
v 781.4397 393.5715 1076.8094
v 778.0056 393.5715 1078.3221
v 781.8417 393.6121 1077.6911
v 778.4240 393.6121 1079.2631
v 782.2573 393.6525 1078.5653
v 778.8585 393.6525 1080.1981
v 782.6870 393.6930 1079.4311
v 779.3097 393.6930 1081.1264
v 783.1312 393.7334 1080.2889
v 779.7778 393.7334 1082.0469
v 783.5904 393.7738 1081.1389
v 780.2622 393.7738 1082.9588
v 784.0640 393.8142 1081.9809
v 780.7628 393.8142 1083.8620
v 784.5519 393.8546 1082.8141
v 781.2796 393.8546 1084.7565
v 785.0543 393.8949 1083.6385
v 781.8128 393.8949 1085.6417
v 785.5714 393.9351 1084.4545
v 782.3615 393.9351 1086.5166
v 786.1028 393.9754 1085.2623
v 782.9248 393.9754 1087.3811
v 786.6474 394.0155 1086.0612
v 783.5029 394.0155 1088.2359
v 787.2052 394.0557 1086.8502
v 784.0962 394.0557 1089.0809
v 787.7763 394.0958 1087.6294
v 784.7043 394.0958 1089.9155
v 788.3607 394.1359 1088.3987
v 785.3271 394.1359 1090.7392
v 788.9579 394.1760 1089.1575
v 785.9646 394.1760 1091.5521
v 789.5680 394.2160 1089.9055
v 786.6168 394.2160 1092.3537
v 790.1911 394.2560 1090.6428
v 787.2834 394.2560 1093.1433
v 790.8270 394.2960 1091.3691
v 787.9641 394.2960 1093.9207
v 791.4756 394.3360 1092.0845
v 788.6584 394.3360 1094.6857
v 792.1364 394.3759 1092.7885
v 789.3663 394.3759 1095.4381
v 792.8091 394.4159 1093.4806
v 790.0879 394.4159 1096.1781
v 793.4935 394.4558 1094.1603
v 790.8233 394.4558 1096.9051
v 794.1896 394.4957 1094.8271
v 791.5724 394.4957 1097.6188
v 794.8975 394.5355 1095.4806
v 792.3352 394.5355 1098.3185
v 795.6174 394.5753 1096.1210
v 793.1111 394.5753 1099.0034
v 796.3491 394.6151 1096.7480
v 793.8996 394.6151 1099.6735
v 797.0922 394.6549 1097.3616
v 794.7007 394.6549 1100.3287
v 797.8471 394.6947 1097.9616
v 795.5135 394.6947 1100.9682
v 798.6137 394.7344 1098.5490
v 796.3368 394.7344 1101.5920
v 799.3910 394.7741 1099.1238
v 797.1702 394.7741 1102.2008
v 800.1786 394.8138 1099.6858
v 798.0134 394.8138 1102.7947
v 800.9756 394.8535 1100.2350
v 798.8660 394.8535 1103.3741
v 801.7812 394.8932 1100.7709
v 799.7287 394.8932 1103.9394
v 802.5959 394.9328 1101.2931
v 800.6008 394.9328 1104.4895
v 803.4203 394.9725 1101.8027
v 801.4807 394.9725 1105.0241
v 804.2538 395.0121 1102.3005
v 802.3678 395.0121 1105.5442
v 805.0956 395.0517 1102.7864
v 803.2616 395.0517 1106.0500
v 805.9450 395.0913 1103.2609
v 804.1620 395.0913 1106.5425
v 806.8016 395.1309 1103.7236
v 805.0689 395.1309 1107.0216
v 807.6659 395.1705 1104.1756
v 805.9809 395.1705 1107.4875
v 808.5366 395.2101 1104.6172
v 806.8978 395.2101 1107.9412
v 809.4121 395.2496 1105.0477
v 807.8209 395.2496 1108.3836
v 810.2925 395.2892 1105.4660
v 808.7507 395.2892 1108.8139
v 811.1781 395.3287 1105.8721
v 809.6867 395.3287 1109.2317
v 812.0692 395.3682 1106.2657
v 810.6285 395.3682 1109.6364
v 812.9657 395.4077 1106.6470
v 811.5756 395.4077 1110.0282
v 813.8674 395.4473 1107.0155
v 812.5282 395.4473 1110.4069
v 814.7745 395.4868 1107.3714
v 813.4855 395.4868 1110.7722
v 815.6873 395.5263 1107.7150
v 814.4471 395.5263 1111.1244
v 816.6057 395.5659 1108.0468
v 815.4119 395.5659 1111.4637
v 817.5297 395.6054 1108.3674
v 816.3795 395.6054 1111.7908
v 818.4588 395.6449 1108.6776
v 817.3494 395.6449 1112.1064
v 819.3929 395.6844 1108.9780
v 818.3210 395.6844 1112.4114
v 820.3310 395.7239 1109.2692
v 819.2947 395.7239 1112.7066
v 821.2725 395.7635 1109.5512
v 820.2705 395.7635 1112.9925
v 822.2174 395.8030 1109.8245
v 821.2481 395.8030 1113.2693
v 823.1656 395.8425 1110.0896
v 822.2271 395.8425 1113.5375
v 824.1165 395.8820 1110.3464
v 823.2079 395.8820 1113.7977
v 825.0697 395.9215 1110.5952
v 824.1906 395.9215 1114.0501
v 826.0248 395.9610 1110.8357
v 825.1755 395.9610 1114.2948
v 826.9821 396.0005 1111.0677
v 826.1623 396.0005 1114.5313
v 827.9415 396.0400 1111.2915
v 827.1507 396.0400 1114.7602
v 828.9023 396.0796 1111.5065
v 828.1414 396.0796 1114.9814
v 829.8645 396.1192 1111.7126
v 829.1345 396.1192 1115.1945
v 830.8280 396.1588 1111.9092
v 830.1299 396.1588 1115.3992
v 831.7927 396.1983 1112.0961
v 831.1278 396.1983 1115.5954
v 832.7591 396.2379 1112.2728
v 832.1277 396.2379 1115.7823
v 833.7271 396.2774 1112.4395
v 833.1293 396.2774 1115.9601
v 834.6966 396.3170 1112.5958
v 834.1328 396.3170 1116.1286
v 835.6678 396.3566 1112.7420
v 835.1378 396.3566 1116.2878
v 836.6401 396.3961 1112.8780
v 836.1445 396.3961 1116.4376
v 837.6138 396.4357 1113.0036
v 837.1527 396.4357 1116.5778
v 838.5890 396.4753 1113.1189
v 838.1619 396.4753 1116.7084
v 839.5650 396.5149 1113.2243
v 839.1726 396.5149 1116.8295
v 840.5411 396.5546 1113.3192
v 840.1854 396.5546 1116.9408
v 841.5174 396.5942 1113.4033
v 841.2001 396.5942 1117.0415
v 842.4939 396.6339 1113.4762
v 842.2164 396.6339 1117.1312
v 843.4706 396.6736 1113.5380
v 843.2343 396.6736 1117.2096
v 844.4468 396.7133 1113.5882
v 844.2540 396.7133 1117.2761
v 845.4222 396.7530 1113.6263
v 845.2758 396.7530 1117.3300
v 846.3968 396.7927 1113.6518
v 846.2993 396.7927 1117.3704
v 847.3708 396.8324 1113.6643
v 847.3242 396.8324 1117.3968
v 848.3434 396.8722 1113.6636
v 848.3507 396.8722 1117.4086
v 849.3138 396.9119 1113.6488
v 849.3792 396.9119 1117.4046
v 850.2813 396.9517 1113.6191
v 850.4099 396.9517 1117.3835
v 851.2458 396.9915 1113.5733
v 851.4423 396.9915 1117.3436
v 852.2079 397.0313 1113.5106
v 852.4748 397.0313 1117.2839
v 853.1674 397.0711 1113.4310
v 853.5073 397.0711 1117.2039
v 854.1241 397.1110 1113.3335
v 854.5390 397.1110 1117.1025
v 855.0781 397.1509 1113.2182
v 855.5690 397.1509 1116.9794
v 856.0294 397.1908 1113.0846
v 856.5966 397.1908 1116.8342
v 856.9780 397.2307 1112.9329
v 857.6206 397.2307 1116.6669
v 857.9243 397.2706 1112.7632
v 858.6403 397.2706 1116.4779
v 858.8671 397.3106 1112.5760
v 859.6558 397.3106 1116.2674
v 859.8057 397.3505 1112.3702
v 860.6671 397.3505 1116.0357
v 860.7405 397.3905 1112.1458
v 861.6728 397.3905 1115.7834
v 861.6719 397.4305 1111.9029
v 862.6723 397.4305 1115.5108
v 862.5999 397.4705 1111.6422
v 863.6649 397.4705 1115.2191
v 863.5246 397.5106 1111.3641
v 864.6502 397.5106 1114.9090
v 864.4464 397.5506 1111.0696
v 865.6281 397.5506 1114.5819
v 865.3654 397.5907 1110.7594
v 866.5984 397.5907 1114.2390
v 866.2821 397.6308 1110.4344
v 867.5607 397.6308 1113.8818
v 867.1969 397.6708 1110.0959
v 868.5155 397.6708 1113.5121
v 868.1096 397.7110 1109.7452
v 869.4636 397.7110 1113.1311
v 869.0205 397.7511 1109.3832
v 870.4050 397.7511 1112.7401
v 869.9304 397.7913 1109.0108
v 871.3397 397.7913 1112.3407
v 870.8402 397.8315 1108.6295
v 872.2683 397.8315 1111.9350
v 871.7503 397.8717 1108.2408
v 873.1914 397.8717 1111.5246
v 872.6609 397.9119 1107.8462
v 874.1102 397.9119 1111.1111
v 873.5722 397.9521 1107.4469
v 875.0254 397.9521 1110.6956
v 874.4845 397.9923 1107.0444
v 875.9379 397.9923 1110.2796
v 875.3978 398.0326 1106.6396
v 876.8486 398.0326 1109.8638
v 876.3117 398.0729 1106.2336
v 877.7584 398.0729 1109.4490
v 877.2259 398.1132 1105.8270
v 878.6682 398.1132 1109.0351
v 878.1401 398.1535 1105.4199
v 879.5782 398.1535 1108.6225
v 879.0546 398.1939 1105.0124
v 880.4884 398.1939 1108.2112
v 879.9694 398.2342 1104.6048
v 881.3990 398.2342 1107.8016
v 880.8844 398.2746 1104.1970
v 882.3101 398.2746 1107.3936
v 881.8000 398.3150 1103.7893
v 883.2215 398.3150 1106.9876
v 882.7168 398.3554 1103.3827
v 884.1330 398.3554 1106.5834
v 883.6348 398.3958 1102.9775
v 885.0447 398.3958 1106.1810
v 884.5544 398.4363 1102.5739
v 885.9564 398.4363 1105.7809
v 885.4761 398.4768 1102.1725
v 886.8684 398.4768 1105.3837
v 886.3999 398.5174 1101.7738
v 887.7808 398.5174 1104.9898
v 887.3265 398.5579 1101.3780
v 888.6933 398.5579 1104.6001
v 888.2563 398.5985 1100.9863
v 889.6066 398.5985 1104.2153
v 889.1887 398.6391 1100.5992
v 890.5212 398.6391 1103.8358
v 890.1239 398.6797 1100.2170
v 891.4375 398.6797 1103.4620
v 891.0615 398.7203 1099.8402
v 892.3558 398.7203 1103.0940
v 892.0015 398.7610 1099.4688
v 893.2763 398.7610 1102.7318
v 892.9440 398.8017 1099.1030
v 894.1987 398.8017 1102.3757
v 893.8885 398.8424 1098.7432
v 895.1238 398.8424 1102.0256
v 894.8348 398.8832 1098.3890
v 896.0513 398.8832 1101.6810
v 895.7835 398.9240 1098.0402
v 896.9806 398.9240 1101.3423
v 896.7345 398.9648 1097.6972
v 897.9117 398.9648 1101.0095
v 897.6884 399.0056 1097.3600
v 898.8444 399.0056 1100.6831
v 898.6456 399.0465 1097.0291
v 899.7783 399.0465 1100.3636
v 899.6062 399.0874 1096.7050
v 900.7136 399.0874 1100.0516
v 900.5702 399.1283 1096.3886
v 901.6505 399.1283 1099.7476
v 901.5376 399.1692 1096.0802
v 902.5894 399.1692 1099.4519
v 902.5083 399.2102 1095.7804
v 903.5302 399.2102 1099.1650
v 903.4828 399.2512 1095.4893
v 904.4727 399.2512 1098.8870
v 904.4610 399.2922 1095.2078
v 905.4170 399.2922 1098.6189
v 905.4422 399.3333 1094.9364
v 906.3640 399.3333 1098.3606
v 906.4260 399.3743 1094.6752
v 907.3136 399.3743 1098.1120
v 907.4127 399.4154 1094.4239
v 908.2655 399.4154 1097.8732
v 908.4023 399.4565 1094.1830
v 909.2194 399.4565 1097.6444
v 909.3951 399.4977 1093.9524
v 910.1750 399.4977 1097.4259
v 910.3907 399.5389 1093.7331
v 911.1328 399.5389 1097.2183
v 911.3885 399.5801 1093.5247
v 912.0930 399.5801 1097.0209
v 912.3884 399.6213 1093.3274
v 913.0553 399.6213 1096.8340
v 913.3900 399.6626 1093.1411
v 914.0199 399.6626 1096.6572
v 914.3938 399.7039 1092.9658
v 914.9861 399.7039 1096.4905
v 915.4001 399.7452 1092.8016
v 915.9535 399.7452 1096.3340
v 916.4079 399.7866 1092.6492
v 916.9228 399.7866 1096.1881
v 917.4168 399.8279 1092.5079
v 917.8942 399.8279 1096.0520
v 918.4270 399.8693 1092.3776
v 918.8670 399.8693 1095.9259
v 919.4385 399.9108 1092.2581
v 919.8410 399.9108 1095.8096
v 920.4518 399.9523 1092.1497
v 920.8156 399.9523 1095.7035
v 921.4666 399.9938 1092.0527
v 921.7911 399.9938 1095.6078
v 922.4822 400.0354 1091.9670
v 922.7677 400.0354 1095.5227
v 923.4986 400.0770 1091.8926
v 923.7452 400.0770 1095.4479
v 924.5156 400.1186 1091.8293
v 924.7236 400.1186 1095.3837
v 925.5335 400.1602 1091.7769
v 925.7024 400.1602 1095.3300
v 926.5522 400.2018 1091.7359
v 926.6815 400.2018 1095.2871
v 927.5705 400.2435 1091.7063
v 927.6617 400.2435 1095.2551
v 928.5879 400.2853 1091.6871
v 928.6434 400.2853 1095.2332
v 929.6048 400.3271 1091.6780
v 929.6259 400.3271 1095.2209
v 930.6216 400.3688 1091.6786
v 930.6088 400.3688 1095.2179
v 931.6381 400.4106 1091.6889
v 931.5919 400.4106 1095.2244
v 932.6534 400.4525 1091.7086
v 932.5760 400.4525 1095.2401
v 933.6674 400.4944 1091.7368
v 933.5609 400.4944 1095.2642
v 934.6811 400.5364 1091.7731
v 934.5458 400.5364 1095.2963
v 935.6948 400.5783 1091.8176
v 935.5300 400.5783 1095.3369
v 936.7075 400.6204 1091.8704
v 936.5144 400.6204 1095.3860
v 937.7192 400.6624 1091.9309
v 937.4990 400.6624 1095.4430
v 938.7301 400.7045 1091.9989
v 938.4835 400.7045 1095.5078
v 939.7401 400.7466 1092.0740
v 939.4678 400.7466 1095.5801
v 940.7497 400.7888 1092.1565
v 940.4513 400.7888 1095.6599
v 941.7585 400.8310 1092.2464
v 941.4345 400.8310 1095.7472
v 942.7661 400.8732 1092.3432
v 942.4175 400.8732 1095.8418
v 943.7731 400.9154 1092.4470
v 943.3997 400.9154 1095.9432
v 944.7798 400.9577 1092.5580
v 944.3807 400.9577 1096.0518
v 945.7864 401.0001 1092.6766
v 945.3601 401.0001 1096.1675
v 946.7928 401.0424 1092.8036
v 946.3377 401.0424 1096.2911
v 947.7986 401.0849 1092.9391
v 947.3137 401.0849 1096.4227
v 948.8035 401.1274 1093.0834
v 948.2881 401.1274 1096.5626
v 949.8080 401.1698 1093.2368
v 949.2603 401.1698 1096.7110
v 950.8119 401.2124 1093.4000
v 950.2301 401.2124 1096.8687
v 951.8142 401.2550 1093.5732
v 951.1982 401.2550 1097.0360
v 952.8146 401.2976 1093.7563
v 952.1647 401.2976 1097.2129
v 953.8136 401.3402 1093.9492
v 953.1290 401.3402 1097.3991
v 954.8114 401.3829 1094.1525
v 954.0905 401.3829 1097.5950
v 955.8075 401.4256 1094.3667
v 955.0492 401.4256 1097.8011
v 956.8006 401.4684 1094.5917
v 956.0062 401.4684 1098.0180
v 957.7912 401.5112 1094.8266
v 956.9612 401.5112 1098.2444
v 958.7797 401.5540 1095.0724
v 957.9132 401.5540 1098.4811
v 959.7646 401.5969 1095.3284
v 958.8635 401.5969 1098.7278
v 960.7459 401.6398 1095.5940
v 959.8125 401.6398 1098.9841
v 961.7231 401.6828 1095.8684
v 960.7608 401.6828 1099.2495
v 962.6962 401.7258 1096.1502
v 961.7088 401.7258 1099.5228
v 963.6665 401.7688 1096.4388
v 962.6558 401.7688 1099.8029
v 964.6332 401.8119 1096.7337
v 963.6023 401.8119 1100.0900
v 965.5966 401.8551 1097.0334
v 964.5491 401.8551 1100.3827
v 966.5578 401.8982 1097.3375
v 965.4952 401.8982 1100.6801
v 967.5167 401.9414 1097.6457
v 966.4408 401.9414 1100.9821
v 968.4736 401.9847 1097.9572
v 967.3863 401.9847 1101.2880
v 969.4289 402.0280 1098.2717
v 968.3311 402.0280 1101.5975
v 970.3824 402.0713 1098.5887
v 969.2757 402.0713 1101.9103
v 971.3344 402.1147 1098.9076
v 970.2204 402.1147 1102.2259
v 972.2850 402.1581 1099.2279
v 971.1652 402.1581 1102.5440
v 973.2344 402.2016 1099.5493
v 972.1102 402.2016 1102.8639
v 974.1828 402.2451 1099.8716
v 973.0554 402.2451 1103.1851
v 975.1305 402.2886 1100.1945
v 974.0008 402.2886 1103.5072
v 976.0776 402.3322 1100.5178
v 974.9466 402.3322 1103.8300
v 977.0244 402.3758 1100.8412
v 975.8923 402.3758 1104.1531
v 977.9711 402.4195 1101.1650
v 976.8380 402.4195 1104.4765
v 978.9178 402.4632 1101.4891
v 977.7835 402.4632 1104.8002
v 979.8644 402.5070 1101.8136
v 978.7288 402.5070 1105.1243
v 980.8109 402.5509 1102.1385
v 979.6740 402.5509 1105.4487
v 981.7571 402.5948 1102.4637
v 980.6192 402.5948 1105.7735
v 982.7033 402.6387 1102.7892
v 981.5642 402.6387 1106.0986
v 983.6494 402.6827 1103.1150
v 982.5091 402.6827 1106.4240
v 984.5952 402.7267 1103.4411
v 983.4541 402.7267 1106.7498
v 985.5408 402.7708 1103.7673
v 984.3992 402.7708 1107.0758
v 986.4865 402.8150 1104.0937
v 985.3440 402.8150 1107.4020
v 987.4325 402.8592 1104.4205
v 986.2884 402.8592 1107.7283
v 988.3787 402.9035 1104.7482
v 987.2321 402.9035 1108.0550
v 989.3249 402.9478 1105.0767
v 988.1752 402.9478 1108.3825
v 990.2709 402.9921 1105.4063
v 989.1179 402.9921 1108.7109
v 991.2168 403.0366 1105.7368
v 990.0600 403.0366 1109.0401
v 992.1627 403.0811 1106.0688
v 991.0013 403.0811 1109.3704
v 993.1082 403.1257 1106.4021
v 991.9420 403.1257 1109.7022
v 994.0528 403.1703 1106.7367
v 992.8826 403.1703 1110.0353
v 994.9969 403.2150 1107.0722
v 993.8230 403.2150 1110.3695
v 995.9407 403.2597 1107.4088
v 994.7630 403.2597 1110.7048
v 996.8841 403.3046 1107.7465
v 995.7026 403.3046 1111.0411
v 997.8271 403.3495 1108.0853
v 996.6418 403.3495 1111.3785
v 998.7694 403.3945 1108.4251
v 997.5809 403.3945 1111.7171
v 999.7114 403.4395 1108.7656
v 998.5198 403.4395 1112.0565
v 1000.6532 403.4846 1109.1071
v 999.4582 403.4846 1112.3968
v 1001.5946 403.5297 1109.4497
v 1000.3962 403.5297 1112.7381
v 1002.5356 403.5749 1109.7932
v 1001.3340 403.5749 1113.0804
v 1003.4763 403.6202 1110.1376
v 1002.2713 403.6202 1113.4236
v 1004.4168 403.6655 1110.4830
v 1003.2083 403.6655 1113.7677
v 1005.3569 403.7109 1110.8294
v 1004.1448 403.7109 1114.1128
v 1006.2964 403.7564 1111.1768
v 1005.0811 403.7564 1114.4591
v 1007.2354 403.8019 1111.5250
v 1006.0174 403.8019 1114.8062
v 1008.1741 403.8475 1111.8739
v 1006.9534 403.8475 1115.1541
v 1009.1127 403.8932 1112.2236
v 1007.8889 403.8932 1115.5027
v 1010.0512 403.9390 1112.5744
v 1008.8238 403.9390 1115.8521
v 1010.9896 403.9848 1112.9264
v 1009.7580 403.9848 1116.2026
v 1011.9280 404.0306 1113.2799
v 1010.6912 404.0306 1116.5541
v 1012.8669 404.0766 1113.6356
v 1011.6226 404.0766 1116.9069
v 1013.8061 404.1225 1113.9942
v 1012.5518 404.1225 1117.2618
v 1014.7453 404.1686 1114.3566
v 1013.4784 404.1686 1117.6193
v 1015.6839 404.2147 1114.7234
v 1014.4025 404.2147 1117.9804
v 1016.6216 404.2608 1115.0948
v 1015.3242 404.2608 1118.3455
v 1017.5588 404.3070 1115.4717
v 1016.2424 404.3070 1118.7147
v 1018.4950 404.3533 1115.8552
v 1017.1568 404.3533 1119.0894
v 1019.4290 404.3996 1116.2455
v 1018.0679 404.3996 1119.4701
v 1020.3607 404.4459 1116.6428
v 1018.9757 404.4459 1119.8571
v 1021.2897 404.4924 1117.0473
v 1019.8802 404.4924 1120.2509
v 1022.2162 404.5389 1117.4592
v 1020.7810 404.5389 1120.6514
v 1023.1401 404.5855 1117.8793
v 1021.6774 404.5855 1121.0590
v 1024.0601 404.6322 1118.3074
v 1022.5704 404.6322 1121.4746
v 1024.9761 404.6789 1118.7428
v 1023.4605 404.6789 1121.8977
v 1025.8884 404.7256 1119.1857
v 1024.3471 404.7256 1122.3281
v 1026.7969 404.7724 1119.6358
v 1025.2304 404.7724 1122.7658
v 1027.7019 404.8192 1120.0933
v 1026.1102 404.8192 1123.2104
v 1028.6028 404.8660 1120.5580
v 1026.9864 404.8660 1123.6624
v 1029.4996 404.9128 1121.0293
v 1027.8599 404.9128 1124.1215
v 1030.3924 404.9597 1121.5070
v 1028.7303 404.9597 1124.5872
v 1031.2813 405.0067 1121.9907
v 1029.5979 405.0067 1125.0594
v 1032.1665 405.0537 1122.4802
v 1030.4628 405.0537 1125.5376
v 1033.0484 405.1008 1122.9755
v 1031.3246 405.1008 1126.0216
v 1033.9260 405.1479 1123.4759
v 1032.1843 405.1479 1126.5117
v 1034.7998 405.1950 1123.9803
v 1033.0425 405.1950 1127.0072
v 1035.6704 405.2422 1124.4886
v 1033.8989 405.2422 1127.5072
v 1036.5384 405.2895 1125.0006
v 1034.7535 405.2895 1128.0114
v 1037.4037 405.3368 1125.5161
v 1035.6064 405.3368 1128.5194
v 1038.2664 405.3842 1126.0347
v 1036.4577 405.3842 1129.0312
v 1039.1266 405.4316 1126.5561
v 1037.3079 405.4316 1129.5464
v 1039.9849 405.4790 1127.0799
v 1038.1567 405.4790 1130.0645
v 1040.8415 405.5265 1127.6065
v 1039.0039 405.5265 1130.5853
v 1041.6961 405.5741 1128.1356
v 1039.8497 405.5741 1131.1090
v 1042.5489 405.6217 1128.6668
v 1040.6945 405.6217 1131.6351
v 1043.4004 405.6693 1129.2003
v 1041.5378 405.6693 1132.1636
v 1044.2504 405.7171 1129.7363
v 1042.3795 405.7171 1132.6943
v 1045.0987 405.7649 1130.2745
v 1043.2200 405.7649 1133.2275
v 1045.9460 405.8128 1130.8151
v 1044.0587 405.8128 1133.7627
v 1046.7920 405.8608 1131.3587
v 1044.8953 405.8608 1134.3001
v 1047.6363 405.9088 1131.9051
v 1045.7300 405.9088 1134.8403
v 1048.4789 405.9570 1132.4543
v 1046.5629 405.9570 1135.3832
v 1049.3196 406.0051 1133.0063
v 1047.3939 406.0051 1135.9289
v 1050.1583 406.0534 1133.5608
v 1048.2236 406.0534 1136.4774
v 1050.9950 406.1017 1134.1176
v 1049.0518 406.1017 1137.0286
v 1051.8296 406.1501 1134.6764
v 1049.8791 406.1501 1137.5825
v 1052.6623 406.1986 1135.2367
v 1050.7057 406.1986 1138.1387
v 1053.4935 406.2471 1135.7982
v 1051.5318 406.2471 1138.6968
v 1054.3232 406.2957 1136.3607
v 1052.3575 406.2957 1139.2566
v 1055.1516 406.3444 1136.9237
v 1053.1833 406.3444 1139.8177
v 1055.9792 406.3931 1137.4870
v 1054.0090 406.3931 1140.3798
v 1056.8061 406.4418 1138.0506
v 1054.8347 406.4418 1140.9426
v 1057.6322 406.4906 1138.6138
v 1055.6611 406.4906 1141.5060
v 1058.4580 406.5395 1139.1764
v 1056.4881 406.5395 1142.0694
v 1059.2839 406.5884 1139.7385
v 1057.3157 406.5884 1142.6327
v 1060.1097 406.6373 1140.2996
v 1058.1441 406.6373 1143.1956
v 1060.9358 406.6863 1140.8597
v 1058.9734 406.6863 1143.7578
v 1061.7622 406.7354 1141.4186
v 1059.8037 406.7354 1144.3194
v 1062.5891 406.7845 1141.9760
v 1060.6352 406.7845 1144.8798
v 1063.4169 406.8337 1142.5321
v 1061.4676 406.8337 1145.4390
v 1064.2455 406.8829 1143.0867
v 1062.3011 406.8829 1145.9969
v 1065.0748 406.9322 1143.6397
v 1063.1357 406.9322 1146.5535
v 1065.9051 406.9814 1144.1911
v 1063.9714 406.9814 1147.1085
v 1066.7366 407.0307 1144.7412
v 1064.8080 407.0307 1147.6619
v 1067.5693 407.0801 1145.2900
v 1065.6452 407.0801 1148.2137
v 1068.4031 407.1295 1145.8379
v 1066.4828 407.1295 1148.7641
v 1069.2378 407.1789 1146.3849
v 1067.3209 407.1789 1149.3133
v 1070.0733 407.2284 1146.9312
v 1068.1593 407.2284 1149.8615
v 1070.9098 407.2779 1147.4771
v 1068.9977 407.2779 1150.4086
v 1071.7468 407.3274 1148.0227
v 1069.8362 407.3274 1150.9552
v 1072.5844 407.3770 1148.5681
v 1070.6746 407.3770 1151.5012
v 1073.4223 407.4266 1149.1137
v 1071.5127 407.4266 1152.0469
v 1074.2603 407.4763 1149.6592
v 1072.3508 407.4763 1152.5925
v 1075.0985 407.5259 1150.2048
v 1073.1889 407.5259 1153.1380
v 1075.9367 407.5757 1150.7506
v 1074.0267 407.5757 1153.6835
v 1076.7747 407.6254 1151.2964
v 1074.8645 407.6254 1154.2292
v 1077.6127 407.6752 1151.8423
v 1075.7023 407.6752 1154.7749
v 1078.4505 407.7251 1152.3881
v 1076.5403 407.7251 1155.3209
v 1079.2880 407.7749 1152.9335
v 1077.3787 407.7749 1155.8669
v 1080.1257 407.8248 1153.4785
v 1078.2175 407.8248 1156.4125
v 1080.9635 407.8747 1154.0232
v 1079.0564 407.8747 1156.9580
v 1081.8016 407.9247 1154.5675
v 1079.8956 407.9247 1157.5030
v 1082.6401 407.9747 1155.1118
v 1080.7347 407.9747 1158.0477
v 1083.4790 408.0247 1155.6561
v 1081.5735 408.0247 1158.5920
v 1084.3182 408.0748 1156.2009
v 1082.4119 408.0748 1159.1362
v 1085.1579 408.1250 1156.7466
v 1083.2492 408.1250 1159.6803
v 1085.9975 408.1751 1157.2934
v 1084.0855 408.1751 1160.2250
v 1086.8367 408.2253 1157.8415
v 1084.9208 408.2253 1160.7706
v 1087.6754 408.2755 1158.3909
v 1085.7551 408.2755 1161.3171
v 1088.5134 408.3258 1158.9419
v 1086.5882 408.3258 1161.8648
v 1089.3508 408.3761 1159.4945
v 1087.4201 408.3761 1162.4138
v 1090.1871 408.4265 1160.0488
v 1088.2508 408.4265 1162.9644
v 1091.0222 408.4769 1160.6045
v 1089.0808 408.4769 1163.5167
v 1091.8562 408.5273 1161.1615
v 1089.9099 408.5273 1164.0704
v 1092.6892 408.5778 1161.7199
v 1090.7382 408.5778 1164.6257
v 1093.5209 408.6282 1162.2792
v 1091.5661 408.6282 1165.1824
v 1094.3515 408.6787 1162.8391
v 1092.3939 408.6787 1165.7404
v 1095.1812 408.7293 1163.3994
v 1093.2217 408.7293 1166.2994
v 1096.0103 408.7800 1163.9599
v 1094.0494 408.7800 1166.8591
v 1096.8390 408.8306 1164.5206
v 1094.8772 408.8306 1167.4192
v 1097.6674 408.8813 1165.0815
v 1095.7049 408.8813 1167.9795
v 1098.4961 408.9320 1165.6428
v 1096.5321 408.9320 1168.5399
v 1099.3246 408.9827 1166.2049
v 1097.3587 408.9827 1169.1006
v 1100.1528 409.0335 1166.7675
v 1098.1848 409.0335 1169.6618
v 1100.9807 409.0843 1167.3310
v 1099.0103 409.0843 1170.2237
v 1101.8080 409.1351 1167.8950
v 1099.8356 409.1351 1170.7862
v 1102.6348 409.1859 1168.4594
v 1100.6606 409.1859 1171.3495
v 1103.4608 409.2367 1169.0239
v 1101.4858 409.2367 1171.9135
v 1104.2861 409.2876 1169.5881
v 1102.3116 409.2876 1172.4779
v 1105.1113 409.3385 1170.1517
v 1103.1379 409.3385 1173.0423
v 1105.9365 409.3894 1170.7148
v 1103.9647 409.3894 1173.6065
v 1106.7617 409.4403 1171.2772
v 1104.7922 409.4403 1174.1704
v 1107.5871 409.4913 1171.8384
v 1105.6207 409.4913 1174.7338
v 1108.4126 409.5423 1172.3984
v 1106.4503 409.5423 1175.2965
v 1109.2387 409.5933 1172.9567
v 1107.2812 409.5933 1175.8582
v 1110.0654 409.6444 1173.5134
v 1108.1134 409.6444 1176.4185
v 1110.8928 409.6954 1174.0681
v 1108.9472 409.6954 1176.9776
v 1111.7208 409.7466 1174.6204
v 1109.7830 409.7466 1177.5350
v 1112.5499 409.7976 1175.1699
v 1110.6211 409.7976 1178.0904
v 1113.3803 409.8487 1175.7164
v 1111.4613 409.8487 1178.6434
v 1114.2122 409.8999 1176.2597
v 1112.3039 409.8999 1179.1937
v 1115.0458 409.9510 1176.7996
v 1113.1488 409.9510 1179.7410
v 1115.8812 410.0022 1177.3360
v 1113.9963 410.0022 1180.2851
v 1116.7186 410.0533 1177.8688
v 1114.8463 410.0533 1180.8259
v 1117.5580 410.1045 1178.3977
v 1115.6989 410.1045 1181.3631
v 1118.3997 410.1557 1178.9227
v 1116.5541 410.1557 1181.8966
v 1119.2435 410.2069 1179.4436
v 1117.4120 410.2069 1182.4263
v 1120.0896 410.2582 1179.9603
v 1118.2727 410.2582 1182.9520
v 1120.9377 410.3094 1180.4723
v 1119.1364 410.3094 1183.4738
v 1121.7878 410.3607 1180.9791
v 1120.0040 410.3607 1183.9914
v 1122.6403 410.4120 1181.4801
v 1120.8754 410.4120 1184.5041
v 1123.4953 410.4633 1181.9749
v 1121.7508 410.4633 1185.0116
v 1124.3526 410.5146 1182.4628
v 1122.6311 410.5146 1185.5136
v 1125.2130 410.5659 1182.9429
v 1123.5164 410.5659 1186.0091
v 1126.0768 410.6173 1183.4152
v 1124.4063 410.6173 1186.4975
v 1126.9443 410.6686 1183.8791
v 1125.3011 410.6686 1186.9785
v 1127.8160 410.7200 1184.3346
v 1126.2005 410.7200 1187.4514
v 1128.6918 410.7714 1184.7816
v 1127.1042 410.7714 1187.9162
v 1129.5720 410.8227 1185.2201
v 1128.0121 410.8227 1188.3728
v 1130.4571 410.8742 1185.6505
v 1128.9234 410.8742 1188.8209
v 1131.3467 410.9256 1186.0735
v 1129.8377 410.9256 1189.2610
v 1132.2405 410.9770 1186.4891
v 1130.7548 410.9770 1189.6936
v 1133.1382 411.0285 1186.8978
v 1131.6745 411.0285 1190.1190
v 1134.0391 411.0800 1187.2995
v 1132.5975 411.0800 1190.5376
v 1134.9429 411.1315 1187.6941
v 1133.5237 411.1315 1190.9494
v 1135.8495 411.1830 1188.0815
v 1134.4533 411.1830 1191.3541
v 1136.7585 411.2345 1188.4612
v 1135.3867 411.2345 1191.7517
v 1137.6698 411.2861 1188.8329
v 1136.3243 411.2861 1192.1416
v 1138.5834 411.3377 1189.1960
v 1137.2664 411.3377 1192.5234
v 1139.4995 411.3893 1189.5501
v 1138.2131 411.3893 1192.8963
v 1140.4182 411.4409 1189.8947
v 1139.1644 411.4409 1193.2597
v 1141.3395 411.4925 1190.2295
v 1140.1204 411.4925 1193.6131
v 1142.2628 411.5442 1190.5538
v 1141.0820 411.5442 1193.9562
v 1143.1885 411.5958 1190.8663
v 1142.0491 411.5958 1194.2874
v 1144.1172 411.6475 1191.1672
v 1143.0211 411.6475 1194.6062
v 1145.0483 411.6992 1191.4556
v 1143.9988 411.6992 1194.9123
v 1145.9824 411.7509 1191.7307
v 1144.9817 411.7509 1195.2043
v 1146.9201 411.8027 1191.9927
v 1145.9690 411.8027 1195.4819
v 1147.8609 411.8544 1192.2413
v 1146.9606 411.8544 1195.7451
v 1148.8057 411.9061 1192.4765
v 1147.9557 411.9061 1195.9932
v 1149.7538 411.9579 1192.6988
v 1148.9540 411.9579 1196.2268
v 1150.7048 412.0097 1192.9078
v 1149.9559 412.0097 1196.4459
v 1151.6595 412.0615 1193.1036
v 1150.9599 412.0615 1196.6500
v 1152.6177 412.1133 1193.2872
v 1151.9657 412.1133 1196.8403
v 1153.5792 412.1651 1193.4586
v 1152.9729 412.1651 1197.0167
v 1154.5443 412.2169 1193.6187
v 1153.9809 412.2169 1197.1803
v 1155.5124 412.2687 1193.7683
v 1154.9894 412.2687 1197.3318
v 1156.4834 412.3205 1193.9078
v 1155.9983 412.3205 1197.4720
v 1157.4573 412.3723 1194.0379
v 1157.0071 412.3723 1197.6016
v 1158.4333 412.4242 1194.1593
v 1158.0161 412.4242 1197.7216
v 1159.4110 412.4760 1194.2723
v 1159.0256 412.4760 1197.8325
v 1160.3899 412.5278 1194.3769
v 1160.0356 412.5278 1197.9345
v 1161.3698 412.5797 1194.4732
v 1161.0465 412.5797 1198.0279
v 1162.3502 412.6316 1194.5611
v 1162.0583 412.6316 1198.1126
v 1163.3312 412.6834 1194.6402
v 1163.0709 412.6834 1198.1885
v 1164.3126 412.7353 1194.7106
v 1164.0845 412.7353 1198.2556
v 1165.2942 412.7873 1194.7719
v 1165.0990 412.7873 1198.3137
v 1166.2759 412.8392 1194.8239
v 1166.1143 412.8392 1198.3625
v 1167.2576 412.8911 1194.8663
v 1167.1305 412.8911 1198.4018
v 1168.2392 412.9430 1194.8987
v 1168.1475 412.9430 1198.4313
v 1169.2213 412.9949 1194.9210
v 1169.1646 412.9949 1198.4508
v 1170.2037 413.0469 1194.9335
v 1170.1816 413.0469 1198.4607
v 1171.1867 413.0988 1194.9362
v 1171.1983 413.0988 1198.4607
v 1172.1703 413.1508 1194.9295
v 1172.2142 413.1508 1198.4515
v 1173.1543 413.2027 1194.9137
v 1173.2296 413.2027 1198.4333
v 1174.1382 413.2547 1194.8892
v 1174.2448 413.2547 1198.4062
v 1175.1218 413.3067 1194.8557
v 1175.2597 413.3067 1198.3701
v 1176.1053 413.3587 1194.8135
v 1176.2739 413.3587 1198.3251
v 1177.0887 413.4108 1194.7627
v 1177.2874 413.4108 1198.2713
v 1178.0718 413.4628 1194.7035
v 1178.3003 413.4628 1198.2090
v 1179.0541 413.5149 1194.6359
v 1179.3128 413.5149 1198.1379
v 1180.0360 413.5670 1194.5598
v 1180.3245 413.5670 1198.0581
v 1181.0178 413.6190 1194.4753
v 1181.3350 413.6190 1197.9698
v 1181.9993 413.6711 1194.3829
v 1182.3444 413.6711 1197.8734
v 1182.9803 413.7232 1194.2826
v 1183.3525 413.7232 1197.7690
v 1183.9607 413.7753 1194.1746
v 1184.3598 413.7753 1197.6572
v 1184.9402 413.8274 1194.0587
v 1185.3661 413.8274 1197.5376
v 1185.9190 413.8795 1193.9350
v 1186.3713 413.8795 1197.4107
v 1186.8969 413.9317 1193.8037
v 1187.3755 413.9317 1197.2764
v 1187.8740 413.9838 1193.6647
v 1188.3783 413.9838 1197.1349
v 1188.8504 414.0360 1193.5183
v 1189.3799 414.0360 1196.9866
v 1189.8256 414.0881 1193.3646
v 1190.3805 414.0881 1196.8313
v 1190.7997 414.1403 1193.2036
v 1191.3799 414.1403 1196.6692
v 1191.7724 414.1925 1193.0353
v 1192.3783 414.1925 1196.5003
v 1192.7432 414.2448 1192.8598
v 1193.3762 414.2448 1196.3242
v 1193.7121 414.2970 1192.6764
v 1194.3730 414.2970 1196.1404
v 1194.6793 414.3493 1192.4854
v 1195.3686 414.3493 1195.9490
v 1195.6445 414.4016 1192.2865
v 1196.3631 414.4016 1195.7497
v 1196.6072 414.4538 1192.0796
v 1197.3567 414.4538 1195.5423
v 1197.5675 414.5061 1191.8641
v 1198.3489 414.5061 1195.3261
v 1198.5255 414.5584 1191.6401
v 1199.3395 414.5584 1195.1011
v 1199.4813 414.6107 1191.4073
v 1200.3281 414.6107 1194.8672
v 1200.4345 414.6630 1191.1660
v 1201.3150 414.6630 1194.6244
v 1201.3844 414.7154 1190.9158
v 1202.3006 414.7154 1194.3720
v 1202.3311 414.7677 1190.6563
v 1203.2842 414.7677 1194.1095
v 1203.2744 414.8201 1190.3871
v 1204.2656 414.8201 1193.8367
v 1204.2135 414.8725 1190.1083
v 1205.2452 414.8725 1193.5531
v 1205.1483 414.9249 1189.8189
v 1206.2224 414.9249 1193.2576
v 1206.0785 414.9773 1189.5189
v 1207.1970 414.9773 1192.9503
v 1207.0042 415.0297 1189.2073
v 1208.1682 415.0297 1192.6302
v 1207.9258 415.0822 1188.8843
v 1209.1353 415.0822 1192.2975
v 1208.8427 415.1347 1188.5500
v 1210.0985 415.1347 1191.9520
v 1209.7546 415.1871 1188.2039
v 1211.0575 415.1871 1191.5932
v 1210.6619 415.2396 1187.8459
v 1212.0115 415.2396 1191.2214
v 1211.5643 415.2922 1187.4762
v 1212.9605 415.2922 1190.8365
v 1212.4619 415.3446 1187.0945
v 1213.9039 415.3446 1190.4386
v 1213.3547 415.3972 1186.7014
v 1214.8417 415.3972 1190.0281
v 1214.2417 415.4497 1186.2968
v 1215.7743 415.4497 1189.6047
v 1215.1232 415.5023 1185.8804
v 1216.7011 415.5023 1189.1682
v 1215.9995 415.5549 1185.4523
v 1217.6214 415.5549 1188.7193
v 1216.8704 415.6076 1185.0126
v 1218.5353 415.6076 1188.2581
v 1217.7358 415.6602 1184.5616
v 1219.4427 415.6602 1187.7849
v 1218.5956 415.7129 1184.0996
v 1220.3436 415.7129 1187.3000
v 1219.4494 415.7656 1183.6267
v 1221.2383 415.7656 1186.8032
v 1220.2976 415.8183 1183.1426
v 1222.1258 415.8183 1186.2949
v 1221.1407 415.8710 1182.6476
v 1223.0060 415.8710 1185.7762
v 1221.9785 415.9238 1182.1425
v 1223.8794 415.9238 1185.2472
v 1222.8110 415.9766 1181.6275
v 1224.7460 415.9766 1184.7083
v 1223.6382 416.0294 1181.1029
v 1225.6061 416.0294 1184.1599
v 1224.4595 416.0822 1180.5693
v 1226.4600 416.0822 1183.6019
v 1225.2751 416.1351 1180.0264
v 1227.3073 416.1351 1183.0344
v 1226.0844 416.1880 1179.4750
v 1228.1487 416.1880 1182.4575
v 1226.8865 416.2409 1178.9148
v 1228.9840 416.2409 1181.8703
v 1227.6820 416.2939 1178.3449
v 1229.8121 416.2939 1181.2733
v 1228.4709 416.3468 1177.7661
v 1230.6333 416.3468 1180.6668
v 1229.2521 416.3998 1177.1782
v 1231.4478 416.3998 1180.0500
v 1230.0261 416.4528 1176.5808
v 1232.2547 416.4528 1179.4233
v 1230.7929 416.5059 1175.9740
v 1233.0539 416.5059 1178.7870
v 1231.5527 416.5589 1175.3576
v 1233.8449 416.5589 1178.1414
v 1232.3057 416.6120 1174.7320
v 1234.6280 416.6120 1177.4872
v 1233.0513 416.6652 1174.0981
v 1235.4039 416.6652 1176.8238
v 1233.7889 416.7183 1173.4553
v 1236.1720 416.7183 1176.1511
v 1234.5196 416.7714 1172.8035
v 1236.9315 416.7714 1175.4699
v 1235.2434 416.8246 1172.1431
v 1237.6830 416.8246 1174.7808
v 1235.9603 416.8778 1171.4744
v 1238.4266 416.8778 1174.0838
v 1236.6703 416.9311 1170.7978
v 1239.1624 416.9311 1173.3791
v 1237.3733 416.9844 1170.1136
v 1239.8906 416.9844 1172.6670
v 1238.0693 417.0377 1169.4220
v 1240.6112 417.0377 1171.9474
v 1238.7585 417.0910 1168.7228
v 1241.3239 417.0910 1171.2208
v 1239.4412 417.1443 1168.0166
v 1242.0292 417.1443 1170.4877
v 1240.1169 417.1977 1167.3036
v 1242.7273 417.1977 1169.7476
v 1240.7855 417.2511 1166.5842
v 1243.4182 417.2511 1169.0007
v 1241.4468 417.3045 1165.8582
v 1244.1017 417.3045 1168.2468
v 1242.1008 417.3579 1165.1257
v 1244.7777 417.3579 1167.4862
v 1242.7475 417.4114 1164.3866
v 1245.4460 417.4114 1166.7189
v 1243.3868 417.4648 1163.6411
v 1246.1067 417.4648 1165.9451
v 1244.0185 417.5183 1162.8896
v 1246.7598 417.5183 1165.1645
v 1244.6423 417.5718 1162.1318
v 1247.4050 417.5718 1164.3771
v 1245.2586 417.6254 1161.3674
v 1248.0420 417.6254 1163.5834
v 1245.8673 417.6789 1160.5969
v 1248.6709 417.6789 1162.7834
v 1246.4683 417.7325 1159.8203
v 1249.2917 417.7325 1161.9770
v 1247.0618 417.7861 1159.0375
v 1249.9041 417.7861 1161.1648
v 1247.6476 417.8397 1158.2491
v 1250.5086 417.8397 1160.3465
v 1248.2254 417.8933 1157.4547
v 1251.1048 417.8933 1159.5222
v 1248.7957 417.9469 1156.6546
v 1251.6930 417.9469 1158.6925
v 1249.3577 418.0006 1155.8493
v 1252.2733 418.0006 1157.8565
v 1249.9113 418.0542 1155.0386
v 1252.8452 418.0542 1157.0145
v 1250.4566 418.1079 1154.2221
v 1253.4083 418.1079 1156.1668
v 1250.9939 418.1615 1153.3998
v 1253.9627 418.1615 1155.3139
v 1251.5234 418.2152 1152.5719
v 1254.5085 418.2152 1154.4559
v 1252.0450 418.2688 1151.7388
v 1255.0460 418.2688 1153.5930
v 1252.5589 418.3225 1150.9005
v 1255.5751 418.3225 1152.7251
v 1253.0652 418.3762 1150.0569
v 1256.0959 418.3762 1151.8529
v 1253.5645 418.4299 1149.2082
v 1256.6084 418.4299 1150.9768
v 1254.0569 418.4836 1148.3549
v 1257.1134 418.4836 1150.0970
v 1254.5423 418.5373 1147.4973
v 1257.6110 418.5373 1149.2131
v 1255.0208 418.5910 1146.6354
v 1258.1013 418.5910 1148.3256
v 1255.4928 418.6446 1145.7695
v 1258.5844 418.6446 1147.4346
v 1255.9582 418.6983 1144.8995
v 1259.0605 418.6983 1146.5404
v 1256.4176 418.7520 1144.0253
v 1259.5296 418.7520 1145.6434
v 1256.8713 418.8057 1143.1474
v 1259.9925 418.8057 1144.7439
v 1257.3192 418.8593 1142.2664
v 1260.4494 418.8593 1143.8415
v 1257.7613 418.9130 1141.3822
v 1260.9004 418.9130 1142.9364
v 1258.1977 418.9666 1140.4948
v 1261.3455 418.9666 1142.0287
v 1258.6288 419.0203 1139.6040
v 1261.7849 419.0203 1141.1190
v 1259.0551 419.0739 1138.7101
v 1262.2189 419.0739 1140.2075
v 1259.4768 419.1276 1137.8134
v 1262.6480 419.1276 1139.2944
v 1259.8940 419.1812 1136.9140
v 1263.0724 419.1812 1138.3796
v 1260.3076 419.2349 1136.0117
v 1263.4921 419.2349 1137.4638
v 1260.7182 419.2885 1135.1067
v 1263.9078 419.2885 1136.5476
v 1261.1262 419.3421 1134.1995
v 1264.3201 419.3421 1135.6308
v 1261.5323 419.3957 1133.2902
v 1264.7296 419.3957 1134.7140
v 1261.9368 419.4493 1132.3791
v 1265.1367 419.4493 1133.7971
v 1262.3403 419.5029 1131.4668
v 1265.5421 419.5029 1132.8804
v 1262.7429 419.5565 1130.5533
v 1265.9461 419.5565 1131.9638
v 1263.1451 419.6101 1129.6392
v 1266.3493 419.6101 1131.0472
v 1263.5466 419.6637 1128.7244
v 1266.7517 419.6637 1130.1306
v 1263.9480 419.7172 1127.8090
v 1267.1535 419.7172 1129.2144
v 1264.3493 419.7708 1126.8935
v 1267.5551 419.7708 1128.2982
v 1264.7504 419.8244 1125.9780
v 1267.9566 419.8244 1127.3817
v 1265.1509 419.8779 1125.0625
v 1268.3577 419.8779 1126.4649
v 1265.5513 419.9314 1124.1466
v 1268.7584 419.9314 1125.5483
v 1265.9517 419.9849 1123.2303
v 1269.1589 419.9849 1124.6319
v 1266.3522 420.0384 1122.3140
v 1269.5593 420.0384 1123.7156
v 1266.7526 420.0919 1121.3976
v 1269.9597 420.0919 1122.7993
v 1267.1530 420.1454 1120.4810
v 1270.3604 420.1454 1121.8834
v 1267.5534 420.1989 1119.5636
v 1270.7614 420.1989 1120.9684
v 1267.9546 420.2523 1118.6452
v 1271.1633 420.2523 1120.0550
v 1268.3571 420.3057 1117.7265
v 1271.5667 420.3057 1119.1434
v 1268.7614 420.3591 1116.8074
v 1271.9719 420.3591 1118.2336
v 1269.1683 420.4124 1115.8881
v 1272.3794 420.4124 1117.3263
v 1269.5784 420.4658 1114.9687
v 1272.7899 420.4658 1116.4219
v 1269.9926 420.5191 1114.0496
v 1273.2040 420.5191 1115.5207
v 1270.4117 420.5725 1113.1311
v 1273.6224 420.5725 1114.6231
v 1270.8363 420.6257 1112.2138
v 1274.0459 420.6257 1113.7293
v 1271.2669 420.6790 1111.2980
v 1274.4749 420.6790 1112.8394
v 1271.7044 420.7323 1110.3840
v 1274.9099 420.7323 1111.9541
v 1272.1496 420.7855 1109.4720
v 1275.3516 420.7855 1111.0737
v 1272.6031 420.8388 1108.5623
v 1275.8003 420.8388 1110.1990
v 1273.0662 420.8919 1107.6557
v 1276.2572 420.8919 1109.3303
v 1273.5390 420.9451 1106.7529
v 1276.7228 420.9451 1108.4673
v 1274.0222 420.9982 1105.8540
v 1277.1972 420.9982 1107.6110
v 1274.5168 421.0513 1104.9595
v 1277.6810 421.0513 1106.7619
v 1275.0233 421.1044 1104.0704
v 1278.1751 421.1044 1105.9202
v 1275.5422 421.1575 1103.1869
v 1278.6796 421.1575 1105.0862
v 1276.0737 421.2105 1102.3103
v 1279.1953 421.2105 1104.2599
v 1276.6177 421.2635 1101.4406
v 1279.7220 421.2635 1103.4414
v 1277.1752 421.3165 1100.5780
v 1280.2598 421.3165 1102.6317
v 1277.7462 421.3694 1099.7233
v 1280.8092 421.3694 1101.8308
v 1278.3313 421.4223 1098.8765
v 1281.3699 421.4223 1101.0395
v 1278.9318 421.4753 1098.0382
v 1281.9419 421.4753 1100.2591
v 1279.5482 421.5281 1097.2103
v 1282.5263 421.5281 1099.4891
v 1280.1797 421.5809 1096.3936
v 1283.1231 421.5809 1098.7293
v 1280.8268 421.6337 1095.5882
v 1283.7322 421.6337 1097.9803
v 1281.4893 421.6865 1094.7948
v 1284.3539 421.6865 1097.2423
v 1282.1672 421.7392 1094.0141
v 1284.9882 421.7392 1096.5155
v 1282.8595 421.7919 1093.2470
v 1285.6356 421.7919 1095.7994
v 1283.5654 421.8445 1092.4934
v 1286.2955 421.8445 1095.0936
v 1284.2850 421.8971 1091.7527
v 1286.9668 421.8971 1094.3991
v 1285.0189 421.9497 1091.0254
v 1287.6495 421.9497 1093.7166
v 1285.7662 422.0022 1090.3122
v 1288.3440 422.0022 1093.0457
v 1286.5259 422.0546 1089.6136
v 1289.0505 422.0546 1092.3859
v 1287.2974 422.1071 1088.9294
v 1289.7683 422.1071 1091.7371
v 1288.0804 422.1595 1088.2594
v 1290.4969 422.1595 1091.0993
v 1288.8738 422.2119 1087.6033
v 1291.2366 422.2119 1090.4726
v 1289.6764 422.2643 1086.9608
v 1291.9871 422.2643 1089.8564
v 1290.4878 422.3165 1086.3313
v 1292.7475 422.3165 1089.2509
v 1291.3077 422.3688 1085.7143
v 1293.5174 422.3688 1088.6559
v 1292.1356 422.4210 1085.1096
v 1294.2965 422.4210 1088.0712
v 1292.9708 422.4732 1084.5168
v 1295.0842 422.4732 1087.4967
v 1293.8133 422.5253 1083.9356
v 1295.8802 422.5253 1086.9322
v 1294.6626 422.5773 1083.3656
v 1296.6840 422.5773 1086.3776
v 1295.5175 422.6294 1082.8071
v 1297.4962 422.6294 1085.8324
v 1296.3767 422.6814 1082.2593
v 1298.3165 422.6814 1085.2951
v 1297.2400 422.7334 1081.7208
v 1299.1436 422.7334 1084.7655
v 1298.1074 422.7853 1081.1909
v 1299.9768 422.7853 1084.2434
v 1298.9779 422.8371 1080.6695
v 1300.8162 422.8371 1083.7281
v 1299.8507 422.8889 1080.1554
v 1301.6614 422.8889 1083.2186
v 1300.7252 422.9407 1079.6472
v 1302.5120 422.9407 1082.7152
v 1301.6014 422.9925 1079.1435
v 1303.3669 422.9925 1082.2177
v 1302.4793 423.0442 1078.6444
v 1304.2263 423.0442 1081.7261
v 1303.3574 423.0959 1078.1495
v 1305.0905 423.0959 1081.2392
v 1304.2351 423.1475 1077.6580
v 1305.9590 423.1475 1080.7557
v 1305.1119 423.1991 1077.1687
v 1306.8311 423.1991 1080.2749
v 1305.9873 423.2506 1076.6811
v 1307.7065 423.2506 1079.7957
v 1306.8598 423.3021 1076.1942
v 1308.5851 423.3021 1079.3164
v 1307.7286 423.3535 1075.7067
v 1309.4662 423.3535 1078.8354
v 1308.5929 423.4049 1075.2173
v 1310.3489 423.4049 1078.3513
v 1309.4517 423.4562 1074.7246
v 1311.2324 423.4562 1077.8623
v 1310.3048 423.5075 1074.2277
v 1312.1155 423.5075 1077.3668
v 1311.1511 423.5587 1073.7255
v 1312.9974 423.5587 1076.8631
v 1311.9896 423.6098 1073.2170
v 1313.8774 423.6098 1076.3494
v 1312.8188 423.6610 1072.7009
v 1314.7546 423.6610 1075.8237
v 1313.6377 423.7120 1072.1756
v 1315.6276 423.7120 1075.2841
v 1314.4459 423.7630 1071.6396
v 1316.4945 423.7630 1074.7295
v 1315.2433 423.8139 1071.0916
v 1317.3537 423.8139 1074.1593
v 1316.0293 423.8648 1070.5310
v 1318.2042 423.8648 1073.5727
v 1316.8033 423.9156 1069.9572
v 1319.0449 423.9156 1072.9691
v 1317.5650 423.9664 1069.3695
v 1319.8745 423.9664 1072.3480
v 1318.3148 424.0171 1068.7674
v 1320.6918 424.0171 1071.7100
v 1319.0524 424.0677 1068.1509
v 1321.4960 424.0677 1071.0552
v 1319.7772 424.1183 1067.5209
v 1322.2874 424.1183 1070.3835
v 1320.4881 424.1689 1066.8772
v 1323.0650 424.1689 1069.6942
v 1321.1858 424.2194 1066.2201
v 1323.8273 424.2194 1068.9872
v 1321.8704 424.2698 1065.5495
v 1324.5730 424.2698 1068.2628
v 1322.5423 424.3203 1064.8655
v 1325.3018 424.3203 1067.5218
v 1323.2011 424.3706 1064.1686
v 1326.0136 424.3706 1066.7647
v 1323.8471 424.4210 1063.4586
v 1326.7076 424.4210 1065.9923
v 1324.4807 424.4712 1062.7358
v 1327.3838 424.4712 1065.2059
v 1325.1017 424.5214 1062.0007
v 1328.0429 424.5214 1064.4063
v 1325.7095 424.5716 1061.2533
v 1328.6854 424.5716 1063.5947
v 1326.3042 424.6218 1060.4944
v 1329.3118 424.6218 1062.7715
v 1326.8853 424.6719 1059.7245
v 1329.9223 424.6719 1061.9368
v 1327.4527 424.7219 1058.9439
v 1330.5168 424.7219 1061.0912
v 1328.0064 424.7719 1058.1525
v 1331.0951 424.7719 1060.2355
v 1328.5473 424.8218 1057.3500
v 1331.6571 424.8218 1059.3712
v 1329.0763 424.8717 1056.5369
v 1332.2036 424.8717 1058.4994
v 1329.5939 424.9216 1055.7138
v 1332.7355 424.9216 1057.6211
v 1330.1011 424.9714 1054.8811
v 1333.2537 424.9714 1056.7375
v 1330.5991 425.0212 1054.0394
v 1333.7593 425.0212 1055.8499
v 1331.0894 425.0709 1053.1889
v 1334.2533 425.0709 1054.9599
v 1331.5736 425.1205 1052.3311
v 1334.7382 425.1205 1054.0684
v 1332.0523 425.1701 1051.4672
v 1335.2152 425.1701 1053.1757
v 1332.5268 425.2196 1050.5977
v 1335.6858 425.2196 1052.2828
v 1332.9986 425.2691 1049.7232
v 1336.1515 425.2691 1051.3906
v 1333.4686 425.3185 1048.8451
v 1336.6140 425.3185 1050.4995
v 1333.9376 425.3678 1047.9641
v 1337.0744 425.3678 1049.6096
v 1334.4067 425.4171 1047.0808
v 1337.5340 425.4171 1048.7216
v 1334.8763 425.4663 1046.1963
v 1337.9941 425.4663 1047.8353
v 1335.3466 425.5155 1045.3112
v 1338.4554 425.5155 1046.9507
v 1335.8177 425.5646 1044.4261
v 1338.9186 425.5646 1046.0674
v 1336.2892 425.6136 1043.5414
v 1339.3841 425.6136 1045.1852
v 1336.7609 425.6626 1042.6565
v 1339.8518 425.6626 1044.3044
v 1337.2332 425.7115 1041.7714
v 1340.3219 425.7115 1043.4255
v 1337.7068 425.7603 1040.8863
v 1340.7942 425.7603 1042.5484
v 1338.1827 425.8091 1040.0012
v 1341.2684 425.8091 1041.6736
v 1338.6620 425.8578 1039.1161
v 1341.7450 425.8578 1040.8020
v 1339.1454 425.9064 1038.2314
v 1342.2248 425.9064 1039.9341
v 1339.6339 425.9550 1037.3474
v 1342.7085 425.9550 1039.0705
v 1340.1285 426.0035 1036.4646
v 1343.1971 426.0035 1038.2118
v 1340.6298 426.0519 1035.5841
v 1343.6916 426.0519 1037.3582
v 1341.1381 426.1003 1034.7063
v 1344.1926 426.1003 1036.5097
v 1341.6540 426.1486 1033.8316
v 1344.7007 426.1486 1035.6667
v 1342.1778 426.1968 1032.9607
v 1345.2163 426.1968 1034.8294
v 1342.7098 426.2450 1032.0940
v 1345.7400 426.2450 1033.9979
v 1343.2499 426.2931 1031.2318
v 1346.2718 426.2931 1033.1721
v 1343.7984 426.3412 1030.3744
v 1346.8120 426.3412 1032.3523
v 1344.3553 426.3892 1029.5222
v 1347.3607 426.3892 1031.5384
v 1344.9207 426.4371 1028.6750
v 1347.9177 426.4371 1030.7307
v 1345.4950 426.4849 1027.8330
v 1348.4831 426.4849 1029.9298
v 1346.0785 426.5327 1026.9966
v 1349.0569 426.5327 1029.1357
v 1346.6719 426.5805 1026.1654
v 1349.6390 426.5805 1028.3494
v 1347.2759 426.6281 1025.3403
v 1350.2299 426.6281 1027.5715
v 1347.8910 426.6757 1024.5216
v 1350.8299 426.6757 1026.8025
v 1348.5180 426.7233 1023.7099
v 1351.4392 426.7233 1026.0432
v 1349.1578 426.7708 1022.9059
v 1352.0584 426.7708 1025.2944
v 1349.8112 426.8183 1022.1102
v 1352.6874 426.8183 1024.5567
v 1350.4794 426.8657 1021.3241
v 1353.3269 426.8657 1023.8311
v 1351.1623 426.9130 1020.5490
v 1353.9778 426.9130 1023.1177
v 1351.8603 426.9603 1019.7853
v 1354.6399 426.9603 1022.4172
v 1352.5748 427.0076 1019.0334
v 1355.3132 427.0076 1021.7312
v 1353.3061 427.0548 1018.2951
v 1355.9987 427.0548 1021.0604
v 1354.0540 427.1019 1017.5720
v 1356.6970 427.1019 1020.4049
v 1354.8176 427.1490 1016.8653
v 1357.4090 427.1490 1019.7643
v 1355.5962 427.1960 1016.1751
v 1358.1339 427.1960 1019.1388
v 1356.3906 427.2430 1015.5014
v 1358.8711 427.2430 1018.5293
v 1357.1999 427.2900 1014.8457
v 1359.6212 427.2900 1017.9359
v 1358.0231 427.3369 1014.2081
v 1360.3840 427.3369 1017.3581
v 1358.8595 427.3837 1013.5890
v 1361.1592 427.3837 1016.7960
v 1359.7092 427.4305 1012.9875
v 1361.9453 427.4305 1016.2501
v 1360.5731 427.4773 1012.4043
v 1362.7417 427.4773 1015.7216
v 1361.4502 427.5239 1011.8405
v 1363.5488 427.5239 1015.2107
v 1362.3397 427.5705 1011.2967
v 1364.3670 427.5705 1014.7173
v 1363.2411 427.6171 1010.7725
v 1365.1952 427.6171 1014.2414
v 1364.1543 427.6637 1010.2690
v 1366.0336 427.6637 1013.7838
v 1365.0786 427.7101 1009.7857
v 1366.8814 427.7101 1013.3443
v 1366.0135 427.7565 1009.3236
v 1367.7388 427.7565 1012.9234
v 1366.9579 427.8029 1008.8825
v 1368.6054 427.8029 1012.5206
v 1367.9119 427.8492 1008.4621
v 1369.4803 427.8492 1012.1365
v 1368.8757 427.8956 1008.0628
v 1370.3626 427.8956 1011.7716
v 1369.8489 427.9418 1007.6852
v 1371.2520 427.9418 1011.4266
v 1370.8307 427.9881 1007.3298
v 1372.1487 427.9881 1011.1016
v 1371.8207 428.0342 1006.9969
v 1373.0520 428.0342 1010.7968
v 1372.8184 428.0804 1006.6870
v 1373.9617 428.0804 1010.5128
v 1373.8231 428.1265 1006.4004
v 1374.8776 428.1265 1010.2494
v 1374.8339 428.1726 1006.1372
v 1375.7995 428.1726 1010.0069
v 1375.8508 428.2187 1005.8973
v 1376.7265 428.2187 1009.7852
v 1376.8732 428.2647 1005.6812
v 1377.6580 428.2647 1009.5850
v 1377.8995 428.3108 1005.4893
v 1378.5946 428.3108 1009.4058
v 1378.9295 428.3568 1005.3207
v 1379.5355 428.3568 1009.2473
v 1379.9625 428.4029 1005.1759
v 1380.4802 428.4029 1009.1097
v 1380.9980 428.4489 1005.0542
v 1381.4284 428.4489 1008.9925
v 1382.0357 428.4950 1004.9558
v 1382.3793 428.4950 1008.8958
v 1383.0742 428.5410 1004.8803
v 1383.3332 428.5410 1008.8192
v 1384.1127 428.5869 1004.8271
v 1384.2898 428.5869 1008.7621
v 1385.1520 428.6329 1004.7957
v 1385.2475 428.6329 1008.7243
v 1386.1909 428.6789 1004.7863
v 1386.2067 428.6789 1008.7058
v 1387.2291 428.7249 1004.7980
v 1387.1667 428.7249 1008.7059
v 1388.2667 428.7709 1004.8310
v 1388.1268 428.7709 1008.7249
v 1389.3031 428.8169 1004.8851
v 1389.0867 428.8169 1008.7624
v 1390.3377 428.8630 1004.9601
v 1390.0463 428.8630 1008.8184
v 1391.3698 428.9090 1005.0557
v 1391.0052 428.9090 1008.8928
v 1392.3994 428.9551 1005.1714
v 1391.9632 428.9551 1008.9852
v 1393.4260 429.0011 1005.3072
v 1392.9198 429.0011 1009.0955
v 1394.4491 429.0471 1005.4626
v 1393.8751 429.0471 1009.2234
v 1395.4682 429.0931 1005.6369
v 1394.8289 429.0931 1009.3688
v 1396.4828 429.1392 1005.8296
v 1395.7811 429.1392 1009.5313
v 1397.4926 429.1852 1006.0393
v 1396.7319 429.1852 1009.7109
v 1398.4978 429.2312 1006.2654
v 1397.6806 429.2312 1009.9066
v 1399.4976 429.2772 1006.5073
v 1398.6275 429.2772 1010.1183
v 1400.4926 429.3233 1006.7638
v 1399.5723 429.3233 1010.3447
v 1401.4827 429.3693 1007.0348
v 1400.5147 429.3693 1010.5859
v 1402.4668 429.4153 1007.3188
v 1401.4557 429.4153 1010.8412
v 1403.4453 429.4613 1007.6147
v 1402.3953 429.4613 1011.1092
v 1404.4186 429.5073 1007.9214
v 1403.3334 429.5073 1011.3892
v 1405.3869 429.5534 1008.2380
v 1404.2701 429.5534 1011.6803
v 1406.3508 429.5995 1008.5634
v 1405.2052 429.5995 1011.9813
v 1407.3099 429.6455 1008.8971
v 1406.1391 429.6455 1012.2922
v 1408.2644 429.6915 1009.2372
v 1407.0724 429.6915 1012.6114
v 1409.2155 429.7376 1009.5834
v 1408.0046 429.7376 1012.9381
v 1410.1636 429.7836 1009.9351
v 1408.9353 429.7836 1013.2715
v 1411.1090 429.8297 1010.2920
v 1409.8645 429.8297 1013.6114
v 1412.0512 429.8757 1010.6532
v 1410.7929 429.8757 1013.9574
v 1412.9908 429.9218 1011.0180
v 1411.7206 429.9218 1014.3088
v 1413.9287 429.9679 1011.3862
v 1412.6469 429.9679 1014.6647
v 1414.8649 430.0140 1011.7578
v 1413.5718 430.0140 1015.0253
v 1415.7992 430.0601 1012.1324
v 1414.4956 430.0601 1015.3903
v 1416.7316 430.1062 1012.5096
v 1415.4188 430.1062 1015.7595
v 1417.6624 430.1523 1012.8887
v 1416.3412 430.1523 1016.1322
v 1418.5924 430.1985 1013.2700
v 1417.2623 430.1985 1016.5081
v 1419.5211 430.2446 1013.6534
v 1418.1824 430.2446 1016.8873
v 1420.4484 430.2908 1014.0387
v 1419.1020 430.2908 1017.2694
v 1421.3748 430.3370 1014.4259
v 1420.0209 430.3370 1017.6535
v 1422.3003 430.3832 1014.8155
v 1420.9387 430.3832 1018.0398
v 1423.2249 430.4294 1015.2072
v 1421.8556 430.4294 1018.4283
v 1424.1484 430.4757 1015.6011
v 1422.7718 430.4757 1018.8190
v 1425.0711 430.5219 1015.9971
v 1423.6870 430.5219 1019.2117
v 1425.9929 430.5681 1016.3952
v 1424.6012 430.5681 1019.6067
v 1426.9136 430.6144 1016.7955
v 1425.5147 430.6144 1020.0038
v 1427.8330 430.6608 1017.1976
v 1426.4277 430.6608 1020.4030
v 1428.7512 430.7071 1017.6011
v 1427.3404 430.7071 1020.8042
v 1429.6685 430.7535 1018.0061
v 1428.2527 430.7535 1021.2069
v 1430.5848 430.7999 1018.4122
v 1429.1649 430.7999 1021.6112
v 1431.5000 430.8464 1018.8190
v 1430.0773 430.8464 1022.0168
v 1432.4141 430.8928 1019.2260
v 1430.9902 430.8928 1022.4233
v 1433.3275 430.9393 1019.6327
v 1431.9037 430.9393 1022.8304
v 1434.2402 430.9858 1020.0383
v 1432.8183 430.9858 1023.2381
v 1435.1522 431.0324 1020.4420
v 1433.7344 431.0324 1023.6454
v 1436.0638 431.0790 1020.8433
v 1434.6524 431.0790 1024.0520
v 1436.9751 431.1256 1021.2411
v 1435.5728 431.1256 1024.4568
v 1437.8866 431.1723 1021.6350
v 1436.4959 431.1723 1024.8591
v 1438.7988 431.2190 1022.0241
v 1437.4218 431.2190 1025.2580
v 1439.7119 431.2658 1022.4082
v 1438.3507 431.2658 1025.6529
v 1440.6259 431.3126 1022.7863
v 1439.2831 431.3126 1026.0432
v 1441.5411 431.3595 1023.1578
v 1440.2191 431.3595 1026.4279
v 1442.4583 431.4065 1023.5222
v 1441.1587 431.4065 1026.8063
v 1443.3770 431.4534 1023.8792
v 1442.1022 431.4534 1027.1782
v 1444.2971 431.5005 1024.2274
v 1443.0504 431.5005 1027.5426
v 1445.2191 431.5475 1024.5663
v 1444.0033 431.5475 1027.8987
v 1446.1436 431.5947 1024.8954
v 1444.9607 431.5947 1028.2454
v 1447.0711 431.6419 1025.2142
v 1445.9221 431.6419 1028.5822
v 1448.0018 431.6892 1025.5230
v 1446.8872 431.6892 1028.9090
v 1448.9352 431.7365 1025.8212
v 1447.8564 431.7365 1029.2255
v 1449.8717 431.7839 1026.1087
v 1448.8293 431.7839 1029.5313
v 1450.8115 431.8314 1026.3855
v 1449.8055 431.8314 1029.8263
v 1451.7545 431.8789 1026.6516
v 1450.7848 431.8789 1030.1105
v 1452.7003 431.9264 1026.9071
v 1451.7672 431.9264 1030.3841
v 1453.6486 431.9741 1027.1518
v 1452.7529 431.9741 1030.6468
v 1454.5991 432.0218 1027.3854
v 1453.7420 432.0218 1030.8986
v 1455.5516 432.0696 1027.6074
v 1454.7348 432.0696 1031.1390
v 1456.5063 432.1175 1027.8178
v 1455.7307 432.1175 1031.3673
v 1457.4637 432.1654 1028.0169
v 1456.7291 432.1654 1031.5832
v 1458.4234 432.2134 1028.2047
v 1457.7301 432.2134 1031.7870
v 1459.3849 432.2615 1028.3811
v 1458.7337 432.2615 1031.9787
v 1460.3480 432.3096 1028.5458
v 1459.7402 432.3096 1032.1582
v 1461.3128 432.3579 1028.6984
v 1460.7491 432.3579 1032.3249
v 1462.2793 432.4061 1028.8390
v 1461.7601 432.4061 1032.4791
v 1463.2468 432.4545 1028.9674
v 1462.7736 432.4545 1032.6205
v 1464.2150 432.5030 1029.0830
v 1463.7898 432.5030 1032.7488
v 1465.1832 432.5515 1029.1852
v 1464.8089 432.5515 1032.8633
v 1466.1515 432.6001 1029.2732
v 1465.8308 432.6001 1032.9633
v 1467.1205 432.6488 1029.3467
v 1466.8546 432.6488 1033.0480
v 1468.0905 432.6976 1029.4056
v 1467.8796 432.6976 1033.1174
v 1469.0606 432.7465 1029.4499
v 1468.9060 432.7465 1033.1715
v 1470.0313 432.7954 1029.4792
v 1469.9332 432.7954 1033.2097
v 1471.0030 432.8444 1029.4941
v 1470.9602 432.8444 1033.2325
v 1471.9748 432.8935 1029.4946
v 1471.9875 432.8935 1033.2400
v 1472.9465 432.9427 1029.4808
v 1473.0148 432.9427 1033.2322
v 1473.9179 432.9920 1029.4528
v 1474.0419 432.9920 1033.2091
v 1474.8882 433.0413 1029.4106
v 1475.0689 433.0413 1033.1705
v 1475.8580 433.0907 1029.3538
v 1476.0951 433.0907 1033.1162
v 1476.8262 433.1403 1029.2830
v 1477.1210 433.1403 1033.0466
v 1477.7916 433.1899 1029.1973
v 1478.1471 433.1899 1032.9605
v 1478.7544 433.2395 1029.0962
v 1479.1728 433.2395 1032.8574
v 1479.7146 433.2892 1028.9793
v 1480.1972 433.2892 1032.7366
v 1480.6721 433.3391 1028.8463
v 1481.2199 433.3391 1032.5980
v 1481.6265 433.3890 1028.6971
v 1482.2406 433.3890 1032.4413
v 1482.5774 433.4391 1028.5313
v 1483.2589 433.4391 1032.2661
v 1483.5251 433.4892 1028.3488
v 1484.2740 433.4892 1032.0722
v 1484.4693 433.5394 1028.1496
v 1485.2857 433.5394 1031.8597
v 1485.4102 433.5897 1027.9335
v 1486.2927 433.5897 1031.6285
v 1486.3481 433.6401 1027.7012
v 1487.2948 433.6401 1031.3795
v 1487.2816 433.6905 1027.4530
v 1488.2924 433.6905 1031.1126
v 1488.2107 433.7411 1027.1888
v 1489.2852 433.7411 1030.8277
v 1489.1353 433.7917 1026.9086
v 1490.2723 433.7917 1030.5250
v 1490.0551 433.8424 1026.6129
v 1491.2540 433.8424 1030.2047
v 1490.9701 433.8932 1026.3013
v 1492.2293 433.8932 1029.8667
v 1491.8805 433.9440 1025.9744
v 1493.1978 433.9440 1029.5121
v 1492.7855 433.9949 1025.6325
v 1494.1599 433.9949 1029.1406
v 1493.6857 434.0460 1025.2755
v 1495.1146 434.0460 1028.7528
v 1494.5807 434.0971 1024.9041
v 1496.0624 434.0971 1028.3495
v 1495.4695 434.1483 1024.5186
v 1497.0034 434.1483 1027.9304
v 1496.3527 434.1996 1024.1185
v 1497.9365 434.1996 1027.4958
v 1497.2307 434.2510 1023.7044
v 1498.8617 434.2510 1027.0471
v 1498.1023 434.3025 1023.2772
v 1499.7798 434.3025 1026.5840
v 1498.9674 434.3540 1022.8365
v 1500.6903 434.3540 1026.1064
v 1499.8265 434.4056 1022.3823
v 1501.5926 434.4056 1025.6153
v 1500.6803 434.4573 1021.9147
v 1502.4861 434.4573 1025.1114
v 1501.5294 434.5091 1021.4347
v 1503.3710 434.5091 1024.5964
v 1502.3734 434.5610 1020.9430
v 1504.2481 434.5610 1024.0707
v 1503.2125 434.6129 1020.4401
v 1505.1176 434.6129 1023.5352
v 1504.0474 434.6650 1019.9267
v 1505.9796 434.6650 1022.9909
v 1504.8779 434.7172 1019.4037
v 1506.8349 434.7172 1022.4386
v 1505.7038 434.7695 1018.8720
v 1507.6842 434.7695 1021.8783
v 1506.5250 434.8219 1018.3318
v 1508.5275 434.8219 1021.3105
v 1507.3415 434.8744 1017.7835
v 1509.3654 434.8744 1020.7355
v 1508.1527 434.9270 1017.2277
v 1510.1982 434.9270 1020.1530
v 1508.9585 434.9797 1016.6643
v 1511.0259 434.9797 1019.5630
v 1509.7591 435.0325 1016.0928
v 1511.8478 435.0325 1018.9658
v 1510.5551 435.0854 1015.5135
v 1512.6640 435.0854 1018.3620
v 1511.3464 435.1384 1014.9269
v 1513.4748 435.1384 1017.7520
v 1512.1327 435.1915 1014.3335
v 1514.2807 435.1915 1017.1355
v 1512.9138 435.2447 1013.7331
v 1515.0815 435.2447 1016.5126
v 1513.6904 435.2981 1013.1255
v 1515.8768 435.2981 1015.8840
v 1514.4628 435.3515 1012.5113
v 1516.6668 435.3515 1015.2501
v 1515.2310 435.4051 1011.8910
v 1517.4522 435.4051 1014.6111
v 1515.9945 435.4589 1011.2649
v 1518.2330 435.4589 1013.9667
v 1516.7538 435.5128 1010.6331
v 1519.0092 435.5128 1013.3174
v 1517.5088 435.5668 1009.9956
v 1519.7809 435.5668 1012.6631
v 1518.2594 435.6209 1009.3530
v 1520.5483 435.6209 1012.0040
v 1519.0054 435.6752 1008.7052
v 1521.3115 435.6752 1011.3397
v 1519.7470 435.7296 1008.0521
v 1522.0703 435.7296 1010.6705
v 1520.4842 435.7841 1007.3938
v 1522.8244 435.7841 1009.9965
v 1521.2170 435.8388 1006.7307
v 1523.5744 435.8388 1009.3178
v 1521.9448 435.8935 1006.0629
v 1524.3201 435.8935 1008.6336
v 1522.6681 435.9484 1005.3900
v 1525.0609 435.9484 1007.9442
v 1523.3871 436.0034 1004.7118
v 1525.7967 436.0034 1007.2502
v 1524.1018 436.0585 1004.0287
v 1526.5280 436.0585 1006.5518
v 1524.8115 436.1137 1003.3412
v 1527.2552 436.1137 1005.8486
v 1525.5157 436.1691 1002.6490
v 1527.9783 436.1691 1005.1401
v 1526.2147 436.2247 1001.9514
v 1528.6963 436.2247 1004.4266
v 1526.9093 436.2804 1001.2483
v 1529.4093 436.2804 1003.7090
v 1527.5991 436.3362 1000.5403
v 1530.1176 436.3362 1002.9872
v 1528.2839 436.3921 999.8278
v 1530.8217 436.3921 1002.2609
v 1528.9635 436.4482 999.1106
v 1531.5213 436.4482 1001.5299
v 1529.6379 436.5044 998.3886
v 1532.2161 436.5044 1000.7944
v 1530.3073 436.5608 997.6616
v 1532.9061 436.5608 1000.0547
v 1530.9716 436.6172 996.9303
v 1533.5917 436.6172 999.3105
v 1531.6298 436.6737 996.1949
v 1534.2729 436.6737 998.5609
v 1532.2817 436.7303 995.4549
v 1534.9491 436.7303 997.8059
v 1532.9273 436.7870 994.7099
v 1535.6199 436.7870 997.0456
v 1533.5663 436.8439 993.9600
v 1536.2852 436.8439 996.2797
v 1534.1976 436.9009 993.2059
v 1536.9454 436.9009 995.5070
v 1534.8197 436.9580 992.4470
v 1537.5994 436.9580 994.7265
v 1535.4330 437.0152 991.6821
v 1538.2458 437.0152 993.9385
v 1536.0371 437.0725 990.9111
v 1538.8843 437.0725 993.1431
v 1536.6313 437.1299 990.1341
v 1539.5145 437.1299 992.3396
v 1537.2148 437.1875 989.3508
v 1540.1359 437.1875 991.5275
v 1537.7871 437.2451 988.5612
v 1540.7478 437.2451 990.7062
v 1538.3481 437.3027 987.7638
v 1541.3486 437.3027 989.8765
v 1538.8985 437.3605 986.9590
v 1541.9384 437.3605 989.0391
v 1539.4374 437.4183 986.1472
v 1542.5172 437.4183 988.1934
v 1539.9646 437.4762 985.3291
v 1543.0848 437.4762 987.3388
v 1540.4794 437.5341 984.5046
v 1543.6402 437.5341 986.4748
v 1540.9817 437.5922 983.6733
v 1544.1826 437.5922 985.6017
v 1541.4714 437.6503 982.8349
v 1544.7112 437.6503 984.7199
v 1541.9486 437.7084 981.9900
v 1545.2262 437.7084 983.8294
v 1542.4121 437.7667 981.1391
v 1545.7270 437.7667 982.9295
v 1542.8617 437.8250 980.2820
v 1546.2129 437.8250 982.0201
v 1543.2969 437.8834 979.4184
v 1546.6828 437.8834 981.1016
v 1543.7177 437.9418 978.5483
v 1547.1364 437.9418 980.1744
v 1544.1232 438.0003 977.6723
v 1547.5733 438.0003 979.2379
v 1544.5129 438.0588 976.7909
v 1547.9929 438.0588 978.2921
v 1544.8858 438.1173 975.9033
v 1548.3938 438.1173 977.3371
v 1545.2423 438.1759 975.0092
v 1548.7756 438.1759 976.3742
v 1545.5817 438.2345 974.1093
v 1549.1381 438.2345 975.4031
v 1545.9038 438.2932 973.2032
v 1549.4804 438.2932 974.4246
v 1546.2089 438.3519 972.2903
v 1549.8026 438.3519 973.4401
v 1546.4972 438.4106 971.3711
v 1550.1049 438.4106 972.4500
v 1546.7690 438.4693 970.4456
v 1550.3876 438.4693 971.4555
v 1547.0250 438.5281 969.5144
v 1550.6516 438.5281 970.4568
v 1547.2650 438.5870 968.5779
v 1550.8970 438.5870 969.4544
v 1547.4899 438.6459 967.6354
v 1551.1245 438.6459 968.4499
v 1547.7006 438.7048 966.6880
v 1551.3355 438.7048 967.4434
v 1547.8973 438.7637 965.7361
v 1551.5305 438.7637 966.4350
v 1548.0809 438.8227 964.7793
v 1551.7105 438.8227 965.4260
v 1548.2524 438.8817 963.8179
v 1551.8768 438.8817 964.4167
v 1548.4126 438.9407 962.8527
v 1552.0306 438.9407 963.4073
v 1548.5622 438.9997 961.8841
v 1552.1730 438.9997 962.3978
v 1548.7017 439.0588 960.9126
v 1552.3048 439.0588 961.3882
v 1548.8317 439.1179 959.9387
v 1552.4268 439.1179 960.3784
v 1548.9524 439.1770 958.9627
v 1552.5397 439.1770 959.3684
v 1549.0641 439.2362 957.9854
v 1552.6439 439.2362 958.3577
v 1549.1666 439.2954 957.0068
v 1552.7391 439.2954 957.3465
v 1549.2605 439.3547 956.0264
v 1552.8261 439.3547 956.3353
v 1549.3458 439.4140 955.0452
v 1552.9052 439.4140 955.3236
v 1549.4224 439.4734 954.0633
v 1552.9760 439.4734 954.3113
v 1549.4906 439.5327 953.0802
v 1553.0388 439.5327 953.2989
v 1549.5505 439.5921 952.0964
v 1553.0939 439.5921 952.2863
v 1549.6022 439.6516 951.1124
v 1553.1412 439.6516 951.2731
v 1549.6455 439.7112 950.1288
v 1553.1804 439.7112 950.2586
v 1549.6794 439.7708 949.1458
v 1553.2108 439.7708 949.2430
v 1549.7038 439.8305 948.1626
v 1553.2321 439.8305 948.2271
v 1549.7187 439.8902 947.1796
v 1553.2445 439.8902 947.2107
v 1549.7239 439.9500 946.1972
v 1553.2474 439.9500 946.1936
v 1549.7190 440.0099 945.2151
v 1553.2402 440.0099 945.1761
v 1549.7039 440.0698 944.2332
v 1553.2231 440.0698 944.1587
v 1549.6788 440.1298 943.2511
v 1553.1958 440.1298 943.1418
v 1549.6440 440.1899 942.2690
v 1553.1588 440.1899 942.1257
v 1549.5997 440.2500 941.2870
v 1553.1120 440.2500 941.1101
v 1549.5460 440.3102 940.3054
v 1553.0557 440.3102 940.0951
v 1549.4829 440.3704 939.3244
v 1552.9896 440.3704 939.0807
v 1549.4105 440.4307 938.3439
v 1552.9139 440.4307 938.0670
v 1549.3289 440.4911 937.3635
v 1552.8286 440.4911 937.0549
v 1549.2387 440.5515 936.3827
v 1552.7345 440.5515 936.0444
v 1549.1402 440.6120 935.4021
v 1552.6320 440.6120 935.0355
v 1549.0340 440.6726 934.4215
v 1552.5214 440.6726 934.0281
v 1548.9203 440.7333 933.4403
v 1552.4036 440.7333 933.0230
v 1548.8002 440.7941 932.4583
v 1552.2794 440.7941 932.0201
v 1548.6744 440.8549 931.4760
v 1552.1497 440.8549 931.0189
v 1548.5432 440.9157 930.4936
v 1552.0148 440.9157 930.0192
v 1548.4072 440.9767 929.5111
v 1551.8753 440.9767 929.0208
v 1548.2666 441.0377 928.5285
v 1551.7315 441.0377 928.0238
v 1548.1219 441.0987 927.5461
v 1551.5840 441.0987 927.0277
v 1547.9732 441.1598 926.5646
v 1551.4326 441.1598 926.0320
v 1547.8202 441.2210 925.5839
v 1551.2772 441.2210 925.0366
v 1547.6629 441.2823 924.6040
v 1551.1175 441.2823 924.0420
v 1547.5014 441.3436 923.6245
v 1550.9536 441.3436 923.0481
v 1547.3359 441.4050 922.6458
v 1550.7857 441.4050 922.0550
v 1547.1662 441.4665 921.6674
v 1550.6136 441.4665 921.0628
v 1546.9927 441.5280 920.6890
v 1550.4379 441.5280 920.0720
v 1546.8157 441.5897 919.7104
v 1550.2590 441.5897 919.0826
v 1546.6357 441.6514 918.7308
v 1550.0775 441.6514 918.0952
v 1546.4537 441.7132 917.7501
v 1549.8946 441.7132 917.1095
v 1546.2704 441.7750 916.7684
v 1549.7108 441.7750 916.1251
v 1546.0864 441.8370 915.7859
v 1549.5267 441.8370 915.1418
v 1545.9024 441.8989 914.8026
v 1549.3427 441.8989 914.1593
v 1545.7186 441.9610 913.8186
v 1549.1593 441.9610 913.1773
v 1545.5355 442.0231 912.8339
v 1548.9768 442.0231 912.1956
v 1545.3533 442.0853 911.8489
v 1548.7952 442.0853 911.2140
v 1545.1721 442.1476 910.8639
v 1548.6146 442.1476 910.2320
v 1544.9916 442.2100 909.8787
v 1548.4346 442.2100 909.2499
v 1544.8121 442.2725 908.8929
v 1548.2559 442.2725 908.2681
v 1544.6338 442.3350 907.9066
v 1548.0784 442.3350 907.2863
v 1544.4568 442.3977 906.9198
v 1547.9023 442.3977 906.3046
v 1544.2813 442.4604 905.9323
v 1547.7279 442.4604 905.3229
v 1544.1075 442.5231 904.9445
v 1547.5551 442.5231 904.3410
v 1543.9354 442.5859 903.9561
v 1547.3841 442.5859 903.3590
v 1543.7652 442.6489 902.9674
v 1547.2150 442.6489 902.3768
v 1543.5968 442.7118 901.9785
v 1547.0477 442.7118 901.3941
v 1543.4302 442.7749 900.9894
v 1546.8821 442.7749 900.4109
v 1543.2653 442.8380 900.0006
v 1546.7180 442.8380 899.4270
v 1543.1017 442.9013 899.0117
v 1546.5552 442.9013 898.4427
v 1542.9394 442.9645 898.0228
v 1546.3936 442.9645 897.4581
v 1542.7784 443.0279 897.0337
v 1546.2332 443.0279 896.4732
v 1542.6185 443.0914 896.0448
v 1546.0739 443.0914 895.4877
v 1542.4595 443.1549 895.0561
v 1545.9154 443.1549 894.5018
v 1542.3014 443.2185 894.0675
v 1545.7576 443.2185 893.5155
v 1542.1438 443.2822 893.0790
v 1545.6003 443.2822 892.5289
v 1541.9867 443.3460 892.0908
v 1545.4434 443.3460 891.5419
v 1541.8300 443.4098 891.1027
v 1545.2868 443.4098 890.5547
v 1541.6734 443.4737 890.1147
v 1545.1304 443.4737 889.5674
v 1541.5171 443.5377 889.1265
v 1544.9742 443.5377 888.5801
v 1541.3610 443.6017 888.1380
v 1544.8184 443.6017 887.5930
v 1541.2054 443.6658 887.1492
v 1544.6630 443.6658 886.6062
v 1541.0504 443.7299 886.1601
v 1544.5084 443.7299 885.6195
v 1540.8961 443.7942 885.1704
v 1544.3546 443.7942 884.6330
v 1540.7428 443.8585 884.1803
v 1544.2018 443.8585 883.6467
v 1540.5906 443.9228 883.1900
v 1544.0503 443.9228 882.6602
v 1540.4395 443.9872 882.1996
v 1543.8997 443.9872 881.6735
v 1540.2894 444.0517 881.2091
v 1543.7502 444.0517 880.6866
v 1540.1404 444.1163 880.2185
v 1543.6016 444.1163 879.6994
v 1539.9923 444.1809 879.2280
v 1543.4540 444.1809 878.7119
v 1539.8450 444.2455 878.2376
v 1543.3071 444.2455 877.7240
v 1539.6984 444.3103 877.2474
v 1543.1609 444.3103 876.7358
v 1539.5524 444.3750 876.2570
v 1543.0152 444.3750 875.7476
v 1539.4070 444.4398 875.2667
v 1542.8700 444.4398 874.7591
v 1539.2621 444.5046 874.2765
v 1542.7253 444.5046 873.7703
v 1539.1176 444.5695 873.2862
v 1542.5810 444.5695 872.7817
v 1538.9736 444.6344 872.2957
v 1542.4373 444.6344 871.7930
v 1538.8301 444.6993 871.3052
v 1542.2940 444.6993 870.8041
v 1538.6870 444.7643 870.3148
v 1542.1512 444.7643 869.8150
v 1538.5443 444.8294 869.3246
v 1542.0086 444.8294 868.8257
v 1538.4016 444.8945 868.3346
v 1541.8664 444.8945 867.8361
v 1538.2584 444.9596 867.3450
v 1541.7249 444.9596 866.8461
v 1538.1145 445.0248 866.3561
v 1541.5837 445.0248 865.8554
v 1537.9694 445.0900 865.3679
v 1541.4425 445.0900 864.8643
v 1537.8232 445.1552 864.3802
v 1541.3010 445.1552 863.8728
v 1537.6755 445.2205 863.3934
v 1541.1589 445.2205 862.8806
v 1537.5259 445.2858 862.4080
v 1541.0156 445.2858 861.8876
v 1537.3741 445.3511 861.4243
v 1540.8704 445.3511 860.8935
v 1537.2191 445.4165 860.4430
v 1540.7220 445.4165 859.8980
v 1537.0600 445.4818 859.4639
v 1540.5696 445.4818 858.9016
v 1536.8961 445.5472 858.4878
v 1540.4121 445.5472 857.9039
v 1536.7264 445.6126 857.5153
v 1540.2480 445.6126 856.9047
v 1536.5494 445.6780 856.5466
v 1540.0756 445.6780 855.9044
v 1536.3640 445.7435 855.5818
v 1539.8938 445.7435 854.9036
v 1536.1692 445.8089 854.6208
v 1539.7014 445.8089 853.9030
v 1535.9642 445.8745 853.6638
v 1539.4973 445.8745 852.9029
v 1535.7483 445.9401 852.7112
v 1539.2804 445.9401 851.9036
v 1535.5205 446.0057 851.7632
v 1539.0498 446.0057 850.9056
v 1535.2801 446.0713 850.8196
v 1538.8046 446.0713 849.9099
v 1535.0266 446.1368 849.8805
v 1538.5444 446.1368 848.9171
v 1534.7599 446.2025 848.9460
v 1538.2687 446.2025 847.9275
v 1534.4796 446.2681 848.0166
v 1537.9770 446.2681 846.9416
v 1534.1852 446.3337 847.0924
v 1537.6689 446.3337 845.9599
v 1533.8766 446.3993 846.1735
v 1537.3441 446.3993 844.9829
v 1533.5534 446.4650 845.2599
v 1537.0024 446.4650 844.0114
v 1533.2160 446.5307 844.3512
v 1536.6440 446.5307 843.0463
v 1532.8645 446.5964 843.4477
v 1536.2692 446.5964 842.0876
v 1532.4988 446.6621 842.5495
v 1535.8782 446.6621 841.1357
v 1532.1191 446.7278 841.6566
v 1535.4718 446.7278 840.1908
v 1531.7257 446.7935 840.7695
v 1535.0498 446.7935 839.2527
v 1531.3185 446.8592 839.8879
v 1534.6128 446.8592 838.3223
v 1530.8976 446.9250 839.0111
v 1534.1619 446.9250 837.4002
v 1530.4639 446.9907 838.1391
v 1533.6981 446.9907 836.4860
v 1530.0179 447.0565 837.2716
v 1533.2219 447.0565 835.5796
v 1529.5604 447.1222 836.4088
v 1532.7344 447.1222 834.6806
v 1529.0913 447.1880 835.5498
v 1532.2365 447.1880 833.7895
v 1528.6116 447.2538 834.6934
v 1531.7301 447.2538 832.9063
v 1528.1228 447.3195 833.8395
v 1531.2165 447.3195 832.0300
v 1527.6261 447.3852 832.9885
v 1530.6964 447.3852 831.1591
v 1527.1221 447.4509 832.1404
v 1530.1701 447.4509 830.2933
v 1526.6110 447.5166 831.2945
v 1529.6387 447.5166 829.4326
v 1526.0936 447.5823 830.4498
v 1529.1035 447.5823 828.5768
v 1525.5709 447.6480 829.6062
v 1528.5654 447.6480 827.7249
v 1525.0440 447.7137 828.7635
v 1528.0252 447.7137 826.8763
v 1524.5133 447.7794 827.9211
v 1527.4838 447.7794 826.0304
v 1523.9792 447.8451 827.0786
v 1526.9422 447.8451 825.1867
v 1523.4427 447.9107 826.2354
v 1526.4017 447.9107 824.3447
v 1522.9048 447.9763 825.3913
v 1525.8629 447.9763 823.5033
v 1522.3662 448.0420 824.5462
v 1525.3261 448.0420 822.6622
v 1521.8275 448.1076 823.6993
v 1524.7923 448.1076 821.8210
v 1521.2895 448.1732 822.8501
v 1524.2621 448.1732 820.9793
v 1520.7533 448.2387 821.9979
v 1523.7360 448.2387 820.1371
v 1520.2199 448.3043 821.1417
v 1523.2146 448.3043 819.2942
v 1519.6904 448.3699 820.2811
v 1522.6989 448.3699 818.4499
v 1519.1657 448.4354 819.4156
v 1522.1893 448.4354 817.6038
v 1518.6467 448.5009 818.5448
v 1521.6868 448.5009 816.7554
v 1518.1343 448.5663 817.6684
v 1521.1920 448.5663 815.9044
v 1517.6294 448.6317 816.7858
v 1520.7056 448.6317 815.0504
v 1517.1330 448.6972 815.8970
v 1520.2284 448.6972 814.1927
v 1516.6460 448.7626 815.0025
v 1519.7602 448.7626 813.3306
v 1516.1685 448.8281 814.1023
v 1519.3014 448.8281 812.4641
v 1515.7010 448.8935 813.1961
v 1518.8522 448.8935 811.5933
v 1515.2436 448.9589 812.2840
v 1518.4134 448.9589 810.7181
v 1514.7969 449.0242 811.3660
v 1517.9852 449.0242 809.8382
v 1514.3616 449.0896 810.4432
v 1517.5674 449.0896 808.9528
v 1513.9370 449.1549 809.5163
v 1517.1593 449.1549 808.0619
v 1513.5227 449.2202 808.5847
v 1516.7612 449.2202 807.1666
v 1513.1191 449.2856 807.6484
v 1516.3733 449.2856 806.2668
v 1512.7261 449.3509 806.7083
v 1515.9951 449.3509 805.3620
v 1512.3435 449.4162 805.7652
v 1515.6260 449.4162 804.4522
v 1511.9708 449.4815 804.8194
v 1515.2651 449.4815 803.5378
v 1511.6073 449.5467 803.8705
v 1514.9121 449.5467 802.6199
v 1511.2531 449.6119 802.9181
v 1514.5674 449.6119 801.6987
v 1510.9081 449.6771 801.9637
v 1514.2303 449.6771 800.7733
v 1510.5714 449.7423 801.0078
v 1513.9000 449.7423 799.8441
v 1510.2421 449.8075 800.0495
v 1513.5765 449.8075 798.9122
v 1509.9202 449.8726 799.0888
v 1513.2601 449.8726 797.9777
v 1509.6058 449.9378 798.1265
v 1512.9503 449.9378 797.0401
v 1509.2981 450.0029 797.1632
v 1512.6465 450.0029 796.0993
v 1508.9963 450.0681 796.1983
v 1512.3486 450.0681 795.1565
v 1508.7007 450.1331 795.2314
v 1512.0569 450.1331 794.2117
v 1508.4110 450.1981 794.2631
v 1511.7712 450.1981 793.2647
v 1508.1272 450.2631 793.2938
v 1511.4912 450.2631 792.3153
v 1507.8488 450.3281 792.3239
v 1511.2163 450.3281 791.3634
v 1507.5752 450.3930 791.3532
v 1510.9463 450.3930 790.4095
v 1507.3060 450.4579 790.3821
v 1510.6807 450.4579 789.4536
v 1507.0411 450.5228 789.4109
v 1510.4192 450.5228 788.4953
v 1506.7797 450.5876 788.4403
v 1510.1606 450.5876 787.5347
v 1506.5212 450.6524 787.4699
v 1509.9043 450.6524 786.5726
v 1506.2651 450.7172 786.4998
v 1509.6498 450.7172 785.6090
v 1506.0107 450.7819 785.5299
v 1509.3968 450.7819 784.6443
v 1505.7578 450.8466 784.5600
v 1509.1450 450.8466 783.6789
v 1505.5061 450.9112 783.5903
v 1508.8943 450.9112 782.7128
v 1505.2555 450.9758 782.6207
v 1508.6444 450.9758 781.7459
v 1505.0056 451.0404 781.6513
v 1508.3951 451.0404 780.7787
v 1504.7564 451.1049 780.6821
v 1508.1462 451.1049 779.8109
v 1504.5075 451.1694 779.7130
v 1507.8976 451.1694 778.8428
v 1504.2590 451.2338 778.7443
v 1507.6491 451.2338 777.8743
v 1504.0105 451.2982 777.7762
v 1507.4004 451.2982 776.9052
v 1503.7615 451.3625 776.8083
v 1507.1512 451.3625 775.9362
v 1503.5124 451.4268 775.8402
v 1506.9018 451.4268 774.9673
v 1503.2629 451.4910 774.8722
v 1506.6522 451.4910 773.9986
v 1503.0133 451.5552 773.9039
v 1506.4025 451.5552 773.0303
v 1502.7637 451.6194 772.9354
v 1506.1530 451.6194 772.0621
v 1502.5141 451.6835 771.9667
v 1505.9036 451.6835 771.0940
v 1502.2647 451.7475 770.9976
v 1505.6545 451.7475 770.1262
v 1502.0159 451.8115 770.0283
v 1505.4060 451.8115 769.1583
v 1501.7673 451.8754 769.0593
v 1505.1577 451.8754 768.1901
v 1501.5190 451.9393 768.0904
v 1504.9095 451.9393 767.2215
v 1501.2709 452.0031 767.1220
v 1504.6611 452.0031 766.2525
v 1501.0224 452.0668 766.1540
v 1504.4124 452.0668 765.2834
v 1500.7736 452.1306 765.1860
v 1504.1633 452.1306 764.3143
v 1500.5246 452.1942 764.2183
v 1503.9139 452.1942 763.3452
v 1500.2750 452.2578 763.2503
v 1503.6641 452.2578 762.3764
v 1500.0253 452.3212 762.2819
v 1503.4145 452.3212 761.4082
v 1499.7756 452.3847 761.3132
v 1503.1650 452.3847 760.4402
v 1499.5262 452.4480 760.3441
v 1502.9159 452.4480 759.4724
v 1499.2772 452.5113 759.3748
v 1502.6673 452.5113 758.5047
v 1499.0286 452.5745 758.4054
v 1502.4191 452.5745 757.5368
v 1498.7805 452.6377 757.4360
v 1502.1713 452.6377 756.5686
v 1498.5327 452.7007 756.4670
v 1501.9237 452.7007 755.5999
v 1498.2851 452.7637 755.4984
v 1501.6759 452.7637 754.6309
v 1498.0372 452.8267 754.5300
v 1501.4278 452.8267 753.6618
v 1497.7891 452.8895 753.5616
v 1501.1796 452.8895 752.6927
v 1497.5409 452.9523 752.5933
v 1500.9311 452.9523 751.7236
v 1497.2924 453.0149 751.6252
v 1500.6824 453.0149 750.7546
v 1497.0436 453.0775 750.6571
v 1500.4334 453.0775 749.7856
v 1496.7945 453.1400 749.6890
v 1500.1841 453.1400 748.8167
v 1496.5453 453.2024 748.7209
v 1499.9347 453.2024 747.8480
v 1496.2960 453.2647 747.7529
v 1499.6851 453.2647 746.8792
v 1496.0463 453.3269 746.7849
v 1499.4353 453.3269 745.9106
v 1495.7964 453.3890 745.8166
v 1499.1854 453.3890 744.9423
v 1495.5466 453.4510 744.8482
v 1498.9357 453.4510 743.9742
v 1495.2969 453.5129 743.8795
v 1498.6861 453.5129 743.0061
v 1495.0473 453.5748 742.9108
v 1498.4368 453.5748 742.0381
v 1494.7980 453.6365 741.9419
v 1498.1877 453.6365 741.0701
v 1494.5489 453.6982 740.9727
v 1497.9389 453.6982 740.1022
v 1494.3002 453.7597 740.0035
v 1497.6906 453.7597 739.1342
v 1494.0519 453.8211 739.0345
v 1497.4424 453.8211 738.1658
v 1493.8037 453.8825 738.0657
v 1497.1943 453.8825 737.1972
v 1493.5556 453.9437 737.0969
v 1496.9462 453.9437 736.2285
v 1493.3075 454.0049 736.1283
v 1496.6980 454.0049 735.2596
v 1493.0593 454.0659 735.1598
v 1496.4497 454.0659 734.2907
v 1492.8110 454.1268 734.1914
v 1496.2013 454.1268 733.3218
v 1492.5625 454.1876 733.2232
v 1495.9526 454.1876 732.3528
v 1492.3138 454.2483 732.2549
v 1495.7038 454.2483 731.3840
v 1492.0650 454.3089 731.2864
v 1495.4549 454.3089 730.4154
v 1491.8161 454.3693 730.3176
v 1495.2061 454.3693 729.4471
v 1491.5674 454.4297 729.3484
v 1494.9577 454.4297 728.4791
v 1491.3190 454.4899 728.3787
v 1494.7098 454.4899 727.5114
v 1491.0711 454.5500 727.4083
v 1494.4627 454.5500 726.5440
v 1490.8239 454.6100 726.4371
v 1494.2170 454.6100 725.5768
v 1490.5777 454.6698 725.4649
v 1493.9732 454.6698 724.6101
v 1490.3328 454.7295 724.4912
v 1493.7317 454.7295 723.6438
v 1490.0899 454.7891 723.5159
v 1493.4933 454.7891 722.6779
v 1489.8497 454.8486 722.5386
v 1493.2585 454.8486 721.7125
v 1489.6129 454.9080 721.5590
v 1493.0284 454.9080 720.7475
v 1489.3802 454.9672 720.5770
v 1492.8035 454.9672 719.7826
v 1489.1525 455.0264 719.5924
v 1492.5846 455.0264 718.8178
v 1488.9304 455.0854 718.6048
v 1492.3727 455.0854 717.8533
v 1488.7151 455.1442 717.6143
v 1492.1689 455.1442 716.8885
v 1488.5073 455.2030 716.6210
v 1491.9734 455.2030 715.9232
v 1488.3076 455.2616 715.6249
v 1491.7871 455.2616 714.9572
v 1488.1167 455.3201 714.6266
v 1491.6103 455.3201 713.9901
v 1487.9346 455.3785 713.6259
v 1491.4432 455.3785 713.0219
v 1487.7620 455.4367 712.6229
v 1491.2864 455.4367 712.0526
v 1487.5993 455.4949 711.6184
v 1491.1397 455.4949 711.0816
v 1487.4459 455.5529 710.6124
v 1491.0030 455.5529 710.1092
v 1487.3024 455.6108 709.6047
v 1490.8765 455.6108 709.1356
v 1487.1686 455.6686 708.5958
v 1490.7599 455.6686 708.1607
v 1487.0446 455.7263 707.5853
v 1490.6533 455.7263 707.1849
v 1486.9307 455.7839 706.5733
v 1490.5569 455.7839 706.2084
v 1486.8270 455.8413 705.5596
v 1490.4706 455.8413 705.2316
v 1486.7340 455.8987 704.5438
v 1490.3950 455.8987 704.2550
v 1486.6525 455.9559 703.5257
v 1490.3305 455.9559 703.2790
v 1486.5833 456.0130 702.5047
v 1490.2781 456.0130 702.3044
v 1486.5281 456.0699 701.4806
v 1490.2385 456.0699 701.3316
v 1486.4881 456.1267 700.4535
v 1490.2129 456.1267 700.3608
v 1486.4649 456.1834 699.4236
v 1490.2022 456.1834 699.3921
v 1486.4598 456.2399 698.3909
v 1490.2075 456.2399 698.4262
v 1486.4745 456.2963 697.3570
v 1490.2304 456.2963 697.4621
v 1486.5088 456.3525 696.3232
v 1490.2703 456.3525 696.4987
v 1486.5634 456.4086 695.2895
v 1490.3277 456.4086 695.5372
v 1486.6386 456.4646 694.2567
v 1490.4029 456.4646 694.5771
v 1486.7344 456.5204 693.2258
v 1490.4957 456.5204 693.6184
v 1486.8506 456.5760 692.1974
v 1490.6059 456.5760 692.6612
v 1486.9869 456.6315 691.1726
v 1490.7331 456.6315 691.7048
v 1487.1423 456.6868 690.1507
v 1490.8763 456.6868 690.7505
v 1487.3180 456.7419 689.1315
v 1491.0359 456.7419 689.7994
v 1487.5137 456.7969 688.1162
v 1491.2118 456.7969 688.8509
v 1487.7290 456.8516 687.1055
v 1491.4038 456.8516 687.9048
v 1487.9628 456.9062 686.0993
v 1491.6122 456.9062 686.9619
v 1488.2149 456.9606 685.0984
v 1491.8373 456.9606 686.0221
v 1488.4841 457.0149 684.1032
v 1492.0786 457.0149 685.0848
v 1488.7699 457.0689 683.1135
v 1492.3354 457.0689 684.1507
v 1489.0718 457.1228 682.1296
v 1492.6075 457.1228 683.2199
v 1489.3890 457.1765 681.1518
v 1492.8945 457.1765 682.2921
v 1489.7205 457.2300 680.1798
v 1493.1955 457.2300 681.3678
v 1490.0663 457.2833 679.2137
v 1493.5106 457.2833 680.4471
v 1490.4246 457.3365 678.2535
v 1493.8394 457.3365 679.5300
v 1490.7938 457.3895 677.2986
v 1494.1829 457.3895 678.6170
v 1491.1727 457.4423 676.3497
v 1494.5408 457.4423 677.7073
v 1491.5598 457.4949 675.4066
v 1494.9119 457.4949 676.8003
v 1491.9535 457.5473 674.4690
v 1495.2953 457.5473 675.8955
v 1492.3522 457.5995 673.5368
v 1495.6896 457.5995 674.9919
v 1492.7540 457.6516 672.6094
v 1496.0933 457.6516 674.0888
v 1493.1574 457.7035 671.6859
v 1496.5046 457.7035 673.1858
v 1493.5610 457.7552 670.7656
v 1496.9219 457.7552 672.2824
v 1493.9636 457.8067 669.8477
v 1497.3439 457.8067 671.3782
v 1494.3633 457.8580 668.9326
v 1497.7695 457.8580 670.4715
v 1494.7577 457.9091 668.0197
v 1498.1966 457.9091 669.5609
v 1495.1451 457.9600 667.1087
v 1498.6235 457.9600 668.6453
v 1495.5224 458.0108 666.1997
v 1499.0480 458.0108 667.7224
v 1495.8868 458.0614 665.2923
v 1499.4674 458.0614 666.7905
v 1496.2351 458.1118 664.3860
v 1499.8787 458.1118 665.8477
v 1496.5639 458.1621 663.4808
v 1500.2785 458.1621 664.8920
v 1496.8709 458.2121 662.5758
v 1500.6621 458.2121 663.9222
v 1497.1534 458.2620 661.6716
v 1501.0259 458.2620 662.9367
v 1497.4078 458.3116 660.7677
v 1501.3652 458.3116 661.9345
v 1497.6324 458.3610 659.8619
v 1501.6758 458.3610 660.9177
v 1497.8261 458.4103 658.9542
v 1501.9551 458.4103 659.8871
v 1497.9870 458.4593 658.0454
v 1502.2004 458.4593 658.8431
v 1498.1138 458.5082 657.1363
v 1502.4093 458.5082 657.7862
v 1498.2050 458.5570 656.2278
v 1502.5790 458.5570 656.7179
v 1498.2602 458.6056 655.3190
v 1502.7068 458.6056 655.6413
v 1498.2811 458.6539 654.4109
v 1502.7911 458.6539 654.5587
v 1498.2670 458.7021 653.5071
v 1502.8307 458.7021 653.4698
v 1498.2170 458.7501 652.6082
v 1502.8227 458.7501 652.3769
v 1498.1312 458.7978 651.7145
v 1502.7666 458.7978 651.2831
v 1498.0091 458.8454 650.8273
v 1502.6614 458.8454 650.1910
v 1497.8509 458.8928 649.9479
v 1502.5071 458.8928 649.1029
v 1497.6566 458.9401 649.0797
v 1502.3027 458.9401 648.0196
v 1497.4255 458.9872 648.2246
v 1502.0468 458.9872 646.9438
v 1497.1567 459.0341 647.3822
v 1501.7393 459.0341 645.8805
v 1496.8515 459.0809 646.5547
v 1501.3812 459.0809 644.8311
v 1496.5096 459.1274 645.7456
v 1500.9709 459.1274 643.7974
v 1496.1311 459.1738 644.9559
v 1500.5091 459.1738 642.7831
v 1495.7154 459.2200 644.1863
v 1499.9962 459.2200 641.7926
v 1495.2634 459.2661 643.4374
v 1499.4348 459.2661 640.8288
v 1494.7766 459.3120 642.7121
v 1498.8254 459.3120 639.8933
v 1494.2567 459.3577 642.0135
v 1498.1684 459.3577 638.9876
v 1493.7029 459.4032 641.3424
v 1497.4653 459.4032 638.1166
v 1493.1179 459.4485 640.7006
v 1496.7180 459.4485 637.2807
v 1492.5033 459.4935 640.0922
v 1495.9258 459.4935 636.4834
v 1491.8603 459.5383 639.5182
v 1495.0909 459.5383 635.7273
v 1491.1908 459.5830 638.9820
v 1494.2132 459.5830 635.0155
v 1490.4943 459.6275 638.4842
v 1493.2965 459.6275 634.3531
v 1489.7728 459.6718 638.0255
v 1492.3437 459.6718 633.7420
v 1489.0314 459.7160 637.6100
v 1491.3538 459.7160 633.1833
v 1488.2689 459.7601 637.2393
v 1490.3308 459.7601 632.6833
v 1487.4858 459.8040 636.9122
v 1489.2818 459.8040 632.2438
v 1486.6858 459.8476 636.6306
v 1488.2084 459.8476 631.8663
v 1485.8710 459.8912 636.3954
v 1487.1147 459.8912 631.5521
v 1485.0438 459.9345 636.2073
v 1486.0051 459.9345 631.3021
v 1484.2045 459.9777 636.0666
v 1484.8848 459.9777 631.1172
v 1483.3546 460.0207 635.9726
v 1483.7590 460.0207 630.9959
v 1482.4984 460.0634 635.9251
v 1482.6304 460.0634 630.9369
v 1481.6389 460.1061 635.9243
v 1481.5018 460.1061 630.9392
v 1480.7788 460.1486 635.9695
v 1480.3762 460.1486 631.0018
v 1479.9202 460.1909 636.0608
v 1479.2576 460.1909 631.1238
v 1479.0653 460.2330 636.1971
v 1478.1491 460.2330 631.3031
v 1478.2187 460.2750 636.3774
v 1477.0508 460.2750 631.5390
v 1477.3808 460.3169 636.6024
v 1475.9679 460.3169 631.8309
v 1476.5509 460.3586 636.8708
v 1474.9047 460.3586 632.1750
v 1475.7323 460.4003 637.1803
v 1473.8615 460.4003 632.5694
v 1474.9273 460.4418 637.5296
v 1472.8399 460.4418 633.0127
v 1474.1375 460.4831 637.9174
v 1471.8423 460.4831 633.5025
v 1473.3654 460.5243 638.3416
v 1470.8691 460.5243 634.0372
v 1472.6116 460.5653 638.8023
v 1469.9236 460.5653 634.6152
v 1471.8787 460.6062 639.2960
v 1469.0048 460.6062 635.2341
v 1471.1709 460.6469 639.8216
v 1468.1139 460.6469 635.8956
v 1470.4882 460.6874 640.3788
v 1467.2539 460.6874 636.5975
v 1469.8319 460.7277 640.9668
v 1466.4271 460.7277 637.3384
v 1469.2044 460.7679 641.5833
v 1465.6343 460.7679 638.1173
v 1468.6097 460.8080 642.2256
v 1464.8765 460.8080 638.9357
v 1468.0500 460.8479 642.8932
v 1464.1577 460.8479 639.7930
v 1467.5249 460.8877 643.5870
v 1463.4828 460.8877 640.6860
v 1467.0361 460.9273 644.3039
v 1462.8527 460.9273 641.6133
v 1466.5858 460.9668 645.0427
v 1462.2711 460.9668 642.5744
v 1466.1739 461.0061 645.8027
v 1461.7407 461.0061 643.5655
v 1465.8019 461.0453 646.5818
v 1461.2638 461.0453 644.5849
v 1465.4698 461.0844 647.3800
v 1460.8434 461.0844 645.6275
v 1465.1785 461.1233 648.1919
v 1460.4788 461.1233 646.6927
v 1464.9309 461.1621 649.0145
v 1460.1743 461.1621 647.7794
v 1464.7264 461.2008 649.8499
v 1459.9323 461.2008 648.8805
v 1464.5649 461.2394 650.6952
v 1459.7530 461.2394 649.9927
v 1464.4470 461.2779 651.5500
v 1459.6379 461.2779 651.1114
v 1464.3715 461.3162 652.4148
v 1459.5854 461.3162 652.2307
v 1464.3380 461.3544 653.2857
v 1459.5941 461.3544 653.3488
v 1464.3469 461.3925 654.1620
v 1459.6629 461.3925 654.4613
v 1464.3969 461.4305 655.0414
v 1459.7890 461.4305 655.5646
v 1464.4884 461.4683 655.9206
v 1459.9705 461.4683 656.6570
v 1464.6227 461.5061 656.7988
v 1460.2034 461.5061 657.7351
v 1464.7988 461.5438 657.6744
v 1460.4850 461.5438 658.7968
v 1465.0156 461.5814 658.5465
v 1460.8130 461.5814 659.8403
v 1465.2724 461.6188 659.4161
v 1461.1835 461.6188 660.8622
v 1465.5668 461.6561 660.2843
v 1461.5909 461.6561 661.8606
v 1465.8979 461.6932 661.1504
v 1462.0282 461.6932 662.8362
v 1466.2618 461.7303 662.0148
v 1462.4900 461.7303 663.7895
v 1466.6547 461.7673 662.8776
v 1462.9715 461.7673 664.7225
v 1467.0725 461.8042 663.7389
v 1463.4686 461.8042 665.6377
v 1467.5126 461.8411 664.5999
v 1463.9767 461.8411 666.5362
v 1467.9708 461.8778 665.4621
v 1464.4907 461.8778 667.4212
v 1468.4435 461.9144 666.3259
v 1465.0076 461.9144 668.2951
v 1468.9268 461.9510 667.1927
v 1465.5235 461.9510 669.1606
v 1469.4174 461.9874 668.0634
v 1466.0359 461.9874 670.0202
v 1469.9121 462.0237 668.9397
v 1466.5415 462.0237 670.8756
v 1470.4077 462.0599 669.8230
v 1467.0376 462.0599 671.7290
v 1470.9006 462.0960 670.7137
v 1467.5219 462.0960 672.5828
v 1471.3885 462.1319 671.6129
v 1467.9925 462.1319 673.4383
v 1471.8686 462.1677 672.5217
v 1468.4469 462.1677 674.2965
v 1472.3384 462.2034 673.4413
v 1468.8831 462.2034 675.1584
v 1472.7946 462.2390 674.3714
v 1469.2995 462.2390 676.0261
v 1473.2359 462.2744 675.3118
v 1469.6956 462.2744 676.8999
v 1473.6607 462.3097 676.2644
v 1470.0689 462.3097 677.7789
v 1474.0661 462.3448 677.2295
v 1470.4177 462.3448 678.6635
v 1474.4498 462.3799 678.2076
v 1470.7410 462.3799 679.5534
v 1474.8072 462.4148 679.1995
v 1471.0387 462.4148 680.4475
v 1475.1358 462.4497 680.2035
v 1471.3102 462.4497 681.3473
v 1475.4345 462.4845 681.2195
v 1471.5547 462.4845 682.2516
v 1475.7010 462.5191 682.2463
v 1471.7710 462.5191 683.1613
v 1475.9347 462.5536 683.2815
v 1471.9596 462.5536 684.0768
v 1476.1330 462.5880 684.3240
v 1472.1221 462.5880 684.9974
v 1476.2961 462.6223 685.3709
v 1472.2591 462.6223 685.9239
v 1476.4253 462.6564 686.4204
v 1472.3716 462.6564 686.8562
v 1476.5219 462.6904 687.4717
v 1472.4601 462.6904 687.7928
v 1476.5866 462.7243 688.5242
v 1472.5250 462.7243 688.7329
v 1476.6202 462.7581 689.5768
v 1472.5667 462.7581 689.6759
v 1476.6237 462.7919 690.6281
v 1472.5855 462.7919 690.6218
v 1476.5983 462.8256 691.6780
v 1472.5823 462.8256 691.5691
v 1476.5442 462.8592 692.7261
v 1472.5568 462.8592 692.5168
v 1476.4630 462.8927 693.7710
v 1472.5083 462.8927 693.4649
v 1476.3558 462.9262 694.8122
v 1472.4369 462.9262 694.4131
v 1476.2236 462.9596 695.8492
v 1472.3430 462.9596 695.3608
v 1476.0671 462.9931 696.8806
v 1472.2267 462.9931 696.3085
v 1475.8885 463.0264 697.9055
v 1472.0894 463.0264 697.2566
v 1475.6892 463.0598 698.9238
v 1471.9318 463.0598 698.2045
v 1475.4712 463.0931 699.9349
v 1471.7552 463.0931 699.1526
v 1475.2364 463.1263 700.9390
v 1471.5610 463.1263 700.1007
v 1474.9868 463.1595 701.9362
v 1471.3507 463.1595 701.0490
v 1474.7242 463.1927 702.9260
v 1471.1255 463.1927 701.9979
v 1474.4513 463.2257 703.9095
v 1470.8877 463.2257 702.9475
v 1474.1693 463.2587 704.8868
v 1470.6382 463.2587 703.8979
v 1473.8819 463.2917 705.8579
v 1470.3784 463.2917 704.8503
v 1473.5912 463.3247 706.8243
v 1470.1107 463.3247 705.8043
v 1473.2986 463.3575 707.7872
v 1469.8368 463.3575 706.7594
v 1473.0055 463.3904 708.7471
v 1469.5581 463.3904 707.7159
v 1472.7130 463.4232 709.7050
v 1469.2761 463.4232 708.6738
v 1472.4222 463.4560 710.6614
v 1468.9919 463.4560 709.6329
v 1472.1339 463.4887 711.6166
v 1468.7065 463.4887 710.5937
v 1471.8492 463.5215 712.5708
v 1468.4208 463.5215 711.5564
v 1471.5694 463.5541 713.5239
v 1468.1361 463.5541 712.5219
v 1471.2958 463.5867 714.4759
v 1467.8537 463.5867 713.4909
v 1471.0299 463.6193 715.4276
v 1467.5751 463.6193 714.4635
v 1470.7727 463.6518 716.3790
v 1467.3019 463.6518 715.4401
v 1470.5256 463.6842 717.3302
v 1467.0352 463.6842 716.4214
v 1470.2894 463.7165 718.2806
v 1466.7776 463.7165 717.4086
v 1470.0653 463.7488 719.2313
v 1466.5318 463.7488 718.4013
v 1469.8539 463.7811 720.1833
v 1466.2988 463.7811 719.3984
v 1469.6556 463.8133 721.1364
v 1466.0795 463.8133 720.4002
v 1469.4716 463.8454 722.0902
v 1465.8749 463.8454 721.4072
v 1469.3028 463.8776 723.0449
v 1465.6865 463.8776 722.4192
v 1469.1497 463.9097 724.0018
v 1465.5153 463.9097 723.4347
v 1469.0117 463.9417 724.9620
v 1465.3613 463.9417 724.4519
v 1468.8882 463.9737 725.9236
v 1465.2235 463.9737 725.4720
v 1468.7808 464.0057 726.8855
v 1465.1032 464.0057 726.4960
v 1468.6896 464.0376 727.8489
v 1465.0010 464.0376 727.5220
v 1468.6144 464.0694 728.8133
v 1464.9168 464.0694 728.5501
v 1468.5550 464.1012 729.7777
v 1464.8519 464.1012 729.5804
v 1468.5118 464.1330 730.7423
v 1464.8067 464.1330 730.6123
v 1468.4851 464.1647 731.7070
v 1464.7816 464.1647 731.6455
v 1468.4753 464.1964 732.6739
v 1464.7768 464.1964 732.6771
v 1468.4805 464.2280 733.6431
v 1464.7897 464.2280 733.7066
v 1468.5009 464.2597 734.6125
v 1464.8199 464.2597 734.7355
v 1468.5366 464.2913 735.5834
v 1464.8672 464.2913 735.7620
v 1468.5859 464.3229 736.5569
v 1464.9292 464.3229 736.7846
v 1468.6476 464.3545 737.5315
v 1465.0047 464.3545 737.8046
v 1468.7212 464.3861 738.5066
v 1465.0929 464.3861 738.8223
v 1468.8060 464.4177 739.4817
v 1465.1930 464.4177 739.8381
v 1468.9020 464.4492 740.4568
v 1465.3047 464.4492 740.8517
v 1469.0084 464.4806 741.4325
v 1465.4269 464.4806 741.8624
v 1469.1245 464.5121 742.4080
v 1465.5588 464.5121 742.8712
v 1469.2502 464.5435 743.3827
v 1465.7003 464.5435 743.8781
v 1469.3853 464.5749 744.3572
v 1465.8508 464.5749 744.8828
v 1469.5292 464.6064 745.3318
v 1466.0095 464.6064 745.8849
v 1469.6813 464.6377 746.3057
v 1466.1757 464.6377 746.8852
v 1469.8414 464.6691 747.2787
v 1466.3494 464.6691 747.8839
v 1470.0097 464.7005 748.2516
v 1466.5303 464.7005 748.8801
v 1470.1850 464.7318 749.2248
v 1466.7169 464.7318 749.8736
v 1470.3666 464.7632 750.1978
v 1466.9088 464.7632 750.8653
v 1470.5543 464.7945 751.1709
v 1467.1056 464.7945 751.8548
v 1470.7472 464.8258 752.1441
v 1467.3063 464.8258 752.8424
v 1470.9448 464.8571 753.1175
v 1467.5105 464.8571 753.8282
v 1471.1466 464.8884 754.0915
v 1467.7175 464.8884 754.8118
v 1471.3515 464.9197 755.0661
v 1467.9262 464.9197 755.7940
v 1471.5592 464.9509 756.0412
v 1468.1364 464.9509 756.7748
v 1471.7687 464.9822 757.0172
v 1468.3472 464.9822 757.7541
v 1471.9794 465.0134 757.9934
v 1468.5584 465.0134 758.7328
v 1472.1909 465.0446 758.9704
v 1468.7700 465.0446 759.7106
v 1472.4025 465.0759 759.9483
v 1468.9814 465.0759 760.6875
v 1472.6136 465.1071 760.9268
v 1469.1921 465.1071 761.6639
v 1472.8242 465.1383 761.9057
v 1469.4021 465.1383 762.6403
v 1473.0340 465.1696 762.8851
v 1469.6112 465.1696 763.6166
v 1473.2428 465.2008 763.8650
v 1469.8193 465.2008 764.5927
v 1473.4506 465.2319 764.8453
v 1470.0262 465.2319 765.5689
v 1473.6572 465.2631 765.8259
v 1470.2319 465.2631 766.5454
v 1473.8626 465.2943 766.8068
v 1470.4365 465.2943 767.5220
v 1474.0668 465.3254 767.7880
v 1470.6398 465.3254 768.4989
v 1474.2698 465.3566 768.7698
v 1470.8417 465.3566 769.4757
v 1474.4712 465.3878 769.7521
v 1471.0420 465.3878 770.4526
v 1474.6712 465.4190 770.7348
v 1471.2408 465.4190 771.4297
v 1474.8694 465.4502 771.7181
v 1471.4379 465.4502 772.4070
v 1475.0660 465.4814 772.7015
v 1471.6333 465.4814 773.3847
v 1475.2610 465.5126 773.6851
v 1471.8272 465.5126 774.3629
v 1475.4543 465.5438 774.6689
v 1472.0196 465.5438 775.3416
v 1475.6462 465.5750 775.6525
v 1472.2107 465.5750 776.3210
v 1475.8371 465.6061 776.6360
v 1472.4008 465.6061 777.3008
v 1476.0269 465.6372 777.6197
v 1472.5899 465.6372 778.2809
v 1476.2156 465.6683 778.6034
v 1472.7780 465.6683 779.2613
v 1476.4035 465.6993 779.5875
v 1472.9652 465.6993 780.2418
v 1476.5902 465.7303 780.5721
v 1473.1512 465.7303 781.2222
v 1476.7758 465.7613 781.5570
v 1473.3359 465.7613 782.2027
v 1476.9601 465.7922 782.5421
v 1473.5193 465.7922 783.1835
v 1477.1430 465.8232 783.5271
v 1473.7016 465.8232 784.1648
v 1477.3250 465.8541 784.5120
v 1473.8831 465.8541 785.1466
v 1477.5062 465.8851 785.4968
v 1474.0638 465.8851 786.1288
v 1477.6867 465.9160 786.4814
v 1474.2438 465.9160 787.1114
v 1477.8666 465.9469 787.4657
v 1474.4235 465.9469 788.0945
v 1478.0461 465.9777 788.4498
v 1474.6029 465.9777 789.0779
v 1478.2256 466.0086 789.4338
v 1474.7823 466.0086 790.0615
v 1478.4048 466.0394 790.4175
v 1474.9616 466.0394 791.0454
v 1478.5843 466.0702 791.4009
v 1475.1412 466.0702 792.0296
v 1478.7639 466.1010 792.3841
v 1475.3210 466.1010 793.0138
v 1478.9439 466.1317 793.3672
v 1475.5012 466.1317 793.9979
v 1479.1241 466.1623 794.3502
v 1475.6816 466.1623 794.9822
v 1479.3047 466.1930 795.3328
v 1475.8626 466.1930 795.9666
v 1479.4859 466.2236 796.3148
v 1476.0443 466.2236 796.9514
v 1479.6680 466.2542 797.2967
v 1476.2268 466.2542 797.9360
v 1479.8508 466.2847 798.2788
v 1476.4100 466.2847 798.9201
v 1480.0341 466.3153 799.2610
v 1476.5936 466.3153 799.9040
v 1480.2179 466.3458 800.2431
v 1476.7777 466.3458 800.8877
v 1480.4021 466.3764 801.2253
v 1476.9622 466.3764 801.8713
v 1480.5868 466.4069 802.2075
v 1477.1471 466.4069 802.8546
v 1480.7717 466.4374 803.1900
v 1477.3321 466.4374 803.8376
v 1480.9568 466.4678 804.1726
v 1477.5173 466.4678 804.8204
v 1481.1419 466.4982 805.1553
v 1477.7024 466.4982 805.8032
v 1481.3270 466.5286 806.1379
v 1477.8875 466.5286 806.7860
v 1481.5122 466.5590 807.1204
v 1478.0728 466.5590 807.7688
v 1481.6975 466.5894 808.1034
v 1478.2580 466.5894 808.7513
v 1481.8826 466.6197 809.0867
v 1478.4429 466.6197 809.7335
v 1482.0674 466.6500 810.0700
v 1478.6274 466.6500 810.7157
v 1482.2518 466.6803 811.0536
v 1478.8116 466.6803 811.6979
v 1482.4358 466.7105 812.0373
v 1478.9953 466.7105 812.6801
v 1482.6194 466.7408 813.0213
v 1479.1786 466.7408 813.6622
v 1482.8024 466.7710 814.0055
v 1479.3612 466.7710 814.6443
v 1482.9848 466.8013 814.9896
v 1479.5432 466.8013 815.6267
v 1483.1667 466.8315 815.9736
v 1479.7249 466.8315 816.6093
v 1483.3483 466.8617 816.9578
v 1479.9062 466.8617 817.5920
v 1483.5294 466.8919 817.9422
v 1480.0870 466.8919 818.5745
v 1483.7100 466.9220 818.9270
v 1480.2671 466.9220 819.5569
v 1483.8898 466.9522 819.9120
v 1480.4465 466.9522 820.5394
v 1484.0689 466.9824 820.8971
v 1480.6252 466.9824 821.5221
v 1484.2474 467.0126 821.8821
v 1480.8033 467.0126 822.5050
v 1484.4253 467.0428 822.8671
v 1480.9808 467.0428 823.4882
v 1484.6026 467.0730 823.8523
v 1481.1578 467.0730 824.4714
v 1484.7794 467.1032 824.8374
v 1481.3343 467.1032 825.4548
v 1484.9557 467.1334 825.8223
v 1481.5104 467.1334 826.4386
v 1485.1317 467.1637 826.8071
v 1481.6862 467.1637 827.4226
v 1485.3075 467.1939 827.7920
v 1481.8619 467.1939 828.4065
v 1485.4831 467.2241 828.7774
v 1482.0371 467.2241 829.3902
v 1485.6581 467.2543 829.7633
v 1482.2117 467.2543 830.3735
v 1485.8322 467.2844 830.7498
v 1482.3852 467.2844 831.3565
v 1486.0055 467.3146 831.7369
v 1482.5577 467.3146 832.3393
v 1486.1773 467.3447 832.7245
v 1482.7287 467.3447 833.3221
v 1486.3478 467.3748 833.7126
v 1482.8983 467.3748 834.3048
v 1486.5167 467.4049 834.7014
v 1483.0661 467.4049 835.2875
v 1486.6838 467.4351 835.6906
v 1483.2321 467.4351 836.2703
v 1486.8490 467.4652 836.6802
v 1483.3963 467.4652 837.2534
v 1487.0124 467.4953 837.6703
v 1483.5585 467.4953 838.2366
v 1487.1738 467.5255 838.6612
v 1483.7187 467.5255 839.2197
v 1487.3334 467.5556 839.6525
v 1483.8759 467.5556 840.2031
v 1487.4913 467.5858 840.6443
v 1484.0302 467.5858 841.1868
v 1487.6474 467.6160 841.6366
v 1484.1813 467.6160 842.1707
v 1487.8015 467.6461 842.6296
v 1484.3292 467.6461 843.1547
v 1487.9534 467.6763 843.6237
v 1484.4734 467.6763 844.1385
v 1488.1026 467.7064 844.6189
v 1484.6134 467.7064 845.1222
v 1488.2488 467.7365 845.6146
v 1484.7492 467.7365 846.1065
v 1488.3921 467.7666 846.6120
v 1484.8807 467.7666 847.0901
v 1488.5312 467.7967 847.6115
v 1485.0064 467.7967 848.0728
v 1488.6657 467.8269 848.6128
v 1485.1261 467.8269 849.0552
v 1488.7946 467.8571 849.6157
v 1485.2391 467.8571 850.0374
v 1488.9177 467.8873 850.6203
v 1485.3451 467.8873 851.0195
v 1489.0344 467.9176 851.6270
v 1485.4436 467.9176 852.0009
v 1489.1437 467.9479 852.6369
v 1485.5334 467.9479 852.9808
v 1489.2441 467.9782 853.6497
v 1485.6131 467.9782 853.9595
v 1489.3348 468.0086 854.6653
v 1485.6823 468.0086 854.9370
v 1489.4144 468.0390 855.6844
v 1485.7394 468.0390 855.9126
v 1489.4815 468.0695 856.7068
v 1485.7834 468.0695 856.8862
v 1489.5346 468.1001 857.7325
v 1485.8129 468.1001 857.8579
v 1489.5725 468.1307 858.7610
v 1485.8270 468.1307 858.8275
v 1489.5939 468.1614 859.7921
v 1485.8247 468.1614 859.7952
v 1489.5977 468.1922 860.8246
v 1485.8052 468.1922 860.7613
v 1489.5836 468.2231 861.8576
v 1485.7682 468.2231 861.7263
v 1489.5516 468.2541 862.8906
v 1485.7139 468.2541 862.6901
v 1489.5011 468.2852 863.9243
v 1485.6422 468.2852 863.6513
v 1489.4307 468.3164 864.9585
v 1485.5528 468.3164 864.6092
v 1489.3394 468.3477 865.9925
v 1485.4453 468.3477 865.5638
v 1489.2267 468.3792 867.0253
v 1485.3195 468.3792 866.5151
v 1489.0920 468.4107 868.0569
v 1485.1753 468.4107 867.4620
v 1488.9341 468.4423 869.0876
v 1485.0121 468.4423 868.4031
v 1488.7514 468.4741 870.1167
v 1484.8290 468.4741 869.3380
v 1488.5431 468.5059 871.1425
v 1484.6251 468.5059 870.2669
v 1488.3089 468.5378 872.1638
v 1484.4002 468.5378 871.1896
v 1488.0480 468.5699 873.1802
v 1484.1541 468.5699 872.1051
v 1487.7598 468.6020 874.1909
v 1483.8862 468.6020 873.0127
v 1487.4440 468.6342 875.1940
v 1483.5959 468.6342 873.9125
v 1487.1005 468.6665 876.1896
v 1483.2837 468.6665 874.8033
v 1486.7278 468.6989 877.1768
v 1482.9487 468.6989 875.6833
v 1486.3263 468.7314 878.1535
v 1482.5902 468.7314 876.5530
v 1485.8966 468.7640 879.1171
v 1482.2076 468.7640 877.4132
v 1485.4401 468.7966 880.0680
v 1481.8022 468.7966 878.2634
v 1484.9555 468.8293 881.0065
v 1481.3743 468.8293 879.1008
v 1484.4439 468.8621 881.9297
v 1480.9226 468.8621 879.9265
v 1483.9076 468.8950 882.8363
v 1480.4477 468.8950 880.7418
v 1483.3474 468.9279 883.7273
v 1479.9511 468.9279 881.5453
v 1482.7638 468.9609 884.6017
v 1479.4329 468.9609 882.3364
v 1482.1581 468.9940 885.4600
v 1478.8945 468.9940 883.1149
v 1481.5312 469.0271 886.3002
v 1478.3348 469.0271 883.8814
v 1480.8879 469.0604 887.1212
v 1477.7542 469.0604 884.6393
v 1480.2290 469.0936 887.9264
v 1477.1563 469.0936 885.3873
v 1479.5551 469.1270 888.7156
v 1476.5413 469.1270 886.1253
v 1478.8706 469.1604 889.4883
v 1475.9093 469.1604 886.8568
v 1478.1769 469.1938 890.2480
v 1475.2638 469.1938 887.5814
v 1477.4733 469.2274 890.9967
v 1474.6070 469.2274 888.2977
v 1476.7595 469.2610 891.7358
v 1473.9401 469.2610 889.0046
v 1476.0330 469.2948 892.4670
v 1473.2653 469.2948 889.6992
v 1475.2914 469.3286 893.1885
v 1472.5813 469.3286 890.3786
v 1474.5351 469.3626 893.8981
v 1471.8864 469.3626 891.0427
v 1473.7631 469.3966 894.5946
v 1471.1800 469.3966 891.6900
v 1472.9754 469.4307 895.2755
v 1470.4606 469.4307 892.3202
v 1472.1734 469.4649 895.9398
v 1469.7270 469.4649 892.9340
v 1471.3578 469.4992 896.5867
v 1468.9793 469.4992 893.5313
v 1470.5319 469.5336 897.2141
v 1468.2150 469.5336 894.1145
v 1469.6995 469.5680 897.8246
v 1467.4360 469.5680 894.6865
v 1468.8591 469.6026 898.4207
v 1466.6456 469.6026 895.2466
v 1468.0107 469.6372 899.0036
v 1465.8454 469.6372 895.7943
v 1467.1538 469.6718 899.5739
v 1465.0366 469.6718 896.3296
v 1466.2877 469.7066 900.1315
v 1464.2202 469.7066 896.8514
v 1465.4123 469.7415 900.6758
v 1463.3962 469.7415 897.3595
v 1464.5265 469.7765 901.2067
v 1462.5657 469.7765 897.8527
v 1463.6294 469.8116 901.7228
v 1461.7285 469.8116 898.3297
v 1462.7216 469.8468 902.2227
v 1460.8837 469.8468 898.7901
v 1461.8030 469.8820 902.7057
v 1460.0316 469.8820 899.2333
v 1460.8757 469.9174 903.1694
v 1459.1697 469.9174 899.6595
v 1459.9418 469.9528 903.6154
v 1458.2983 469.9528 900.0708
v 1458.9983 469.9884 904.0449
v 1457.4209 469.9884 900.4653
v 1458.0445 470.0240 904.4566
v 1456.5381 470.0240 900.8414
v 1457.0812 470.0597 904.8487
v 1455.6489 470.0597 901.1987
v 1456.1097 470.0955 905.2207
v 1454.7529 470.0955 901.5370
v 1455.1299 470.1315 905.5721
v 1453.8507 470.1315 901.8563
v 1454.1404 470.1675 905.9029
v 1452.9446 470.1675 902.1554
v 1453.1408 470.2037 906.2105
v 1452.0340 470.2037 902.4323
v 1452.1357 470.2399 906.4933
v 1451.1153 470.2399 902.6881
v 1451.1276 470.2762 906.7527
v 1450.1879 470.2762 902.9250
v 1450.1158 470.3127 906.9905
v 1449.2543 470.3127 903.1437
v 1449.0992 470.3492 907.2071
v 1448.3166 470.3492 903.3440
v 1448.0781 470.3859 907.4021
v 1447.3750 470.3859 903.5256
v 1447.0528 470.4226 907.5757
v 1446.4305 470.4226 903.6887
v 1446.0235 470.4595 907.7270
v 1445.4836 470.4595 903.8326
v 1444.9913 470.4964 907.8557
v 1444.5340 470.4964 903.9573
v 1443.9552 470.5335 907.9622
v 1443.5835 470.5335 904.0629
v 1442.9149 470.5707 908.0445
v 1442.6330 470.5707 904.1476
v 1441.8738 470.6080 908.1020
v 1441.6799 470.6080 904.2113
v 1440.8332 470.6454 908.1359
v 1440.7239 470.6454 904.2552
v 1439.7927 470.6830 908.1465
v 1439.7665 470.6830 904.2793
v 1438.7536 470.7206 908.1343
v 1438.8076 470.7206 904.2838
v 1437.7155 470.7584 908.1002
v 1437.8481 470.7584 904.2696
v 1436.6797 470.7963 908.0442
v 1436.8875 470.7963 904.2357
v 1435.6477 470.8343 907.9685
v 1435.9252 470.8343 904.1834
v 1434.6183 470.8724 907.8742
v 1434.9628 470.8724 904.1135
v 1433.5918 470.9107 907.7614
v 1434.0005 470.9107 904.0260
v 1432.5692 470.9491 907.6312
v 1433.0380 470.9491 903.9217
v 1431.5505 470.9877 907.4847
v 1432.0757 470.9877 903.8015
v 1430.5356 471.0264 907.3226
v 1431.1138 471.0264 903.6660
v 1429.5250 471.0653 907.1459
v 1430.1523 471.0653 903.5158
v 1428.5192 471.1042 906.9560
v 1429.1904 471.1042 903.3518
v 1427.5180 471.1434 906.7543
v 1428.2284 471.1434 903.1754
v 1426.5211 471.1827 906.5419
v 1427.2662 471.1827 902.9873
v 1425.5292 471.2220 906.3205
v 1426.3031 471.2220 902.7887
v 1424.5416 471.2616 906.0918
v 1425.3390 471.2616 902.5814
v 1423.5576 471.3012 905.8570
v 1424.3745 471.3012 902.3663
v 1422.5765 471.3410 905.6172
v 1423.4096 471.3410 902.1446
v 1421.5980 471.3810 905.3731
v 1422.4447 471.3810 901.9171
v 1420.6219 471.4211 905.1256
v 1421.4793 471.4211 901.6844
v 1419.6481 471.4614 904.8757
v 1420.5133 471.4614 901.4474
v 1418.6760 471.5018 904.6242
v 1419.5469 471.5018 901.2070
v 1417.7053 471.5424 904.3716
v 1418.5801 471.5424 900.9637
v 1416.7357 471.5832 904.1186
v 1417.6128 471.5832 900.7180
v 1415.7675 471.6241 903.8658
v 1416.6447 471.6241 900.4705
v 1414.7999 471.6652 903.6139
v 1415.6758 471.6652 900.2221
v 1413.8325 471.7065 903.3630
v 1414.7067 471.7065 899.9731
v 1412.8653 471.7479 903.1134
v 1413.7371 471.7479 899.7237
v 1411.8982 471.7895 902.8651
v 1412.7671 471.7895 899.4747
v 1410.9310 471.8312 902.6177
v 1411.7967 471.8312 899.2265
v 1409.9639 471.8731 902.3714
v 1410.8257 471.8731 898.9791
v 1408.9964 471.9152 902.1262
v 1409.8544 471.9152 898.7330
v 1408.0285 471.9575 901.8820
v 1408.8832 471.9575 898.4879
v 1407.0603 472.0000 901.6387
v 1407.9117 472.0000 898.2438
v 1406.0915 472.0428 901.3962
v 1406.9403 472.0428 898.0007
v 1405.1226 472.0857 901.1543
v 1405.9687 472.0857 897.7581
v 1404.1537 472.1289 900.9134
v 1404.9968 472.1289 897.5165
v 1403.1840 472.1723 900.6731
v 1404.0252 472.1723 897.2757
v 1402.2137 472.2159 900.4331
v 1403.0540 472.2159 897.0354
v 1401.2432 472.2598 900.1931
v 1402.0829 472.2598 896.7954
v 1400.2725 472.3038 899.9533
v 1401.1120 472.3038 896.5555
v 1399.3017 472.3481 899.7135
v 1400.1412 472.3481 896.3156
v 1398.3307 472.3925 899.4735
v 1399.1706 472.3925 896.0758
v 1397.3598 472.4372 899.2335
v 1398.2000 472.4372 895.8358
v 1396.3891 472.4821 898.9934
v 1397.2292 472.4821 895.5957
v 1395.4187 472.5273 898.7535
v 1396.2581 472.5273 895.3557
v 1394.4484 472.5726 898.5140
v 1395.2866 472.5726 895.1158
v 1393.4783 472.6181 898.2749
v 1394.3148 472.6181 894.8764
v 1392.5083 472.6639 898.0365
v 1393.3427 472.6639 894.6374
v 1391.5381 472.7099 897.7986
v 1392.3704 472.7099 894.3991
v 1390.5676 472.7561 897.5614
v 1391.3981 472.7561 894.1613
v 1389.5971 472.8026 897.3246
v 1390.4256 472.8026 893.9241
v 1388.6265 472.8493 897.0884
v 1389.4529 472.8493 893.6873
v 1387.6557 472.8962 896.8528
v 1388.4801 472.8962 893.4513
v 1386.6846 472.9433 896.6177
v 1387.5074 472.9433 893.2158
v 1385.7134 472.9906 896.3831
v 1386.5345 472.9906 892.9807
v 1384.7421 473.0380 896.1489
v 1385.5615 473.0380 892.7462
v 1383.7706 473.0857 895.9152
v 1384.5885 473.0857 892.5121
v 1382.7991 473.1336 895.6819
v 1383.6153 473.1336 892.2784
v 1381.8273 473.1816 895.4492
v 1382.6420 473.1816 892.0454
v 1380.8551 473.2299 895.2166
v 1381.6692 473.2299 891.8126
v 1379.8831 473.2784 894.9842
v 1380.6960 473.2784 891.5800
v 1378.9111 473.3270 894.7524
v 1379.7226 473.3270 891.3477
v 1377.9390 473.3759 894.5209
v 1378.7490 473.3759 891.1159
v 1376.9670 473.4251 894.2899
v 1377.7752 473.4251 890.8845
v 1375.9951 473.4744 894.0596
v 1376.8011 473.4744 890.6536
v 1375.0232 473.5240 893.8299
v 1375.8265 473.5240 890.4233
v 1374.0516 473.5737 893.6013
v 1374.8513 473.5737 890.1939
v 1373.0799 473.6237 893.3738
v 1373.8757 473.6237 889.9655
v 1372.1083 473.6738 893.1476
v 1372.8994 473.6738 889.7381
v 1371.1367 473.7241 892.9230
v 1371.9224 473.7241 889.5123
v 1370.1644 473.7747 892.6997
v 1370.9454 473.7747 889.2880
v 1369.1918 473.8253 892.4777
v 1369.9682 473.8253 889.0649
v 1368.2191 473.8762 892.2572
v 1368.9904 473.8762 888.8432
v 1367.2460 473.9273 892.0381
v 1368.0123 473.9273 888.6230
v 1366.2727 473.9785 891.8204
v 1367.0339 473.9785 888.4042
v 1365.2991 474.0300 891.6043
v 1366.0550 474.0300 888.1869
v 1364.3251 474.0817 891.3896
v 1365.0759 474.0817 887.9711
v 1363.3513 474.1335 891.1765
v 1364.0959 474.1335 887.7567
v 1362.3775 474.1855 890.9661
v 1363.1151 474.1855 887.5436
v 1361.4034 474.2376 890.7584
v 1362.1336 474.2376 887.3321
v 1360.4294 474.2900 890.5538
v 1361.1511 474.2900 887.1222
v 1359.4558 474.3425 890.3530
v 1360.1669 474.3425 886.9144
v 1358.4824 474.3953 890.1566
v 1359.1811 474.3953 886.7093
v 1357.5094 474.4481 889.9654
v 1358.1932 474.4481 886.5076
v 1356.5363 474.5012 889.7799
v 1357.2035 474.5012 886.3100
v 1355.5628 474.5544 889.6007
v 1356.2121 474.5544 886.1171
v 1354.5888 474.6079 889.4279
v 1355.2190 474.6079 885.9291
v 1353.6146 474.6616 889.2621
v 1354.2240 474.6616 885.7467
v 1352.6396 474.7154 889.1035
v 1353.2273 474.7154 885.5703
v 1351.6636 474.7695 888.9523
v 1352.2295 474.7695 885.4002
v 1350.6872 474.8238 888.8084
v 1351.2300 474.8238 885.2362
v 1349.7111 474.8783 888.6726
v 1350.2279 474.8783 885.0791
v 1348.7360 474.9331 888.5457
v 1349.2225 474.9331 884.9296
v 1347.7623 474.9881 888.4291
v 1348.2133 474.9881 884.7893
v 1346.7894 475.0433 888.3239
v 1347.2006 475.0433 884.6596
v 1345.8174 475.0987 888.2310
v 1346.1844 475.0987 884.5415
v 1344.8470 475.1543 888.1514
v 1345.1642 475.1543 884.4364
v 1343.8780 475.2101 888.0864
v 1344.1403 475.2101 884.3459
v 1342.9104 475.2660 888.0371
v 1343.1129 475.2660 884.2711
v 1341.9439 475.3221 888.0043
v 1342.0826 475.3221 884.2134
v 1340.9790 475.3784 887.9885
v 1341.0497 475.3784 884.1736
v 1340.0166 475.4349 887.9908
v 1340.0137 475.4349 884.1528
v 1339.0574 475.4914 888.0124
v 1338.9748 475.4914 884.1527
v 1338.1010 475.5481 888.0538
v 1337.9342 475.5481 884.1753
v 1337.1469 475.6050 888.1155
v 1336.8934 475.6050 884.2212
v 1336.1952 475.6620 888.1976
v 1335.8530 475.6620 884.2911
v 1335.2464 475.7190 888.3003
v 1334.8137 475.7190 884.3851
v 1334.3006 475.7763 888.4239
v 1333.7763 475.7763 884.5037
v 1333.3578 475.8336 888.5682
v 1332.7419 475.8336 884.6468
v 1332.4186 475.8911 888.7331
v 1331.7112 475.8911 884.8144
v 1331.4837 475.9486 888.9183
v 1330.6842 475.9486 885.0065
v 1330.5546 476.0063 889.1239
v 1329.6609 476.0063 885.2236
v 1329.6322 476.0640 889.3503
v 1328.6418 476.0640 885.4667
v 1328.7162 476.1218 889.5985
v 1327.6287 476.1218 885.7362
v 1327.8059 476.1797 889.8680
v 1326.6232 476.1797 886.0315
v 1326.9023 476.2376 890.1588
v 1325.6254 476.2376 886.3526
v 1326.0059 476.2957 890.4707
v 1324.6362 476.2957 886.6994
v 1325.1165 476.3538 890.8036
v 1323.6566 476.3538 887.0714
v 1324.2345 476.4121 891.1573
v 1322.6872 476.4121 887.4681
v 1323.3600 476.4705 891.5315
v 1321.7290 476.4705 887.8888
v 1322.4942 476.5290 891.9250
v 1320.7813 476.5290 888.3330
v 1321.6377 476.5876 892.3384
v 1319.8453 476.5876 888.8013
v 1320.7902 476.6463 892.7714
v 1318.9218 476.6463 889.2924
v 1319.9524 476.7052 893.2236
v 1318.0111 476.7052 889.8062
v 1319.1236 476.7641 893.6953
v 1317.1146 476.7641 890.3416
v 1318.3043 476.8230 894.1858
v 1316.2319 476.8230 890.8971
v 1317.4949 476.8821 894.6954
v 1315.3631 476.8821 891.4717
v 1316.6947 476.9413 895.2233
v 1314.5084 476.9413 892.0638
v 1315.9047 477.0006 895.7683
v 1313.6671 477.0006 892.6727
v 1315.1244 477.0601 896.3306
v 1312.8398 477.0601 893.2977
v 1314.3528 477.1196 896.9093
v 1312.0266 477.1196 893.9366
v 1313.5898 477.1793 897.5031
v 1311.2266 477.1793 894.5884
v 1312.8349 477.2391 898.1114
v 1310.4394 477.2391 895.2519
v 1312.0874 477.2990 898.7332
v 1309.6644 477.2990 895.9256
v 1311.3465 477.3591 899.3676
v 1308.9010 477.3591 896.6081
v 1310.6108 477.4192 900.0138
v 1308.1484 477.4192 897.2972
v 1309.8791 477.4795 900.6702
v 1307.4054 477.4795 897.9912
v 1309.1507 477.5399 901.3351
v 1306.6702 477.5399 898.6889
v 1308.4251 477.6004 902.0072
v 1305.9413 477.6004 899.3895
v 1307.7018 477.6610 902.6853
v 1305.2177 477.6610 900.0919
v 1306.9798 477.7218 903.3683
v 1304.4981 477.7218 900.7951
v 1306.2588 477.7828 904.0553
v 1303.7815 477.7828 901.4986
v 1305.5385 477.8439 904.7451
v 1303.0668 477.8439 902.2018
v 1304.8187 477.9051 905.4371
v 1302.3531 477.9051 902.9045
v 1304.0990 477.9665 906.1310
v 1301.6402 477.9665 903.6061
v 1303.3786 478.0281 906.8263
v 1300.9275 478.0281 904.3059
v 1302.6571 478.0898 907.5225
v 1300.2145 478.0898 905.0033
v 1301.9341 478.1517 908.2188
v 1299.5003 478.1517 905.6979
v 1301.2096 478.2138 908.9146
v 1298.7844 478.2138 906.3895
v 1300.4829 478.2759 909.6097
v 1298.0666 478.2759 907.0776
v 1299.7537 478.3382 910.3031
v 1297.3465 478.3382 907.7624
v 1299.0217 478.4007 910.9941
v 1296.6241 478.4007 908.4443
v 1298.2871 478.4633 911.6822
v 1295.8992 478.4633 909.1233
v 1297.5499 478.5261 912.3676
v 1295.1717 478.5261 909.7997
v 1296.8099 478.5890 913.0503
v 1294.4417 478.5890 910.4731
v 1296.0670 478.6522 913.7302
v 1293.7093 478.6522 911.1435
v 1295.3211 478.7155 914.4072
v 1292.9743 478.7155 911.8106
v 1294.5724 478.7790 915.0811
v 1292.2365 478.7790 912.4746
v 1293.8209 478.8427 915.7516
v 1291.4958 478.8427 913.1356
v 1293.0671 478.9066 916.4190
v 1290.7522 478.9066 913.7939
v 1292.3109 478.9707 917.0833
v 1290.0058 478.9707 914.4495
v 1291.5526 479.0349 917.7446
v 1289.2568 479.0349 915.1027
v 1290.7925 479.0992 918.4027
v 1288.5050 479.0992 915.7537
v 1290.0314 479.1638 919.0581
v 1287.7506 479.1638 916.4034
v 1289.2695 479.2284 919.7112
v 1286.9940 479.2284 917.0519
v 1288.5068 479.2932 920.3627
v 1286.2360 479.2932 917.6994
v 1287.7434 479.3582 921.0125
v 1285.4764 479.3582 918.3459
v 1286.9798 479.4233 921.6609
v 1284.7155 479.4233 918.9920
v 1286.2162 479.4885 922.3082
v 1283.9535 479.4885 919.6380
v 1285.4525 479.5540 922.9551
v 1283.1911 479.5540 920.2838
v 1284.6885 479.6196 923.6016
v 1282.4283 479.6196 920.9292
v 1283.9240 479.6853 924.2478
v 1281.6654 479.6853 921.5741
v 1283.1591 479.7512 924.8935
v 1280.9020 479.7512 922.2185
v 1282.3941 479.8172 925.5387
v 1280.1382 479.8172 922.8627
v 1281.6287 479.8833 926.1837
v 1279.3742 479.8833 923.5065
v 1280.8628 479.9494 926.8282
v 1278.6099 479.9494 924.1498
v 1280.0966 480.0157 927.4724
v 1277.8452 480.0157 924.7926
v 1279.3300 480.0819 928.1161
v 1277.0801 480.0819 925.4350
v 1278.5632 480.1483 928.7591
v 1276.3145 480.1483 926.0771
v 1277.7963 480.2147 929.4020
v 1275.5487 480.2147 926.7191
v 1277.0287 480.2812 930.0447
v 1274.7828 480.2812 927.3603
v 1276.2603 480.3477 930.6871
v 1274.0168 480.3477 928.0007
v 1275.4904 480.4143 931.3294
v 1273.2510 480.4143 928.6396
v 1274.7185 480.4809 931.9708
v 1272.4846 480.4809 929.2764
v 1273.9443 480.5476 932.6112
v 1271.7178 480.5476 929.9107
v 1273.1667 480.6144 933.2502
v 1270.9502 480.6144 930.5414
v 1272.3852 480.6813 933.8869
v 1270.1812 480.6813 931.1680
v 1271.5995 480.7483 934.5207
v 1269.4103 480.7483 931.7896
v 1270.8088 480.8153 935.1508
v 1268.6368 480.8153 932.4056
v 1270.0131 480.8825 935.7764
v 1267.8601 480.8825 933.0156
v 1269.2122 480.9496 936.3966
v 1267.0796 480.9496 933.6192
v 1268.4065 481.0168 937.0108
v 1266.2945 481.0168 934.2169
v 1267.5963 481.0840 937.6190
v 1265.5050 481.0840 934.8086
v 1266.7814 481.1513 938.2211
v 1264.7110 481.1513 935.3942
v 1265.9621 481.2187 938.8169
v 1263.9125 481.2187 935.9739
v 1265.1386 481.2861 939.4065
v 1263.1095 481.2861 936.5479
v 1264.3107 481.3536 939.9901
v 1262.3024 481.3536 937.1157
v 1263.4781 481.4212 940.5678
v 1261.4915 481.4212 937.6773
v 1262.6402 481.4889 941.1393
v 1260.6769 481.4889 938.2318
v 1261.7968 481.5567 941.7041
v 1259.8583 481.5567 938.7790
v 1260.9480 481.6245 942.2618
v 1259.0354 481.6245 939.3187
v 1260.0934 481.6924 942.8121
v 1258.2083 481.6924 939.8502
v 1259.2333 481.7604 943.3543
v 1257.3763 481.7604 940.3735
v 1258.3682 481.8285 943.8880
v 1256.5392 481.8285 940.8889
v 1257.4985 481.8967 944.4134
v 1255.6968 481.8967 941.3966
v 1256.6244 481.9649 944.9307
v 1254.8494 481.9649 941.8967
v 1255.7462 482.0333 945.4399
v 1253.9972 482.0333 942.3896
v 1254.8641 482.1016 945.9414
v 1253.1403 482.1016 942.8754
v 1253.9779 482.1701 946.4355
v 1252.2793 482.1701 943.3541
v 1253.0872 482.2386 946.9223
v 1251.4146 482.2386 943.8251
v 1252.1921 482.3071 947.4014
v 1250.5461 482.3071 944.2886
v 1251.2926 482.3758 947.8727
v 1249.6738 482.3758 944.7442
v 1250.3883 482.4445 948.3361
v 1248.7980 482.4445 945.1917
v 1249.4796 482.5132 948.7908
v 1247.9181 482.5132 945.6310
v 1248.5668 482.5820 949.2372
v 1247.0342 482.5820 946.0624
v 1247.6498 482.6509 949.6748
v 1246.1463 482.6509 946.4855
v 1246.7294 482.7199 950.1040
v 1245.2542 482.7199 946.9010
v 1245.8053 482.7889 950.5248
v 1244.3583 482.7889 947.3086
v 1244.8777 482.8579 950.9374
v 1243.4586 482.8579 947.7085
v 1243.9470 482.9270 951.3417
v 1242.5552 482.9270 948.1008
v 1243.0123 482.9961 951.7386
v 1241.6493 482.9961 948.4854
v 1242.0731 483.0653 952.1269
v 1240.7404 483.0653 948.8611
v 1241.1305 483.1345 952.5065
v 1239.8282 483.1345 949.2285
v 1240.1834 483.2038 952.8776
v 1238.9135 483.2038 949.5869
v 1239.2322 483.2731 953.2392
v 1237.9956 483.2731 949.9358
v 1238.2778 483.3424 953.5910
v 1237.0739 483.3424 950.2755
v 1237.3204 483.4118 953.9335
v 1236.1486 483.4118 950.6064
v 1236.3599 483.4812 954.2666
v 1235.2198 483.4812 950.9284
v 1235.3967 483.5506 954.5906
v 1234.2876 483.5506 951.2419
v 1234.4310 483.6202 954.9057
v 1233.3522 483.6202 951.5468
v 1233.4634 483.6897 955.2118
v 1232.4132 483.6897 951.8437
v 1232.4937 483.7592 955.5100
v 1231.4714 483.7592 952.1330
v 1231.5213 483.8288 955.8001
v 1230.5275 483.8288 952.4142
v 1230.5458 483.8984 956.0821
v 1229.5818 483.8984 952.6872
v 1229.5675 483.9681 956.3554
v 1228.6340 483.9681 952.9515
v 1228.5871 484.0378 956.6199
v 1227.6836 484.0378 953.2072
v 1227.6046 484.1075 956.8758
v 1226.7309 484.1075 953.4546
v 1226.6197 484.1772 957.1232
v 1225.7762 484.1772 953.6934
v 1225.6326 484.2470 957.3619
v 1224.8194 484.2470 953.9236
v 1224.6431 484.3168 957.5920
v 1223.8608 484.3168 954.1451
v 1223.6517 484.3866 957.8130
v 1222.9001 484.3866 954.3577
v 1222.6585 484.4564 958.0254
v 1221.9375 484.4564 954.5617
v 1221.6632 484.5263 958.2290
v 1220.9733 484.5263 954.7568
v 1220.6657 484.5961 958.4236
v 1220.0077 484.5961 954.9429
v 1219.6661 484.6659 958.6089
v 1219.0408 484.6659 955.1197
v 1218.6645 484.7358 958.7847
v 1218.0724 484.7358 955.2871
v 1217.6611 484.8056 958.9509
v 1217.1027 484.8056 955.4451
v 1216.6562 484.8755 959.1073
v 1216.1314 484.8755 955.5936
v 1215.6503 484.9453 959.2539
v 1215.1582 484.9453 955.7329
v 1214.6430 485.0151 959.3912
v 1214.1838 485.0151 955.8631
v 1213.6342 485.0850 959.5189
v 1213.2085 485.0850 955.9841
v 1212.6241 485.1548 959.6369
v 1212.2322 485.1548 956.0957
v 1211.6126 485.2247 959.7450
v 1211.2552 485.2247 956.1979
v 1210.5996 485.2945 959.8430
v 1210.2777 485.2945 956.2904
v 1209.5850 485.3644 959.9309
v 1209.3000 485.3644 956.3730
v 1208.5683 485.4342 960.0078
v 1208.3229 485.4342 956.4450
v 1207.5504 485.5040 960.0729
v 1207.3452 485.5040 956.5057
v 1206.5314 485.5738 960.1268
v 1206.3675 485.5738 956.5556
v 1205.5115 485.6437 960.1684
v 1205.3896 485.6437 956.5936
v 1204.4918 485.7135 960.1982
v 1204.4108 485.7135 956.6205
v 1203.4720 485.7833 960.2164
v 1203.4313 485.7833 956.6361
v 1202.4524 485.8530 960.2233
v 1202.4515 485.8530 956.6408
v 1201.4336 485.9228 960.2189
v 1201.4708 485.9228 956.6347
v 1200.4152 485.9926 960.2042
v 1200.4899 485.9926 956.6185
v 1199.3973 486.0624 960.1786
v 1199.5088 486.0624 956.5918
v 1198.3798 486.1323 960.1431
v 1198.5281 486.1323 956.5553
v 1197.3624 486.2021 960.0967
v 1197.5482 486.2021 956.5085
v 1196.3457 486.2719 960.0400
v 1196.5685 486.2719 956.4516
v 1195.3297 486.3418 959.9728
v 1195.5895 486.3418 956.3846
v 1194.3145 486.4116 959.8952
v 1194.6112 486.4116 956.3076
v 1193.2998 486.4814 959.8072
v 1193.6339 486.4814 956.2206
v 1192.2861 486.5512 959.7086
v 1192.6577 486.5512 956.1234
v 1191.2738 486.6211 959.5995
v 1191.6822 486.6211 956.0161
v 1190.2622 486.6909 959.4800
v 1190.7082 486.6909 955.8990
v 1189.2511 486.7606 959.3496
v 1189.7365 486.7606 955.7718
v 1188.2407 486.8304 959.2076
v 1188.7672 486.8304 955.6338
v 1187.2312 486.9002 959.0536
v 1187.8003 486.9002 955.4850
v 1186.2229 486.9700 958.8870
v 1186.8362 486.9700 955.3247
v 1185.2169 487.0397 958.7075
v 1185.8741 487.0397 955.1526
v 1184.2132 487.1094 958.5156
v 1184.9140 487.1094 954.9691
v 1183.2118 487.1791 958.3109
v 1183.9564 487.1791 954.7741
v 1182.2131 487.2488 958.0935
v 1183.0011 487.2488 954.5675
v 1181.2171 487.3185 957.8633
v 1182.0486 487.3185 954.3496
v 1180.2243 487.3881 957.6202
v 1181.0987 487.3881 954.1200
v 1179.2347 487.4577 957.3647
v 1180.1515 487.4577 953.8791
v 1178.2477 487.5273 957.0965
v 1179.2083 487.5273 953.6267
v 1177.2638 487.5968 956.8150
v 1178.2690 487.5968 953.3620
v 1176.2839 487.6663 956.5205
v 1177.3330 487.6663 953.0851
v 1175.3075 487.7357 956.2129
v 1176.4011 487.7357 952.7962
v 1174.3362 487.8051 955.8922
v 1175.4726 487.8051 952.4945
v 1173.3704 487.8745 955.5599
v 1174.5463 487.8745 952.1809
v 1172.4097 487.9438 955.2164
v 1173.6226 487.9438 951.8561
v 1171.4542 488.0131 954.8627
v 1172.7012 488.0131 951.5206
v 1170.5037 488.0824 954.4994
v 1171.7819 488.0824 951.1752
v 1169.5577 488.1516 954.1273
v 1170.8649 488.1516 950.8206
v 1168.6169 488.2208 953.7474
v 1169.9493 488.2208 950.4569
v 1167.6802 488.2899 953.3609
v 1169.0353 488.2899 950.0860
v 1166.7464 488.3590 952.9672
v 1168.1243 488.3590 949.7080
v 1165.8161 488.4280 952.5666
v 1167.2156 488.4280 949.3228
v 1164.8895 488.4970 952.1600
v 1166.3089 488.4970 948.9308
v 1163.9662 488.5659 951.7477
v 1165.4041 488.5659 948.5323
v 1163.0461 488.6347 951.3303
v 1164.5010 488.6347 948.1277
v 1162.1291 488.7035 950.9082
v 1163.5996 488.7035 947.7175
v 1161.2149 488.7723 950.4818
v 1162.6997 488.7723 947.3020
v 1160.3036 488.8409 950.0519
v 1161.8009 488.8409 946.8815
v 1159.3947 488.9095 949.6190
v 1160.9031 488.9095 946.4567
v 1158.4878 488.9780 949.1833
v 1160.0066 488.9780 946.0281
v 1157.5824 489.0465 948.7449
v 1159.1114 489.0465 945.5959
v 1156.6785 489.1149 948.3038
v 1158.2176 489.1149 945.1604
v 1155.7761 489.1832 947.8602
v 1157.3252 489.1832 944.7217
v 1154.8748 489.2514 947.4136
v 1156.4345 489.2514 944.2803
v 1153.9749 489.3196 946.9636
v 1155.5457 489.3196 943.8359
v 1153.0769 489.3877 946.5106
v 1154.6580 489.3877 943.3881
v 1152.1806 489.4557 946.0550
v 1153.7715 489.4557 942.9375
v 1151.2857 489.5237 945.5965
v 1152.8865 489.5237 942.4840
v 1150.3923 489.5916 945.1352
v 1152.0028 489.5916 942.0278
v 1149.5003 489.6593 944.6712
v 1151.1206 489.6593 941.5688
v 1148.6101 489.7271 944.2044
v 1150.2395 489.7271 941.1068
v 1147.7214 489.7947 943.7354
v 1149.3595 489.7947 940.6424
v 1146.8336 489.8622 943.2635
v 1148.4813 489.8622 940.1756
v 1145.9470 489.9296 942.7885
v 1147.6050 489.9296 939.7062
v 1145.0621 489.9970 942.3106
v 1146.7302 489.9970 939.2337
v 1144.1790 490.0643 941.8300
v 1145.8566 490.0643 938.7583
v 1143.2980 490.1315 941.3471
v 1144.9838 490.1315 938.2799
v 1142.4188 490.1986 940.8625
v 1144.1115 490.1986 937.7991
v 1141.5410 490.2657 940.3763
v 1143.2398 490.2657 937.3162
v 1140.6648 490.3326 939.8888
v 1142.3682 490.3326 936.8313
v 1139.7899 490.3995 939.4006
v 1141.4967 490.3995 936.3450
v 1138.9160 490.4663 938.9120
v 1140.6248 490.4663 935.8575
v 1138.0430 490.5331 938.4234
v 1139.7527 490.5331 935.3693
v 1137.1702 490.5997 937.9348
v 1138.8803 490.5997 934.8810
v 1136.2977 490.6662 937.4460
v 1138.0080 490.6662 934.3923
v 1135.4255 490.7326 936.9576
v 1137.1352 490.7326 933.9036
v 1134.5533 490.7989 936.4694
v 1136.2621 490.7989 933.4149
v 1133.6808 490.8651 935.9815
v 1135.3890 490.8651 932.9267
v 1132.8082 490.9312 935.4937
v 1134.5158 490.9312 932.4385
v 1131.9356 490.9973 935.0061
v 1133.6426 490.9973 931.9506
v 1131.0627 491.0633 934.5185
v 1132.7694 491.0633 931.4628
v 1130.1898 491.1291 934.0310
v 1131.8961 491.1291 930.9752
v 1129.3166 491.1949 933.5435
v 1131.0230 491.1949 930.4877
v 1128.4434 491.2605 933.0559
v 1130.1501 491.2605 930.0002
v 1127.5704 491.3261 932.5683
v 1129.2770 491.3261 929.5125
v 1126.6974 491.3916 932.0808
v 1128.4038 491.3916 929.0249
v 1125.8242 491.4570 931.5932
v 1127.5307 491.4570 928.5374
v 1124.9510 491.5222 931.1055
v 1126.6579 491.5222 928.0499
v 1124.0777 491.5873 930.6176
v 1125.7852 491.5873 927.5623
v 1123.2044 491.6524 930.1294
v 1124.9128 491.6524 927.0746
v 1122.3314 491.7173 929.6410
v 1124.0403 491.7173 926.5865
v 1121.4586 491.7821 929.1526
v 1123.1678 491.7821 926.0983
v 1120.5859 491.8468 928.6642
v 1122.2952 491.8468 925.6100
v 1119.7132 491.9114 928.1758
v 1121.4227 491.9114 925.1216
v 1118.8407 491.9759 927.6874
v 1120.5500 491.9759 924.6332
v 1117.9685 492.0404 927.1993
v 1119.6769 492.0404 924.1446
v 1117.0963 492.1047 926.7118
v 1118.8033 492.1047 923.6562
v 1116.2239 492.1690 926.2247
v 1117.9294 492.1690 923.1683
v 1115.3515 492.2331 925.7381
v 1117.0551 492.2331 922.6808
v 1114.4789 492.2971 925.2523
v 1116.1803 492.2971 922.1937
v 1113.6061 492.3610 924.7672
v 1115.3050 492.3610 921.7072
v 1112.7329 492.4247 924.2830
v 1114.4291 492.4247 921.2215
v 1111.8590 492.4884 923.7992
v 1113.5532 492.4884 920.7366
v 1110.9847 492.5520 923.3159
v 1112.6771 492.5520 920.2523
v 1110.1100 492.6156 922.8331
v 1111.8009 492.6156 919.7686
v 1109.2347 492.6790 922.3503
v 1110.9249 492.6790 919.2855
v 1108.3591 492.7423 921.8675
v 1110.0492 492.7423 918.8026
v 1107.4834 492.8055 921.3846
v 1109.1735 492.8055 918.3197
v 1106.6077 492.8686 920.9017
v 1108.2978 492.8686 917.8368
v 1105.7318 492.9316 920.4187
v 1107.4223 492.9316 917.3540
v 1104.8560 492.9944 919.9355
v 1106.5470 492.9944 916.8711
v 1103.9801 493.0572 919.4521
v 1105.6718 493.0572 916.3881
v 1103.1043 493.1199 918.9684
v 1104.7969 493.1199 915.9049
v 1102.2286 493.1825 918.4844
v 1103.9222 493.1825 915.4214
v 1101.3528 493.2451 918.0000
v 1103.0479 493.2451 914.9378
v 1100.4774 493.3075 917.5151
v 1102.1738 493.3075 914.4536
v 1099.6028 493.3698 917.0303
v 1101.2992 493.3698 913.9688
v 1098.7285 493.4320 916.5459
v 1100.4239 493.4320 913.4840
v 1097.8543 493.4941 916.0621
v 1099.5482 493.4941 912.9993
v 1096.9801 493.5561 915.5790
v 1098.6720 493.5561 912.5150
v 1096.1059 493.6180 915.0967
v 1097.7950 493.6180 912.0312
v 1095.2315 493.6798 914.6154
v 1096.9173 493.6798 911.5481
v 1094.3566 493.7415 914.1353
v 1096.0389 493.7415 911.0660
v 1093.4809 493.8032 913.6559
v 1095.1603 493.8032 910.5851
v 1092.6045 493.8647 913.1770
v 1094.2816 493.8647 910.1050
v 1091.7278 493.9261 912.6988
v 1093.4025 493.9261 909.6255
v 1090.8506 493.9874 912.2213
v 1092.5231 493.9874 909.1467
v 1089.9732 494.0486 911.7444
v 1091.6433 494.0486 908.6686
v 1089.0951 494.1098 911.2681
v 1090.7634 494.1098 908.1912
v 1088.2168 494.1708 910.7921
v 1089.8833 494.1708 907.7143
v 1087.3381 494.2318 910.3167
v 1089.0030 494.2318 907.2380
v 1086.4590 494.2926 909.8416
v 1088.1226 494.2926 906.7622
v 1085.5797 494.3534 909.3667
v 1087.2421 494.3534 906.2867
v 1084.7001 494.4141 908.8922
v 1086.3615 494.4141 905.8116
v 1083.8204 494.4747 908.4180
v 1085.4807 494.4747 905.3368
v 1082.9408 494.5351 907.9442
v 1084.5995 494.5351 904.8622
v 1082.0610 494.5955 907.4711
v 1083.7178 494.5955 904.3881
v 1081.1810 494.6558 906.9985
v 1082.8358 494.6558 903.9144
v 1080.3009 494.7160 906.5267
v 1081.9532 494.7160 903.4413
v 1079.4205 494.7761 906.0557
v 1081.0701 494.7761 902.9689
v 1078.5394 494.8361 905.5853
v 1080.1869 494.8361 902.4973
v 1077.6576 494.8961 905.1152
v 1079.3038 494.8961 902.0266
v 1076.7753 494.9559 904.6450
v 1078.4211 494.9559 901.5562
v 1075.8925 495.0157 904.1747
v 1077.5388 495.0157 901.0861
v 1075.0094 495.0754 903.7038
v 1076.6571 495.0754 900.6159
v 1074.1265 495.1349 903.2324
v 1075.7758 495.1349 900.1454
v 1073.2437 495.1944 902.7605
v 1074.8948 495.1944 899.6744
v 1072.3612 495.2537 902.2880
v 1074.0141 495.2537 899.2029
v 1071.4792 495.3129 901.8151
v 1073.1334 495.3129 898.7307
v 1070.5975 495.3721 901.3421
v 1072.2528 495.3721 898.2582
v 1069.7162 495.4311 900.8688
v 1071.3721 495.4311 897.7853
v 1068.8351 495.4900 900.3957
v 1070.4911 495.4900 897.3122
v 1067.9540 495.5488 899.9224
v 1069.6103 495.5488 896.8392
v 1067.0725 495.6075 899.4488
v 1068.7300 495.6075 896.3661
v 1066.1914 495.6661 898.9747
v 1067.8499 495.6661 895.8926
v 1065.3105 495.7245 898.5006
v 1066.9697 495.7245 895.4189
v 1064.4295 495.7829 898.0261
v 1066.0898 495.7829 894.9450
v 1063.5487 495.8411 897.5513
v 1065.2101 495.8411 894.4707
v 1062.6681 495.8993 897.0762
v 1064.3305 495.8993 893.9962
v 1061.7876 495.9573 896.6007
v 1063.4512 495.9573 893.5214
v 1060.9074 496.0152 896.1249
v 1062.5720 496.0152 893.0461
v 1060.0274 496.0730 895.6490
v 1061.6928 496.0730 892.5707
v 1059.1473 496.1307 895.1726
v 1060.8140 496.1307 892.0950
v 1058.2673 496.1883 894.6958
v 1059.9356 496.1883 891.6190
v 1057.3874 496.2457 894.2184
v 1059.0576 496.2457 891.1427
v 1056.5075 496.3030 893.7402
v 1058.1803 496.3030 890.6658
v 1055.6279 496.3602 893.2611
v 1057.3034 496.3602 890.1882
v 1054.7487 496.4173 892.7812
v 1056.4271 496.4173 889.7099
v 1053.8697 496.4743 892.3003
v 1055.5516 496.4743 889.2309
v 1052.9911 496.5311 891.8182
v 1054.6768 496.5311 888.7508
v 1052.1132 496.5878 891.3349
v 1053.8027 496.5878 888.2697
v 1051.2358 496.6444 890.8507
v 1052.9290 496.6444 887.7875
v 1050.3590 496.7008 890.3653
v 1052.0560 496.7008 887.3042
v 1049.4829 496.7572 889.8789
v 1051.1836 496.7572 886.8199
v 1048.6073 496.8134 889.3914
v 1050.3118 496.8134 886.3345
v 1047.7321 496.8696 888.9027
v 1049.4408 496.8696 885.8481
v 1046.8570 496.9256 888.4123
v 1048.5712 496.9256 885.3608
v 1045.9824 496.9816 887.9198
v 1047.7031 496.9816 884.8720
v 1045.1086 497.0374 887.4252
v 1046.8364 497.0374 884.3814
v 1044.2356 497.0931 886.9282
v 1045.9713 497.0931 883.8889
v 1043.3635 497.1486 886.4286
v 1045.1080 497.1486 883.3944
v 1042.4926 497.2041 885.9261
v 1044.2467 497.2041 882.8974
v 1041.6232 497.2594 885.4207
v 1043.3871 497.2594 882.3977
v 1040.7555 497.3147 884.9125
v 1042.5290 497.3147 881.8951
v 1039.8892 497.3698 884.4016
v 1041.6726 497.3698 881.3900
v 1039.0241 497.4249 883.8876
v 1040.8186 497.4249 880.8818
v 1038.1605 497.4798 883.3707
v 1039.9670 497.4798 880.3705
v 1037.2984 497.5346 882.8506
v 1039.1177 497.5346 879.8557
v 1036.4379 497.5893 882.3271
v 1038.2711 497.5893 879.3374
v 1035.5791 497.6439 881.8000
v 1037.4271 497.6439 878.8155
v 1034.7223 497.6985 881.2690
v 1036.5860 497.6985 878.2897
v 1033.8673 497.7529 880.7341
v 1035.7480 497.7529 877.7600
v 1033.0142 497.8072 880.1947
v 1034.9135 497.8072 877.2263
v 1032.1632 497.8614 879.6502
v 1034.0830 497.8614 876.6883
v 1031.3143 497.9155 879.1000
v 1033.2571 497.9155 876.1455
v 1030.4678 497.9694 878.5433
v 1032.4367 497.9694 875.5976
v 1029.6243 498.0232 877.9793
v 1031.6221 498.0232 875.0438
v 1028.7843 498.0770 877.4073
v 1030.8139 498.0770 874.4835
v 1027.9484 498.1306 876.8267
v 1030.0127 498.1306 873.9160
v 1027.1178 498.1841 876.2371
v 1029.2185 498.1841 873.3402
v 1026.2929 498.2375 875.6390
v 1028.4309 498.2375 872.7561
v 1025.4738 498.2909 875.0318
v 1027.6505 498.2909 872.1635
v 1024.6611 498.3441 874.4158
v 1026.8772 498.3441 871.5619
v 1023.8549 498.3971 873.7912
v 1026.1109 498.3971 870.9515
v 1023.0552 498.4500 873.1578
v 1025.3520 498.4500 870.3325
v 1022.2622 498.5028 872.5155
v 1024.6007 498.5028 869.7047
v 1021.4756 498.5554 871.8639
v 1023.8575 498.5554 869.0687
v 1020.6955 498.6080 871.2021
v 1023.1237 498.6080 868.4246
v 1019.9231 498.6604 870.5295
v 1022.3997 498.6604 867.7714
v 1019.1589 498.7126 869.8462
v 1021.6855 498.7126 867.1091
v 1018.4036 498.7647 869.1514
v 1020.9813 498.7647 866.4376
v 1017.6578 498.8167 868.4448
v 1020.2878 498.8167 865.7569
v 1016.9223 498.8686 867.7264
v 1019.6050 498.8686 865.0666
v 1016.1974 498.9204 866.9959
v 1018.9334 498.9204 864.3668
v 1015.4837 498.9720 866.2530
v 1018.2735 498.9720 863.6574
v 1014.7817 499.0235 865.4973
v 1017.6261 499.0235 862.9385
v 1014.0919 499.0748 864.7283
v 1016.9918 499.0748 862.2102
v 1013.4154 499.1260 863.9456
v 1016.3716 499.1260 861.4723
v 1012.7528 499.1769 863.1484
v 1015.7664 499.1769 860.7248
v 1012.1054 499.2278 862.3362
v 1015.1771 499.2278 859.9674
v 1011.4743 499.2785 861.5089
v 1014.6045 499.2785 859.1999
v 1010.8610 499.3291 860.6663
v 1014.0494 499.3291 858.4217
v 1010.2671 499.3795 859.8096
v 1013.5116 499.3795 857.6320
v 1009.6924 499.4297 858.9388
v 1012.9915 499.4297 856.8317
v 1009.1381 499.4798 858.0537
v 1012.4902 499.4798 856.0210
v 1008.6050 499.5298 857.1552
v 1012.0074 499.5298 855.1993
v 1008.0937 499.5796 856.2441
v 1011.5435 499.5796 854.3669
v 1007.6047 499.6292 855.3217
v 1011.0981 499.6292 853.5236
v 1007.1381 499.6787 854.3892
v 1010.6706 499.6787 852.6695
v 1006.6929 499.7281 853.4470
v 1010.2611 499.7281 851.8059
v 1006.2693 499.7773 852.4950
v 1009.8698 499.7773 850.9335
v 1005.8674 499.8264 851.5344
v 1009.4966 499.8264 850.0524
v 1005.4873 499.8753 850.5667
v 1009.1410 499.8753 849.1623
v 1005.1278 499.9240 849.5924
v 1008.8025 499.9240 848.2642
v 1004.7888 499.9726 848.6115
v 1008.4811 499.9726 847.3592
v 1004.4699 500.0210 847.6247
v 1008.1767 500.0210 846.4472
v 1004.1705 500.0693 846.6319
v 1007.8893 500.0693 845.5296
v 1003.8914 500.1175 845.6339
v 1007.6193 500.1175 844.6059
v 1003.6317 500.1655 844.6323
v 1007.3657 500.1655 843.6761
v 1003.3908 500.2134 843.6266
v 1007.1284 500.2134 842.7412
v 1003.1684 500.2611 842.6167
v 1006.9076 500.2611 841.8022
v 1002.9650 500.3087 841.6041
v 1006.7035 500.3087 840.8582
v 1002.7791 500.3562 840.5885
v 1006.5148 500.3562 839.9105
v 1002.6117 500.4034 839.5696
v 1006.3429 500.4034 838.9595
v 1002.4623 500.4506 838.5495
v 1006.1866 500.4506 838.0044
v 1002.3300 500.4975 837.5283
v 1006.0456 500.4975 837.0455
v 1002.2141 500.5443 836.5062
v 1005.9197 500.5443 836.0834
v 1002.1138 500.5910 835.4840
v 1005.8086 500.5910 835.1177
v 1002.0279 500.6375 834.4614
v 1005.7115 500.6375 834.1496
v 1001.9567 500.6838 833.4386
v 1005.6286 500.6838 833.1791
v 1001.8988 500.7300 832.4170
v 1005.5586 500.7300 832.2054
v 1001.8534 500.7760 831.3957
v 1005.5011 500.7760 831.2300
v 1001.8203 500.8218 830.3737
v 1005.4557 500.8218 830.2541
v 1001.7999 500.8675 829.3516
v 1005.4231 500.8675 829.2776
v 1001.7918 500.9129 828.3304
v 1005.4027 500.9129 828.2997
v 1001.7951 500.9581 827.3104
v 1005.3938 500.9581 827.3202
v 1001.8093 501.0031 826.2917
v 1005.3960 501.0031 826.3395
v 1001.8337 501.0478 825.2745
v 1005.4086 501.0478 825.3574
v 1001.8672 501.0924 824.2593
v 1005.4308 501.0924 824.3737
v 1001.9089 501.1368 823.2465
v 1005.4618 501.1368 823.3881
v 1001.9573 501.1809 822.2361
v 1005.5001 501.1809 822.4006
v 1002.0114 501.2247 821.2272
v 1005.5448 501.2247 821.4121
v 1002.0708 501.2684 820.2197
v 1005.5956 501.2684 820.4227
v 1002.1346 501.3117 819.2142
v 1005.6516 501.3117 819.4319
v 1002.2017 501.3548 818.2106
v 1005.7119 501.3548 818.4396
v 1002.2712 501.3977 817.2087
v 1005.7756 501.3977 817.4460
v 1002.3421 501.4404 816.2086
v 1005.8417 501.4404 816.4508
v 1002.4134 501.4828 815.2100
v 1005.9094 501.4828 815.4543
v 1002.4846 501.5250 814.2126
v 1005.9781 501.5250 814.4565
v 1002.5547 501.5669 813.2165
v 1006.0468 501.5669 813.4575
v 1002.6230 501.6085 812.2211
v 1006.1150 501.6085 812.4575
v 1002.6897 501.6498 811.2260
v 1006.1820 501.6498 811.4572
v 1002.7548 501.6908 810.2308
v 1006.2475 501.6908 810.4566
v 1002.8183 501.7316 809.2359
v 1006.3114 501.7316 809.4556
v 1002.8800 501.7721 808.2413
v 1006.3735 501.7721 808.4540
v 1002.9395 501.8124 807.2467
v 1006.4334 501.8124 807.4522
v 1002.9960 501.8525 806.2518
v 1006.4924 501.8525 806.4505
v 1003.0494 501.8924 805.2566
v 1006.5505 501.8924 805.4488
v 1003.0996 501.9321 804.2616
v 1006.6079 501.9321 804.4467
v 1003.1462 501.9715 803.2667
v 1006.6644 501.9715 803.4443
v 1003.1894 502.0107 802.2708
v 1006.7198 502.0107 802.4427
v 1003.2301 502.0499 801.2739
v 1006.7750 502.0499 801.4419
v 1003.2685 502.0889 800.2768
v 1006.8302 502.0889 800.4412
v 1003.3045 502.1279 799.2797
v 1006.8851 502.1279 799.4403
v 1003.3384 502.1667 798.2826
v 1006.9396 502.1667 798.4394
v 1003.3701 502.2055 797.2855
v 1006.9935 502.2055 797.4383
v 1003.3998 502.2440 796.2889
v 1007.0466 502.2440 796.4366
v 1003.4271 502.2824 795.2944
v 1007.0984 502.2824 795.4327
v 1003.4500 502.3205 794.3039
v 1007.1470 502.3205 794.4246
v 1003.4663 502.3586 793.3182
v 1007.1896 502.3586 793.4114
v 1003.4736 502.3966 792.3379
v 1007.2235 502.3966 792.3926
v 1003.4690 502.4346 791.3639
v 1007.2453 502.4346 791.3675
v 1003.4494 502.4724 790.3971
v 1007.2514 502.4724 790.3357
v 1003.4118 502.5100 789.4373
v 1007.2381 502.5100 789.2980
v 1003.3534 502.5475 788.4841
v 1007.2020 502.5475 788.2558
v 1003.2724 502.5850 787.5365
v 1007.1409 502.5850 787.2112
v 1003.1675 502.6224 786.5936
v 1007.0533 502.6224 786.1662
v 1003.0380 502.6596 785.6559
v 1006.9386 502.6596 785.1218
v 1002.8832 502.6966 784.7243
v 1006.7958 502.6966 784.0787
v 1002.7024 502.7334 783.7988
v 1006.6240 502.7334 783.0388
v 1002.4958 502.7699 782.8795
v 1006.4236 502.7699 782.0034
v 1002.2640 502.8063 781.9666
v 1006.1933 502.8063 780.9739
v 1002.0075 502.8424 781.0598
v 1005.9337 502.8424 779.9518
v 1001.7271 502.8781 780.1598
v 1005.6456 502.8781 778.9377
v 1001.4229 502.9134 779.2662
v 1005.3294 502.9134 777.9329
v 1001.0956 502.9483 778.3784
v 1004.9869 502.9483 776.9389
v 1000.7468 502.9830 777.4972
v 1004.6196 502.9830 775.9554
v 1000.3771 503.0172 776.6233
v 1004.2278 503.0172 774.9824
v 999.9884 503.0510 775.7587
v 1003.8118 503.0510 774.0185
v 999.5804 503.0842 774.9066
v 1003.3695 503.0842 773.0630
v 999.1527 503.1165 774.0683
v 1002.8998 503.1165 772.1172
v 998.7033 503.1479 773.2430
v 1002.4025 503.1479 771.1847
v 998.2322 503.1787 772.4296
v 1001.8792 503.1787 770.2671
v 997.7402 503.2092 771.6299
v 1001.3293 503.2092 769.3638
v 997.2272 503.2396 770.8447
v 1000.7525 503.2396 768.4759
v 996.6937 503.2698 770.0753
v 1000.1487 503.2698 767.6039
v 996.1402 503.2999 769.3243
v 999.5163 503.2999 766.7483
v 995.5677 503.3298 768.5954
v 998.8530 503.3298 765.9098
v 994.9757 503.3596 767.8923
v 998.1559 503.3596 765.0916
v 994.3603 503.3893 767.2141
v 997.4260 503.3893 764.2998
v 993.7170 503.4191 766.5554
v 996.6694 503.4191 763.5407
v 993.0479 503.4488 765.9134
v 995.8908 503.4488 762.8118
v 992.3572 503.4784 765.2909
v 995.0887 503.4784 762.1100
v 991.6448 503.5078 764.6880
v 994.2654 503.5078 761.4365
v 990.9132 503.5373 764.1043
v 993.4230 503.5373 760.7902
v 990.1631 503.5669 763.5410
v 992.5635 503.5669 760.1724
v 989.3962 503.5965 762.9966
v 991.6895 503.5965 759.5816
v 988.6186 503.6259 762.4753
v 990.7959 503.6259 759.0139
v 987.8294 503.6554 761.9809
v 989.8797 503.6554 758.4733
v 987.0206 503.6851 761.5099
v 988.9491 503.6851 757.9657
v 986.1911 503.7152 761.0571
v 988.0112 503.7152 757.4891
v 985.3387 503.7460 760.6184
v 987.0723 503.7460 757.0419
v 984.4737 503.7773 760.1899
v 986.1319 503.7773 756.6130
v 983.6010 503.8088 759.7771
v 985.1833 503.8088 756.2019
v 982.7167 503.8402 759.3761
v 984.2330 503.8402 755.8088
v 981.8223 503.8714 758.9851
v 983.2823 503.8714 755.4298
v 980.9212 503.9024 758.6038
v 982.3297 503.9024 755.0621
v 980.0157 503.9332 758.2329
v 981.3734 503.9332 754.7044
v 979.1079 503.9637 757.8737
v 980.4111 503.9637 754.3562
v 978.1948 503.9942 757.5276
v 979.4445 503.9942 754.0205
v 977.2777 504.0244 757.1926
v 978.4744 504.0244 753.6950
v 976.3588 504.0542 756.8723
v 977.4975 504.0542 753.3814
v 975.4348 504.0838 756.5666
v 976.5166 504.0838 753.0813
v 974.5051 504.1131 756.2744
v 975.5332 504.1131 752.7944
v 973.5693 504.1422 755.9950
v 974.5482 504.1422 752.5202
v 972.6264 504.1709 755.7268
v 973.5635 504.1709 752.2577
v 971.6756 504.1995 755.4672
v 972.5813 504.1995 752.0052
v 970.7201 504.2279 755.2135
v 971.6004 504.2279 751.7587
v 969.7619 504.2562 754.9667
v 970.6190 504.2562 751.5181
v 968.8003 504.2843 754.7251
v 969.6386 504.2843 751.2824
v 967.8371 504.3121 754.4882
v 968.6578 504.3121 751.0504
v 966.8728 504.3396 754.2563
v 967.6759 504.3396 750.8224
v 965.9070 504.3667 754.0294
v 966.6934 504.3667 750.5984
v 964.9403 504.3935 753.8071
v 965.7100 504.3935 750.3781
v 963.9684 504.4202 753.5889
v 964.7294 504.4202 750.1628
v 962.9916 504.4467 753.3699
v 963.7538 504.4467 749.9480
v 962.0157 504.4731 753.1504
v 962.7779 504.4731 749.7316
v 961.0406 504.4993 752.9324
v 961.8007 504.4993 749.5151
v 960.0651 504.5254 752.7152
v 960.8239 504.5254 749.2984
v 959.0892 504.5513 752.4986
v 959.8475 504.5513 749.0817
v 958.1126 504.5770 752.2818
v 958.8716 504.5770 748.8651
v 957.1368 504.6026 752.0649
v 957.8952 504.6026 748.6480
v 956.1617 504.6282 751.8488
v 956.9176 504.6282 748.4314
v 955.1843 504.6538 751.6330
v 955.9421 504.6538 748.2160
v 954.2035 504.6793 751.4145
v 954.9708 504.6793 747.9996
v 953.2222 504.7047 751.1922
v 954.0016 504.7047 747.7800
v 952.2425 504.7301 750.9666
v 953.0324 504.7301 747.5569
v 951.2640 504.7555 750.7385
v 952.0631 504.7555 747.3310
v 950.2861 504.7808 750.5078
v 951.0945 504.7808 747.1025
v 949.3088 504.8060 750.2744
v 950.1266 504.8060 746.8712
v 948.3325 504.8313 750.0383
v 949.1589 504.8313 746.6373
v 947.3577 504.8565 749.8002
v 948.1908 504.8565 746.4008
v 946.3836 504.8818 749.5607
v 947.2228 504.8818 746.1628
v 945.4070 504.9072 749.3184
v 946.2583 504.9072 745.9235
v 944.4296 504.9326 749.0707
v 945.2971 504.9326 745.6799
v 943.4542 504.9581 748.8188
v 944.3362 504.9581 745.4318
v 942.4797 504.9837 748.5630
v 943.3765 504.9837 745.1798
v 941.5057 505.0093 748.3023
v 942.4186 505.0093 744.9235
v 940.5329 505.0350 748.0370
v 941.4620 505.0350 744.6625
v 939.5616 505.0608 747.7671
v 940.5064 505.0608 744.3970
v 938.5934 505.0866 747.4932
v 939.5501 505.0866 744.1265
v 937.6274 505.1124 747.2175
v 938.5930 505.1124 743.8533
v 936.6598 505.1383 746.9382
v 937.6391 505.1383 743.5780
v 935.6924 505.1642 746.6535
v 936.6880 505.1642 743.2981
v 934.7282 505.1902 746.3650
v 935.7363 505.1902 743.0133
v 933.7663 505.2163 746.0742
v 934.7838 505.2163 742.7254
v 932.8054 505.2424 745.7808
v 933.8319 505.2424 742.4347
v 931.8454 505.2686 745.4849
v 932.8807 505.2686 742.1415
v 930.8865 505.2948 745.1866
v 931.9300 505.2948 741.8458
v 929.9298 505.3211 744.8865
v 930.9784 505.3211 741.5473
v 928.9746 505.3473 744.5863
v 930.0257 505.3473 741.2478
v 928.0183 505.3736 744.2847
v 929.0746 505.3736 740.9479
v 927.0612 505.3999 743.9806
v 928.1256 505.3999 740.6463
v 926.1048 505.4263 743.6739
v 927.1775 505.4263 740.3424
v 925.1493 505.4527 743.3650
v 926.2300 505.4527 740.0360
v 924.1949 505.4790 743.0539
v 925.2829 505.4790 739.7273
v 923.2415 505.5054 742.7410
v 924.3361 505.5054 739.4166
v 922.2890 505.5318 742.4264
v 923.3895 505.5318 739.1039
v 921.3376 505.5581 742.1104
v 922.4429 505.5581 738.7895
v 920.3872 505.5845 741.7934
v 921.4961 505.5845 738.4737
v 919.4376 505.6110 741.4757
v 920.5490 505.6110 738.1569
v 918.4882 505.6375 741.1574
v 919.6021 505.6375 737.8394
v 917.5375 505.6640 740.8379
v 918.6570 505.6640 737.5218
v 916.5868 505.6905 740.5155
v 917.7137 505.6905 737.2019
v 915.6377 505.7170 740.1918
v 916.7699 505.7170 736.8800
v 914.6893 505.7436 739.8669
v 915.8263 505.7436 736.5567
v 913.7413 505.7701 739.5404
v 914.8833 505.7701 736.2320
v 912.7940 505.7967 739.2127
v 913.9405 505.7967 735.9058
v 911.8472 505.8233 738.8837
v 912.9982 505.8233 735.5784
v 910.9021 505.8499 738.5539
v 912.0549 505.8499 735.2492
v 909.9578 505.8766 738.2246
v 911.1107 505.8766 734.9200
v 909.0122 505.9034 737.8945
v 910.1681 505.9034 734.5909
v 908.0663 505.9301 737.5628
v 909.2267 505.9301 734.2608
v 907.1205 505.9570 737.2296
v 908.2861 505.9570 733.9295
v 906.1742 505.9838 736.8945
v 907.3471 505.9838 733.5969
v 905.2284 506.0107 736.5567
v 906.4096 506.0107 733.2620
v 904.2834 506.0377 736.2166
v 905.4727 506.0377 732.9249
v 903.3390 506.0648 735.8740
v 904.5370 506.0648 732.5855
v 902.3956 506.0919 735.5289
v 903.6023 506.0919 732.2435
v 901.4534 506.1191 735.1815
v 902.6680 506.1191 731.8989
v 900.5124 506.1463 734.8321
v 901.7340 506.1463 731.5522
v 899.5727 506.1736 734.4810
v 900.8003 506.1736 731.2033
v 898.6338 506.2010 734.1285
v 899.8668 506.2010 730.8528
v 897.6954 506.2284 733.7743
v 898.9340 506.2284 730.5009
v 896.7574 506.2559 733.4184
v 898.0021 506.2559 730.1473
v 895.8191 506.2835 733.0604
v 897.0719 506.2835 729.7922
v 894.8812 506.3112 732.6993
v 896.1433 506.3112 729.4347
v 893.9446 506.3389 732.3357
v 895.2156 506.3389 729.0746
v 893.0095 506.3667 731.9698
v 894.2882 506.3667 728.7117
v 892.0755 506.3946 731.6021
v 893.3613 506.3946 728.3468
v 891.1420 506.4226 731.2322
v 892.4354 506.4226 727.9799
v 890.2096 506.4506 730.8601
v 891.5103 506.4506 727.6107
v 889.2790 506.4788 730.4864
v 890.5849 506.4788 727.2392
v 888.3492 506.5070 730.1119
v 889.6596 506.5070 726.8665
v 887.4190 506.5352 729.7354
v 888.7359 506.5352 726.4926
v 886.4886 506.5636 729.3563
v 887.8142 506.5636 726.1171
v 885.5589 506.5920 728.9742
v 886.8941 506.5920 725.7389
v 884.6306 506.6205 728.5895
v 885.9747 506.6205 725.3579
v 883.7033 506.6491 728.2024
v 885.0565 506.6491 724.9745
v 882.7770 506.6778 727.8125
v 884.1394 506.6778 724.5886
v 881.8520 506.7065 727.4200
v 883.2234 506.7065 724.1999
v 880.9285 506.7353 727.0252
v 882.3079 506.7353 723.8085
v 880.0065 506.7642 726.6286
v 881.3927 506.7642 723.4148
v 879.0854 506.7931 726.2302
v 880.4782 506.7931 723.0193
v 878.1649 506.8222 725.8298
v 879.5647 506.8222 722.6219
v 877.2454 506.8513 725.4273
v 878.6520 506.8513 722.2224
v 876.3270 506.8806 725.0231
v 877.7399 506.8806 721.8210
v 875.4094 506.9099 724.6172
v 876.8285 506.9099 721.4177
v 874.4927 506.9392 724.2095
v 875.9177 506.9392 721.0128
v 873.5769 506.9686 723.8003
v 875.0076 506.9686 720.6061
v 872.6618 506.9981 723.3894
v 874.0982 506.9981 720.1978
v 871.7473 507.0277 722.9769
v 873.1896 507.0277 719.7878
v 870.8332 507.0573 722.5625
v 872.2822 507.0573 719.3765
v 869.9193 507.0870 722.1455
v 871.3765 507.0870 718.9633
v 869.0061 507.1168 721.7258
v 870.4725 507.1168 718.5478
v 868.0935 507.1466 721.3030
v 869.5704 507.1466 718.1299
v 867.1819 507.1765 720.8768
v 868.6703 507.1765 717.7091
v 866.2714 507.2065 720.4469
v 867.7723 507.2065 717.2850
v 865.3619 507.2365 720.0130
v 866.8769 507.2365 716.8577
v 864.4536 507.2666 719.5744
v 865.9844 507.2666 716.4264
v 863.5469 507.2968 719.1309
v 865.0948 507.2968 715.9907
v 862.6421 507.3270 718.6821
v 864.2083 507.3270 715.5504
v 861.7389 507.3574 718.2273
v 863.3256 507.3574 715.1052
v 860.8376 507.3877 717.7658
v 862.4472 507.3877 714.6546
v 859.9389 507.4182 717.2969
v 861.5733 507.4182 714.1979
v 859.0435 507.4487 716.8204
v 860.7037 507.4487 713.7342
v 858.1519 507.4793 716.3365
v 859.8382 507.4793 713.2636
v 857.2641 507.5099 715.8449
v 858.9770 507.5099 712.7857
v 856.3803 507.5406 715.3456
v 858.1203 507.5406 712.3006
v 855.5008 507.5715 714.8384
v 857.2679 507.5715 711.8080
v 854.6262 507.6024 714.3239
v 856.4195 507.6024 711.3077
v 853.7558 507.6334 713.8022
v 855.5753 507.6334 710.8003
v 852.8897 507.6644 713.2728
v 854.7359 507.6644 710.2857
v 852.0282 507.6956 712.7361
v 853.9009 507.6956 709.7638
v 851.1711 507.7269 712.1918
v 853.0707 507.7269 709.2348
v 850.3187 507.7582 711.6399
v 852.2456 507.7582 708.6984
v 849.4712 507.7897 711.0806
v 851.4253 507.7897 708.1546
v 848.6285 507.8212 710.5137
v 850.6100 507.8212 707.6035
v 847.7908 507.8529 709.9394
v 849.7999 507.8529 707.0449
v 846.9582 507.8847 709.3579
v 848.9949 507.8847 706.4789
v 846.1308 507.9165 708.7691
v 848.1950 507.9165 705.9056
v 845.3086 507.9484 708.1731
v 847.4003 507.9484 705.3250
v 844.4914 507.9804 707.5700
v 846.6110 507.9804 704.7373
v 843.6794 508.0126 706.9595
v 845.8272 508.0126 704.1426
v 842.8729 508.0448 706.3417
v 845.0491 508.0448 703.5408
v 842.0720 508.0772 705.7166
v 844.2766 508.0772 702.9318
v 841.2767 508.1096 705.0844
v 843.5097 508.1096 702.3158
v 840.4868 508.1422 704.4446
v 842.7489 508.1422 701.6931
v 839.7030 508.1748 703.7973
v 841.9941 508.1748 701.0631
v 838.9252 508.2075 703.1429
v 841.2452 508.2075 700.4261
v 838.1536 508.2404 702.4813
v 840.5022 508.2404 699.7822
v 837.3879 508.2733 701.8122
v 839.7656 508.2733 699.1317
v 836.6282 508.3063 701.1350
v 839.0359 508.3063 698.4746
v 835.8749 508.3395 700.4497
v 838.3135 508.3395 697.8107
v 835.1283 508.3727 699.7557
v 837.5988 508.3727 697.1398
v 834.3888 508.4060 699.0527
v 836.8923 508.4060 696.4620
v 833.6570 508.4395 698.3401
v 836.1946 508.4395 695.7767
v 832.9334 508.4731 697.6178
v 835.5060 508.4731 695.0838
v 832.2187 508.5068 696.8854
v 834.8270 508.5068 694.3828
v 831.5137 508.5405 696.1432
v 834.1574 508.5405 693.6732
v 830.8186 508.5744 695.3914
v 833.4974 508.5744 692.9551
v 830.1338 508.6084 694.6299
v 832.8471 508.6084 692.2284
v 829.4598 508.6425 693.8594
v 832.2061 508.6425 691.4929
v 828.7963 508.6767 693.0802
v 831.5745 508.6767 690.7491
v 828.1435 508.7111 692.2924
v 830.9522 508.7111 689.9970
v 827.5016 508.7456 691.4966
v 830.3388 508.7456 689.2366
v 826.8700 508.7802 690.6931
v 829.7344 508.7802 688.4687
v 826.2489 508.8149 689.8818
v 829.1390 508.8149 687.6933
v 825.6381 508.8497 689.0633
v 828.5523 508.8497 686.9106
v 825.0375 508.8846 688.2376
v 827.9745 508.8846 686.1211
v 824.4469 508.9196 687.4048
v 827.4056 508.9196 685.3249
v 823.8664 508.9547 686.5651
v 826.8458 508.9547 684.5222
v 823.2960 508.9899 685.7185
v 826.2953 508.9899 683.7132
v 822.7358 509.0253 684.8653
v 825.7539 509.0253 682.8978
v 822.1857 509.0607 684.0055
v 825.2219 509.0607 682.0763
v 821.6458 509.0963 683.1392
v 824.6994 509.0963 681.2487
v 821.1162 509.1320 682.2668
v 824.1864 509.1320 680.4150
v 820.5969 509.1677 681.3887
v 823.6829 509.1677 679.5751
v 820.0879 509.2036 680.5053
v 823.1886 509.2036 678.7290
v 819.5887 509.2396 679.6169
v 822.7033 509.2396 677.8769
v 819.0993 509.2757 678.7240
v 822.2268 509.2757 677.0191
v 818.6193 509.3119 677.8270
v 821.7586 509.3119 676.1556
v 818.1483 509.3481 676.9264
v 821.2983 509.3481 675.2867
v 817.6857 509.3845 676.0222
v 820.8456 509.3845 674.4129
v 817.2311 509.4209 675.1145
v 820.4004 509.4209 673.5348
v 816.7844 509.4574 674.2032
v 819.9628 509.4574 672.6526
v 816.3454 509.4940 673.2884
v 819.5326 509.4940 671.7664
v 815.9139 509.5307 672.3702
v 819.1099 509.5307 670.8766
v 815.4899 509.5675 671.4486
v 818.6949 509.5675 669.9830
v 815.0732 509.6044 670.5239
v 818.2874 509.6044 669.0858
v 814.6637 509.6413 669.5959
v 817.8876 509.6413 668.1851
v 814.2617 509.6784 668.6647
v 817.4956 509.6784 667.2809
v 813.8669 509.7155 667.7309
v 817.1111 509.7155 666.3731
v 813.4791 509.7528 666.7943
v 816.7341 509.7528 665.4620
v 813.0985 509.7901 665.8551
v 816.3645 509.7901 664.5476
v 812.7246 509.8275 664.9132
v 816.0023 509.8275 663.6301
v 812.3577 509.8650 663.9687
v 815.6474 509.8650 662.7097
v 811.9977 509.9026 663.0217
v 815.2997 509.9026 661.7863
v 811.6445 509.9403 662.0725
v 814.9590 509.9403 660.8600
v 811.2979 509.9781 661.1205
v 814.6254 509.9781 659.9314
v 810.9583 510.0159 660.1657
v 814.2993 510.0159 659.0005
v 810.6257 510.0538 659.2079
v 813.9805 510.0538 658.0676
v 810.3008 510.0918 658.2465
v 813.6698 510.0918 657.1330
v 809.9839 510.1299 657.2816
v 813.3672 510.1299 656.1966
v 809.6757 510.1681 656.3129
v 813.0735 510.1681 655.2584
v 809.3767 510.2064 655.3403
v 812.7890 510.2064 654.3185
v 809.0877 510.2448 654.3640
v 812.5142 510.2448 653.3764
v 808.8088 510.2833 653.3838
v 812.2494 510.2833 652.4324
v 808.5409 510.3218 652.3995
v 811.9952 510.3218 651.4865
v 808.2844 510.3605 651.4116
v 811.7520 510.3605 650.5385
v 808.0395 510.3992 650.4195
v 811.5202 510.3992 649.5888
v 807.8074 510.4380 649.4237
v 811.3007 510.4380 648.6370
v 807.5882 510.4769 648.4249
v 811.0931 510.4769 647.6826
v 807.3821 510.5159 647.4231
v 810.8976 510.5159 646.7259
v 807.1892 510.5550 646.4187
v 810.7143 510.5550 645.7668
v 807.0096 510.5942 645.4121
v 810.5430 510.5942 644.8052
v 806.8431 510.6335 644.4037
v 810.3836 510.6335 643.8409
v 806.6893 510.6728 643.3943
v 810.2356 510.6728 642.8738
v 806.5474 510.7123 642.3841
v 810.0985 510.7123 641.9042
v 806.4173 510.7519 641.3724
v 809.9721 510.7519 640.9328
v 806.2987 510.7915 640.3598
v 809.8564 510.7915 639.9598
v 806.1915 510.8312 639.3467
v 809.7511 510.8312 638.9846
v 806.0948 510.8711 638.3338
v 809.6556 510.8711 638.0072
v 806.0081 510.9111 637.3209
v 809.5692 510.9111 637.0280
v 805.9307 510.9511 636.3082
v 809.4917 510.9511 636.0471
v 805.8621 510.9913 635.2954
v 809.4226 510.9913 635.0649
v 805.8022 511.0315 634.2823
v 809.3620 511.0315 634.0819
v 805.7505 511.0718 633.2691
v 809.3094 511.0718 633.0981
v 805.7071 511.1122 632.2552
v 809.2651 511.1122 632.1142
v 805.6722 511.1527 631.2402
v 809.2294 511.1527 631.1308
v 805.6464 511.1933 630.2242
v 809.2029 511.1933 630.1478
v 805.6299 511.2339 629.2070
v 809.1858 511.2339 629.1656
v 805.6237 511.2747 628.1895
v 809.1790 511.2747 628.1837
v 805.6272 511.3156 627.1722
v 809.1820 511.3156 627.2014
v 805.6405 511.3565 626.1550
v 809.1950 511.3565 626.2192
v 805.6636 511.3976 625.1379
v 809.2178 511.3976 625.2372
v 805.6966 511.4387 624.1208
v 809.2506 511.4387 624.2558
v 805.7397 511.4799 623.1040
v 809.2935 511.4799 623.2748
v 805.7928 511.5212 622.0882
v 809.3464 511.5212 622.2939
v 805.8554 511.5625 621.0727
v 809.4088 511.5625 621.3137
v 805.9284 511.6040 620.0571
v 809.4813 511.6040 620.3350
v 806.0119 511.6455 619.0422
v 809.5642 511.6455 619.3574
v 806.1059 511.6871 618.0283
v 809.6573 511.6871 618.3805
v 806.2103 511.7287 617.0156
v 809.7605 511.7287 617.4044
v 806.3248 511.7705 616.0041
v 809.8737 511.7705 616.4293
v 806.4497 511.8123 614.9935
v 809.9968 511.8123 615.4558
v 806.5851 511.8542 613.9842
v 810.1301 511.8542 614.4837
v 806.7310 511.8962 612.9764
v 810.2735 511.8962 613.5130
v 806.8872 511.9382 611.9701
v 810.4269 511.9382 612.5439
v 807.0540 511.9803 610.9654
v 810.5904 511.9803 611.5765
v 807.2312 512.0224 609.9625
v 810.7638 512.0224 610.6108
v 807.4190 512.0646 608.9612
v 810.9473 512.0646 609.6474
v 807.6176 512.1069 607.9615
v 811.1409 512.1069 608.6864
v 807.8271 512.1492 606.9641
v 811.3450 512.1492 607.7275
v 808.0475 512.1917 605.9688
v 811.5592 512.1917 606.7711
v 808.2790 512.2341 604.9756
v 811.7838 512.2341 605.8176
v 808.5219 512.2767 603.9848
v 812.0189 512.2767 604.8669
v 808.7762 512.3193 602.9965
v 812.2647 512.3193 603.9193
v 809.0421 512.3620 602.0110
v 812.5213 512.3620 602.9748
v 809.3197 512.4047 601.0286
v 812.7886 512.4047 602.0335
v 809.6093 512.4475 600.0490
v 813.0668 512.4475 601.0960
v 809.9112 512.4903 599.0723
v 813.3561 512.4903 600.1627
v 810.2257 512.5333 598.0997
v 813.6570 512.5333 599.2331
v 810.5522 512.5762 597.1313
v 813.9692 512.5762 598.3070
v 810.8910 512.6192 596.1670
v 814.2927 512.6192 597.3848
v 811.2419 512.6623 595.2071
v 814.6274 512.6623 596.4665
v 811.6047 512.7055 594.2519
v 814.9732 512.7055 595.5520
v 811.9791 512.7487 593.3017
v 815.3300 512.7487 594.6413
v 812.3647 512.7920 592.3567
v 815.6975 512.7920 593.7342
v 812.7614 512.8354 591.4160
v 816.0751 512.8354 592.8315
v 813.1698 512.8788 590.4800
v 816.4632 512.8788 591.9336
v 813.5893 512.9222 589.5494
v 816.8618 512.9222 591.0398
v 814.0197 512.9658 588.6240
v 817.2707 512.9658 590.1505
v 814.4611 513.0094 587.7040
v 817.6897 513.0094 589.2656
v 814.9126 513.0530 586.7896
v 818.1190 513.0530 588.3850
v 815.3740 513.0966 585.8808
v 818.5582 513.0966 587.5086
v 815.8447 513.1404 584.9776
v 819.0070 513.1404 586.6362
v 816.3245 513.1841 584.0798
v 819.4652 513.1841 585.7680
v 816.8131 513.2280 583.1872
v 819.9321 513.2280 584.9042
v 817.3103 513.2719 582.2998
v 820.4079 513.2719 584.0447
v 817.8160 513.3158 581.4174
v 820.8921 513.3158 583.1897
v 818.3302 513.3597 580.5397
v 821.3845 513.3597 582.3396
v 818.8530 513.4037 579.6671
v 821.8854 513.4037 581.4946
v 819.3839 513.4478 578.8003
v 822.3951 513.4478 580.6538
v 819.9220 513.4919 577.9389
v 822.9127 513.4919 579.8170
v 820.4674 513.5361 577.0829
v 823.4384 513.5361 578.9844
v 821.0193 513.5803 576.2320
v 823.9715 513.5803 578.1554
v 821.5775 513.6245 575.3859
v 824.5115 513.6245 577.3303
v 822.1418 513.6688 574.5447
v 825.0584 513.6688 576.5089
v 822.7114 513.7131 573.7080
v 825.6117 513.7131 575.6909
v 823.2868 513.7574 572.8751
v 826.1707 513.7574 574.8768
v 823.8678 513.8018 572.0465
v 826.7358 513.8018 574.0666
v 824.4543 513.8463 571.2217
v 827.3064 513.8463 573.2604
v 825.0465 513.8908 570.4009
v 827.8829 513.8908 572.4584
v 825.6437 513.9353 569.5848
v 828.4655 513.9353 571.6597
v 826.2452 513.9800 568.7730
v 829.0536 513.9800 570.8641
v 826.8509 514.0246 567.9652
v 829.6469 514.0246 570.0714
v 827.4602 514.0693 567.1611
v 830.2452 514.0693 569.2812
v 828.0727 514.1141 566.3606
v 830.8479 514.1141 568.4933
v 828.6880 514.1589 565.5636
v 831.4547 514.1589 567.7073
v 829.3054 514.2038 564.7697
v 832.0650 514.2038 566.9224
v 829.9248 514.2487 563.9780
v 832.6781 514.2487 566.1390
v 830.5465 514.2937 563.1884
v 833.2935 514.2937 565.3572
v 831.1701 514.3388 562.4008
v 833.9115 514.3388 564.5769
v 831.7953 514.3839 561.6152
v 834.5316 514.3839 563.7975
v 832.4220 514.4290 560.8312
v 835.1537 514.4290 563.0193
v 833.0502 514.4743 560.0485
v 835.7774 514.4743 562.2423
v 833.6803 514.5195 559.2669
v 836.4025 514.5195 561.4668
v 834.3124 514.5649 558.4867
v 837.0294 514.5649 560.6930
v 834.9461 514.6103 557.7081
v 837.6582 514.6103 559.9205
v 835.5816 514.6558 556.9308
v 838.2886 514.6558 559.1495
v 836.2191 514.7014 556.1549
v 838.9207 514.7014 558.3801
v 836.8584 514.7471 555.3806
v 839.5548 514.7471 557.6122
v 837.4994 514.7928 554.6080
v 840.1907 514.7928 556.8455
v 838.1420 514.8386 553.8368
v 840.8284 514.8386 556.0802
v 838.7860 514.8844 553.0673
v 841.4680 514.8844 555.3160
v 839.4309 514.9304 552.2995
v 842.1094 514.9304 554.5524
v 840.0763 514.9764 551.5331
v 842.7523 514.9764 553.7890
v 840.7222 515.0225 550.7677
v 843.3963 515.0225 553.0259
v 841.3684 515.0687 550.0030
v 844.0409 515.0687 552.2630
v 842.0149 515.1149 549.2390
v 844.6864 515.1149 551.5003
v 842.6612 515.1612 548.4757
v 845.3325 515.1612 550.7372
v 843.3072 515.2076 547.7127
v 845.9788 515.2076 549.9738
v 843.9530 515.2541 546.9494
v 846.6248 515.2541 549.2102
v 844.5989 515.3007 546.1860
v 847.2708 515.3007 548.4468
v 845.2448 515.3474 545.4227
v 847.9167 515.3474 547.6834
v 845.8906 515.3943 544.6594
v 848.5628 515.3943 546.9198
v 846.5361 515.4411 543.8962
v 849.2088 515.4411 546.1560
v 847.1813 515.4881 543.1328
v 849.8547 515.4881 545.3919
v 847.8263 515.5352 542.3695
v 850.5004 515.5352 544.6275
v 848.4705 515.5824 541.6061
v 851.1461 515.5824 543.8625
v 849.1139 515.6297 540.8426
v 851.7915 515.6297 543.0966
v 849.7563 515.6771 540.0786
v 852.4363 515.6771 542.3298
v 850.3978 515.7245 539.3142
v 853.0804 515.7245 541.5622
v 851.0381 515.7721 538.5490
v 853.7236 515.7721 540.7936
v 851.6778 515.8198 537.7827
v 854.3656 515.8198 540.0246
v 852.3170 515.8675 537.0157
v 855.0068 515.8675 539.2551
v 852.9555 515.9155 536.2481
v 855.6473 515.9155 538.4851
v 853.5934 515.9635 535.4798
v 856.2870 515.9635 537.7147
v 854.2310 516.0116 534.7108
v 856.9259 516.0116 536.9440
v 854.8682 516.0599 533.9414
v 857.5644 516.0599 536.1731
v 855.5049 516.1083 533.1717
v 858.2025 516.1083 535.4018
v 856.1409 516.1568 532.4019
v 858.8403 516.1568 534.6298
v 856.7760 516.2054 531.6316
v 859.4776 516.2054 533.8568
v 857.4103 516.2541 530.8607
v 860.1140 516.2541 533.0834
v 858.0441 516.3030 530.0891
v 860.7496 516.3030 532.3095
v 858.6774 516.3520 529.3168
v 861.3845 516.3520 531.5353
v 859.3101 516.4011 528.5442
v 862.0190 516.4011 530.7606
v 859.9419 516.4504 527.7713
v 862.6529 516.4504 529.9850
v 860.5731 516.4998 526.9976
v 863.2860 516.4998 529.2090
v 861.2037 516.5493 526.2233
v 863.9184 516.5493 528.4325
v 861.8337 516.5989 525.4485
v 864.5502 516.5989 527.6555
v 862.4630 516.6487 524.6733
v 865.1813 516.6487 526.8780
v 863.0917 516.6987 523.8974
v 865.8117 516.6987 526.1000
v 863.7204 516.7488 523.1205
v 866.4412 516.7488 525.3221
v 864.3495 516.7990 522.3430
v 867.0702 516.7990 524.5448
v 864.9789 516.8494 521.5654
v 867.6990 516.8494 523.7679
v 865.6089 516.9000 520.7875
v 868.3278 516.9000 522.9916
v 866.2402 516.9507 520.0095
v 868.9566 516.9507 522.2166
v 866.8731 517.0015 519.2316
v 869.5860 517.0015 521.4431
v 867.5077 517.0525 518.4546
v 870.2164 517.0525 520.6711
v 868.1441 517.1037 517.6784
v 870.8481 517.1037 519.9007
v 868.7830 517.1550 516.9030
v 871.4810 517.1550 519.1325
v 869.4246 517.2065 516.1289
v 872.1156 517.2065 518.3668
v 870.0690 517.2582 515.3567
v 872.7526 517.2582 517.6035
v 870.7158 517.3101 514.5867
v 873.3922 517.3101 516.8421
v 871.3650 517.3621 513.8187
v 874.0341 517.3621 516.0828
v 872.0163 517.4144 513.0523
v 874.6790 517.4144 515.3261
v 872.6696 517.4668 512.2876
v 875.3270 517.4668 514.5722
v 873.3248 517.5194 511.5243
v 875.9782 517.5194 513.8211
v 873.9818 517.5723 510.7626
v 876.6327 517.5723 513.0729
v 874.6408 517.6253 510.0019
v 877.2901 517.6253 512.3281
v 875.3026 517.6785 509.2423
v 877.9509 517.6785 511.5875
v 875.9670 517.7319 508.4844
v 878.6157 517.7319 510.8510
v 876.6343 517.7856 507.7280
v 879.2842 517.7856 510.1192
v 877.3053 517.8395 506.9734
v 879.9570 517.8395 509.3926
v 877.9798 517.8937 506.2211
v 880.6345 517.8937 508.6713
v 878.6583 517.9481 505.4713
v 881.3168 517.9481 507.9555
v 879.3409 518.0027 504.7244
v 882.0042 518.0027 507.2456
v 880.0279 518.0577 503.9805
v 882.6968 518.0577 506.5419
v 880.7201 518.1129 503.2396
v 883.3944 518.1129 505.8448
v 881.4183 518.1684 502.5019
v 884.0972 518.1684 505.1555
v 882.1239 518.2243 501.7675
v 884.8050 518.2243 504.4756
v 882.8386 518.2804 501.0371
v 885.5187 518.2804 503.8068
v 883.5636 518.3368 500.3117
v 886.2389 518.3368 503.1507
v 884.3006 518.3935 499.5921
v 886.9665 518.3935 502.5098
v 885.0510 518.4506 498.8796
v 887.7026 518.4506 501.8863
v 885.8177 518.5081 498.1764
v 888.4469 518.5081 501.2818
v 886.6036 518.5659 497.4866
v 889.1997 518.5659 500.6973
v 887.4090 518.6241 496.8126
v 889.9622 518.6241 500.1336
v 888.2370 518.6826 496.1553
v 890.7329 518.6826 499.5941
v 889.0907 518.7416 495.5181
v 891.5119 518.7416 499.0828
v 889.9701 518.8010 494.9065
v 892.3009 518.8010 498.6005
v 890.8769 518.8610 494.3230
v 893.0991 518.8610 498.1495
v 891.8105 518.9214 493.7730
v 893.9081 518.9214 497.7318
v 892.7691 518.9824 493.2593
v 894.7284 518.9824 497.3473
v 893.7510 519.0439 492.7856
v 895.5608 519.0439 496.9972
v 894.7517 519.1061 492.3535
v 896.4071 519.1061 496.6798
v 895.7693 519.1691 491.9632
v 897.2652 519.1691 496.3952
v 896.8034 519.2328 491.6145
v 898.1325 519.2328 496.1439
v 897.8527 519.2972 491.3089
v 899.0073 519.2972 495.9269
v 898.9157 519.3625 491.0469
v 899.8875 519.3625 495.7446
v 899.9954 519.4287 490.8296
v 900.7670 519.4287 495.5990
v 901.0979 519.4957 490.6612
v 901.6366 519.4957 495.4942
v 902.2306 519.5637 490.5511
v 902.4847 519.5637 495.4367
v 903.3978 519.6327 490.5156
v 903.2983 519.6327 495.4336
v 904.5966 519.7027 490.5761
v 904.0660 519.7027 495.4912
v 905.8200 519.7735 490.7574
v 904.7733 519.7735 495.6119
v 907.0544 519.8452 491.0898
v 905.4020 519.8452 495.7942
v 908.2634 519.9177 491.6024
v 905.9469 519.9177 496.0356
v 909.4067 519.9910 492.3092
v 906.4081 519.9910 496.3281
v 910.4337 520.0651 493.2169
v 906.7842 520.0651 496.6636
v 911.2884 520.1400 494.3004
v 907.0835 520.1400 497.0430
v 911.9305 520.2158 495.5213
v 907.3147 520.2158 497.4672
v 912.3369 520.2924 496.8279
v 907.4791 520.2924 497.9427
v 912.5093 520.3698 498.1638
v 907.5723 520.3698 498.4752
v 912.4663 520.4480 499.4878
v 907.5863 520.4480 499.0548
v 912.2300 520.5270 500.7607
v 907.5127 520.5270 499.6811
v 911.8452 520.6067 501.9529
v 907.3451 520.6067 500.3521
v 911.3496 520.6871 503.0627
v 907.0867 520.6871 501.0493
v 910.7696 520.7682 504.0954
v 906.7442 520.7682 501.7579
v 910.1299 520.8502 505.0584
v 906.3239 520.8502 502.4670
v 909.4464 520.9328 505.9600
v 905.8361 520.9328 503.1701
v 908.7312 521.0161 506.8086
v 905.2912 521.0161 503.8631
v 907.9898 521.1003 507.6156
v 904.7022 521.1003 504.5397
v 907.2247 521.1851 508.3849
v 904.0749 521.1851 505.1970
v 906.4415 521.2703 509.1209
v 903.4139 521.2703 505.8371
v 905.6425 521.3562 509.8267
v 902.7235 521.3562 506.4599
v 904.8323 521.4429 510.5050
v 902.0067 521.4429 507.0682
v 904.0163 521.5303 511.1570
v 901.2642 521.5303 507.6663
v 903.2061 521.6187 511.7835
v 900.4943 521.6187 508.2642
v 902.4121 521.7080 512.3912
v 899.7012 521.7080 508.8726
v 901.6371 521.7981 512.9910
v 898.8959 521.7981 509.4970
v 900.8833 521.8889 513.5889
v 898.0854 521.8889 510.1420
v 900.1574 521.9806 514.1887
v 897.2746 521.9806 510.8164
v 899.4647 522.0732 514.7956
v 896.4709 522.0732 511.5281
v 898.8066 522.1668 515.4166
v 895.6860 522.1668 512.2815
v 898.1806 522.2613 516.0593
v 894.9317 522.2613 513.0747
v 897.5897 522.3568 516.7286
v 894.2095 522.3568 513.9015
v 897.0381 522.4535 517.4230
v 893.5214 522.4535 514.7631
v 896.5283 522.5509 518.1416
v 892.8718 522.5509 515.6604
v 896.0610 522.6493 518.8848
v 892.2659 522.6493 516.5914
v 895.6362 522.7485 519.6527
v 891.7074 522.7485 517.5522
v 895.2523 522.8487 520.4398
v 891.2000 522.8487 518.5426
v 894.9104 522.9498 521.2419
v 890.7477 522.9498 519.5630
v 894.6108 523.0516 522.0588
v 890.3551 523.0516 520.6091
v 894.3500 523.1543 522.8893
v 890.0271 523.1543 521.6766
v 894.1283 523.2579 523.7332
v 889.7644 523.2579 522.7601
v 893.9474 523.3624 524.5910
v 889.5647 523.3624 523.8533
v 893.8069 523.4677 525.4621
v 889.4259 523.4677 524.9516
v 893.7061 523.5736 526.3472
v 889.3456 523.5736 526.0488
v 893.6425 523.6804 527.2480
v 889.3185 523.6804 527.1381
v 893.6129 523.7880 528.1624
v 889.3377 523.7880 528.2174
v 893.6149 523.8967 529.0893
v 889.3974 523.8967 529.2848
v 893.6458 524.0062 530.0291
v 889.4897 524.0062 530.3377
v 893.7018 524.1167 530.9813
v 889.6063 524.1167 531.3759
v 893.7784 524.2280 531.9456
v 889.7403 524.2280 532.3992
v 893.8697 524.3402 532.9204
v 889.8848 524.3402 533.4101
v 893.9711 524.4534 533.9023
v 890.0354 524.4534 534.4119
v 894.0792 524.5675 534.8906
v 890.1889 524.5675 535.4065
v 894.1901 524.6825 535.8839
v 890.3422 524.6825 536.3956
v 894.3014 524.7986 536.8803
v 890.4940 524.7986 537.3819
v 894.4111 524.9161 537.8781
v 890.6437 524.9161 538.3671
v 894.5185 525.0347 538.8761
v 890.7919 525.0347 539.3527
v 894.6252 525.1544 539.8742
v 890.9370 525.1544 540.3386
v 894.7324 525.2757 540.8724
v 891.0777 525.2757 541.3250
v 894.8401 525.3982 541.8715
v 891.2136 525.3982 542.3110
v 894.9506 525.5217 542.8729
v 891.3407 525.5217 543.2954
v 895.0630 525.6459 543.8771
v 891.4557 525.6459 544.2781
v 895.1760 525.7710 544.8855
v 891.5573 525.7710 545.2579
v 895.2862 525.8967 545.9032
v 891.6419 525.8967 546.2302
v 895.3868 526.0230 546.9362
v 891.7036 526.0230 547.1891
v 895.4670 526.1496 547.9849
v 891.7347 526.1496 548.1336
v 895.5169 526.2762 549.0468
v 891.7324 526.2762 549.0652
v 895.5286 526.4029 550.1216
v 891.6926 526.4029 549.9819
v 895.4934 526.5294 551.2066
v 891.6111 526.5294 550.8827
v 895.4061 526.6557 552.2872
v 891.4846 526.6557 551.7789
v 895.2760 526.7818 553.3440
v 891.3170 526.7818 552.6910
v 895.1225 526.9075 554.3639
v 891.1194 526.9075 553.6351
v 894.9671 527.0328 555.3445
v 890.9110 527.0328 554.6173
v 894.8275 527.1577 556.2886
v 890.7103 527.1577 555.6377
v 894.7191 527.2821 557.1943
v 890.5374 527.2821 556.6997
v 894.6326 527.4059 558.0609
v 890.4391 527.4059 557.8054
v 894.6170 527.5288 558.9071
v 890.3988 527.5288 558.9362
v 894.6610 527.6512 559.7482
v 890.4379 527.6512 560.0718
v 894.7647 527.7137 560.5903
v 890.5535 527.7137 561.1984
v 894.9265 527.7754 561.4325
v 890.7390 527.7754 562.3096
v 895.1446 527.8362 562.2712
v 890.9872 527.8362 563.4015
v 895.4185 527.8966 563.1076
v 891.2893 527.8966 564.4681
v 895.7434 527.9565 563.9485
v 891.6333 527.9565 565.5024
v 896.1112 528.0158 564.7978
v 892.0055 528.0158 566.5045
v 896.5189 528.0748 565.6673
v 892.3860 528.0748 567.4600
v 896.7315 528.1332 566.0839
v 892.5718 528.1332 567.9579
v 896.9449 528.1912 566.4822
v 892.7795 528.1912 568.4640
v 897.1735 528.2491 566.9039
v 892.9866 528.2491 568.9389
f 1 2 4 3
f 3 4 6 5
f 5 6 8 7
f 7 8 10 9
f 9 10 12 11
f 11 12 14 13
f 13 14 16 15
f 15 16 18 17
f 17 18 20 19
f 19 20 22 21
f 21 22 24 23
f 23 24 26 25
f 25 26 28 27
f 27 28 30 29
f 29 30 32 31
f 31 32 34 33
f 33 34 36 35
f 35 36 38 37
f 37 38 40 39
f 39 40 42 41
f 41 42 44 43
f 43 44 46 45
f 45 46 48 47
f 47 48 50 49
f 49 50 52 51
f 51 52 54 53
f 53 54 56 55
f 55 56 58 57
f 57 58 60 59
f 59 60 62 61
f 61 62 64 63
f 63 64 66 65
f 65 66 68 67
f 67 68 70 69
f 69 70 72 71
f 71 72 74 73
f 73 74 76 75
f 75 76 78 77
f 77 78 80 79
f 79 80 82 81
f 81 82 84 83
f 83 84 86 85
f 85 86 88 87
f 87 88 90 89
f 89 90 92 91
f 91 92 94 93
f 93 94 96 95
f 95 96 98 97
f 97 98 100 99
f 99 100 102 101
f 101 102 104 103
f 103 104 106 105
f 105 106 108 107
f 107 108 110 109
f 109 110 112 111
f 111 112 114 113
f 113 114 116 115
f 115 116 118 117
f 117 118 120 119
f 119 120 122 121
f 121 122 124 123
f 123 124 126 125
f 125 126 128 127
f 127 128 130 129
f 129 130 132 131
f 131 132 134 133
f 133 134 136 135
f 135 136 138 137
f 137 138 140 139
f 139 140 142 141
f 141 142 144 143
f 143 144 146 145
f 145 146 148 147
f 147 148 150 149
f 149 150 152 151
f 151 152 154 153
f 153 154 156 155
f 155 156 158 157
f 157 158 160 159
f 159 160 162 161
f 161 162 164 163
f 163 164 166 165
f 165 166 168 167
f 167 168 170 169
f 169 170 172 171
f 171 172 174 173
f 173 174 176 175
f 175 176 178 177
f 177 178 180 179
f 179 180 182 181
f 181 182 184 183
f 183 184 186 185
f 185 186 188 187
f 187 188 190 189
f 189 190 192 191
f 191 192 194 193
f 193 194 196 195
f 195 196 198 197
f 197 198 200 199
f 199 200 202 201
f 201 202 204 203
f 203 204 206 205
f 205 206 208 207
f 207 208 210 209
f 209 210 212 211
f 211 212 214 213
f 213 214 216 215
f 215 216 218 217
f 217 218 220 219
f 219 220 222 221
f 221 222 224 223
f 223 224 226 225
f 225 226 228 227
f 227 228 230 229
f 229 230 232 231
f 231 232 234 233
f 233 234 236 235
f 235 236 238 237
f 237 238 240 239
f 239 240 242 241
f 241 242 244 243
f 243 244 246 245
f 245 246 248 247
f 247 248 250 249
f 249 250 252 251
f 251 252 254 253
f 253 254 256 255
f 255 256 258 257
f 257 258 260 259
f 259 260 262 261
f 261 262 264 263
f 263 264 266 265
f 265 266 268 267
f 267 268 270 269
f 269 270 272 271
f 271 272 274 273
f 273 274 276 275
f 275 276 278 277
f 277 278 280 279
f 279 280 282 281
f 281 282 284 283
f 283 284 286 285
f 285 286 288 287
f 287 288 290 289
f 289 290 292 291
f 291 292 294 293
f 293 294 296 295
f 295 296 298 297
f 297 298 300 299
f 299 300 302 301
f 301 302 304 303
f 303 304 306 305
f 305 306 308 307
f 307 308 310 309
f 309 310 312 311
f 311 312 314 313
f 313 314 316 315
f 315 316 318 317
f 317 318 320 319
f 319 320 322 321
f 321 322 324 323
f 323 324 326 325
f 325 326 328 327
f 327 328 330 329
f 329 330 332 331
f 331 332 334 333
f 333 334 336 335
f 335 336 338 337
f 337 338 340 339
f 339 340 342 341
f 341 342 344 343
f 343 344 346 345
f 345 346 348 347
f 347 348 350 349
f 349 350 352 351
f 351 352 354 353
f 353 354 356 355
f 355 356 358 357
f 357 358 360 359
f 359 360 362 361
f 361 362 364 363
f 363 364 366 365
f 365 366 368 367
f 367 368 370 369
f 369 370 372 371
f 371 372 374 373
f 373 374 376 375
f 375 376 378 377
f 377 378 380 379
f 379 380 382 381
f 381 382 384 383
f 383 384 386 385
f 385 386 388 387
f 387 388 390 389
f 389 390 392 391
f 391 392 394 393
f 393 394 396 395
f 395 396 398 397
f 397 398 400 399
f 399 400 402 401
f 401 402 404 403
f 403 404 406 405
f 405 406 408 407
f 407 408 410 409
f 409 410 412 411
f 411 412 414 413
f 413 414 416 415
f 415 416 418 417
f 417 418 420 419
f 419 420 422 421
f 421 422 424 423
f 423 424 426 425
f 425 426 428 427
f 427 428 430 429
f 429 430 432 431
f 431 432 434 433
f 433 434 436 435
f 435 436 438 437
f 437 438 440 439
f 439 440 442 441
f 441 442 444 443
f 443 444 446 445
f 445 446 448 447
f 447 448 450 449
f 449 450 452 451
f 451 452 454 453
f 453 454 456 455
f 455 456 458 457
f 457 458 460 459
f 459 460 462 461
f 461 462 464 463
f 463 464 466 465
f 465 466 468 467
f 467 468 470 469
f 469 470 472 471
f 471 472 474 473
f 473 474 476 475
f 475 476 478 477
f 477 478 480 479
f 479 480 482 481
f 481 482 484 483
f 483 484 486 485
f 485 486 488 487
f 487 488 490 489
f 489 490 492 491
f 491 492 494 493
f 493 494 496 495
f 495 496 498 497
f 497 498 500 499
f 499 500 502 501
f 501 502 504 503
f 503 504 506 505
f 505 506 508 507
f 507 508 510 509
f 509 510 512 511
f 511 512 514 513
f 513 514 516 515
f 515 516 518 517
f 517 518 520 519
f 519 520 522 521
f 521 522 524 523
f 523 524 526 525
f 525 526 528 527
f 527 528 530 529
f 529 530 532 531
f 531 532 534 533
f 533 534 536 535
f 535 536 538 537
f 537 538 540 539
f 539 540 542 541
f 541 542 544 543
f 543 544 546 545
f 545 546 548 547
f 547 548 550 549
f 549 550 552 551
f 551 552 554 553
f 553 554 556 555
f 555 556 558 557
f 557 558 560 559
f 559 560 562 561
f 561 562 564 563
f 563 564 566 565
f 565 566 568 567
f 567 568 570 569
f 569 570 572 571
f 571 572 574 573
f 573 574 576 575
f 575 576 578 577
f 577 578 580 579
f 579 580 582 581
f 581 582 584 583
f 583 584 586 585
f 585 586 588 587
f 587 588 590 589
f 589 590 592 591
f 591 592 594 593
f 593 594 596 595
f 595 596 598 597
f 597 598 600 599
f 599 600 602 601
f 601 602 604 603
f 603 604 606 605
f 605 606 608 607
f 607 608 610 609
f 609 610 612 611
f 611 612 614 613
f 613 614 616 615
f 615 616 618 617
f 617 618 620 619
f 619 620 622 621
f 621 622 624 623
f 623 624 626 625
f 625 626 628 627
f 627 628 630 629
f 629 630 632 631
f 631 632 634 633
f 633 634 636 635
f 635 636 638 637
f 637 638 640 639
f 639 640 642 641
f 641 642 644 643
f 643 644 646 645
f 645 646 648 647
f 647 648 650 649
f 649 650 652 651
f 651 652 654 653
f 653 654 656 655
f 655 656 658 657
f 657 658 660 659
f 659 660 662 661
f 661 662 664 663
f 663 664 666 665
f 665 666 668 667
f 667 668 670 669
f 669 670 672 671
f 671 672 674 673
f 673 674 676 675
f 675 676 678 677
f 677 678 680 679
f 679 680 682 681
f 681 682 684 683
f 683 684 686 685
f 685 686 688 687
f 687 688 690 689
f 689 690 692 691
f 691 692 694 693
f 693 694 696 695
f 695 696 698 697
f 697 698 700 699
f 699 700 702 701
f 701 702 704 703
f 703 704 706 705
f 705 706 708 707
f 707 708 710 709
f 709 710 712 711
f 711 712 714 713
f 713 714 716 715
f 715 716 718 717
f 717 718 720 719
f 719 720 722 721
f 721 722 724 723
f 723 724 726 725
f 725 726 728 727
f 727 728 730 729
f 729 730 732 731
f 731 732 734 733
f 733 734 736 735
f 735 736 738 737
f 737 738 740 739
f 739 740 742 741
f 741 742 744 743
f 743 744 746 745
f 745 746 748 747
f 747 748 750 749
f 749 750 752 751
f 751 752 754 753
f 753 754 756 755
f 755 756 758 757
f 757 758 760 759
f 759 760 762 761
f 761 762 764 763
f 763 764 766 765
f 765 766 768 767
f 767 768 770 769
f 769 770 772 771
f 771 772 774 773
f 773 774 776 775
f 775 776 778 777
f 777 778 780 779
f 779 780 782 781
f 781 782 784 783
f 783 784 786 785
f 785 786 788 787
f 787 788 790 789
f 789 790 792 791
f 791 792 794 793
f 793 794 796 795
f 795 796 798 797
f 797 798 800 799
f 799 800 802 801
f 801 802 804 803
f 803 804 806 805
f 805 806 808 807
f 807 808 810 809
f 809 810 812 811
f 811 812 814 813
f 813 814 816 815
f 815 816 818 817
f 817 818 820 819
f 819 820 822 821
f 821 822 824 823
f 823 824 826 825
f 825 826 828 827
f 827 828 830 829
f 829 830 832 831
f 831 832 834 833
f 833 834 836 835
f 835 836 838 837
f 837 838 840 839
f 839 840 842 841
f 841 842 844 843
f 843 844 846 845
f 845 846 848 847
f 847 848 850 849
f 849 850 852 851
f 851 852 854 853
f 853 854 856 855
f 855 856 858 857
f 857 858 860 859
f 859 860 862 861
f 861 862 864 863
f 863 864 866 865
f 865 866 868 867
f 867 868 870 869
f 869 870 872 871
f 871 872 874 873
f 873 874 876 875
f 875 876 878 877
f 877 878 880 879
f 879 880 882 881
f 881 882 884 883
f 883 884 886 885
f 885 886 888 887
f 887 888 890 889
f 889 890 892 891
f 891 892 894 893
f 893 894 896 895
f 895 896 898 897
f 897 898 900 899
f 899 900 902 901
f 901 902 904 903
f 903 904 906 905
f 905 906 908 907
f 907 908 910 909
f 909 910 912 911
f 911 912 914 913
f 913 914 916 915
f 915 916 918 917
f 917 918 920 919
f 919 920 922 921
f 921 922 924 923
f 923 924 926 925
f 925 926 928 927
f 927 928 930 929
f 929 930 932 931
f 931 932 934 933
f 933 934 936 935
f 935 936 938 937
f 937 938 940 939
f 939 940 942 941
f 941 942 944 943
f 943 944 946 945
f 945 946 948 947
f 947 948 950 949
f 949 950 952 951
f 951 952 954 953
f 953 954 956 955
f 955 956 958 957
f 957 958 960 959
f 959 960 962 961
f 961 962 964 963
f 963 964 966 965
f 965 966 968 967
f 967 968 970 969
f 969 970 972 971
f 971 972 974 973
f 973 974 976 975
f 975 976 978 977
f 977 978 980 979
f 979 980 982 981
f 981 982 984 983
f 983 984 986 985
f 985 986 988 987
f 987 988 990 989
f 989 990 992 991
f 991 992 994 993
f 993 994 996 995
f 995 996 998 997
f 997 998 1000 999
f 999 1000 1002 1001
f 1001 1002 1004 1003
f 1003 1004 1006 1005
f 1005 1006 1008 1007
f 1007 1008 1010 1009
f 1009 1010 1012 1011
f 1011 1012 1014 1013
f 1013 1014 1016 1015
f 1015 1016 1018 1017
f 1017 1018 1020 1019
f 1019 1020 1022 1021
f 1021 1022 1024 1023
f 1023 1024 1026 1025
f 1025 1026 1028 1027
f 1027 1028 1030 1029
f 1029 1030 1032 1031
f 1031 1032 1034 1033
f 1033 1034 1036 1035
f 1035 1036 1038 1037
f 1037 1038 1040 1039
f 1039 1040 1042 1041
f 1041 1042 1044 1043
f 1043 1044 1046 1045
f 1045 1046 1048 1047
f 1047 1048 1050 1049
f 1049 1050 1052 1051
f 1051 1052 1054 1053
f 1053 1054 1056 1055
f 1055 1056 1058 1057
f 1057 1058 1060 1059
f 1059 1060 1062 1061
f 1061 1062 1064 1063
f 1063 1064 1066 1065
f 1065 1066 1068 1067
f 1067 1068 1070 1069
f 1069 1070 1072 1071
f 1071 1072 1074 1073
f 1073 1074 1076 1075
f 1075 1076 1078 1077
f 1077 1078 1080 1079
f 1079 1080 1082 1081
f 1081 1082 1084 1083
f 1083 1084 1086 1085
f 1085 1086 1088 1087
f 1087 1088 1090 1089
f 1089 1090 1092 1091
f 1091 1092 1094 1093
f 1093 1094 1096 1095
f 1095 1096 1098 1097
f 1097 1098 1100 1099
f 1099 1100 1102 1101
f 1101 1102 1104 1103
f 1103 1104 1106 1105
f 1105 1106 1108 1107
f 1107 1108 1110 1109
f 1109 1110 1112 1111
f 1111 1112 1114 1113
f 1113 1114 1116 1115
f 1115 1116 1118 1117
f 1117 1118 1120 1119
f 1119 1120 1122 1121
f 1121 1122 1124 1123
f 1123 1124 1126 1125
f 1125 1126 1128 1127
f 1127 1128 1130 1129
f 1129 1130 1132 1131
f 1131 1132 1134 1133
f 1133 1134 1136 1135
f 1135 1136 1138 1137
f 1137 1138 1140 1139
f 1139 1140 1142 1141
f 1141 1142 1144 1143
f 1143 1144 1146 1145
f 1145 1146 1148 1147
f 1147 1148 1150 1149
f 1149 1150 1152 1151
f 1151 1152 1154 1153
f 1153 1154 1156 1155
f 1155 1156 1158 1157
f 1157 1158 1160 1159
f 1159 1160 1162 1161
f 1161 1162 1164 1163
f 1163 1164 1166 1165
f 1165 1166 1168 1167
f 1167 1168 1170 1169
f 1169 1170 1172 1171
f 1171 1172 1174 1173
f 1173 1174 1176 1175
f 1175 1176 1178 1177
f 1177 1178 1180 1179
f 1179 1180 1182 1181
f 1181 1182 1184 1183
f 1183 1184 1186 1185
f 1185 1186 1188 1187
f 1187 1188 1190 1189
f 1189 1190 1192 1191
f 1191 1192 1194 1193
f 1193 1194 1196 1195
f 1195 1196 1198 1197
f 1197 1198 1200 1199
f 1199 1200 1202 1201
f 1201 1202 1204 1203
f 1203 1204 1206 1205
f 1205 1206 1208 1207
f 1207 1208 1210 1209
f 1209 1210 1212 1211
f 1211 1212 1214 1213
f 1213 1214 1216 1215
f 1215 1216 1218 1217
f 1217 1218 1220 1219
f 1219 1220 1222 1221
f 1221 1222 1224 1223
f 1223 1224 1226 1225
f 1225 1226 1228 1227
f 1227 1228 1230 1229
f 1229 1230 1232 1231
f 1231 1232 1234 1233
f 1233 1234 1236 1235
f 1235 1236 1238 1237
f 1237 1238 1240 1239
f 1239 1240 1242 1241
f 1241 1242 1244 1243
f 1243 1244 1246 1245
f 1245 1246 1248 1247
f 1247 1248 1250 1249
f 1249 1250 1252 1251
f 1251 1252 1254 1253
f 1253 1254 1256 1255
f 1255 1256 1258 1257
f 1257 1258 1260 1259
f 1259 1260 1262 1261
f 1261 1262 1264 1263
f 1263 1264 1266 1265
f 1265 1266 1268 1267
f 1267 1268 1270 1269
f 1269 1270 1272 1271
f 1271 1272 1274 1273
f 1273 1274 1276 1275
f 1275 1276 1278 1277
f 1277 1278 1280 1279
f 1279 1280 1282 1281
f 1281 1282 1284 1283
f 1283 1284 1286 1285
f 1285 1286 1288 1287
f 1287 1288 1290 1289
f 1289 1290 1292 1291
f 1291 1292 1294 1293
f 1293 1294 1296 1295
f 1295 1296 1298 1297
f 1297 1298 1300 1299
f 1299 1300 1302 1301
f 1301 1302 1304 1303
f 1303 1304 1306 1305
f 1305 1306 1308 1307
f 1307 1308 1310 1309
f 1309 1310 1312 1311
f 1311 1312 1314 1313
f 1313 1314 1316 1315
f 1315 1316 1318 1317
f 1317 1318 1320 1319
f 1319 1320 1322 1321
f 1321 1322 1324 1323
f 1323 1324 1326 1325
f 1325 1326 1328 1327
f 1327 1328 1330 1329
f 1329 1330 1332 1331
f 1331 1332 1334 1333
f 1333 1334 1336 1335
f 1335 1336 1338 1337
f 1337 1338 1340 1339
f 1339 1340 1342 1341
f 1341 1342 1344 1343
f 1343 1344 1346 1345
f 1345 1346 1348 1347
f 1347 1348 1350 1349
f 1349 1350 1352 1351
f 1351 1352 1354 1353
f 1353 1354 1356 1355
f 1355 1356 1358 1357
f 1357 1358 1360 1359
f 1359 1360 1362 1361
f 1361 1362 1364 1363
f 1363 1364 1366 1365
f 1365 1366 1368 1367
f 1367 1368 1370 1369
f 1369 1370 1372 1371
f 1371 1372 1374 1373
f 1373 1374 1376 1375
f 1375 1376 1378 1377
f 1377 1378 1380 1379
f 1379 1380 1382 1381
f 1381 1382 1384 1383
f 1383 1384 1386 1385
f 1385 1386 1388 1387
f 1387 1388 1390 1389
f 1389 1390 1392 1391
f 1391 1392 1394 1393
f 1393 1394 1396 1395
f 1395 1396 1398 1397
f 1397 1398 1400 1399
f 1399 1400 1402 1401
f 1401 1402 1404 1403
f 1403 1404 1406 1405
f 1405 1406 1408 1407
f 1407 1408 1410 1409
f 1409 1410 1412 1411
f 1411 1412 1414 1413
f 1413 1414 1416 1415
f 1415 1416 1418 1417
f 1417 1418 1420 1419
f 1419 1420 1422 1421
f 1421 1422 1424 1423
f 1423 1424 1426 1425
f 1425 1426 1428 1427
f 1427 1428 1430 1429
f 1429 1430 1432 1431
f 1431 1432 1434 1433
f 1433 1434 1436 1435
f 1435 1436 1438 1437
f 1437 1438 1440 1439
f 1439 1440 1442 1441
f 1441 1442 1444 1443
f 1443 1444 1446 1445
f 1445 1446 1448 1447
f 1447 1448 1450 1449
f 1449 1450 1452 1451
f 1451 1452 1454 1453
f 1453 1454 1456 1455
f 1455 1456 1458 1457
f 1457 1458 1460 1459
f 1459 1460 1462 1461
f 1461 1462 1464 1463
f 1463 1464 1466 1465
f 1465 1466 1468 1467
f 1467 1468 1470 1469
f 1469 1470 1472 1471
f 1471 1472 1474 1473
f 1473 1474 1476 1475
f 1475 1476 1478 1477
f 1477 1478 1480 1479
f 1479 1480 1482 1481
f 1481 1482 1484 1483
f 1483 1484 1486 1485
f 1485 1486 1488 1487
f 1487 1488 1490 1489
f 1489 1490 1492 1491
f 1491 1492 1494 1493
f 1493 1494 1496 1495
f 1495 1496 1498 1497
f 1497 1498 1500 1499
f 1499 1500 1502 1501
f 1501 1502 1504 1503
f 1503 1504 1506 1505
f 1505 1506 1508 1507
f 1507 1508 1510 1509
f 1509 1510 1512 1511
f 1511 1512 1514 1513
f 1513 1514 1516 1515
f 1515 1516 1518 1517
f 1517 1518 1520 1519
f 1519 1520 1522 1521
f 1521 1522 1524 1523
f 1523 1524 1526 1525
f 1525 1526 1528 1527
f 1527 1528 1530 1529
f 1529 1530 1532 1531
f 1531 1532 1534 1533
f 1533 1534 1536 1535
f 1535 1536 1538 1537
f 1537 1538 1540 1539
f 1539 1540 1542 1541
f 1541 1542 1544 1543
f 1543 1544 1546 1545
f 1545 1546 1548 1547
f 1547 1548 1550 1549
f 1549 1550 1552 1551
f 1551 1552 1554 1553
f 1553 1554 1556 1555
f 1555 1556 1558 1557
f 1557 1558 1560 1559
f 1559 1560 1562 1561
f 1561 1562 1564 1563
f 1563 1564 1566 1565
f 1565 1566 1568 1567
f 1567 1568 1570 1569
f 1569 1570 1572 1571
f 1571 1572 1574 1573
f 1573 1574 1576 1575
f 1575 1576 1578 1577
f 1577 1578 1580 1579
f 1579 1580 1582 1581
f 1581 1582 1584 1583
f 1583 1584 1586 1585
f 1585 1586 1588 1587
f 1587 1588 1590 1589
f 1589 1590 1592 1591
f 1591 1592 1594 1593
f 1593 1594 1596 1595
f 1595 1596 1598 1597
f 1597 1598 1600 1599
f 1599 1600 1602 1601
f 1601 1602 1604 1603
f 1603 1604 1606 1605
f 1605 1606 1608 1607
f 1607 1608 1610 1609
f 1609 1610 1612 1611
f 1611 1612 1614 1613
f 1613 1614 1616 1615
f 1615 1616 1618 1617
f 1617 1618 1620 1619
f 1619 1620 1622 1621
f 1621 1622 1624 1623
f 1623 1624 1626 1625
f 1625 1626 1628 1627
f 1627 1628 1630 1629
f 1629 1630 1632 1631
f 1631 1632 1634 1633
f 1633 1634 1636 1635
f 1635 1636 1638 1637
f 1637 1638 1640 1639
f 1639 1640 1642 1641
f 1641 1642 1644 1643
f 1643 1644 1646 1645
f 1645 1646 1648 1647
f 1647 1648 1650 1649
f 1649 1650 1652 1651
f 1651 1652 1654 1653
f 1653 1654 1656 1655
f 1655 1656 1658 1657
f 1657 1658 1660 1659
f 1659 1660 1662 1661
f 1661 1662 1664 1663
f 1663 1664 1666 1665
f 1665 1666 1668 1667
f 1667 1668 1670 1669
f 1669 1670 1672 1671
f 1671 1672 1674 1673
f 1673 1674 1676 1675
f 1675 1676 1678 1677
f 1677 1678 1680 1679
f 1679 1680 1682 1681
f 1681 1682 1684 1683
f 1683 1684 1686 1685
f 1685 1686 1688 1687
f 1687 1688 1690 1689
f 1689 1690 1692 1691
f 1691 1692 1694 1693
f 1693 1694 1696 1695
f 1695 1696 1698 1697
f 1697 1698 1700 1699
f 1699 1700 1702 1701
f 1701 1702 1704 1703
f 1703 1704 1706 1705
f 1705 1706 1708 1707
f 1707 1708 1710 1709
f 1709 1710 1712 1711
f 1711 1712 1714 1713
f 1713 1714 1716 1715
f 1715 1716 1718 1717
f 1717 1718 1720 1719
f 1719 1720 1722 1721
f 1721 1722 1724 1723
f 1723 1724 1726 1725
f 1725 1726 1728 1727
f 1727 1728 1730 1729
f 1729 1730 1732 1731
f 1731 1732 1734 1733
f 1733 1734 1736 1735
f 1735 1736 1738 1737
f 1737 1738 1740 1739
f 1739 1740 1742 1741
f 1741 1742 1744 1743
f 1743 1744 1746 1745
f 1745 1746 1748 1747
f 1747 1748 1750 1749
f 1749 1750 1752 1751
f 1751 1752 1754 1753
f 1753 1754 1756 1755
f 1755 1756 1758 1757
f 1757 1758 1760 1759
f 1759 1760 1762 1761
f 1761 1762 1764 1763
f 1763 1764 1766 1765
f 1765 1766 1768 1767
f 1767 1768 1770 1769
f 1769 1770 1772 1771
f 1771 1772 1774 1773
f 1773 1774 1776 1775
f 1775 1776 1778 1777
f 1777 1778 1780 1779
f 1779 1780 1782 1781
f 1781 1782 1784 1783
f 1783 1784 1786 1785
f 1785 1786 1788 1787
f 1787 1788 1790 1789
f 1789 1790 1792 1791
f 1791 1792 1794 1793
f 1793 1794 1796 1795
f 1795 1796 1798 1797
f 1797 1798 1800 1799
f 1799 1800 1802 1801
f 1801 1802 1804 1803
f 1803 1804 1806 1805
f 1805 1806 1808 1807
f 1807 1808 1810 1809
f 1809 1810 1812 1811
f 1811 1812 1814 1813
f 1813 1814 1816 1815
f 1815 1816 1818 1817
f 1817 1818 1820 1819
f 1819 1820 1822 1821
f 1821 1822 1824 1823
f 1823 1824 1826 1825
f 1825 1826 1828 1827
f 1827 1828 1830 1829
f 1829 1830 1832 1831
f 1831 1832 1834 1833
f 1833 1834 1836 1835
f 1835 1836 1838 1837
f 1837 1838 1840 1839
f 1839 1840 1842 1841
f 1841 1842 1844 1843
f 1843 1844 1846 1845
f 1845 1846 1848 1847
f 1847 1848 1850 1849
f 1849 1850 1852 1851
f 1851 1852 1854 1853
f 1853 1854 1856 1855
f 1855 1856 1858 1857
f 1857 1858 1860 1859
f 1859 1860 1862 1861
f 1861 1862 1864 1863
f 1863 1864 1866 1865
f 1865 1866 1868 1867
f 1867 1868 1870 1869
f 1869 1870 1872 1871
f 1871 1872 1874 1873
f 1873 1874 1876 1875
f 1875 1876 1878 1877
f 1877 1878 1880 1879
f 1879 1880 1882 1881
f 1881 1882 1884 1883
f 1883 1884 1886 1885
f 1885 1886 1888 1887
f 1887 1888 1890 1889
f 1889 1890 1892 1891
f 1891 1892 1894 1893
f 1893 1894 1896 1895
f 1895 1896 1898 1897
f 1897 1898 1900 1899
f 1899 1900 1902 1901
f 1901 1902 1904 1903
f 1903 1904 1906 1905
f 1905 1906 1908 1907
f 1907 1908 1910 1909
f 1909 1910 1912 1911
f 1911 1912 1914 1913
f 1913 1914 1916 1915
f 1915 1916 1918 1917
f 1917 1918 1920 1919
f 1919 1920 1922 1921
f 1921 1922 1924 1923
f 1923 1924 1926 1925
f 1925 1926 1928 1927
f 1927 1928 1930 1929
f 1929 1930 1932 1931
f 1931 1932 1934 1933
f 1933 1934 1936 1935
f 1935 1936 1938 1937
f 1937 1938 1940 1939
f 1939 1940 1942 1941
f 1941 1942 1944 1943
f 1943 1944 1946 1945
f 1945 1946 1948 1947
f 1947 1948 1950 1949
f 1949 1950 1952 1951
f 1951 1952 1954 1953
f 1953 1954 1956 1955
f 1955 1956 1958 1957
f 1957 1958 1960 1959
f 1959 1960 1962 1961
f 1961 1962 1964 1963
f 1963 1964 1966 1965
f 1965 1966 1968 1967
f 1967 1968 1970 1969
f 1969 1970 1972 1971
f 1971 1972 1974 1973
f 1973 1974 1976 1975
f 1975 1976 1978 1977
f 1977 1978 1980 1979
f 1979 1980 1982 1981
f 1981 1982 1984 1983
f 1983 1984 1986 1985
f 1985 1986 1988 1987
f 1987 1988 1990 1989
f 1989 1990 1992 1991
f 1991 1992 1994 1993
f 1993 1994 1996 1995
f 1995 1996 1998 1997
f 1997 1998 2000 1999
f 1999 2000 2002 2001
f 2001 2002 2004 2003
f 2003 2004 2006 2005
f 2005 2006 2008 2007
f 2007 2008 2010 2009
f 2009 2010 2012 2011
f 2011 2012 2014 2013
f 2013 2014 2016 2015
f 2015 2016 2018 2017
f 2017 2018 2020 2019
f 2019 2020 2022 2021
f 2021 2022 2024 2023
f 2023 2024 2026 2025
f 2025 2026 2028 2027
f 2027 2028 2030 2029
f 2029 2030 2032 2031
f 2031 2032 2034 2033
f 2033 2034 2036 2035
f 2035 2036 2038 2037
f 2037 2038 2040 2039
f 2039 2040 2042 2041
f 2041 2042 2044 2043
f 2043 2044 2046 2045
f 2045 2046 2048 2047
f 2047 2048 2050 2049
f 2049 2050 2052 2051
f 2051 2052 2054 2053
f 2053 2054 2056 2055
f 2055 2056 2058 2057
f 2057 2058 2060 2059
f 2059 2060 2062 2061
f 2061 2062 2064 2063
f 2063 2064 2066 2065
f 2065 2066 2068 2067
f 2067 2068 2070 2069
f 2069 2070 2072 2071
f 2071 2072 2074 2073
f 2073 2074 2076 2075
f 2075 2076 2078 2077
f 2077 2078 2080 2079
f 2079 2080 2082 2081
f 2081 2082 2084 2083
f 2083 2084 2086 2085
f 2085 2086 2088 2087
f 2087 2088 2090 2089
f 2089 2090 2092 2091
f 2091 2092 2094 2093
f 2093 2094 2096 2095
f 2095 2096 2098 2097
f 2097 2098 2100 2099
f 2099 2100 2102 2101
f 2101 2102 2104 2103
f 2103 2104 2106 2105
f 2105 2106 2108 2107
f 2107 2108 2110 2109
f 2109 2110 2112 2111
f 2111 2112 2114 2113
f 2113 2114 2116 2115
f 2115 2116 2118 2117
f 2117 2118 2120 2119
f 2119 2120 2122 2121
f 2121 2122 2124 2123
f 2123 2124 2126 2125
f 2125 2126 2128 2127
f 2127 2128 2130 2129
f 2129 2130 2132 2131
f 2131 2132 2134 2133
f 2133 2134 2136 2135
f 2135 2136 2138 2137
f 2137 2138 2140 2139
f 2139 2140 2142 2141
f 2141 2142 2144 2143
f 2143 2144 2146 2145
f 2145 2146 2148 2147
f 2147 2148 2150 2149
f 2149 2150 2152 2151
f 2151 2152 2154 2153
f 2153 2154 2156 2155
f 2155 2156 2158 2157
f 2157 2158 2160 2159
f 2159 2160 2162 2161
f 2161 2162 2164 2163
f 2163 2164 2166 2165
f 2165 2166 2168 2167
f 2167 2168 2170 2169
f 2169 2170 2172 2171
f 2171 2172 2174 2173
f 2173 2174 2176 2175
f 2175 2176 2178 2177
f 2177 2178 2180 2179
f 2179 2180 2182 2181
f 2181 2182 2184 2183
f 2183 2184 2186 2185
f 2185 2186 2188 2187
f 2187 2188 2190 2189
f 2189 2190 2192 2191
f 2191 2192 2194 2193
f 2193 2194 2196 2195
f 2195 2196 2198 2197
f 2197 2198 2200 2199
f 2199 2200 2202 2201
f 2201 2202 2204 2203
f 2203 2204 2206 2205
f 2205 2206 2208 2207
f 2207 2208 2210 2209
f 2209 2210 2212 2211
f 2211 2212 2214 2213
f 2213 2214 2216 2215
f 2215 2216 2218 2217
f 2217 2218 2220 2219
f 2219 2220 2222 2221
f 2221 2222 2224 2223
f 2223 2224 2226 2225
f 2225 2226 2228 2227
f 2227 2228 2230 2229
f 2229 2230 2232 2231
f 2231 2232 2234 2233
f 2233 2234 2236 2235
f 2235 2236 2238 2237
f 2237 2238 2240 2239
f 2239 2240 2242 2241
f 2241 2242 2244 2243
f 2243 2244 2246 2245
f 2245 2246 2248 2247
f 2247 2248 2250 2249
f 2249 2250 2252 2251
f 2251 2252 2254 2253
f 2253 2254 2256 2255
f 2255 2256 2258 2257
f 2257 2258 2260 2259
f 2259 2260 2262 2261
f 2261 2262 2264 2263
f 2263 2264 2266 2265
f 2265 2266 2268 2267
f 2267 2268 2270 2269
f 2269 2270 2272 2271
f 2271 2272 2274 2273
f 2273 2274 2276 2275
f 2275 2276 2278 2277
f 2277 2278 2280 2279
f 2279 2280 2282 2281
f 2281 2282 2284 2283
f 2283 2284 2286 2285
f 2285 2286 2288 2287
f 2287 2288 2290 2289
f 2289 2290 2292 2291
f 2291 2292 2294 2293
f 2293 2294 2296 2295
f 2295 2296 2298 2297
f 2297 2298 2300 2299
f 2299 2300 2302 2301
f 2301 2302 2304 2303
f 2303 2304 2306 2305
f 2305 2306 2308 2307
f 2307 2308 2310 2309
f 2309 2310 2312 2311
f 2311 2312 2314 2313
f 2313 2314 2316 2315
f 2315 2316 2318 2317
f 2317 2318 2320 2319
f 2319 2320 2322 2321
f 2321 2322 2324 2323
f 2323 2324 2326 2325
f 2325 2326 2328 2327
f 2327 2328 2330 2329
f 2329 2330 2332 2331
f 2331 2332 2334 2333
f 2333 2334 2336 2335
f 2335 2336 2338 2337
f 2337 2338 2340 2339
f 2339 2340 2342 2341
f 2341 2342 2344 2343
f 2343 2344 2346 2345
f 2345 2346 2348 2347
f 2347 2348 2350 2349
f 2349 2350 2352 2351
f 2351 2352 2354 2353
f 2353 2354 2356 2355
f 2355 2356 2358 2357
f 2357 2358 2360 2359
f 2359 2360 2362 2361
f 2361 2362 2364 2363
f 2363 2364 2366 2365
f 2365 2366 2368 2367
f 2367 2368 2370 2369
f 2369 2370 2372 2371
f 2371 2372 2374 2373
f 2373 2374 2376 2375
f 2375 2376 2378 2377
f 2377 2378 2380 2379
f 2379 2380 2382 2381
f 2381 2382 2384 2383
f 2383 2384 2386 2385
f 2385 2386 2388 2387
f 2387 2388 2390 2389
f 2389 2390 2392 2391
f 2391 2392 2394 2393
f 2393 2394 2396 2395
f 2395 2396 2398 2397
f 2397 2398 2400 2399
f 2399 2400 2402 2401
f 2401 2402 2404 2403
f 2403 2404 2406 2405
f 2405 2406 2408 2407
f 2407 2408 2410 2409
f 2409 2410 2412 2411
f 2411 2412 2414 2413
f 2413 2414 2416 2415
f 2415 2416 2418 2417
f 2417 2418 2420 2419
f 2419 2420 2422 2421
f 2421 2422 2424 2423
f 2423 2424 2426 2425
f 2425 2426 2428 2427
f 2427 2428 2430 2429
f 2429 2430 2432 2431
f 2431 2432 2434 2433
f 2433 2434 2436 2435
f 2435 2436 2438 2437
f 2437 2438 2440 2439
f 2439 2440 2442 2441
f 2441 2442 2444 2443
f 2443 2444 2446 2445
f 2445 2446 2448 2447
f 2447 2448 2450 2449
f 2449 2450 2452 2451
f 2451 2452 2454 2453
f 2453 2454 2456 2455
f 2455 2456 2458 2457
f 2457 2458 2460 2459
f 2459 2460 2462 2461
f 2461 2462 2464 2463
f 2463 2464 2466 2465
f 2465 2466 2468 2467
f 2467 2468 2470 2469
f 2469 2470 2472 2471
f 2471 2472 2474 2473
f 2473 2474 2476 2475
f 2475 2476 2478 2477
f 2477 2478 2480 2479
f 2479 2480 2482 2481
f 2481 2482 2484 2483
f 2483 2484 2486 2485
f 2485 2486 2488 2487
f 2487 2488 2490 2489
f 2489 2490 2492 2491
f 2491 2492 2494 2493
f 2493 2494 2496 2495
f 2495 2496 2498 2497
f 2497 2498 2500 2499
f 2499 2500 2502 2501
f 2501 2502 2504 2503
f 2503 2504 2506 2505
f 2505 2506 2508 2507
f 2507 2508 2510 2509
f 2509 2510 2512 2511
f 2511 2512 2514 2513
f 2513 2514 2516 2515
f 2515 2516 2518 2517
f 2517 2518 2520 2519
f 2519 2520 2522 2521
f 2521 2522 2524 2523
f 2523 2524 2526 2525
f 2525 2526 2528 2527
f 2527 2528 2530 2529
f 2529 2530 2532 2531
f 2531 2532 2534 2533
f 2533 2534 2536 2535
f 2535 2536 2538 2537
f 2537 2538 2540 2539
f 2539 2540 2542 2541
f 2541 2542 2544 2543
f 2543 2544 2546 2545
f 2545 2546 2548 2547
f 2547 2548 2550 2549
f 2549 2550 2552 2551
f 2551 2552 2554 2553
f 2553 2554 2556 2555
f 2555 2556 2558 2557
f 2557 2558 2560 2559
f 2559 2560 2562 2561
f 2561 2562 2564 2563
f 2563 2564 2566 2565
f 2565 2566 2568 2567
f 2567 2568 2570 2569
f 2569 2570 2572 2571
f 2571 2572 2574 2573
f 2573 2574 2576 2575
f 2575 2576 2578 2577
f 2577 2578 2580 2579
f 2579 2580 2582 2581
f 2581 2582 2584 2583
f 2583 2584 2586 2585
f 2585 2586 2588 2587
f 2587 2588 2590 2589
f 2589 2590 2592 2591
f 2591 2592 2594 2593
f 2593 2594 2596 2595
f 2595 2596 2598 2597
f 2597 2598 2600 2599
f 2599 2600 2602 2601
f 2601 2602 2604 2603
f 2603 2604 2606 2605
f 2605 2606 2608 2607
f 2607 2608 2610 2609
f 2609 2610 2612 2611
f 2611 2612 2614 2613
f 2613 2614 2616 2615
f 2615 2616 2618 2617
f 2617 2618 2620 2619
f 2619 2620 2622 2621
f 2621 2622 2624 2623
f 2623 2624 2626 2625
f 2625 2626 2628 2627
f 2627 2628 2630 2629
f 2629 2630 2632 2631
f 2631 2632 2634 2633
f 2633 2634 2636 2635
f 2635 2636 2638 2637
f 2637 2638 2640 2639
f 2639 2640 2642 2641
f 2641 2642 2644 2643
f 2643 2644 2646 2645
f 2645 2646 2648 2647
f 2647 2648 2650 2649
f 2649 2650 2652 2651
f 2651 2652 2654 2653
f 2653 2654 2656 2655
f 2655 2656 2658 2657
f 2657 2658 2660 2659
f 2659 2660 2662 2661
f 2661 2662 2664 2663
f 2663 2664 2666 2665
f 2665 2666 2668 2667
f 2667 2668 2670 2669
f 2669 2670 2672 2671
f 2671 2672 2674 2673
f 2673 2674 2676 2675
f 2675 2676 2678 2677
f 2677 2678 2680 2679
f 2679 2680 2682 2681
f 2681 2682 2684 2683
f 2683 2684 2686 2685
f 2685 2686 2688 2687
f 2687 2688 2690 2689
f 2689 2690 2692 2691
f 2691 2692 2694 2693
f 2693 2694 2696 2695
f 2695 2696 2698 2697
f 2697 2698 2700 2699
f 2699 2700 2702 2701
f 2701 2702 2704 2703
f 2703 2704 2706 2705
f 2705 2706 2708 2707
f 2707 2708 2710 2709
f 2709 2710 2712 2711
f 2711 2712 2714 2713
f 2713 2714 2716 2715
f 2715 2716 2718 2717
f 2717 2718 2720 2719
f 2719 2720 2722 2721
f 2721 2722 2724 2723
f 2723 2724 2726 2725
f 2725 2726 2728 2727
f 2727 2728 2730 2729
f 2729 2730 2732 2731
f 2731 2732 2734 2733
f 2733 2734 2736 2735
f 2735 2736 2738 2737
f 2737 2738 2740 2739
f 2739 2740 2742 2741
f 2741 2742 2744 2743
f 2743 2744 2746 2745
f 2745 2746 2748 2747
f 2747 2748 2750 2749
f 2749 2750 2752 2751
f 2751 2752 2754 2753
f 2753 2754 2756 2755
f 2755 2756 2758 2757
f 2757 2758 2760 2759
f 2759 2760 2762 2761
f 2761 2762 2764 2763
f 2763 2764 2766 2765
f 2765 2766 2768 2767
f 2767 2768 2770 2769
f 2769 2770 2772 2771
f 2771 2772 2774 2773
f 2773 2774 2776 2775
f 2775 2776 2778 2777
f 2777 2778 2780 2779
f 2779 2780 2782 2781
f 2781 2782 2784 2783
f 2783 2784 2786 2785
f 2785 2786 2788 2787
f 2787 2788 2790 2789
f 2789 2790 2792 2791
f 2791 2792 2794 2793
f 2793 2794 2796 2795
f 2795 2796 2798 2797
f 2797 2798 2800 2799
f 2799 2800 2802 2801
f 2801 2802 2804 2803
f 2803 2804 2806 2805
f 2805 2806 2808 2807
f 2807 2808 2810 2809
f 2809 2810 2812 2811
f 2811 2812 2814 2813
f 2813 2814 2816 2815
f 2815 2816 2818 2817
f 2817 2818 2820 2819
f 2819 2820 2822 2821
f 2821 2822 2824 2823
f 2823 2824 2826 2825
f 2825 2826 2828 2827
f 2827 2828 2830 2829
f 2829 2830 2832 2831
f 2831 2832 2834 2833
f 2833 2834 2836 2835
f 2835 2836 2838 2837
f 2837 2838 2840 2839
f 2839 2840 2842 2841
f 2841 2842 2844 2843
f 2843 2844 2846 2845
f 2845 2846 2848 2847
f 2847 2848 2850 2849
f 2849 2850 2852 2851
f 2851 2852 2854 2853
f 2853 2854 2856 2855
f 2855 2856 2858 2857
f 2857 2858 2860 2859
f 2859 2860 2862 2861
f 2861 2862 2864 2863
f 2863 2864 2866 2865
f 2865 2866 2868 2867
f 2867 2868 2870 2869
f 2869 2870 2872 2871
f 2871 2872 2874 2873
f 2873 2874 2876 2875
f 2875 2876 2878 2877
f 2877 2878 2880 2879
f 2879 2880 2882 2881
f 2881 2882 2884 2883
f 2883 2884 2886 2885
f 2885 2886 2888 2887
f 2887 2888 2890 2889
f 2889 2890 2892 2891
f 2891 2892 2894 2893
f 2893 2894 2896 2895
f 2895 2896 2898 2897
f 2897 2898 2900 2899
f 2899 2900 2902 2901
f 2901 2902 2904 2903
f 2903 2904 2906 2905
f 2905 2906 2908 2907
f 2907 2908 2910 2909
f 2909 2910 2912 2911
f 2911 2912 2914 2913
f 2913 2914 2916 2915
f 2915 2916 2918 2917
f 2917 2918 2920 2919
f 2919 2920 2922 2921
f 2921 2922 2924 2923
f 2923 2924 2926 2925
f 2925 2926 2928 2927
f 2927 2928 2930 2929
f 2929 2930 2932 2931
f 2931 2932 2934 2933
f 2933 2934 2936 2935
f 2935 2936 2938 2937
f 2937 2938 2940 2939
f 2939 2940 2942 2941
f 2941 2942 2944 2943
f 2943 2944 2946 2945
f 2945 2946 2948 2947
f 2947 2948 2950 2949
f 2949 2950 2952 2951
f 2951 2952 2954 2953
f 2953 2954 2956 2955
f 2955 2956 2958 2957
f 2957 2958 2960 2959
f 2959 2960 2962 2961
f 2961 2962 2964 2963
f 2963 2964 2966 2965
f 2965 2966 2968 2967
f 2967 2968 2970 2969
f 2969 2970 2972 2971
f 2971 2972 2974 2973
f 2973 2974 2976 2975
f 2975 2976 2978 2977
f 2977 2978 2980 2979
f 2979 2980 2982 2981
f 2981 2982 2984 2983
f 2983 2984 2986 2985
f 2985 2986 2988 2987
f 2987 2988 2990 2989
f 2989 2990 2992 2991
f 2991 2992 2994 2993
f 2993 2994 2996 2995
f 2995 2996 2998 2997
f 2997 2998 3000 2999
f 2999 3000 3002 3001
f 3001 3002 3004 3003
f 3003 3004 3006 3005
f 3005 3006 3008 3007
f 3007 3008 3010 3009
f 3009 3010 3012 3011
f 3011 3012 3014 3013
f 3013 3014 3016 3015
f 3015 3016 3018 3017
f 3017 3018 3020 3019
f 3019 3020 3022 3021
f 3021 3022 3024 3023
f 3023 3024 3026 3025
f 3025 3026 3028 3027
f 3027 3028 3030 3029
f 3029 3030 3032 3031
f 3031 3032 3034 3033
f 3033 3034 3036 3035
f 3035 3036 3038 3037
f 3037 3038 3040 3039
f 3039 3040 3042 3041
f 3041 3042 3044 3043
f 3043 3044 3046 3045
f 3045 3046 3048 3047
f 3047 3048 3050 3049
f 3049 3050 3052 3051
f 3051 3052 3054 3053
f 3053 3054 3056 3055
f 3055 3056 3058 3057
f 3057 3058 3060 3059
f 3059 3060 3062 3061
f 3061 3062 3064 3063
f 3063 3064 3066 3065
f 3065 3066 3068 3067
f 3067 3068 3070 3069
f 3069 3070 3072 3071
f 3071 3072 3074 3073
f 3073 3074 3076 3075
f 3075 3076 3078 3077
f 3077 3078 3080 3079
f 3079 3080 3082 3081
f 3081 3082 3084 3083
f 3083 3084 3086 3085
f 3085 3086 3088 3087
f 3087 3088 3090 3089
f 3089 3090 3092 3091
f 3091 3092 3094 3093
f 3093 3094 3096 3095
f 3095 3096 3098 3097
f 3097 3098 3100 3099
f 3099 3100 3102 3101
f 3101 3102 3104 3103
f 3103 3104 3106 3105
f 3105 3106 3108 3107
f 3107 3108 3110 3109
f 3109 3110 3112 3111
f 3111 3112 3114 3113
f 3113 3114 3116 3115
f 3115 3116 3118 3117
f 3117 3118 3120 3119
f 3119 3120 3122 3121
f 3121 3122 3124 3123
f 3123 3124 3126 3125
f 3125 3126 3128 3127
f 3127 3128 3130 3129
f 3129 3130 3132 3131
f 3131 3132 3134 3133
f 3133 3134 3136 3135
f 3135 3136 3138 3137
f 3137 3138 3140 3139
f 3139 3140 3142 3141
f 3141 3142 3144 3143
f 3143 3144 3146 3145
f 3145 3146 3148 3147
f 3147 3148 3150 3149
f 3149 3150 3152 3151
f 3151 3152 3154 3153
f 3153 3154 3156 3155
f 3155 3156 3158 3157
f 3157 3158 3160 3159
f 3159 3160 3162 3161
f 3161 3162 3164 3163
f 3163 3164 3166 3165
f 3165 3166 3168 3167
f 3167 3168 3170 3169
f 3169 3170 3172 3171
f 3171 3172 3174 3173
f 3173 3174 3176 3175
f 3175 3176 3178 3177
f 3177 3178 3180 3179
f 3179 3180 3182 3181
f 3181 3182 3184 3183
f 3183 3184 3186 3185
f 3185 3186 3188 3187
f 3187 3188 3190 3189
f 3189 3190 3192 3191
f 3191 3192 3194 3193
f 3193 3194 3196 3195
f 3195 3196 3198 3197
f 3197 3198 3200 3199
f 3199 3200 3202 3201
f 3201 3202 3204 3203
f 3203 3204 3206 3205
f 3205 3206 3208 3207
f 3207 3208 3210 3209
f 3209 3210 3212 3211
f 3211 3212 3214 3213
f 3213 3214 3216 3215
f 3215 3216 3218 3217
f 3217 3218 3220 3219
f 3219 3220 3222 3221
f 3221 3222 3224 3223
f 3223 3224 3226 3225
f 3225 3226 3228 3227
f 3227 3228 3230 3229
f 3229 3230 3232 3231
f 3231 3232 3234 3233
f 3233 3234 3236 3235
f 3235 3236 3238 3237
f 3237 3238 3240 3239
f 3239 3240 3242 3241
f 3241 3242 3244 3243
f 3243 3244 3246 3245
f 3245 3246 3248 3247
f 3247 3248 3250 3249
f 3249 3250 3252 3251
f 3251 3252 3254 3253
f 3253 3254 3256 3255
f 3255 3256 3258 3257
f 3257 3258 3260 3259
f 3259 3260 3262 3261
f 3261 3262 3264 3263
f 3263 3264 3266 3265
f 3265 3266 3268 3267
f 3267 3268 3270 3269
f 3269 3270 3272 3271
f 3271 3272 3274 3273
f 3273 3274 3276 3275
f 3275 3276 3278 3277
f 3277 3278 3280 3279
f 3279 3280 3282 3281
f 3281 3282 3284 3283
f 3283 3284 3286 3285
f 3285 3286 3288 3287
f 3287 3288 3290 3289
f 3289 3290 3292 3291
f 3291 3292 3294 3293
f 3293 3294 3296 3295
f 3295 3296 3298 3297
f 3297 3298 3300 3299
f 3299 3300 3302 3301
f 3301 3302 3304 3303
f 3303 3304 3306 3305
f 3305 3306 3308 3307
f 3307 3308 3310 3309
f 3309 3310 3312 3311
f 3311 3312 3314 3313
f 3313 3314 3316 3315
f 3315 3316 3318 3317
f 3317 3318 3320 3319
f 3319 3320 3322 3321
f 3321 3322 3324 3323
f 3323 3324 3326 3325
f 3325 3326 3328 3327
f 3327 3328 3330 3329
f 3329 3330 3332 3331
f 3331 3332 3334 3333
f 3333 3334 3336 3335
f 3335 3336 3338 3337
f 3337 3338 3340 3339
f 3339 3340 3342 3341
f 3341 3342 3344 3343
f 3343 3344 3346 3345
f 3345 3346 3348 3347
f 3347 3348 3350 3349
f 3349 3350 3352 3351
f 3351 3352 3354 3353
f 3353 3354 3356 3355
f 3355 3356 3358 3357
f 3357 3358 3360 3359
f 3359 3360 3362 3361
f 3361 3362 3364 3363
f 3363 3364 3366 3365
f 3365 3366 3368 3367
f 3367 3368 3370 3369
f 3369 3370 3372 3371
f 3371 3372 3374 3373
f 3373 3374 3376 3375
f 3375 3376 3378 3377
f 3377 3378 3380 3379
f 3379 3380 3382 3381
f 3381 3382 3384 3383
f 3383 3384 3386 3385
f 3385 3386 3388 3387
f 3387 3388 3390 3389
f 3389 3390 3392 3391
f 3391 3392 3394 3393
f 3393 3394 3396 3395
f 3395 3396 3398 3397
f 3397 3398 3400 3399
f 3399 3400 3402 3401
f 3401 3402 3404 3403
f 3403 3404 3406 3405
f 3405 3406 3408 3407
f 3407 3408 3410 3409
f 3409 3410 3412 3411
f 3411 3412 3414 3413
f 3413 3414 3416 3415
f 3415 3416 3418 3417
f 3417 3418 3420 3419
f 3419 3420 3422 3421
f 3421 3422 3424 3423
f 3423 3424 3426 3425
f 3425 3426 3428 3427
f 3427 3428 3430 3429
f 3429 3430 3432 3431
f 3431 3432 3434 3433
f 3433 3434 3436 3435
f 3435 3436 3438 3437
f 3437 3438 3440 3439
f 3439 3440 3442 3441
f 3441 3442 3444 3443
f 3443 3444 3446 3445
f 3445 3446 3448 3447
f 3447 3448 3450 3449
f 3449 3450 3452 3451
f 3451 3452 3454 3453
f 3453 3454 3456 3455
f 3455 3456 3458 3457
f 3457 3458 3460 3459
f 3459 3460 3462 3461
f 3461 3462 3464 3463
f 3463 3464 3466 3465
f 3465 3466 3468 3467
f 3467 3468 3470 3469
f 3469 3470 3472 3471
f 3471 3472 3474 3473
f 3473 3474 3476 3475
f 3475 3476 3478 3477
f 3477 3478 3480 3479
f 3479 3480 3482 3481
f 3481 3482 3484 3483
f 3483 3484 3486 3485
f 3485 3486 3488 3487
f 3487 3488 3490 3489
f 3489 3490 3492 3491
f 3491 3492 3494 3493
f 3493 3494 3496 3495
f 3495 3496 3498 3497
f 3497 3498 3500 3499
f 3499 3500 3502 3501
f 3501 3502 3504 3503
f 3503 3504 3506 3505
f 3505 3506 3508 3507
f 3507 3508 3510 3509
f 3509 3510 3512 3511
f 3511 3512 3514 3513
f 3513 3514 3516 3515
f 3515 3516 3518 3517
f 3517 3518 3520 3519
f 3519 3520 3522 3521
f 3521 3522 3524 3523
f 3523 3524 3526 3525
f 3525 3526 3528 3527
f 3527 3528 3530 3529
f 3529 3530 3532 3531
f 3531 3532 3534 3533
f 3533 3534 3536 3535
f 3535 3536 3538 3537
f 3537 3538 3540 3539
f 3539 3540 3542 3541
f 3541 3542 3544 3543
f 3543 3544 3546 3545
f 3545 3546 3548 3547
f 3547 3548 3550 3549
f 3549 3550 3552 3551
f 3551 3552 3554 3553
f 3553 3554 3556 3555
f 3555 3556 3558 3557
f 3557 3558 3560 3559
f 3559 3560 3562 3561
f 3561 3562 3564 3563
f 3563 3564 3566 3565
f 3565 3566 3568 3567
f 3567 3568 3570 3569
f 3569 3570 3572 3571
f 3571 3572 3574 3573
f 3573 3574 3576 3575
f 3575 3576 3578 3577
f 3577 3578 3580 3579
f 3579 3580 3582 3581
f 3581 3582 3584 3583
f 3583 3584 3586 3585
f 3585 3586 3588 3587
f 3587 3588 3590 3589
f 3589 3590 3592 3591
f 3591 3592 3594 3593
f 3593 3594 3596 3595
f 3595 3596 3598 3597
f 3597 3598 3600 3599
f 3599 3600 3602 3601
f 3601 3602 3604 3603
f 3603 3604 3606 3605
f 3605 3606 3608 3607
f 3607 3608 3610 3609
f 3609 3610 3612 3611
f 3611 3612 3614 3613
f 3613 3614 3616 3615
f 3615 3616 3618 3617
f 3617 3618 3620 3619
f 3619 3620 3622 3621
f 3621 3622 3624 3623
f 3623 3624 3626 3625
f 3625 3626 3628 3627
f 3627 3628 3630 3629
f 3629 3630 3632 3631
f 3631 3632 3634 3633
f 3633 3634 3636 3635
f 3635 3636 3638 3637
f 3637 3638 3640 3639
f 3639 3640 3642 3641
f 3641 3642 3644 3643
f 3643 3644 3646 3645
f 3645 3646 3648 3647
f 3647 3648 3650 3649
f 3649 3650 3652 3651
f 3651 3652 3654 3653
f 3653 3654 3656 3655
f 3655 3656 3658 3657
f 3657 3658 3660 3659
f 3659 3660 3662 3661
f 3661 3662 3664 3663
f 3663 3664 3666 3665
f 3665 3666 3668 3667
f 3667 3668 3670 3669
f 3669 3670 3672 3671
f 3671 3672 3674 3673
f 3673 3674 3676 3675
f 3675 3676 3678 3677
f 3677 3678 3680 3679
f 3679 3680 3682 3681
f 3681 3682 3684 3683
f 3683 3684 3686 3685
f 3685 3686 3688 3687
f 3687 3688 3690 3689
f 3689 3690 3692 3691
f 3691 3692 3694 3693
f 3693 3694 3696 3695
f 3695 3696 3698 3697
f 3697 3698 3700 3699
f 3699 3700 3702 3701
f 3701 3702 3704 3703
f 3703 3704 3706 3705
f 3705 3706 3708 3707
f 3707 3708 3710 3709
f 3709 3710 3712 3711
f 3711 3712 3714 3713
f 3713 3714 3716 3715
f 3715 3716 3718 3717
f 3717 3718 3720 3719
f 3719 3720 3722 3721
f 3721 3722 3724 3723
f 3723 3724 3726 3725
f 3725 3726 3728 3727
f 3727 3728 3730 3729
f 3729 3730 3732 3731
f 3731 3732 3734 3733
f 3733 3734 3736 3735
f 3735 3736 3738 3737
f 3737 3738 3740 3739
f 3739 3740 3742 3741
f 3741 3742 3744 3743
f 3743 3744 3746 3745
f 3745 3746 3748 3747
f 3747 3748 3750 3749
f 3749 3750 3752 3751
f 3751 3752 3754 3753
f 3753 3754 3756 3755
f 3755 3756 3758 3757
f 3757 3758 3760 3759
f 3759 3760 3762 3761
f 3761 3762 3764 3763
f 3763 3764 3766 3765
f 3765 3766 3768 3767
f 3767 3768 3770 3769
f 3769 3770 3772 3771
f 3771 3772 3774 3773
f 3773 3774 3776 3775
f 3775 3776 3778 3777
f 3777 3778 3780 3779
f 3779 3780 3782 3781
f 3781 3782 3784 3783
f 3783 3784 3786 3785
f 3785 3786 3788 3787
f 3787 3788 3790 3789
f 3789 3790 3792 3791
f 3791 3792 3794 3793
f 3793 3794 3796 3795
f 3795 3796 3798 3797
f 3797 3798 3800 3799
f 3799 3800 3802 3801
f 3801 3802 3804 3803
f 3803 3804 3806 3805
f 3805 3806 3808 3807
f 3807 3808 3810 3809
f 3809 3810 3812 3811
f 3811 3812 3814 3813
f 3813 3814 3816 3815
f 3815 3816 3818 3817
f 3817 3818 3820 3819
f 3819 3820 3822 3821
f 3821 3822 3824 3823
f 3823 3824 3826 3825
f 3825 3826 3828 3827
f 3827 3828 3830 3829
f 3829 3830 3832 3831
f 3831 3832 3834 3833
f 3833 3834 3836 3835
f 3835 3836 3838 3837
f 3837 3838 3840 3839
f 3839 3840 3842 3841
f 3841 3842 3844 3843
f 3843 3844 3846 3845
f 3845 3846 3848 3847
f 3847 3848 3850 3849
f 3849 3850 3852 3851
f 3851 3852 3854 3853
f 3853 3854 3856 3855
f 3855 3856 3858 3857
f 3857 3858 3860 3859
f 3859 3860 3862 3861
f 3861 3862 3864 3863
f 3863 3864 3866 3865
f 3865 3866 3868 3867
f 3867 3868 3870 3869
f 3869 3870 3872 3871
f 3871 3872 3874 3873
f 3873 3874 3876 3875
f 3875 3876 3878 3877
f 3877 3878 3880 3879
f 3879 3880 3882 3881
f 3881 3882 3884 3883
f 3883 3884 3886 3885
f 3885 3886 3888 3887
f 3887 3888 3890 3889
f 3889 3890 3892 3891
f 3891 3892 3894 3893
f 3893 3894 3896 3895
f 3895 3896 3898 3897
f 3897 3898 3900 3899
f 3899 3900 3902 3901
f 3901 3902 3904 3903
f 3903 3904 3906 3905
f 3905 3906 3908 3907
f 3907 3908 3910 3909
f 3909 3910 3912 3911
f 3911 3912 3914 3913
f 3913 3914 3916 3915
f 3915 3916 3918 3917
f 3917 3918 3920 3919
f 3919 3920 3922 3921
f 3921 3922 3924 3923
f 3923 3924 3926 3925
f 3925 3926 3928 3927
f 3927 3928 3930 3929
f 3929 3930 3932 3931
f 3931 3932 3934 3933
f 3933 3934 3936 3935
f 3935 3936 3938 3937
f 3937 3938 3940 3939
f 3939 3940 3942 3941
f 3941 3942 3944 3943
f 3943 3944 3946 3945
f 3945 3946 3948 3947
f 3947 3948 3950 3949
f 3949 3950 3952 3951
f 3951 3952 3954 3953
f 3953 3954 3956 3955
f 3955 3956 3958 3957
f 3957 3958 3960 3959
f 3959 3960 3962 3961
f 3961 3962 3964 3963
f 3963 3964 3966 3965
f 3965 3966 3968 3967
f 3967 3968 3970 3969
f 3969 3970 3972 3971
f 3971 3972 3974 3973
f 3973 3974 3976 3975
f 3975 3976 3978 3977
f 3977 3978 3980 3979
f 3979 3980 3982 3981
f 3981 3982 3984 3983
f 3983 3984 3986 3985
f 3985 3986 3988 3987
f 3987 3988 3990 3989
f 3989 3990 3992 3991
f 3991 3992 3994 3993
f 3993 3994 3996 3995
f 3995 3996 3998 3997
f 3997 3998 4000 3999
f 3999 4000 4002 4001
f 4001 4002 4004 4003
f 4003 4004 4006 4005
f 4005 4006 4008 4007
f 4007 4008 4010 4009
f 4009 4010 4012 4011
f 4011 4012 4014 4013
f 4013 4014 4016 4015
f 4015 4016 4018 4017
f 4017 4018 4020 4019
f 4019 4020 4022 4021
f 4021 4022 4024 4023
f 4023 4024 4026 4025
f 4025 4026 4028 4027
f 4027 4028 4030 4029
f 4029 4030 4032 4031
f 4031 4032 4034 4033
f 4033 4034 4036 4035
f 4035 4036 4038 4037
f 4037 4038 4040 4039
f 4039 4040 4042 4041
f 4041 4042 4044 4043
f 4043 4044 4046 4045
f 4045 4046 4048 4047
f 4047 4048 4050 4049
f 4049 4050 4052 4051
f 4051 4052 4054 4053
f 4053 4054 4056 4055
f 4055 4056 4058 4057
f 4057 4058 4060 4059
f 4059 4060 4062 4061
f 4061 4062 4064 4063
f 4063 4064 4066 4065
f 4065 4066 4068 4067
f 4067 4068 4070 4069
f 4069 4070 4072 4071
f 4071 4072 4074 4073
f 4073 4074 4076 4075
f 4075 4076 4078 4077
f 4077 4078 4080 4079
f 4079 4080 4082 4081
f 4081 4082 4084 4083
f 4083 4084 4086 4085
f 4085 4086 4088 4087
f 4087 4088 4090 4089
f 4089 4090 4092 4091
f 4091 4092 4094 4093
f 4093 4094 4096 4095
f 4095 4096 4098 4097
f 4097 4098 4100 4099
f 4099 4100 4102 4101
f 4101 4102 4104 4103
f 4103 4104 4106 4105
f 4105 4106 4108 4107
f 4107 4108 4110 4109
f 4109 4110 4112 4111
f 4111 4112 4114 4113
f 4113 4114 4116 4115
f 4115 4116 4118 4117
f 4117 4118 4120 4119
f 4119 4120 4122 4121
f 4121 4122 4124 4123
f 4123 4124 4126 4125
f 4125 4126 4128 4127
f 4127 4128 4130 4129
f 4129 4130 4132 4131
f 4131 4132 4134 4133
f 4133 4134 4136 4135
f 4135 4136 4138 4137
f 4137 4138 4140 4139
f 4139 4140 4142 4141
f 4141 4142 4144 4143
f 4143 4144 4146 4145
f 4145 4146 4148 4147
f 4147 4148 4150 4149
f 4149 4150 4152 4151
f 4151 4152 4154 4153
f 4153 4154 4156 4155
f 4155 4156 4158 4157
f 4157 4158 4160 4159
f 4159 4160 4162 4161
f 4161 4162 4164 4163
f 4163 4164 4166 4165
f 4165 4166 4168 4167
f 4167 4168 4170 4169
f 4169 4170 4172 4171
f 4171 4172 4174 4173
f 4173 4174 4176 4175
f 4175 4176 4178 4177
f 4177 4178 4180 4179
f 4179 4180 4182 4181
f 4181 4182 4184 4183
f 4183 4184 4186 4185
f 4185 4186 4188 4187
f 4187 4188 4190 4189
f 4189 4190 4192 4191
f 4191 4192 4194 4193
f 4193 4194 4196 4195
f 4195 4196 4198 4197
f 4197 4198 4200 4199
f 4199 4200 4202 4201
f 4201 4202 4204 4203
f 4203 4204 4206 4205
f 4205 4206 4208 4207
f 4207 4208 4210 4209
f 4209 4210 4212 4211
f 4211 4212 4214 4213
f 4213 4214 4216 4215
f 4215 4216 4218 4217
f 4217 4218 4220 4219
f 4219 4220 4222 4221
f 4221 4222 4224 4223
f 4223 4224 4226 4225
f 4225 4226 4228 4227
f 4227 4228 4230 4229
f 4229 4230 4232 4231
f 4231 4232 4234 4233
f 4233 4234 4236 4235
f 4235 4236 4238 4237
f 4237 4238 4240 4239
f 4239 4240 4242 4241
f 4241 4242 4244 4243
f 4243 4244 4246 4245
f 4245 4246 4248 4247
f 4247 4248 4250 4249
f 4249 4250 4252 4251
f 4251 4252 4254 4253
f 4253 4254 4256 4255
f 4255 4256 4258 4257
f 4257 4258 4260 4259
f 4259 4260 4262 4261
f 4261 4262 4264 4263
f 4263 4264 4266 4265
f 4265 4266 4268 4267
f 4267 4268 4270 4269
f 4269 4270 4272 4271
f 4271 4272 4274 4273
f 4273 4274 4276 4275
f 4275 4276 4278 4277
f 4277 4278 4280 4279
f 4279 4280 4282 4281
f 4281 4282 4284 4283
f 4283 4284 4286 4285
f 4285 4286 4288 4287
f 4287 4288 4290 4289
f 4289 4290 4292 4291
f 4291 4292 4294 4293
f 4293 4294 4296 4295
f 4295 4296 4298 4297
f 4297 4298 4300 4299
f 4299 4300 4302 4301
f 4301 4302 4304 4303
f 4303 4304 4306 4305
f 4305 4306 4308 4307
f 4307 4308 4310 4309
f 4309 4310 4312 4311
f 4311 4312 4314 4313
f 4313 4314 4316 4315
f 4315 4316 4318 4317
f 4317 4318 4320 4319
f 4319 4320 4322 4321
f 4321 4322 4324 4323
f 4323 4324 4326 4325
f 4325 4326 4328 4327
f 4327 4328 4330 4329
f 4329 4330 4332 4331
f 4331 4332 4334 4333
f 4333 4334 4336 4335
f 4335 4336 4338 4337
f 4337 4338 4340 4339
f 4339 4340 4342 4341
f 4341 4342 4344 4343
f 4343 4344 4346 4345
f 4345 4346 4348 4347
f 4347 4348 4350 4349
f 4349 4350 4352 4351
f 4351 4352 4354 4353
f 4353 4354 4356 4355
f 4355 4356 4358 4357
f 4357 4358 4360 4359
f 4359 4360 4362 4361
f 4361 4362 4364 4363
f 4363 4364 4366 4365
f 4365 4366 4368 4367
f 4367 4368 4370 4369
f 4369 4370 4372 4371
f 4371 4372 4374 4373
f 4373 4374 4376 4375
f 4375 4376 4378 4377
f 4377 4378 4380 4379
f 4379 4380 4382 4381
f 4381 4382 4384 4383
f 4383 4384 4386 4385
f 4385 4386 4388 4387
f 4387 4388 4390 4389
f 4389 4390 4392 4391
f 4391 4392 4394 4393
f 4393 4394 4396 4395
f 4395 4396 4398 4397
f 4397 4398 4400 4399
f 4399 4400 4402 4401
f 4401 4402 4404 4403
f 4403 4404 4406 4405
f 4405 4406 4408 4407
f 4407 4408 4410 4409
f 4409 4410 4412 4411
f 4411 4412 4414 4413
f 4413 4414 4416 4415
f 4415 4416 4418 4417
f 4417 4418 4420 4419
f 4419 4420 4422 4421
f 4421 4422 4424 4423
f 4423 4424 4426 4425
f 4425 4426 4428 4427
f 4427 4428 4430 4429
f 4429 4430 4432 4431
f 4431 4432 4434 4433
f 4433 4434 4436 4435
f 4435 4436 4438 4437
f 4437 4438 4440 4439
f 4439 4440 4442 4441
f 4441 4442 4444 4443
f 4443 4444 4446 4445
f 4445 4446 4448 4447
f 4447 4448 4450 4449
f 4449 4450 4452 4451
f 4451 4452 4454 4453
f 4453 4454 4456 4455
f 4455 4456 4458 4457
f 4457 4458 4460 4459
f 4459 4460 4462 4461
f 4461 4462 4464 4463
f 4463 4464 4466 4465
f 4465 4466 4468 4467
f 4467 4468 4470 4469
f 4469 4470 4472 4471
f 4471 4472 4474 4473
f 4473 4474 4476 4475
f 4475 4476 4478 4477
f 4477 4478 4480 4479
f 4479 4480 4482 4481
f 4481 4482 4484 4483
f 4483 4484 4486 4485
f 4485 4486 4488 4487
f 4487 4488 4490 4489
f 4489 4490 4492 4491
f 4491 4492 4494 4493
f 4493 4494 4496 4495
f 4495 4496 4498 4497
f 4497 4498 4500 4499
f 4499 4500 4502 4501
f 4501 4502 4504 4503
f 4503 4504 4506 4505
f 4505 4506 4508 4507
f 4507 4508 4510 4509
f 4509 4510 4512 4511
f 4511 4512 4514 4513
f 4513 4514 4516 4515
f 4515 4516 4518 4517
f 4517 4518 4520 4519
f 4519 4520 4522 4521
f 4521 4522 4524 4523
f 4523 4524 4526 4525
f 4525 4526 4528 4527
f 4527 4528 4530 4529
f 4529 4530 4532 4531
f 4531 4532 4534 4533
f 4533 4534 4536 4535
f 4535 4536 4538 4537
f 4537 4538 4540 4539
f 4539 4540 4542 4541
f 4541 4542 4544 4543
f 4543 4544 4546 4545
f 4545 4546 4548 4547
f 4547 4548 4550 4549
f 4549 4550 4552 4551
f 4551 4552 4554 4553
f 4553 4554 4556 4555
f 4555 4556 4558 4557
f 4557 4558 4560 4559
f 4559 4560 4562 4561
f 4561 4562 4564 4563
f 4563 4564 4566 4565
f 4565 4566 4568 4567
f 4567 4568 4570 4569
f 4569 4570 4572 4571
f 4571 4572 4574 4573
f 4573 4574 4576 4575
f 4575 4576 4578 4577
f 4577 4578 4580 4579
f 4579 4580 4582 4581
f 4581 4582 4584 4583
f 4583 4584 4586 4585
f 4585 4586 4588 4587
f 4587 4588 4590 4589
f 4589 4590 4592 4591
f 4591 4592 4594 4593
f 4593 4594 4596 4595
f 4595 4596 4598 4597
f 4597 4598 4600 4599
f 4599 4600 4602 4601
f 4601 4602 4604 4603
f 4603 4604 4606 4605
f 4605 4606 4608 4607
f 4607 4608 4610 4609
f 4609 4610 4612 4611
f 4611 4612 4614 4613
f 4613 4614 4616 4615
f 4615 4616 4618 4617
f 4617 4618 4620 4619
f 4619 4620 4622 4621
f 4621 4622 4624 4623
f 4623 4624 4626 4625
f 4625 4626 4628 4627
f 4627 4628 4630 4629
f 4629 4630 4632 4631
f 4631 4632 4634 4633
f 4633 4634 4636 4635
f 4635 4636 4638 4637
f 4637 4638 4640 4639
f 4639 4640 4642 4641
f 4641 4642 4644 4643
f 4643 4644 4646 4645
f 4645 4646 4648 4647
f 4647 4648 4650 4649
f 4649 4650 4652 4651
f 4651 4652 4654 4653
f 4653 4654 4656 4655
f 4655 4656 4658 4657
f 4657 4658 4660 4659
f 4659 4660 4662 4661
f 4661 4662 4664 4663
f 4663 4664 4666 4665
f 4665 4666 4668 4667
f 4667 4668 4670 4669
f 4669 4670 4672 4671
f 4671 4672 4674 4673
f 4673 4674 4676 4675
f 4675 4676 4678 4677
f 4677 4678 4680 4679
f 4679 4680 4682 4681
f 4681 4682 4684 4683
f 4683 4684 4686 4685
f 4685 4686 4688 4687
f 4687 4688 4690 4689
f 4689 4690 4692 4691
f 4691 4692 4694 4693
f 4693 4694 4696 4695
f 4695 4696 4698 4697
f 4697 4698 4700 4699
f 4699 4700 4702 4701
f 4701 4702 4704 4703
f 4703 4704 4706 4705
f 4705 4706 4708 4707
f 4707 4708 4710 4709
f 4709 4710 4712 4711
f 4711 4712 4714 4713
f 4713 4714 4716 4715
f 4715 4716 4718 4717
f 4717 4718 4720 4719
f 4719 4720 4722 4721
f 4721 4722 4724 4723
f 4723 4724 4726 4725
f 4725 4726 4728 4727
f 4727 4728 4730 4729
f 4729 4730 4732 4731
f 4731 4732 4734 4733
f 4733 4734 4736 4735
f 4735 4736 4738 4737
f 4737 4738 4740 4739
f 4739 4740 4742 4741
f 4741 4742 4744 4743
f 4743 4744 4746 4745
f 4745 4746 4748 4747
f 4747 4748 4750 4749
f 4749 4750 4752 4751
f 4751 4752 4754 4753
f 4753 4754 4756 4755
f 4755 4756 4758 4757
f 4757 4758 4760 4759
f 4759 4760 4762 4761
f 4761 4762 4764 4763
f 4763 4764 4766 4765
f 4765 4766 4768 4767
f 4767 4768 4770 4769
f 4769 4770 4772 4771
f 4771 4772 4774 4773
f 4773 4774 4776 4775
f 4775 4776 4778 4777
f 4777 4778 4780 4779
f 4779 4780 4782 4781
f 4781 4782 4784 4783
f 4783 4784 4786 4785
f 4785 4786 4788 4787
f 4787 4788 4790 4789
f 4789 4790 4792 4791
f 4791 4792 4794 4793
f 4793 4794 4796 4795
f 4795 4796 4798 4797
f 4797 4798 4800 4799
f 4799 4800 4802 4801
f 4801 4802 4804 4803
f 4803 4804 4806 4805
f 4805 4806 4808 4807
f 4807 4808 4810 4809
f 4809 4810 4812 4811
f 4811 4812 4814 4813
f 4813 4814 4816 4815
f 4815 4816 4818 4817
f 4817 4818 4820 4819
f 4819 4820 4822 4821
f 4821 4822 4824 4823
f 4823 4824 4826 4825
f 4825 4826 4828 4827
f 4827 4828 4830 4829
f 4829 4830 4832 4831
f 4831 4832 4834 4833
f 4833 4834 4836 4835
f 4835 4836 4838 4837
f 4837 4838 4840 4839
f 4839 4840 4842 4841
f 4841 4842 4844 4843
f 4843 4844 4846 4845
f 4845 4846 4848 4847
f 4847 4848 4850 4849
f 4849 4850 4852 4851
f 4851 4852 4854 4853
f 4853 4854 4856 4855
f 4855 4856 4858 4857
f 4857 4858 4860 4859
f 4859 4860 4862 4861
f 4861 4862 4864 4863
f 4863 4864 4866 4865
f 4865 4866 4868 4867
f 4867 4868 4870 4869
f 4869 4870 4872 4871
f 4871 4872 4874 4873
f 4873 4874 4876 4875
f 4875 4876 4878 4877
f 4877 4878 4880 4879
f 4879 4880 4882 4881
f 4881 4882 4884 4883
f 4883 4884 4886 4885
f 4885 4886 4888 4887
f 4887 4888 4890 4889
f 4889 4890 4892 4891
f 4891 4892 4894 4893
f 4893 4894 4896 4895
f 4895 4896 4898 4897
f 4897 4898 4900 4899
f 4899 4900 4902 4901
f 4901 4902 4904 4903
f 4903 4904 4906 4905
f 4905 4906 4908 4907
f 4907 4908 4910 4909
f 4909 4910 4912 4911
f 4911 4912 4914 4913
f 4913 4914 4916 4915
f 4915 4916 4918 4917
f 4917 4918 4920 4919
f 4919 4920 4922 4921
f 4921 4922 4924 4923
f 4923 4924 4926 4925
f 4925 4926 4928 4927
f 4927 4928 4930 4929
f 4929 4930 4932 4931
f 4931 4932 4934 4933
f 4933 4934 4936 4935
f 4935 4936 4938 4937
f 4937 4938 4940 4939
f 4939 4940 4942 4941
f 4941 4942 4944 4943
f 4943 4944 4946 4945
f 4945 4946 4948 4947
f 4947 4948 4950 4949
f 4949 4950 4952 4951
f 4951 4952 4954 4953
f 4953 4954 4956 4955
f 4955 4956 4958 4957
f 4957 4958 4960 4959
f 4959 4960 4962 4961
f 4961 4962 4964 4963
f 4963 4964 4966 4965
f 4965 4966 4968 4967
f 4967 4968 4970 4969
f 4969 4970 4972 4971
f 4971 4972 4974 4973
f 4973 4974 4976 4975
f 4975 4976 4978 4977
f 4977 4978 4980 4979
f 4979 4980 4982 4981
f 4981 4982 4984 4983
f 4983 4984 4986 4985
f 4985 4986 4988 4987
f 4987 4988 4990 4989
f 4989 4990 4992 4991
f 4991 4992 4994 4993
f 4993 4994 4996 4995
f 4995 4996 4998 4997
f 4997 4998 5000 4999
f 4999 5000 5002 5001
f 5001 5002 5004 5003
f 5003 5004 5006 5005
f 5005 5006 5008 5007
f 5007 5008 5010 5009
f 5009 5010 5012 5011
f 5011 5012 5014 5013
f 5013 5014 5016 5015
f 5015 5016 5018 5017
f 5017 5018 5020 5019
f 5019 5020 5022 5021
f 5021 5022 5024 5023
f 5023 5024 5026 5025
f 5025 5026 5028 5027
f 5027 5028 5030 5029
f 5029 5030 5032 5031
f 5031 5032 5034 5033
f 5033 5034 5036 5035
f 5035 5036 5038 5037
f 5037 5038 5040 5039
f 5039 5040 5042 5041
f 5041 5042 5044 5043
f 5043 5044 5046 5045
f 5045 5046 5048 5047
f 5047 5048 5050 5049
f 5049 5050 5052 5051
f 5051 5052 5054 5053
f 5053 5054 5056 5055
f 5055 5056 5058 5057
f 5057 5058 5060 5059
f 5059 5060 5062 5061
f 5061 5062 5064 5063
f 5063 5064 5066 5065
f 5065 5066 5068 5067
f 5067 5068 5070 5069
f 5069 5070 5072 5071
f 5071 5072 5074 5073
f 5073 5074 5076 5075
f 5075 5076 5078 5077
f 5077 5078 5080 5079
f 5079 5080 5082 5081
f 5081 5082 5084 5083
f 5083 5084 5086 5085
f 5085 5086 5088 5087
f 5087 5088 5090 5089
f 5089 5090 5092 5091
f 5091 5092 5094 5093
f 5093 5094 5096 5095
f 5095 5096 5098 5097
f 5097 5098 5100 5099
f 5099 5100 5102 5101
f 5101 5102 5104 5103
f 5103 5104 5106 5105
f 5105 5106 5108 5107
f 5107 5108 5110 5109
f 5109 5110 5112 5111
f 5111 5112 5114 5113
f 5113 5114 5116 5115
f 5115 5116 5118 5117
f 5117 5118 5120 5119
f 5119 5120 5122 5121
f 5121 5122 5124 5123
f 5123 5124 5126 5125
f 5125 5126 5128 5127
f 5127 5128 5130 5129
f 5129 5130 5132 5131
f 5131 5132 5134 5133
f 5133 5134 5136 5135
f 5135 5136 5138 5137
f 5137 5138 5140 5139
f 5139 5140 5142 5141
f 5141 5142 5144 5143
f 5143 5144 5146 5145
f 5145 5146 5148 5147
f 5147 5148 5150 5149
f 5149 5150 5152 5151
f 5151 5152 5154 5153
f 5153 5154 5156 5155
f 5155 5156 5158 5157
f 5157 5158 5160 5159
f 5159 5160 5162 5161
f 5161 5162 5164 5163
f 5163 5164 5166 5165
f 5165 5166 5168 5167
f 5167 5168 5170 5169
f 5169 5170 5172 5171
f 5171 5172 5174 5173
f 5173 5174 5176 5175
f 5175 5176 5178 5177
f 5177 5178 5180 5179
f 5179 5180 5182 5181
f 5181 5182 5184 5183
f 5183 5184 5186 5185
f 5185 5186 5188 5187
f 5187 5188 5190 5189
f 5189 5190 5192 5191
f 5191 5192 5194 5193
f 5193 5194 5196 5195
f 5195 5196 5198 5197
f 5197 5198 5200 5199
f 5199 5200 5202 5201
f 5201 5202 5204 5203
f 5203 5204 5206 5205
f 5205 5206 5208 5207
f 5207 5208 5210 5209
f 5209 5210 5212 5211
f 5211 5212 5214 5213
f 5213 5214 5216 5215
f 5215 5216 5218 5217
f 5217 5218 5220 5219
f 5219 5220 5222 5221
f 5221 5222 5224 5223
f 5223 5224 5226 5225
f 5225 5226 5228 5227
f 5227 5228 5230 5229
f 5229 5230 5232 5231
f 5231 5232 5234 5233
f 5233 5234 5236 5235
f 5235 5236 5238 5237
f 5237 5238 5240 5239
f 5239 5240 5242 5241
f 5241 5242 5244 5243
f 5243 5244 5246 5245
f 5245 5246 5248 5247
f 5247 5248 5250 5249
f 5249 5250 5252 5251
f 5251 5252 5254 5253
f 5253 5254 5256 5255
f 5255 5256 5258 5257
f 5257 5258 5260 5259
f 5259 5260 5262 5261
f 5261 5262 5264 5263
f 5263 5264 5266 5265
f 5265 5266 5268 5267
f 5267 5268 5270 5269
f 5269 5270 5272 5271
f 5271 5272 5274 5273
f 5273 5274 5276 5275
f 5275 5276 5278 5277
f 5277 5278 5280 5279
f 5279 5280 5282 5281
f 5281 5282 5284 5283
f 5283 5284 5286 5285
f 5285 5286 5288 5287
f 5287 5288 5290 5289
f 5289 5290 5292 5291
f 5291 5292 5294 5293
f 5293 5294 5296 5295
f 5295 5296 5298 5297
f 5297 5298 5300 5299
f 5299 5300 5302 5301
f 5301 5302 5304 5303
f 5303 5304 5306 5305
f 5305 5306 5308 5307
f 5307 5308 5310 5309
f 5309 5310 5312 5311
f 5311 5312 5314 5313
f 5313 5314 5316 5315
f 5315 5316 5318 5317
f 5317 5318 5320 5319
f 5319 5320 5322 5321
f 5321 5322 5324 5323
f 5323 5324 5326 5325
f 5325 5326 5328 5327
f 5327 5328 5330 5329
f 5329 5330 5332 5331
f 5331 5332 5334 5333
f 5333 5334 5336 5335
f 5335 5336 5338 5337
f 5337 5338 5340 5339
f 5339 5340 5342 5341
f 5341 5342 5344 5343
f 5343 5344 5346 5345
f 5345 5346 5348 5347
f 5347 5348 5350 5349
f 5349 5350 5352 5351
f 5351 5352 5354 5353
f 5353 5354 5356 5355
f 5355 5356 5358 5357
f 5357 5358 5360 5359
f 5359 5360 5362 5361
f 5361 5362 5364 5363
f 5363 5364 5366 5365
f 5365 5366 5368 5367
f 5367 5368 5370 5369
f 5369 5370 5372 5371
f 5371 5372 5374 5373
f 5373 5374 5376 5375
f 5375 5376 5378 5377
f 5377 5378 5380 5379
f 5379 5380 5382 5381
f 5381 5382 5384 5383
f 5383 5384 5386 5385
f 5385 5386 5388 5387
f 5387 5388 5390 5389
f 5389 5390 5392 5391
f 5391 5392 5394 5393
f 5393 5394 5396 5395
f 5395 5396 5398 5397
f 5397 5398 5400 5399
f 5399 5400 5402 5401
f 5401 5402 5404 5403
f 5403 5404 5406 5405
f 5405 5406 5408 5407
f 5407 5408 5410 5409
f 5409 5410 5412 5411
f 5411 5412 5414 5413
f 5413 5414 5416 5415
f 5415 5416 5418 5417
f 5417 5418 5420 5419
f 5419 5420 5422 5421
f 5421 5422 5424 5423
f 5423 5424 5426 5425
f 5425 5426 5428 5427
f 5427 5428 5430 5429
f 5429 5430 5432 5431
f 5431 5432 5434 5433
f 5433 5434 5436 5435
f 5435 5436 5438 5437
f 5437 5438 5440 5439
f 5439 5440 5442 5441
f 5441 5442 5444 5443
f 5443 5444 5446 5445
f 5445 5446 5448 5447
f 5447 5448 5450 5449
f 5449 5450 5452 5451
f 5451 5452 5454 5453
f 5453 5454 5456 5455
f 5455 5456 5458 5457
f 5457 5458 5460 5459
f 5459 5460 5462 5461
f 5461 5462 5464 5463
f 5463 5464 5466 5465
f 5465 5466 5468 5467
f 5467 5468 5470 5469
f 5469 5470 5472 5471
f 5471 5472 5474 5473
f 5473 5474 5476 5475
f 5475 5476 5478 5477
f 5477 5478 5480 5479
f 5479 5480 5482 5481
f 5481 5482 5484 5483
f 5483 5484 5486 5485
f 5485 5486 5488 5487
f 5487 5488 5490 5489
f 5489 5490 5492 5491
f 5491 5492 5494 5493
f 5493 5494 5496 5495
f 5495 5496 5498 5497
f 5497 5498 5500 5499
f 5499 5500 5502 5501
f 5501 5502 5504 5503
f 5503 5504 5506 5505
f 5505 5506 5508 5507
f 5507 5508 5510 5509
f 5509 5510 5512 5511
f 5511 5512 5514 5513
f 5513 5514 5516 5515
f 5515 5516 5518 5517
f 5517 5518 5520 5519
f 5519 5520 5522 5521
f 5521 5522 5524 5523
f 5523 5524 5526 5525
f 5525 5526 5528 5527
f 5527 5528 5530 5529
f 5529 5530 5532 5531
f 5531 5532 5534 5533
f 5533 5534 5536 5535
f 5535 5536 5538 5537
f 5537 5538 5540 5539
f 5539 5540 5542 5541
f 5541 5542 5544 5543
f 5543 5544 5546 5545
f 5545 5546 5548 5547
f 5547 5548 5550 5549
f 5549 5550 5552 5551
f 5551 5552 5554 5553
f 5553 5554 5556 5555
f 5555 5556 5558 5557
f 5557 5558 5560 5559
f 5559 5560 5562 5561
f 5561 5562 5564 5563
f 5563 5564 5566 5565
f 5565 5566 5568 5567
f 5567 5568 5570 5569
f 5569 5570 5572 5571
f 5571 5572 5574 5573
f 5573 5574 5576 5575
f 5575 5576 5578 5577
f 5577 5578 5580 5579
f 5579 5580 5582 5581
f 5581 5582 5584 5583
f 5583 5584 5586 5585
f 5585 5586 5588 5587
f 5587 5588 5590 5589
f 5589 5590 5592 5591
f 5591 5592 5594 5593
f 5593 5594 5596 5595
f 5595 5596 5598 5597
f 5597 5598 5600 5599
f 5599 5600 5602 5601
f 5601 5602 5604 5603
f 5603 5604 5606 5605
f 5605 5606 5608 5607
f 5607 5608 5610 5609
f 5609 5610 5612 5611
f 5611 5612 5614 5613
f 5613 5614 5616 5615
f 5615 5616 5618 5617
f 5617 5618 5620 5619
f 5619 5620 5622 5621
f 5621 5622 5624 5623
f 5623 5624 5626 5625
f 5625 5626 5628 5627
f 5627 5628 5630 5629
f 5629 5630 5632 5631
f 5631 5632 5634 5633
f 5633 5634 5636 5635
f 5635 5636 5638 5637
f 5637 5638 5640 5639
f 5639 5640 5642 5641
f 5641 5642 5644 5643
f 5643 5644 5646 5645
f 5645 5646 5648 5647
f 5647 5648 5650 5649
f 5649 5650 5652 5651
f 5651 5652 5654 5653
f 5653 5654 5656 5655
f 5655 5656 5658 5657
f 5657 5658 5660 5659
f 5659 5660 5662 5661
f 5661 5662 5664 5663
f 5663 5664 5666 5665
f 5665 5666 5668 5667
f 5667 5668 5670 5669
f 5669 5670 5672 5671
f 5671 5672 5674 5673
f 5673 5674 5676 5675
f 5675 5676 5678 5677
f 5677 5678 5680 5679
f 5679 5680 5682 5681
f 5681 5682 5684 5683
f 5683 5684 5686 5685
f 5685 5686 5688 5687
f 5687 5688 5690 5689
f 5689 5690 5692 5691
f 5691 5692 5694 5693
f 5693 5694 5696 5695
f 5695 5696 5698 5697
f 5697 5698 5700 5699
f 5699 5700 5702 5701
f 5701 5702 5704 5703
f 5703 5704 5706 5705
f 5705 5706 5708 5707
f 5707 5708 5710 5709
f 5709 5710 5712 5711
f 5711 5712 5714 5713
f 5713 5714 5716 5715
f 5715 5716 5718 5717
f 5717 5718 5720 5719
f 5719 5720 5722 5721
f 5721 5722 5724 5723
f 5723 5724 5726 5725
f 5725 5726 5728 5727
f 5727 5728 5730 5729
f 5729 5730 5732 5731
f 5731 5732 5734 5733
f 5733 5734 5736 5735
f 5735 5736 5738 5737
f 5737 5738 5740 5739
f 5739 5740 5742 5741
f 5741 5742 5744 5743
f 5743 5744 5746 5745
f 5745 5746 5748 5747
f 5747 5748 5750 5749
f 5749 5750 5752 5751
f 5751 5752 5754 5753
f 5753 5754 5756 5755
f 5755 5756 5758 5757
f 5757 5758 5760 5759
f 5759 5760 5762 5761
f 5761 5762 5764 5763
f 5763 5764 5766 5765
f 5765 5766 5768 5767
f 5767 5768 5770 5769
f 5769 5770 5772 5771
f 5771 5772 5774 5773
f 5773 5774 5776 5775
f 5775 5776 5778 5777
f 5777 5778 5780 5779
f 5779 5780 5782 5781
f 5781 5782 5784 5783
f 5783 5784 5786 5785
f 5785 5786 5788 5787
f 5787 5788 5790 5789
f 5789 5790 5792 5791
f 5791 5792 5794 5793
f 5793 5794 5796 5795
f 5795 5796 5798 5797
f 5797 5798 5800 5799
f 5799 5800 5802 5801
f 5801 5802 5804 5803
f 5803 5804 5806 5805
f 5805 5806 5808 5807
f 5807 5808 5810 5809
f 5809 5810 5812 5811
f 5811 5812 5814 5813
f 5813 5814 5816 5815
f 5815 5816 5818 5817
f 5817 5818 5820 5819
f 5819 5820 5822 5821
f 5821 5822 5824 5823
f 5823 5824 5826 5825
f 5825 5826 5828 5827
f 5827 5828 5830 5829
f 5829 5830 5832 5831
f 5831 5832 5834 5833
f 5833 5834 5836 5835
f 5835 5836 5838 5837
f 5837 5838 5840 5839
f 5839 5840 5842 5841
f 5841 5842 5844 5843
f 5843 5844 5846 5845
f 5845 5846 5848 5847
f 5847 5848 5850 5849
f 5849 5850 5852 5851
f 5851 5852 5854 5853
f 5853 5854 5856 5855
f 5855 5856 5858 5857
f 5857 5858 5860 5859
f 5859 5860 5862 5861
f 5861 5862 5864 5863
f 5863 5864 5866 5865
f 5865 5866 5868 5867
f 5867 5868 5870 5869
f 5869 5870 5872 5871
f 5871 5872 5874 5873
f 5873 5874 5876 5875
f 5875 5876 5878 5877
f 5877 5878 5880 5879
f 5879 5880 5882 5881
f 5881 5882 5884 5883
f 5883 5884 5886 5885
f 5885 5886 5888 5887
f 5887 5888 5890 5889
f 5889 5890 5892 5891
f 5891 5892 5894 5893
f 5893 5894 5896 5895
f 5895 5896 5898 5897
f 5897 5898 5900 5899
f 5899 5900 5902 5901
f 5901 5902 5904 5903
f 5903 5904 5906 5905
f 5905 5906 5908 5907
f 5907 5908 5910 5909
f 5909 5910 5912 5911
f 5911 5912 5914 5913
f 5913 5914 5916 5915
f 5915 5916 5918 5917
f 5917 5918 5920 5919
f 5919 5920 5922 5921
f 5921 5922 5924 5923
f 5923 5924 5926 5925
f 5925 5926 5928 5927
f 5927 5928 5930 5929
f 5929 5930 5932 5931
f 5931 5932 5934 5933
f 5933 5934 5936 5935
f 5935 5936 5938 5937
f 5937 5938 5940 5939
f 5939 5940 5942 5941
f 5941 5942 5944 5943
f 5943 5944 5946 5945
f 5945 5946 5948 5947
f 5947 5948 5950 5949
f 5949 5950 5952 5951
f 5951 5952 5954 5953
f 5953 5954 5956 5955
f 5955 5956 5958 5957
f 5957 5958 5960 5959
f 5959 5960 5962 5961
f 5961 5962 5964 5963
f 5963 5964 5966 5965
f 5965 5966 5968 5967
f 5967 5968 5970 5969
f 5969 5970 5972 5971
f 5971 5972 5974 5973
f 5973 5974 5976 5975
f 5975 5976 5978 5977
f 5977 5978 5980 5979
f 5979 5980 5982 5981
f 5981 5982 5984 5983
f 5983 5984 5986 5985
f 5985 5986 5988 5987
f 5987 5988 5990 5989
f 5989 5990 5992 5991
f 5991 5992 5994 5993
f 5993 5994 5996 5995
f 5995 5996 5998 5997
f 5997 5998 6000 5999
f 5999 6000 6002 6001
f 6001 6002 6004 6003
f 6003 6004 6006 6005
f 6005 6006 6008 6007
f 6007 6008 6010 6009
f 6009 6010 6012 6011
f 6011 6012 6014 6013
f 6013 6014 6016 6015
f 6015 6016 6018 6017
f 6017 6018 6020 6019
f 6019 6020 6022 6021
f 6021 6022 6024 6023
f 6023 6024 6026 6025
f 6025 6026 6028 6027
f 6027 6028 6030 6029
f 6029 6030 6032 6031
f 6031 6032 6034 6033
f 6033 6034 6036 6035
f 6035 6036 6038 6037
f 6037 6038 6040 6039
f 6039 6040 6042 6041
f 6041 6042 6044 6043
f 6043 6044 6046 6045
f 6045 6046 6048 6047
f 6047 6048 6050 6049
f 6049 6050 6052 6051
f 6051 6052 6054 6053
f 6053 6054 6056 6055
f 6055 6056 6058 6057
f 6057 6058 6060 6059
f 6059 6060 6062 6061
f 6061 6062 6064 6063
f 6063 6064 6066 6065
f 6065 6066 6068 6067
f 6067 6068 6070 6069
f 6069 6070 6072 6071
f 6071 6072 6074 6073
f 6073 6074 6076 6075
f 6075 6076 6078 6077
f 6077 6078 6080 6079
f 6079 6080 6082 6081
f 6081 6082 6084 6083
f 6083 6084 6086 6085
f 6085 6086 6088 6087
f 6087 6088 6090 6089
f 6089 6090 6092 6091
f 6091 6092 6094 6093
f 6093 6094 6096 6095
f 6095 6096 6098 6097
f 6097 6098 6100 6099
f 6099 6100 6102 6101
f 6101 6102 6104 6103
f 6103 6104 6106 6105
f 6105 6106 6108 6107
f 6107 6108 6110 6109
f 6109 6110 6112 6111
f 6111 6112 6114 6113
f 6113 6114 6116 6115
f 6115 6116 6118 6117
f 6117 6118 6120 6119
f 6119 6120 6122 6121
f 6121 6122 6124 6123
f 6123 6124 6126 6125
f 6125 6126 6128 6127
f 6127 6128 6130 6129
f 6129 6130 6132 6131
f 6131 6132 6134 6133
f 6133 6134 6136 6135
f 6135 6136 6138 6137
f 6137 6138 6140 6139
f 6139 6140 6142 6141
f 6141 6142 6144 6143
f 6143 6144 6146 6145
f 6145 6146 6148 6147
f 6147 6148 6150 6149
f 6149 6150 6152 6151
f 6151 6152 6154 6153
f 6153 6154 6156 6155
f 6155 6156 6158 6157
f 6157 6158 6160 6159
f 6159 6160 6162 6161
f 6161 6162 6164 6163
f 6163 6164 6166 6165
f 6165 6166 6168 6167
f 6167 6168 6170 6169
f 6169 6170 6172 6171
f 6171 6172 6174 6173
f 6173 6174 6176 6175
f 6175 6176 6178 6177
f 6177 6178 6180 6179
f 6179 6180 6182 6181
f 6181 6182 6184 6183
f 6183 6184 6186 6185
f 6185 6186 6188 6187
f 6187 6188 6190 6189
f 6189 6190 6192 6191
f 6191 6192 6194 6193
f 6193 6194 6196 6195
f 6195 6196 6198 6197
f 6197 6198 6200 6199
f 6199 6200 6202 6201
f 6201 6202 6204 6203
f 6203 6204 6206 6205
f 6205 6206 6208 6207
f 6207 6208 6210 6209
f 6209 6210 6212 6211
f 6211 6212 6214 6213
f 6213 6214 6216 6215
f 6215 6216 6218 6217
f 6217 6218 6220 6219
f 6219 6220 6222 6221
f 6221 6222 6224 6223
f 6223 6224 6226 6225
f 6225 6226 6228 6227
f 6227 6228 6230 6229
f 6229 6230 6232 6231
f 6231 6232 6234 6233
f 6233 6234 6236 6235
f 6235 6236 6238 6237
f 6237 6238 6240 6239
f 6239 6240 6242 6241
f 6241 6242 6244 6243
f 6243 6244 6246 6245
f 6245 6246 6248 6247
f 6247 6248 6250 6249
f 6249 6250 6252 6251
f 6251 6252 6254 6253
f 6253 6254 6256 6255
f 6255 6256 6258 6257
f 6257 6258 6260 6259
f 6259 6260 6262 6261
f 6261 6262 6264 6263
f 6263 6264 6266 6265
f 6265 6266 6268 6267
f 6267 6268 6270 6269
f 6269 6270 6272 6271
f 6271 6272 6274 6273
f 6273 6274 6276 6275
f 6275 6276 6278 6277
f 6277 6278 6280 6279
f 6279 6280 6282 6281
f 6281 6282 6284 6283
f 6283 6284 6286 6285
f 6285 6286 6288 6287
f 6287 6288 6290 6289
f 6289 6290 6292 6291
f 6291 6292 6294 6293
f 6293 6294 6296 6295
f 6295 6296 6298 6297
f 6297 6298 6300 6299
f 6299 6300 6302 6301
f 6301 6302 6304 6303
f 6303 6304 6306 6305
f 6305 6306 6308 6307
f 6307 6308 6310 6309
f 6309 6310 6312 6311
f 6311 6312 6314 6313
f 6313 6314 6316 6315
f 6315 6316 6318 6317
f 6317 6318 6320 6319
f 6319 6320 6322 6321
f 6321 6322 6324 6323
f 6323 6324 6326 6325
f 6325 6326 6328 6327
f 6327 6328 6330 6329
f 6329 6330 6332 6331
f 6331 6332 6334 6333
f 6333 6334 6336 6335
f 6335 6336 6338 6337
f 6337 6338 6340 6339
f 6339 6340 6342 6341
f 6341 6342 6344 6343
f 6343 6344 6346 6345
f 6345 6346 6348 6347
f 6347 6348 6350 6349
f 6349 6350 6352 6351
f 6351 6352 6354 6353
f 6353 6354 6356 6355
f 6355 6356 6358 6357
f 6357 6358 6360 6359
f 6359 6360 6362 6361
f 6361 6362 6364 6363
f 6363 6364 6366 6365
f 6365 6366 6368 6367
f 6367 6368 6370 6369
f 6369 6370 6372 6371
f 6371 6372 6374 6373
f 6373 6374 6376 6375
f 6375 6376 6378 6377
f 6377 6378 6380 6379
f 6379 6380 6382 6381
f 6381 6382 6384 6383
f 6383 6384 6386 6385
f 6385 6386 6388 6387
f 6387 6388 6390 6389
f 6389 6390 6392 6391
f 6391 6392 6394 6393
f 6393 6394 6396 6395
f 6395 6396 6398 6397
f 6397 6398 6400 6399
f 6399 6400 6402 6401
f 6401 6402 6404 6403
f 6403 6404 6406 6405
f 6405 6406 6408 6407
f 6407 6408 6410 6409
f 6409 6410 6412 6411
f 6411 6412 6414 6413
f 6413 6414 6416 6415
f 6415 6416 6418 6417
f 6417 6418 6420 6419
f 6419 6420 6422 6421
f 6421 6422 6424 6423
f 6423 6424 6426 6425
f 6425 6426 6428 6427
f 6427 6428 6430 6429
f 6429 6430 6432 6431
f 6431 6432 6434 6433
f 6433 6434 6436 6435
f 6435 6436 6438 6437
f 6437 6438 6440 6439
f 6439 6440 6442 6441
f 6441 6442 6444 6443
f 6443 6444 6446 6445
f 6445 6446 6448 6447
f 6447 6448 6450 6449
f 6449 6450 6452 6451
f 6451 6452 6454 6453
f 6453 6454 6456 6455
f 6455 6456 6458 6457
f 6457 6458 6460 6459
f 6459 6460 6462 6461
f 6461 6462 6464 6463
f 6463 6464 6466 6465
f 6465 6466 6468 6467
f 6467 6468 6470 6469
f 6469 6470 6472 6471
f 6471 6472 6474 6473
f 6473 6474 6476 6475
f 6475 6476 6478 6477
f 6477 6478 6480 6479
f 6479 6480 6482 6481
f 6481 6482 6484 6483
f 6483 6484 6486 6485
f 6485 6486 6488 6487
f 6487 6488 6490 6489
f 6489 6490 6492 6491
f 6491 6492 6494 6493
f 6493 6494 6496 6495
f 6495 6496 6498 6497
f 6497 6498 6500 6499
f 6499 6500 6502 6501
f 6501 6502 6504 6503
f 6503 6504 6506 6505
f 6505 6506 6508 6507
f 6507 6508 6510 6509
f 6509 6510 6512 6511
f 6511 6512 6514 6513
f 6513 6514 6516 6515
f 6515 6516 6518 6517
f 6517 6518 6520 6519
f 6519 6520 6522 6521
f 6521 6522 6524 6523
f 6523 6524 6526 6525
f 6525 6526 6528 6527
f 6527 6528 6530 6529
f 6529 6530 6532 6531
f 6531 6532 6534 6533
f 6533 6534 6536 6535
f 6535 6536 6538 6537
f 6537 6538 6540 6539
f 6539 6540 6542 6541
f 6541 6542 6544 6543
f 6543 6544 6546 6545
f 6545 6546 6548 6547
f 6547 6548 6550 6549
f 6549 6550 6552 6551
f 6551 6552 6554 6553
f 6553 6554 6556 6555
f 6555 6556 6558 6557
f 6557 6558 6560 6559
f 6559 6560 6562 6561
f 6561 6562 6564 6563
f 6563 6564 6566 6565
f 6565 6566 6568 6567
f 6567 6568 6570 6569
f 6569 6570 6572 6571
f 6571 6572 6574 6573
f 6573 6574 6576 6575
f 6575 6576 6578 6577
f 6577 6578 6580 6579
f 6579 6580 6582 6581
f 6581 6582 6584 6583
f 6583 6584 6586 6585
f 6585 6586 6588 6587
f 6587 6588 6590 6589
f 6589 6590 6592 6591
f 6591 6592 6594 6593
f 6593 6594 6596 6595
f 6595 6596 6598 6597
f 6597 6598 6600 6599
f 6599 6600 6602 6601
f 6601 6602 6604 6603
f 6603 6604 6606 6605
f 6605 6606 6608 6607
f 6607 6608 6610 6609
f 6609 6610 6612 6611
f 6611 6612 6614 6613
f 6613 6614 6616 6615
f 6615 6616 6618 6617
f 6617 6618 6620 6619
f 6619 6620 6622 6621
f 6621 6622 6624 6623
f 6623 6624 6626 6625
f 6625 6626 6628 6627
f 6627 6628 6630 6629
f 6629 6630 6632 6631
f 6631 6632 6634 6633
f 6633 6634 6636 6635
f 6635 6636 6638 6637
f 6637 6638 6640 6639
f 6639 6640 6642 6641
f 6641 6642 6644 6643
f 6643 6644 6646 6645
f 6645 6646 6648 6647
f 6647 6648 6650 6649
f 6649 6650 6652 6651
f 6651 6652 6654 6653
f 6653 6654 6656 6655
f 6655 6656 6658 6657
f 6657 6658 6660 6659
f 6659 6660 6662 6661
f 6661 6662 6664 6663
f 6663 6664 6666 6665
f 6665 6666 6668 6667
f 6667 6668 6670 6669
f 6669 6670 6672 6671
f 6671 6672 6674 6673
f 6673 6674 6676 6675
f 6675 6676 6678 6677
f 6677 6678 6680 6679
f 6679 6680 6682 6681
f 6681 6682 6684 6683
f 6683 6684 6686 6685
f 6685 6686 6688 6687
f 6687 6688 6690 6689
f 6689 6690 6692 6691
f 6691 6692 6694 6693
f 6693 6694 6696 6695
f 6695 6696 6698 6697
f 6697 6698 6700 6699
f 6699 6700 6702 6701
f 6701 6702 6704 6703
f 6703 6704 6706 6705
f 6705 6706 6708 6707
f 6707 6708 6710 6709
f 6709 6710 6712 6711
f 6711 6712 6714 6713
f 6713 6714 6716 6715
f 6715 6716 6718 6717
f 6717 6718 6720 6719
f 6719 6720 6722 6721
f 6721 6722 6724 6723
f 6723 6724 6726 6725
f 6725 6726 6728 6727
f 6727 6728 6730 6729
f 6729 6730 6732 6731
f 6731 6732 6734 6733
f 6733 6734 6736 6735
f 6735 6736 6738 6737
f 6737 6738 6740 6739
f 6739 6740 6742 6741
f 6741 6742 6744 6743
f 6743 6744 6746 6745
f 6745 6746 6748 6747
f 6747 6748 6750 6749
f 6749 6750 6752 6751
f 6751 6752 6754 6753
f 6753 6754 6756 6755
f 6755 6756 6758 6757
f 6757 6758 6760 6759
f 6759 6760 6762 6761
f 6761 6762 6764 6763
f 6763 6764 6766 6765
f 6765 6766 6768 6767
f 6767 6768 6770 6769
f 6769 6770 6772 6771
f 6771 6772 6774 6773
f 6773 6774 6776 6775
f 6775 6776 6778 6777
f 6777 6778 6780 6779
f 6779 6780 6782 6781
f 6781 6782 6784 6783
f 6783 6784 6786 6785
f 6785 6786 6788 6787
f 6787 6788 6790 6789
f 6789 6790 6792 6791
f 6791 6792 6794 6793
f 6793 6794 6796 6795
f 6795 6796 6798 6797
f 6797 6798 6800 6799
f 6799 6800 6802 6801
f 6801 6802 6804 6803
f 6803 6804 6806 6805
f 6805 6806 6808 6807
f 6807 6808 6810 6809
f 6809 6810 6812 6811
f 6811 6812 6814 6813
f 6813 6814 6816 6815
f 6815 6816 6818 6817
f 6817 6818 6820 6819
f 6819 6820 6822 6821
f 6821 6822 6824 6823
f 6823 6824 6826 6825
f 6825 6826 6828 6827
f 6827 6828 6830 6829
f 6829 6830 6832 6831
f 6831 6832 6834 6833
f 6833 6834 6836 6835
f 6835 6836 6838 6837
f 6837 6838 6840 6839
f 6839 6840 6842 6841
f 6841 6842 6844 6843
f 6843 6844 6846 6845
f 6845 6846 6848 6847
f 6847 6848 6850 6849
f 6849 6850 6852 6851
f 6851 6852 6854 6853
f 6853 6854 6856 6855
f 6855 6856 6858 6857
f 6857 6858 6860 6859
f 6859 6860 6862 6861
f 6861 6862 6864 6863
f 6863 6864 6866 6865
f 6865 6866 6868 6867
f 6867 6868 6870 6869
f 6869 6870 6872 6871
f 6871 6872 6874 6873
f 6873 6874 6876 6875
f 6875 6876 6878 6877
f 6877 6878 6880 6879
f 6879 6880 6882 6881
f 6881 6882 6884 6883
f 6883 6884 6886 6885
f 6885 6886 6888 6887
f 6887 6888 6890 6889
f 6889 6890 6892 6891
f 6891 6892 6894 6893
f 6893 6894 6896 6895
f 6895 6896 6898 6897
f 6897 6898 6900 6899
f 6899 6900 6902 6901
f 6901 6902 6904 6903
f 6903 6904 6906 6905
f 6905 6906 6908 6907
f 6907 6908 6910 6909
f 6909 6910 6912 6911
f 6911 6912 6914 6913
f 6913 6914 6916 6915
f 6915 6916 6918 6917
f 6917 6918 6920 6919
f 6919 6920 6922 6921
f 6921 6922 6924 6923
f 6923 6924 6926 6925
f 6925 6926 6928 6927
f 6927 6928 6930 6929
f 6929 6930 6932 6931
f 6931 6932 6934 6933
f 6933 6934 6936 6935
f 6935 6936 6938 6937
f 6937 6938 6940 6939
f 6939 6940 6942 6941
f 6941 6942 6944 6943
f 6943 6944 6946 6945
f 6945 6946 6948 6947
f 6947 6948 6950 6949
f 6949 6950 6952 6951
f 6951 6952 6954 6953
f 6953 6954 6956 6955
f 6955 6956 6958 6957
f 6957 6958 6960 6959
f 6959 6960 6962 6961
f 6961 6962 6964 6963
f 6963 6964 6966 6965
f 6965 6966 6968 6967
f 6967 6968 6970 6969
f 6969 6970 6972 6971
f 6971 6972 6974 6973
f 6973 6974 6976 6975
f 6975 6976 6978 6977
f 6977 6978 6980 6979
f 6979 6980 6982 6981
f 6981 6982 6984 6983
f 6983 6984 6986 6985
f 6985 6986 6988 6987
f 6987 6988 6990 6989
f 6989 6990 6992 6991
f 6991 6992 6994 6993
f 6993 6994 6996 6995
f 6995 6996 6998 6997
f 6997 6998 7000 6999
f 6999 7000 7002 7001
f 7001 7002 7004 7003
f 7003 7004 7006 7005
f 7005 7006 7008 7007
f 7007 7008 7010 7009
f 7009 7010 7012 7011
f 7011 7012 7014 7013
f 7013 7014 7016 7015
f 7015 7016 7018 7017
f 7017 7018 7020 7019
f 7019 7020 7022 7021
f 7021 7022 7024 7023
f 7023 7024 7026 7025
f 7025 7026 7028 7027
f 7027 7028 7030 7029
f 7029 7030 7032 7031
f 7031 7032 7034 7033
f 7033 7034 7036 7035
f 7035 7036 7038 7037
f 7037 7038 7040 7039
f 7039 7040 7042 7041
f 7041 7042 7044 7043
f 7043 7044 7046 7045
f 7045 7046 7048 7047
f 7047 7048 7050 7049
f 7049 7050 7052 7051
f 7051 7052 7054 7053
f 7053 7054 7056 7055
f 7055 7056 7058 7057
f 7057 7058 7060 7059
f 7059 7060 7062 7061
f 7061 7062 7064 7063
f 7063 7064 7066 7065
f 7065 7066 7068 7067
f 7067 7068 7070 7069
f 7069 7070 7072 7071
f 7071 7072 7074 7073
f 7073 7074 7076 7075
f 7075 7076 7078 7077
f 7077 7078 7080 7079
f 7079 7080 7082 7081
f 7081 7082 7084 7083
f 7083 7084 7086 7085
f 7085 7086 7088 7087
f 7087 7088 7090 7089
f 7089 7090 7092 7091
f 7091 7092 7094 7093
f 7093 7094 7096 7095
f 7095 7096 7098 7097
f 7097 7098 7100 7099
f 7099 7100 7102 7101
f 7101 7102 7104 7103
f 7103 7104 7106 7105
f 7105 7106 7108 7107
f 7107 7108 7110 7109
f 7109 7110 7112 7111
f 7111 7112 7114 7113
f 7113 7114 7116 7115
f 7115 7116 7118 7117
f 7117 7118 7120 7119
f 7119 7120 7122 7121
f 7121 7122 7124 7123
f 7123 7124 7126 7125
f 7125 7126 7128 7127
f 7127 7128 7130 7129
f 7129 7130 7132 7131
f 7131 7132 7134 7133
f 7133 7134 7136 7135
f 7135 7136 7138 7137
f 7137 7138 7140 7139
f 7139 7140 7142 7141
f 7141 7142 7144 7143
f 7143 7144 7146 7145
f 7145 7146 7148 7147
f 7147 7148 7150 7149
f 7149 7150 7152 7151
f 7151 7152 7154 7153
f 7153 7154 7156 7155
f 7155 7156 7158 7157
f 7157 7158 7160 7159
f 7159 7160 7162 7161
f 7161 7162 7164 7163
f 7163 7164 7166 7165
f 7165 7166 7168 7167
f 7167 7168 7170 7169
f 7169 7170 7172 7171
f 7171 7172 7174 7173
f 7173 7174 7176 7175
f 7175 7176 7178 7177
f 7177 7178 7180 7179
f 7179 7180 7182 7181
f 7181 7182 7184 7183
f 7183 7184 7186 7185
f 7185 7186 7188 7187
f 7187 7188 7190 7189
f 7189 7190 7192 7191
f 7191 7192 7194 7193
f 7193 7194 7196 7195
f 7195 7196 7198 7197
f 7197 7198 7200 7199
f 7199 7200 7202 7201
f 7201 7202 7204 7203
f 7203 7204 7206 7205
f 7205 7206 7208 7207
f 7207 7208 7210 7209
f 7209 7210 7212 7211
f 7211 7212 7214 7213
f 7213 7214 7216 7215
f 7215 7216 7218 7217
f 7217 7218 7220 7219
f 7219 7220 7222 7221
f 7221 7222 7224 7223
f 7223 7224 7226 7225
f 7225 7226 7228 7227
f 7227 7228 7230 7229
f 7229 7230 7232 7231
f 7231 7232 7234 7233
f 7233 7234 7236 7235
f 7235 7236 7238 7237
f 7237 7238 7240 7239
f 7239 7240 7242 7241
f 7241 7242 7244 7243
f 7243 7244 7246 7245
f 7245 7246 7248 7247
f 7247 7248 7250 7249
f 7249 7250 7252 7251
f 7251 7252 7254 7253
f 7253 7254 7256 7255
f 7255 7256 7258 7257
f 7257 7258 7260 7259
f 7259 7260 7262 7261
f 7261 7262 7264 7263
f 7263 7264 7266 7265
f 7265 7266 7268 7267
f 7267 7268 7270 7269
f 7269 7270 7272 7271
f 7271 7272 7274 7273
f 7273 7274 7276 7275
f 7275 7276 7278 7277
f 7277 7278 7280 7279
f 7279 7280 7282 7281
f 7281 7282 7284 7283
f 7283 7284 7286 7285
f 7285 7286 7288 7287
f 7287 7288 7290 7289
f 7289 7290 7292 7291
f 7291 7292 7294 7293
f 7293 7294 7296 7295
f 7295 7296 7298 7297
f 7297 7298 7300 7299
f 7299 7300 7302 7301
f 7301 7302 7304 7303
f 7303 7304 7306 7305
f 7305 7306 7308 7307
f 7307 7308 7310 7309
f 7309 7310 7312 7311
f 7311 7312 7314 7313
f 7313 7314 7316 7315
f 7315 7316 7318 7317
f 7317 7318 7320 7319
f 7319 7320 7322 7321
f 7321 7322 7324 7323
f 7323 7324 7326 7325
f 7325 7326 7328 7327
f 7327 7328 7330 7329
f 7329 7330 7332 7331
f 7331 7332 7334 7333
f 7333 7334 7336 7335
f 7335 7336 7338 7337
f 7337 7338 7340 7339
f 7339 7340 7342 7341
f 7341 7342 7344 7343
f 7343 7344 7346 7345
f 7345 7346 7348 7347
f 7347 7348 7350 7349
f 7349 7350 7352 7351
f 7351 7352 7354 7353
f 7353 7354 7356 7355
f 7355 7356 7358 7357
f 7357 7358 7360 7359
f 7359 7360 7362 7361
f 7361 7362 7364 7363
f 7363 7364 7366 7365
f 7365 7366 7368 7367
f 7367 7368 7370 7369
f 7369 7370 7372 7371
f 7371 7372 7374 7373
f 7373 7374 7376 7375
f 7375 7376 7378 7377
f 7377 7378 7380 7379
f 7379 7380 7382 7381
f 7381 7382 7384 7383
f 7383 7384 7386 7385
f 7385 7386 7388 7387
f 7387 7388 7390 7389
f 7389 7390 7392 7391
f 7391 7392 7394 7393
f 7393 7394 7396 7395
f 7395 7396 7398 7397
f 7397 7398 7400 7399
f 7399 7400 7402 7401
f 7401 7402 7404 7403
f 7403 7404 7406 7405
f 7405 7406 7408 7407
f 7407 7408 7410 7409
f 7409 7410 7412 7411
f 7411 7412 7414 7413
f 7413 7414 7416 7415
f 7415 7416 7418 7417
f 7417 7418 7420 7419
f 7419 7420 7422 7421
f 7421 7422 7424 7423
f 7423 7424 7426 7425
f 7425 7426 7428 7427
f 7427 7428 7430 7429
f 7429 7430 7432 7431
f 7431 7432 7434 7433
f 7433 7434 7436 7435
f 7435 7436 7438 7437
f 7437 7438 7440 7439
f 7439 7440 7442 7441
f 7441 7442 7444 7443
f 7443 7444 7446 7445
f 7445 7446 7448 7447
f 7447 7448 7450 7449
f 7449 7450 7452 7451
f 7451 7452 7454 7453
f 7453 7454 7456 7455
f 7455 7456 7458 7457
f 7457 7458 7460 7459
f 7459 7460 7462 7461
f 7461 7462 7464 7463
f 7463 7464 7466 7465
f 7465 7466 7468 7467
f 7467 7468 7470 7469
f 7469 7470 7472 7471
f 7471 7472 7474 7473
f 7473 7474 7476 7475
f 7475 7476 7478 7477
f 7477 7478 7480 7479
f 7479 7480 7482 7481
f 7481 7482 7484 7483
f 7483 7484 7486 7485
f 7485 7486 7488 7487
f 7487 7488 7490 7489
f 7489 7490 7492 7491
f 7491 7492 7494 7493
f 7493 7494 7496 7495
f 7495 7496 7498 7497
f 7497 7498 7500 7499
f 7499 7500 7502 7501
f 7501 7502 7504 7503
f 7503 7504 7506 7505
f 7505 7506 7508 7507
f 7507 7508 7510 7509
f 7509 7510 7512 7511
f 7511 7512 7514 7513
f 7513 7514 7516 7515
f 7515 7516 7518 7517
f 7517 7518 7520 7519
f 7519 7520 7522 7521
f 7521 7522 7524 7523
f 7523 7524 7526 7525
f 7525 7526 7528 7527
f 7527 7528 7530 7529
f 7529 7530 7532 7531
f 7531 7532 7534 7533
f 7533 7534 7536 7535
f 7535 7536 7538 7537
f 7537 7538 7540 7539
f 7539 7540 7542 7541
f 7541 7542 7544 7543
f 7543 7544 7546 7545
f 7545 7546 7548 7547
f 7547 7548 7550 7549
f 7549 7550 7552 7551
f 7551 7552 7554 7553
f 7553 7554 7556 7555
f 7555 7556 7558 7557
f 7557 7558 7560 7559
f 7559 7560 7562 7561
f 7561 7562 7564 7563
f 7563 7564 7566 7565
f 7565 7566 7568 7567
f 7567 7568 7570 7569
f 7569 7570 7572 7571
f 7571 7572 7574 7573
f 7573 7574 7576 7575
f 7575 7576 7578 7577
f 7577 7578 7580 7579
f 7579 7580 7582 7581
f 7581 7582 7584 7583
f 7583 7584 7586 7585
f 7585 7586 7588 7587
f 7587 7588 7590 7589
f 7589 7590 7592 7591
f 7591 7592 7594 7593
f 7593 7594 7596 7595
f 7595 7596 7598 7597
f 7597 7598 7600 7599
f 7599 7600 7602 7601
f 7601 7602 7604 7603
f 7603 7604 7606 7605
f 7605 7606 7608 7607
f 7607 7608 7610 7609
f 7609 7610 7612 7611
f 7611 7612 7614 7613
f 7613 7614 7616 7615
f 7615 7616 7618 7617
f 7617 7618 7620 7619
f 7619 7620 7622 7621
f 7621 7622 7624 7623
f 7623 7624 7626 7625
f 7625 7626 7628 7627
f 7627 7628 7630 7629
f 7629 7630 7632 7631
f 7631 7632 7634 7633
f 7633 7634 7636 7635
f 7635 7636 7638 7637
f 7637 7638 7640 7639
f 7639 7640 7642 7641
f 7641 7642 7644 7643
f 7643 7644 7646 7645
f 7645 7646 7648 7647
f 7647 7648 7650 7649
f 7649 7650 7652 7651
f 7651 7652 7654 7653
f 7653 7654 7656 7655
f 7655 7656 7658 7657
f 7657 7658 7660 7659
f 7659 7660 7662 7661
f 7661 7662 7664 7663
f 7663 7664 7666 7665
f 7665 7666 7668 7667
f 7667 7668 7670 7669
f 7669 7670 7672 7671
f 7671 7672 7674 7673
f 7673 7674 7676 7675
f 7675 7676 7678 7677
f 7677 7678 7680 7679
f 7679 7680 7682 7681
f 7681 7682 7684 7683
f 7683 7684 7686 7685
f 7685 7686 7688 7687
f 7687 7688 7690 7689
f 7689 7690 7692 7691
f 7691 7692 7694 7693
f 7693 7694 7696 7695
f 7695 7696 7698 7697
f 7697 7698 7700 7699
f 7699 7700 7702 7701
f 7701 7702 7704 7703
f 7703 7704 7706 7705
f 7705 7706 7708 7707
f 7707 7708 7710 7709
f 7709 7710 7712 7711
f 7711 7712 7714 7713
f 7713 7714 7716 7715
f 7715 7716 7718 7717
f 7717 7718 7720 7719
f 7719 7720 7722 7721
f 7721 7722 7724 7723
f 7723 7724 7726 7725
f 7725 7726 7728 7727
f 7727 7728 7730 7729
f 7729 7730 7732 7731
f 7731 7732 7734 7733
f 7733 7734 7736 7735
f 7735 7736 7738 7737
f 7737 7738 7740 7739
f 7739 7740 7742 7741
f 7741 7742 7744 7743
f 7743 7744 7746 7745
f 7745 7746 7748 7747
f 7747 7748 7750 7749
f 7749 7750 7752 7751
f 7751 7752 7754 7753
f 7753 7754 7756 7755
f 7755 7756 7758 7757
f 7757 7758 7760 7759
f 7759 7760 7762 7761
f 7761 7762 7764 7763
f 7763 7764 7766 7765
f 7765 7766 7768 7767
f 7767 7768 7770 7769
f 7769 7770 7772 7771
f 7771 7772 7774 7773
f 7773 7774 7776 7775
f 7775 7776 7778 7777
f 7777 7778 7780 7779
f 7779 7780 7782 7781
f 7781 7782 7784 7783
f 7783 7784 7786 7785
f 7785 7786 7788 7787
f 7787 7788 7790 7789
f 7789 7790 7792 7791
f 7791 7792 7794 7793
f 7793 7794 7796 7795
f 7795 7796 7798 7797
f 7797 7798 7800 7799
f 7799 7800 7802 7801
f 7801 7802 7804 7803
f 7803 7804 7806 7805
f 7805 7806 7808 7807
f 7807 7808 7810 7809
f 7809 7810 7812 7811
f 7811 7812 7814 7813
f 7813 7814 7816 7815
f 7815 7816 7818 7817
f 7817 7818 7820 7819
f 7819 7820 7822 7821
f 7821 7822 7824 7823
f 7823 7824 7826 7825
f 7825 7826 7828 7827
f 7827 7828 7830 7829
f 7829 7830 7832 7831
f 7831 7832 7834 7833
f 7833 7834 7836 7835
f 7835 7836 7838 7837
f 7837 7838 7840 7839
f 7839 7840 7842 7841
f 7841 7842 7844 7843
f 7843 7844 7846 7845
f 7845 7846 7848 7847
f 7847 7848 7850 7849
f 7849 7850 7852 7851
f 7851 7852 7854 7853
f 7853 7854 7856 7855
f 7855 7856 7858 7857
f 7857 7858 7860 7859
f 7859 7860 7862 7861
f 7861 7862 7864 7863
f 7863 7864 7866 7865
f 7865 7866 7868 7867
f 7867 7868 7870 7869
f 7869 7870 7872 7871
f 7871 7872 7874 7873
f 7873 7874 7876 7875
f 7875 7876 7878 7877
f 7877 7878 7880 7879
f 7879 7880 7882 7881
f 7881 7882 7884 7883
f 7883 7884 7886 7885
f 7885 7886 7888 7887
f 7887 7888 7890 7889
f 7889 7890 7892 7891
f 7891 7892 7894 7893
f 7893 7894 7896 7895
f 7895 7896 7898 7897
f 7897 7898 7900 7899
f 7899 7900 7902 7901
f 7901 7902 7904 7903
f 7903 7904 7906 7905
f 7905 7906 7908 7907
f 7907 7908 7910 7909
f 7909 7910 7912 7911
f 7911 7912 7914 7913
f 7913 7914 7916 7915
f 7915 7916 7918 7917
f 7917 7918 7920 7919
f 7919 7920 7922 7921
f 7921 7922 7924 7923
f 7923 7924 7926 7925
f 7925 7926 7928 7927
f 7927 7928 7930 7929
f 7929 7930 7932 7931
f 7931 7932 7934 7933
f 7933 7934 7936 7935
f 7935 7936 7938 7937
f 7937 7938 7940 7939
f 7939 7940 7942 7941
f 7941 7942 7944 7943
f 7943 7944 7946 7945
f 7945 7946 7948 7947
f 7947 7948 7950 7949
f 7949 7950 7952 7951
f 7951 7952 7954 7953
f 7953 7954 7956 7955
f 7955 7956 7958 7957
f 7957 7958 7960 7959
f 7959 7960 7962 7961
f 7961 7962 7964 7963
f 7963 7964 7966 7965
f 7965 7966 7968 7967
f 7967 7968 7970 7969
f 7969 7970 7972 7971
f 7971 7972 7974 7973
f 7973 7974 7976 7975
f 7975 7976 7978 7977
f 7977 7978 7980 7979
f 7979 7980 7982 7981
f 7981 7982 7984 7983
f 7983 7984 7986 7985
f 7985 7986 7988 7987
f 7987 7988 7990 7989
f 7989 7990 7992 7991
f 7991 7992 7994 7993
f 7993 7994 7996 7995
f 7995 7996 7998 7997
f 7997 7998 8000 7999
f 7999 8000 8002 8001
f 8001 8002 8004 8003
f 8003 8004 8006 8005
f 8005 8006 8008 8007
f 8007 8008 8010 8009
f 8009 8010 8012 8011
f 8011 8012 8014 8013
f 8013 8014 8016 8015
f 8015 8016 8018 8017
f 8017 8018 8020 8019
f 8019 8020 8022 8021
f 8021 8022 8024 8023
f 8023 8024 8026 8025
f 8025 8026 8028 8027
f 8027 8028 8030 8029
f 8029 8030 8032 8031
f 8031 8032 8034 8033
f 8033 8034 8036 8035
f 8035 8036 8038 8037
f 8037 8038 8040 8039
f 8039 8040 8042 8041
f 8041 8042 8044 8043
f 8043 8044 8046 8045
f 8045 8046 8048 8047
f 8047 8048 8050 8049
f 8049 8050 8052 8051
f 8051 8052 8054 8053
f 8053 8054 8056 8055
f 8055 8056 8058 8057
f 8057 8058 8060 8059
f 8059 8060 8062 8061
f 8061 8062 8064 8063
f 8063 8064 8066 8065
f 8065 8066 8068 8067
f 8067 8068 8070 8069
f 8069 8070 8072 8071
f 8071 8072 8074 8073
f 8073 8074 8076 8075
f 8075 8076 8078 8077
f 8077 8078 8080 8079
f 8079 8080 8082 8081
f 8081 8082 8084 8083
f 8083 8084 8086 8085
f 8085 8086 8088 8087
f 8087 8088 8090 8089
f 8089 8090 8092 8091
f 8091 8092 8094 8093
f 8093 8094 8096 8095
f 8095 8096 8098 8097
f 8097 8098 8100 8099
f 8099 8100 8102 8101
f 8101 8102 8104 8103
f 8103 8104 8106 8105
f 8105 8106 8108 8107
f 8107 8108 8110 8109
f 8109 8110 8112 8111
f 8111 8112 8114 8113
f 8113 8114 8116 8115
f 8115 8116 8118 8117
f 8117 8118 8120 8119
f 8119 8120 8122 8121
f 8121 8122 8124 8123
f 8123 8124 8126 8125
f 8125 8126 8128 8127
f 8127 8128 8130 8129
f 8129 8130 8132 8131
f 8131 8132 8134 8133
f 8133 8134 8136 8135
f 8135 8136 8138 8137
f 8137 8138 8140 8139
f 8139 8140 8142 8141
f 8141 8142 8144 8143
f 8143 8144 8146 8145
f 8145 8146 8148 8147
f 8147 8148 8150 8149
f 8149 8150 8152 8151
f 8151 8152 8154 8153
f 8153 8154 8156 8155
f 8155 8156 8158 8157
f 8157 8158 8160 8159
f 8159 8160 8162 8161
f 8161 8162 8164 8163
f 8163 8164 8166 8165
f 8165 8166 8168 8167
f 8167 8168 8170 8169
f 8169 8170 8172 8171
f 8171 8172 8174 8173
f 8173 8174 8176 8175
f 8175 8176 8178 8177
f 8177 8178 8180 8179
f 8179 8180 8182 8181
f 8181 8182 8184 8183
f 8183 8184 8186 8185
f 8185 8186 8188 8187
f 8187 8188 8190 8189
f 8189 8190 8192 8191
f 8191 8192 8194 8193
f 8193 8194 8196 8195
f 8195 8196 8198 8197
f 8197 8198 8200 8199
f 8199 8200 8202 8201
f 8201 8202 8204 8203
f 8203 8204 8206 8205
f 8205 8206 8208 8207
f 8207 8208 8210 8209
f 8209 8210 8212 8211
f 8211 8212 8214 8213
f 8213 8214 8216 8215
f 8215 8216 8218 8217
f 8217 8218 8220 8219
f 8219 8220 8222 8221
f 8221 8222 8224 8223
f 8223 8224 8226 8225
f 8225 8226 8228 8227
f 8227 8228 8230 8229
f 8229 8230 8232 8231
f 8231 8232 8234 8233
f 8233 8234 8236 8235
f 8235 8236 8238 8237
f 8237 8238 8240 8239
f 8239 8240 8242 8241
f 8241 8242 8244 8243
f 8243 8244 8246 8245
f 8245 8246 8248 8247
f 8247 8248 8250 8249
f 8249 8250 8252 8251
f 8251 8252 8254 8253
f 8253 8254 8256 8255
f 8255 8256 8258 8257
f 8257 8258 8260 8259
f 8259 8260 8262 8261
f 8261 8262 8264 8263
f 8263 8264 8266 8265
f 8265 8266 8268 8267
f 8267 8268 8270 8269
f 8269 8270 8272 8271
f 8271 8272 8274 8273
f 8273 8274 8276 8275
f 8275 8276 8278 8277
f 8277 8278 8280 8279
f 8279 8280 8282 8281
f 8281 8282 8284 8283
f 8283 8284 8286 8285
f 8285 8286 8288 8287
f 8287 8288 8290 8289
f 8289 8290 8292 8291
f 8291 8292 8294 8293
f 8293 8294 8296 8295
f 8295 8296 8298 8297
f 8297 8298 8300 8299
f 8299 8300 8302 8301
f 8301 8302 8304 8303
f 8303 8304 8306 8305
f 8305 8306 8308 8307
f 8307 8308 8310 8309
f 8309 8310 8312 8311
f 8311 8312 8314 8313
f 8313 8314 8316 8315
f 8315 8316 8318 8317
f 8317 8318 8320 8319
f 8319 8320 8322 8321
f 8321 8322 8324 8323
f 8323 8324 8326 8325
f 8325 8326 8328 8327
f 8327 8328 8330 8329
f 8329 8330 8332 8331
f 8331 8332 8334 8333
f 8333 8334 8336 8335
f 8335 8336 8338 8337
f 8337 8338 8340 8339
f 8339 8340 8342 8341
f 8341 8342 8344 8343
